0.2116885781288147	0.0
0.018470656126737595	0.0
0.17251648008823395	0.0
0.04829471930861473	0.0
0.12875738739967346	0.0
0.0017391598084941506	0.0
0.21044625341892242	1.0
0.010350270196795464	0.0
0.008217920549213886	0.0
0.0041053337045013905	0.0
0.11584179103374481	0.0
0.02449101209640503	0.0
0.003310892963781953	0.0
0.009034911170601845	0.0
0.004998329561203718	0.0
0.2116885781288147	0.0
0.006230361759662628	0.0
0.019110972061753273	0.0
0.009400145150721073	0.0
0.042285237461328506	0.0
0.026608603075146675	0.0
0.009008804336190224	0.0
0.0021164072677493095	0.0
0.030776290223002434	0.0
0.007600422017276287	0.0
0.051749445497989655	0.0
0.05200672522187233	0.0
0.03457040712237358	0.0
0.03533875569701195	0.0
0.0713927373290062	0.0
0.2116885781288147	1.0
0.07820563018321991	0.0
0.03714456036686897	1.0
0.011626876890659332	0.0
0.210304394364357	0.0
0.02004658430814743	0.0
0.028025943785905838	0.0
0.0008073808858171105	0.0
0.011991515755653381	0.0
0.0815824344754219	0.0
0.023845016956329346	0.0
0.14294973015785217	0.0
0.029191426932811737	0.0
0.06763606518507004	0.0
0.06814644485712051	0.0
0.0651775598526001	0.0
0.0066972835920751095	0.0
0.18113303184509277	1.0
0.029514728114008904	0.0
0.13899752497673035	0.0
0.07609329372644424	0.0
0.0061551970429718494	0.0
0.02541212923824787	0.0
0.024741970002651215	0.0
0.006198556628078222	0.0
0.15002335608005524	0.0
0.016261747106909752	0.0
0.030291281640529633	0.0
0.014778143726289272	0.0
0.013938844203948975	0.0
0.09557528793811798	1.0
0.1752062439918518	0.0
0.07718092948198318	0.0
0.07189241051673889	0.0
0.2116885781288147	1.0
0.09637156128883362	0.0
0.013149487785995007	0.0
0.10174742341041565	0.0
0.027468282729387283	0.0
0.07051470130681992	0.0
0.0012982077896595001	0.0
0.02243722602725029	0.0
0.02141774259507656	0.0
0.050816405564546585	0.0
0.03728145733475685	0.0
0.08451058715581894	0.0
0.01263402309268713	0.0
0.06096247211098671	0.0
0.1292809695005417	1.0
0.023475827649235725	0.0
0.026429591700434685	0.0
0.005441723391413689	0.0
0.027829434722661972	0.0
0.04994278773665428	1.0
0.07988104969263077	0.0
0.0012012195074930787	0.0
0.0043045757338404655	0.0
0.08925067633390427	1.0
0.03904018923640251	0.0
0.006122151855379343	0.0
0.01051770057529211	1.0
0.017921028658747673	0.0
0.03669724985957146	0.0
0.01647971197962761	0.0
0.07089561223983765	0.0
0.0060315923765301704	0.0
0.13252650201320648	0.0
0.10800070315599442	0.0
0.000802089343778789	0.0
0.015533770434558392	0.0
0.007561158388853073	0.0
0.03372232988476753	0.0
0.033136311918497086	0.0
0.014307720586657524	0.0
0.016629179939627647	0.0
0.042891811579465866	0.0
0.07009665668010712	0.0
0.050516389310359955	0.0
0.06740915030241013	0.0
0.12827132642269135	0.0
0.005956227891147137	0.0
0.0015494506806135178	0.0
0.0007583490805700421	0.0
0.0028495220467448235	0.0
0.010672308504581451	0.0
0.01899898052215576	0.0
0.09045406430959702	0.0
0.12754498422145844	0.0
0.018432874232530594	0.0
0.004755493253469467	0.0
0.05210717394948006	0.0
0.12520505487918854	0.0
0.01412366796284914	0.0
0.02747034654021263	0.0
0.04320509731769562	0.0
0.0269834715873003	0.0
0.1057281568646431	0.0
0.019687693566083908	0.0
0.021475305780768394	0.0
0.019419511780142784	0.0
0.06596746295690536	0.0
0.055403660982847214	0.0
0.012703143060207367	0.0
0.04898979514837265	0.0
0.07870887219905853	0.0
0.042492810636758804	0.0
0.04208807274699211	0.0
0.0023622550070285797	0.0
0.10180134326219559	0.0
0.014137114398181438	0.0
0.0064246682450175285	0.0
0.0526718907058239	0.0
0.06803268194198608	0.0
0.022609518840909004	0.0
0.06637535244226456	1.0
0.08511447161436081	0.0
0.006642569322139025	0.0
0.028008630499243736	0.0
0.017544865608215332	0.0
0.07703430205583572	0.0
0.11416618525981903	0.0
0.010953236371278763	0.0
0.09348466992378235	0.0
0.11897058039903641	0.0
0.030894551426172256	0.0
0.0016750545473769307	0.0
0.06977096945047379	0.0
0.12155283242464066	0.0
0.025913726538419724	0.0
0.05629108473658562	0.0
0.005202779080718756	0.0
0.2116885781288147	0.0
0.030986148864030838	0.0
0.07966208457946777	0.0
0.0516892708837986	0.0
0.02525356225669384	0.0
0.04865537956357002	1.0
0.027281323447823524	0.0
0.014330697245895863	0.0
0.20988008379936218	0.0
0.05360076576471329	0.0
0.026761779561638832	0.0
0.005267576314508915	0.0
0.023493824526667595	0.0
0.0033392421901226044	0.0
0.08555877208709717	0.0
0.044924359768629074	0.0
0.049634888768196106	0.0
0.02048717625439167	0.0
0.042642392218112946	0.0
0.05456175655126572	0.0
0.2116885781288147	1.0
0.018518827855587006	0.0
0.13527071475982666	1.0
0.001249705906957388	0.0
0.017978765070438385	0.0
0.20600931346416473	0.0
0.07352503389120102	0.0
0.04348279535770416	0.0
0.17783275246620178	0.0
0.044986311346292496	0.0
0.0009793647332116961	0.0
0.028165364637970924	0.0
0.2116885781288147	1.0
0.029773879796266556	0.0
0.012333590537309647	0.0
0.2116885781288147	1.0
0.005216509103775024	0.0
0.051611144095659256	0.0
0.03826860338449478	0.0
0.18129591643810272	0.0
0.060026705265045166	0.0
0.058379173278808594	0.0
0.023776311427354813	0.0
0.05223428085446358	0.0
0.05064624920487404	0.0
0.006149187684059143	0.0
0.0896168202161789	0.0
0.1848444640636444	0.0
0.09739755839109421	0.0
0.21151576936244965	0.0
0.01988750323653221	0.0
0.01895798370242119	0.0
0.02391185611486435	0.0
0.0029166166204959154	0.0
0.03306066244840622	0.0
0.030332455411553383	0.0
0.018994368612766266	0.0
0.06967997550964355	0.0
0.1180645078420639	0.0
0.023133177310228348	0.0
0.06581112742424011	0.0
0.11342768371105194	0.0
0.0035262671299278736	0.0
0.04658455401659012	0.0
0.004296088591217995	0.0
0.0017592264339327812	0.0
0.06312816590070724	0.0
0.02141680382192135	0.0
0.004012724384665489	0.0
0.0070695169270038605	0.0
0.03859972581267357	0.0
0.13609381020069122	0.0
0.017356527969241142	0.0
0.010391516610980034	0.0
0.006601731758564711	0.0
0.06558125466108322	0.0
0.08015906810760498	0.0
0.01602383889257908	0.0
0.13740278780460358	0.0
0.2116885781288147	1.0
0.013925191946327686	0.0
0.016597449779510498	0.0
0.013638772070407867	0.0
0.11830943077802658	0.0
0.051847342401742935	0.0
0.05067473277449608	0.0
0.003066461766138673	0.0
0.009456751868128777	0.0
0.04761521890759468	0.0
0.029732858762145042	0.0
0.19789662957191467	0.0
0.0030459912959486246	0.0
0.1760808378458023	0.0
0.008429083041846752	0.0
0.00574603583663702	0.0
0.01157874334603548	0.0
0.05331026390194893	0.0
0.008672709576785564	0.0
0.2116885781288147	1.0
0.036404404789209366	0.0
0.016060033813118935	0.0
0.004146940540522337	0.0
0.007270114962011576	0.0
0.15348488092422485	1.0
0.02444731444120407	0.0
0.009996794164180756	0.0
0.0011090115876868367	0.0
0.06851443648338318	0.0
0.1181507408618927	0.0
0.11556828022003174	0.0
0.010183342732489109	0.0
0.0038673675153404474	0.0
0.01643904484808445	0.0
0.017161911353468895	0.0
0.012109126895666122	0.0
0.022659676149487495	0.0
0.00970382895320654	0.0
0.06128474697470665	0.0
0.006946393754333258	0.0
0.04060104116797447	0.0
0.047286368906497955	0.0
0.023001639172434807	0.0
0.02986324019730091	0.0
0.0711875706911087	0.0
0.02715553529560566	0.0
0.10838586091995239	0.0
0.06259013712406158	0.0
0.00722844060510397	0.0
0.026896873489022255	0.0
0.013582220301032066	0.0
0.03954825922846794	0.0
0.10412673652172089	0.0
0.0589718297123909	0.0
0.04993698000907898	0.0
0.07223635166883469	0.0
0.01361893955618143	0.0
0.011378169059753418	0.0
0.061757054179906845	0.0
0.026127561926841736	0.0
0.02510482631623745	1.0
0.009020057506859303	0.0
0.015531911514699459	0.0
0.004752057138830423	0.0
0.023805612698197365	0.0
0.012922389432787895	0.0
0.0006227603880688548	0.0
0.013880139216780663	0.0
0.007656283210963011	0.0
0.2116885781288147	0.0
0.009907709434628487	0.0
0.1562151163816452	0.0
0.04492887854576111	0.0
0.021642213687300682	0.0
0.05213535949587822	0.0
0.047910552471876144	0.0
0.11523263901472092	0.0
0.0017963714199140668	0.0
0.025736695155501366	0.0
0.12867535650730133	1.0
0.018969258293509483	0.0
0.09391571581363678	0.0
0.005093756597489119	0.0
0.019109506160020828	0.0
0.003804944222792983	0.0
0.0011972112115472555	0.0
0.048322275280952454	0.0
0.0017114408547058702	0.0
0.008719219826161861	0.0
0.06036730483174324	0.0
0.004477914422750473	0.0
0.020410003140568733	0.0
0.01843470335006714	0.0
0.01140624564141035	0.0
0.03771296516060829	0.0
0.13088811933994293	0.0
0.05964459106326103	0.0
0.048676151782274246	0.0
0.21163758635520935	1.0
0.004053544253110886	0.0
0.011379607021808624	0.0
0.01576250046491623	0.0
0.009733917191624641	0.0
0.0015926159685477614	0.0
0.020839117467403412	0.0
0.1787043809890747	0.0
0.029169945046305656	0.0
0.10439249873161316	1.0
0.012884018011391163	0.0
0.003150037257000804	0.0
0.03268108516931534	0.0
0.010842842049896717	0.0
0.0008832326857373118	0.0
0.0034650415182113647	0.0
0.004544597119092941	0.0
0.2108696848154068	0.0
0.0160630252212286	0.0
0.00535202119499445	0.0
0.13474586606025696	0.0
0.1095966100692749	1.0
0.0007348417420871556	0.0
0.015396783128380775	0.0
0.21168774366378784	0.0
0.023319819942116737	0.0
0.00422202842310071	0.0
0.024146849289536476	0.0
0.05517802760004997	0.0
0.09754933416843414	0.0
0.009697461500763893	0.0
0.0004974661860615015	0.0
0.1154157891869545	0.0
0.005573830101639032	0.0
0.012584930285811424	0.0
0.03803286701440811	0.0
0.004286306444555521	0.0
0.016060208901762962	0.0
0.08284091204404831	0.0
0.051355380564928055	0.0
0.15198896825313568	0.0
0.0411437451839447	0.0
0.2116885781288147	1.0
0.08534001559019089	1.0
0.040334612131118774	0.0
0.03507719188928604	0.0
0.025457339361310005	0.0
0.002669569803401828	0.0
0.11598584055900574	0.0
0.010878263972699642	0.0
0.0045347511768341064	0.0
0.2116885781288147	0.0
0.09146419912576675	0.0
0.08119704574346542	0.0
0.2116885781288147	0.0
0.032306477427482605	0.0
0.0020145156886428595	0.0
0.04422518238425255	0.0
0.004502064548432827	0.0
0.08371472358703613	0.0
0.2116885781288147	1.0
0.008075605146586895	0.0
0.0002522918221075088	0.0
0.007190631702542305	0.0
0.0023467757273465395	0.0
0.10770689696073532	0.0
0.018882889300584793	0.0
0.15200302004814148	0.0
0.010220186784863472	0.0
0.05892862752079964	0.0
0.0037143505178391933	0.0
0.048036422580480576	0.0
0.0045067323371768	0.0
0.04928005486726761	0.0
0.03799298405647278	0.0
0.06221567466855049	0.0
0.007447917480021715	0.0
0.004688366316258907	0.0
0.004668806213885546	0.0
0.0724325105547905	0.0
0.016368601471185684	0.0
0.032186493277549744	0.0
0.05288904532790184	0.0
0.01797950640320778	0.0
0.029946086928248405	0.0
0.009759463369846344	0.0
0.007124240975826979	0.0
0.2116885781288147	0.0
0.05302693694829941	0.0
0.2116885781288147	1.0
0.009040160104632378	0.0
0.005935220513492823	0.0
0.03937816619873047	0.0
0.09033975750207901	0.0
0.06853079050779343	0.0
0.024491988122463226	0.0
0.02305629849433899	0.0
0.013328852131962776	0.0
0.033577047288417816	0.0
0.07498423010110855	0.0
0.021209049969911575	0.0
0.086830735206604	0.0
0.04570050537586212	0.0
0.022906504571437836	0.0
0.17586158215999603	1.0
0.07457748800516129	1.0
0.010070867836475372	0.0
0.014716841280460358	0.0
0.10088494420051575	0.0
0.010377315804362297	0.0
0.13945524394512177	0.0
0.0033341236412525177	0.0
0.21151182055473328	0.0
0.015137145295739174	0.0
0.04024764895439148	0.0
0.11333489418029785	1.0
0.03931238129734993	0.0
0.19036664068698883	0.0
0.09468436986207962	0.0
0.021736491471529007	0.0
0.2116885781288147	0.0
0.015893923118710518	0.0
0.039652854204177856	0.0
0.1108594536781311	0.0
0.011468672193586826	0.0
0.2116885781288147	0.0
0.0421554297208786	1.0
0.019766321405768394	0.0
0.009182681329548359	0.0
0.01734824851155281	0.0
0.003786635585129261	0.0
0.01245090737938881	0.0
0.010384153574705124	0.0
0.05010715499520302	0.0
0.2116885781288147	1.0
0.006443913094699383	0.0
0.011247275397181511	0.0
0.053171396255493164	0.0
0.009580926969647408	0.0
0.017152735963463783	0.0
0.04230291396379471	0.0
0.0011073722271248698	0.0
0.019315246492624283	0.0
0.14596471190452576	0.0
0.01682993210852146	0.0
0.03196942061185837	1.0
0.1287836730480194	0.0
0.2116885781288147	0.0
0.017700860276818275	0.0
0.021750379353761673	0.0
0.2116885781288147	0.0
0.033217187970876694	0.0
0.04353342577815056	0.0
0.04996846616268158	0.0
0.11288855969905853	0.0
0.013586687855422497	0.0
0.0030702133662998676	0.0
0.03774571791291237	0.0
0.009655828587710857	0.0
0.20734421908855438	0.0
0.008767307735979557	0.0
0.017584163695573807	0.0
0.012265277095139027	0.0
0.10016931593418121	0.0
0.03134509176015854	0.0
0.06038053706288338	0.0
0.06171011924743652	0.0
0.1516420841217041	0.0
0.12894286215305328	0.0
0.11549638956785202	0.0
0.06574953347444534	0.0
0.11101765930652618	0.0
0.006809356156736612	0.0
0.00938111450523138	0.0
0.006806402932852507	0.0
0.017106525599956512	0.0
0.04500111564993858	0.0
0.03329163044691086	0.0
0.018165217712521553	0.0
0.01994549110531807	0.0
0.010092286393046379	0.0
0.17138102650642395	1.0
0.03410639613866806	0.0
0.01970459707081318	0.0
0.2116885781288147	1.0
0.013452508486807346	0.0
0.003086864249780774	0.0
0.09399957954883575	0.0
0.16259779036045074	0.0
0.13964609801769257	0.0
0.056561946868896484	0.0
0.11071792989969254	0.0
0.055934835225343704	0.0
0.06480243802070618	0.0
0.02504142001271248	0.0
0.040032513439655304	0.0
0.056848227977752686	0.0
0.03265301138162613	0.0
0.056185703724622726	0.0
0.0077421581372618675	0.0
0.1292773187160492	1.0
0.03934306278824806	0.0
0.0805080309510231	0.0
0.06554237008094788	0.0
0.07119995355606079	0.0
0.11457859724760056	0.0
0.011113116517663002	0.0
0.0528230145573616	0.0
0.03267559036612511	0.0
0.021943597123026848	0.0
0.003489064984023571	0.0
0.03265107795596123	0.0
0.005308537743985653	0.0
0.027802297845482826	0.0
0.027975233271718025	0.0
0.01793379709124565	0.0
0.051827091723680496	0.0
0.0040702517144382	0.0
0.006802835501730442	0.0
0.04554478079080582	0.0
0.024487866088747978	0.0
0.026674658060073853	0.0
0.020747797563672066	0.0
0.0011286663357168436	0.0
0.009508584626019001	0.0
0.009419145062565804	0.0
0.09350369870662689	0.0
0.02912609837949276	0.0
0.006265824660658836	0.0
0.062017690390348434	0.0
0.010541587136685848	0.0
0.21070724725723267	0.0
0.007954800501465797	0.0
0.13210250437259674	0.0
0.09498005360364914	0.0
0.11885026842355728	0.0
0.2109590619802475	0.0
0.005350572522729635	0.0
0.039277512580156326	0.0
0.2116885781288147	0.0
0.011619875207543373	0.0
0.0031566445250064135	0.0
0.12973228096961975	0.0
0.019470781087875366	0.0
0.0056067174300551414	0.0
0.020181918516755104	0.0
0.04775861278176308	0.0
0.013694694265723228	0.0
0.043981604278087616	0.0
0.023374857380986214	0.0
0.08361519873142242	0.0
0.004821425303816795	0.0
0.07134757190942764	0.0
0.09515410661697388	0.0
0.028637126088142395	0.0
0.018504038453102112	0.0
0.06208929046988487	0.0
0.018668103963136673	0.0
0.03328138217329979	0.0
0.18922527134418488	0.0
0.03789277374744415	0.0
0.20345528423786163	0.0
0.03505031391978264	0.0
0.20363932847976685	0.0
0.020554065704345703	0.0
0.016338665038347244	0.0
0.00694124074652791	0.0
0.07113831490278244	0.0
0.1893685758113861	0.0
0.022585107013583183	0.0
0.035540010780096054	0.0
0.00159200478810817	0.0
0.02634137123823166	0.0
0.004582797642797232	0.0
0.055639300495386124	0.0
0.002057094592601061	0.0
0.00039785337867215276	0.0
0.016811572015285492	0.0
0.006987918633967638	0.0
0.11908450722694397	0.0
0.21163664758205414	0.0
0.0777619332075119	0.0
0.011682907119393349	0.0
0.018200621008872986	0.0
0.08604928851127625	0.0
0.0036921582650393248	0.0
0.20787988603115082	0.0
0.03584897145628929	0.0
0.0007016182644292712	0.0
0.009347770363092422	0.0
0.053170837461948395	0.0
0.07183368504047394	0.0
0.00040681599057279527	0.0
0.0843549370765686	0.0
0.02526470273733139	0.0
0.0558491051197052	0.0
0.010779338888823986	0.0
0.016908809542655945	0.0
0.007368332706391811	0.0
0.10452083498239517	0.0
0.026845186948776245	0.0
0.010514366440474987	0.0
0.06731776148080826	0.0
0.0023094499483704567	0.0
0.027140125632286072	0.0
0.01713956706225872	0.0
0.017116721719503403	0.0
0.06994922459125519	0.0
0.005258090794086456	0.0
0.0696670264005661	0.0
0.025513604283332825	0.0
0.18763601779937744	0.0
0.015637945383787155	0.0
0.04930372163653374	0.0
0.08465810865163803	0.0
0.0023324291687458754	0.0
0.03494348004460335	0.0
0.19113029539585114	1.0
0.2116885781288147	0.0
0.03427353501319885	0.0
0.09619413316249847	0.0
0.20326189696788788	0.0
0.2116885781288147	0.0
0.10150004923343658	0.0
0.019194746389985085	0.0
0.014370478689670563	0.0
0.037662897258996964	0.0
0.06944883614778519	0.0
0.1631728708744049	0.0
0.2116885781288147	0.0
0.049559544771909714	0.0
0.04374925419688225	0.0
0.0007386988145299256	0.0
0.04157120734453201	0.0
0.0026203265879303217	0.0
0.050731562077999115	0.0
0.008209184743463993	0.0
0.00531062250956893	0.0
0.04571546986699104	0.0
0.023507602512836456	0.0
0.05078818276524544	0.0
0.04092490300536156	0.0
0.11170819401741028	0.0
0.0027415321674197912	0.0
0.0016797417774796486	0.0
0.03441845625638962	0.0
0.034072697162628174	0.0
0.0147623922675848	0.0
0.006650371011346579	0.0
0.02845819853246212	0.0
0.004360973369330168	0.0
0.01097128540277481	0.0
0.03788056969642639	0.0
0.024218900129199028	0.0
0.040982436388731	0.0
0.005656557623296976	0.0
0.04002487659454346	0.0
0.016583774238824844	0.0
0.01606392301619053	0.0
0.14968553185462952	1.0
0.07644715160131454	0.0
0.017790960147976875	0.0
0.1186741441488266	1.0
0.12892811000347137	1.0
0.026090571656823158	0.0
0.11046712100505829	0.0
0.21153704822063446	0.0
0.042982202023267746	0.0
0.012023160234093666	0.0
0.0064557138830423355	0.0
0.21110278367996216	1.0
0.2116885781288147	1.0
0.005624960642307997	0.0
0.07333960384130478	0.0
0.2090134620666504	1.0
0.04795100539922714	0.0
0.027971260249614716	0.0
0.06613703072071075	0.0
0.01977224461734295	0.0
0.009805298410356045	0.0
0.011073272675275803	0.0
0.2116885781288147	0.0
0.14023570716381073	0.0
0.19659428298473358	0.0
0.1811945140361786	0.0
0.020543161779642105	0.0
0.005288944113999605	0.0
0.00038531923200935125	0.0
0.10086136311292648	0.0
0.1589302122592926	0.0
0.025965353474020958	0.0
0.04559231549501419	0.0
0.15172767639160156	0.0
0.2116531878709793	1.0
0.017072374001145363	0.0
0.06049284711480141	0.0
0.04745834693312645	0.0
0.12033703178167343	0.0
0.2001660317182541	0.0
0.03910742700099945	0.0
0.02615148015320301	0.0
0.05115246772766113	0.0
0.014385804533958435	0.0
0.02889706753194332	0.0
0.016439322382211685	0.0
0.030308544635772705	0.0
0.04250000789761543	0.0
0.041496966034173965	0.0
0.10822104662656784	1.0
0.04675593599677086	0.0
0.016186470165848732	0.0
0.20071518421173096	0.0
0.2115349918603897	0.0
0.002879875944927335	0.0
0.057780880481004715	1.0
0.022241344675421715	0.0
0.04243563860654831	0.0
0.014900553040206432	0.0
0.031831275671720505	0.0
0.051845207810401917	0.0
0.046371057629585266	0.0
0.17304278910160065	1.0
0.18393373489379883	0.0
0.05336125195026398	0.0
0.0023991079069674015	0.0
0.02536347135901451	0.0
0.04429182782769203	0.0
0.07910287380218506	1.0
0.045043397694826126	0.0
0.2116885781288147	1.0
0.2116885781288147	0.0
0.17343148589134216	0.0
0.11532852798700333	1.0
0.2083422690629959	0.0
0.004685134626924992	0.0
0.005066622979938984	0.0
0.010416410863399506	0.0
0.010050204582512379	0.0
0.05326768755912781	0.0
0.2116885781288147	0.0
0.008515886962413788	0.0
0.0022550581488758326	0.0
0.012011819519102573	0.0
0.007905862294137478	0.0
0.007122896146029234	0.0
0.00350919459015131	0.0
0.10823722183704376	0.0
0.02721208520233631	0.0
0.044489845633506775	0.0
0.06425651907920837	0.0
0.08723250031471252	0.0
0.021563228219747543	0.0
0.01749587245285511	0.0
0.03394516184926033	0.0
0.016579223796725273	0.0
0.030969830229878426	0.0
0.003677565138787031	0.0
0.21055379509925842	0.0
0.02245507575571537	0.0
0.0013798349536955357	0.0
0.05924351513385773	0.0
0.0072834487073123455	0.0
0.07914391905069351	0.0
0.0034964168444275856	0.0
0.031796813011169434	0.0
0.03370341286063194	0.0
0.13101579248905182	0.0
0.011689698323607445	0.0
0.06478866189718246	0.0
0.015943052247166634	0.0
0.0007221829728223383	0.0
0.0005162965971976519	0.0
0.006679527927190065	0.0
0.07256993651390076	0.0
0.09124168753623962	0.0
0.0005160885048098862	0.0
0.17015817761421204	0.0
0.047909751534461975	0.0
0.04310765489935875	0.0
0.008590389974415302	0.0
0.05811358615756035	0.0
0.0008159622084349394	0.0
0.04911036416888237	0.0
0.2116885781288147	0.0
0.007154316641390324	0.0
0.09690766036510468	1.0
0.02562646195292473	0.0
0.03402836248278618	0.0
0.0368981696665287	0.0
0.0040426673367619514	0.0
0.01697164587676525	0.0
0.004002874251455069	0.0
0.1956101655960083	0.0
0.2116885781288147	1.0
0.2116885781288147	0.0
0.033769551664590836	0.0
0.07506793737411499	0.0
0.0722091794013977	0.0
0.005468929652124643	0.0
0.04478025808930397	0.0
0.026011990383267403	0.0
0.001912437379360199	0.0
0.05449053645133972	0.0
0.028114071115851402	0.0
0.04819393530488014	0.0
0.0010187707375735044	0.0
0.2116885781288147	1.0
0.2002582848072052	0.0
0.07368214428424835	0.0
0.11306849867105484	0.0
0.12986783683300018	1.0
0.02481466718018055	0.0
0.09954455494880676	0.0
0.02023390308022499	0.0
0.0032722391188144684	0.0
0.099498450756073	0.0
0.07111641764640808	0.0
0.0053735594265162945	0.0
0.030882874503731728	0.0
0.015249093994498253	0.0
0.07569432258605957	0.0
0.0023102588020265102	0.0
0.05024564266204834	0.0
0.027416054159402847	0.0
0.08858655393123627	0.0
0.06041048839688301	0.0
0.11833276599645615	0.0
0.0016240313416346908	0.0
0.12658311426639557	0.0
0.016507819294929504	0.0
0.03082592785358429	0.0
0.07559238374233246	0.0
0.005493245553225279	0.0
0.05692103132605553	0.0
0.0036960190627723932	0.0
0.007996133528649807	0.0
0.03681396692991257	0.0
0.029139015823602676	0.0
0.00841701589524746	0.0
0.13553331792354584	0.0
0.2116885781288147	0.0
0.017575301229953766	0.0
0.1690085381269455	0.0
0.02698383666574955	0.0
0.008775412105023861	0.0
0.06681092828512192	0.0
0.02086174301803112	0.0
0.21112290024757385	0.0
0.07026078552007675	0.0
0.00548681290820241	0.0
0.17303171753883362	0.0
0.01760874316096306	0.0
0.02449384704232216	0.0
0.03862638771533966	0.0
0.1257781833410263	0.0
0.21049988269805908	0.0
0.006816713605076075	0.0
0.01764644868671894	0.0
0.07006775587797165	0.0
0.15399019420146942	0.0
0.04609445855021477	0.0
0.006217932794243097	0.0
0.16574889421463013	0.0
0.06295564025640488	0.0
0.021161705255508423	0.0
0.0027465454768389463	0.0
0.0011352801229804754	0.0
0.1492065191268921	0.0
0.04252626746892929	0.0
0.01644706539809704	0.0
0.111675925552845	0.0
0.0023387179244309664	0.0
0.026392417028546333	0.0
0.003806415479630232	0.0
0.010685961693525314	0.0
0.1533396989107132	0.0
0.00046767829917371273	0.0
0.008175457827746868	0.0
0.08865644037723541	0.0
0.10339171439409256	0.0
0.2116885781288147	1.0
0.2116885781288147	1.0
0.2116885781288147	1.0
0.00256452732719481	0.0
0.01631253771483898	0.0
0.0032930374145507812	0.0
0.08829457312822342	0.0
0.0032237758859992027	0.0
0.009458699263632298	0.0
0.004143910948187113	0.0
0.007008898071944714	0.0
0.009274359792470932	0.0
0.07103179395198822	0.0
0.0966959074139595	0.0
0.014751577749848366	0.0
0.15286697447299957	0.0
0.0009958293521776795	0.0
0.03506926819682121	0.0
0.05706975236535072	0.0
0.0081972386687994	0.0
0.05059555172920227	0.0
0.2116885781288147	1.0
0.07319328188896179	0.0
0.03396939858794212	0.0
0.005743685644119978	0.0
0.18057450652122498	0.0
0.06617613881826401	0.0
0.007642597425729036	0.0
0.2116885781288147	1.0
0.015111560933291912	0.0
0.17318539321422577	0.0
0.005030210129916668	0.0
0.012490158900618553	0.0
0.048532817512750626	0.0
0.06783479452133179	0.0
0.028076976537704468	0.0
0.058705952018499374	0.0
0.03035932220518589	0.0
0.10214816778898239	0.0
0.046874500811100006	0.0
0.2116885781288147	0.0
0.03188249096274376	0.0
0.04649777710437775	0.0
0.08944741636514664	0.0
0.11814458668231964	0.0
0.16972629725933075	0.0
0.06404196470975876	0.0
0.010961566120386124	0.0
0.05364040285348892	0.0
0.10206317901611328	0.0
0.06805042177438736	0.0
0.06358160078525543	0.0
0.08991467207670212	0.0
0.0283132866024971	0.0
0.09590695053339005	0.0
0.07461444288492203	0.0
0.005375175271183252	0.0
0.00353394472040236	0.0
0.08536171913146973	0.0
0.1896194964647293	0.0
0.06656213849782944	0.0
0.010779003612697124	0.0
0.029063429683446884	0.0
0.014846643432974815	0.0
0.005775014869868755	0.0
0.01083466224372387	0.0
0.019072867929935455	0.0
0.2116885781288147	1.0
0.10900940746068954	0.0
0.013119399547576904	0.0
0.09560555964708328	0.0
0.05094810202717781	0.0
0.08134159445762634	0.0
0.0160589050501585	0.0
0.06831908226013184	0.0
0.008066046051681042	0.0
0.05675409734249115	0.0
0.10186988860368729	1.0
0.023861780762672424	0.0
0.03726707398891449	0.0
0.017014864832162857	0.0
0.004948840476572514	0.0
0.017761986702680588	0.0
0.12681761384010315	0.0
0.03873680531978607	0.0
0.0033954952377825975	0.0
0.20720089972019196	0.0
0.026439014822244644	0.0
0.05744573101401329	0.0
0.0526907853782177	0.0
0.08720023185014725	0.0
0.018446873873472214	0.0
0.05967762693762779	0.0
0.2116885781288147	1.0
0.029749905690550804	0.0
0.21147172152996063	0.0
0.15404890477657318	0.0
0.07235493510961533	0.0
0.043775931000709534	0.0
0.04155798256397247	0.0
0.03208037093281746	0.0
0.03100094571709633	0.0
0.027013195678591728	0.0
0.12311062216758728	0.0
0.0539545975625515	0.0
0.03494032844901085	1.0
0.210981547832489	0.0
0.17142941057682037	0.0
0.11454696953296661	0.0
0.026009080931544304	0.0
0.014828980900347233	0.0
0.0237971693277359	0.0
0.024458380416035652	0.0
0.028354747220873833	0.0
0.02725248783826828	0.0
0.15265999734401703	0.0
0.133839949965477	1.0
0.002066836692392826	0.0
0.2116885781288147	0.0
0.02915748581290245	0.0
0.014293208718299866	0.0
0.034306108951568604	0.0
0.0243828147649765	0.0
0.022073931992053986	0.0
0.0075519150123000145	0.0
0.21165673434734344	1.0
0.2104836404323578	1.0
0.03339118883013725	0.0
0.0037706615403294563	0.0
0.01946409046649933	0.0
0.03173684701323509	0.0
0.027163036167621613	0.0
0.00503590377047658	0.0
0.025179216638207436	0.0
0.010410342365503311	0.0
0.02229306474328041	0.0
0.21118460595607758	0.0
0.02827225625514984	0.0
0.021328497678041458	0.0
0.025050269439816475	0.0
0.018500566482543945	0.0
0.015856139361858368	0.0
0.024529293179512024	0.0
0.013127502985298634	0.0
0.049117088317871094	0.0
0.03983499854803085	0.0
0.05550743639469147	0.0
0.0317719466984272	0.0
0.009680117480456829	0.0
0.07360808551311493	0.0
0.04632861167192459	0.0
0.009897601790726185	0.0
0.2116885781288147	0.0
0.004453165456652641	0.0
0.19552423059940338	0.0
0.024487728253006935	0.0
0.006145135965198278	0.0
0.01822097972035408	0.0
0.035732418298721313	0.0
0.02367442101240158	0.0
0.016997408121824265	0.0
0.0021848257165402174	0.0
0.005323873367160559	0.0
0.18515942990779877	0.0
0.07955639809370041	0.0
0.0267264936119318	0.0
0.0805702954530716	0.0
0.024499429389834404	0.0
0.07688482850790024	0.0
0.02579466439783573	0.0
0.00459436047822237	0.0
0.10474073141813278	0.0
0.2116885781288147	0.0
0.045683182775974274	0.0
0.020163822919130325	0.0
0.124690942466259	0.0
0.03752517327666283	0.0
0.05082114413380623	0.0
0.14373421669006348	0.0
0.027397993952035904	0.0
0.031501952558755875	0.0
0.008927025832235813	0.0
0.1485022008419037	0.0
0.006493356078863144	0.0
0.11156996339559555	0.0
0.02079339139163494	0.0
0.014985382556915283	0.0
0.16622553765773773	0.0
0.01890295185148716	0.0
0.048992279917001724	0.0
0.06766382604837418	0.0
0.21161964535713196	0.0
0.0683392584323883	0.0
0.0011058052768930793	0.0
0.19985680282115936	0.0
0.039798054844141006	0.0
0.038336772471666336	0.0
0.15726007521152496	0.0
0.02277606725692749	0.0
0.017047323286533356	0.0
0.004286678973585367	0.0
0.06611858308315277	0.0
0.014372747391462326	0.0
0.11292865872383118	0.0
0.03192344307899475	0.0
0.048793334513902664	0.0
0.04029632732272148	0.0
0.02760036662220955	1.0
0.027480630204081535	0.0
0.07367626577615738	0.0
0.12220422178506851	0.0
0.07758129388093948	0.0
0.14230406284332275	0.0
0.01572570390999317	0.0
0.0029542541597038507	0.0
0.14169111847877502	0.0
0.2116885781288147	0.0
0.022337371483445168	0.0
0.042854830622673035	1.0
0.10063546895980835	0.0
0.0013251138152554631	0.0
0.0010163228726014495	0.0
0.015133400447666645	0.0
0.19378456473350525	0.0
0.010580108501017094	0.0
0.008993304334580898	0.0
0.17184700071811676	0.0
0.01708759181201458	0.0
0.053900860249996185	1.0
0.017420541495084763	0.0
0.1492999941110611	0.0
0.0353243462741375	0.0
0.07313358783721924	1.0
0.027345744892954826	0.0
0.00415509520098567	0.0
0.004716421477496624	0.0
0.04273930937051773	0.0
0.001324170152656734	0.0
0.021579481661319733	0.0
0.04152834787964821	0.0
0.1471942961215973	0.0
0.20959770679473877	0.0
0.04291904717683792	0.0
0.004308984614908695	0.0
0.0372994989156723	0.0
0.13840973377227783	0.0
0.010501421988010406	0.0
0.1050233468413353	0.0
0.003549870103597641	0.0
0.012057425454258919	0.0
0.00720965163782239	0.0
0.02206319011747837	0.0
0.05595523491501808	0.0
0.15281139314174652	0.0
0.10813283175230026	0.0
0.11922947317361832	0.0
0.2028891146183014	0.0
0.09652084112167358	0.0
0.2116885781288147	1.0
0.004528092220425606	0.0
0.1596425473690033	0.0
0.018923312425613403	0.0
0.050812672823667526	0.0
0.011587461456656456	0.0
0.025405600666999817	0.0
0.048823293298482895	0.0
0.03145598620176315	0.0
0.014697584323585033	0.0
0.1611454039812088	0.0
0.016313884407281876	0.0
0.018561100587248802	0.0
0.03280256688594818	0.0
0.025879012420773506	0.0
0.040188226848840714	0.0
0.11510927975177765	0.0
0.06747977435588837	0.0
0.0017808446427807212	0.0
0.0999535471200943	0.0
0.00864360574632883	0.0
0.006311885081231594	0.0
0.010390691459178925	0.0
0.026317190378904343	0.0
0.021439632400870323	0.0
0.012735717929899693	0.0
0.023543456569314003	0.0
0.07891464978456497	0.0
0.008301774971187115	0.0
0.002316106576472521	0.0
0.12000589817762375	0.0
0.11211492121219635	0.0
0.018719669431447983	0.0
0.21159876883029938	1.0
0.0417160801589489	0.0
0.007257416844367981	0.0
0.0034932903945446014	0.0
0.1566803753376007	1.0
0.06534749269485474	0.0
0.024755414575338364	0.0
0.1228160560131073	1.0
0.14711572229862213	0.0
0.2116885781288147	0.0
0.014439658261835575	0.0
0.03371094539761543	0.0
0.003889444749802351	0.0
0.04780126363039017	0.0
0.11433710902929306	0.0
0.0037492888513952494	0.0
0.05104544758796692	0.0
0.01014124695211649	0.0
0.0018056434346362948	0.0
0.06830873340368271	1.0
0.012444929219782352	0.0
0.020882753655314445	0.0
0.1461636871099472	0.0
0.00082860590191558	0.0
0.05592229962348938	0.0
0.007663988508284092	0.0
0.11307493597269058	0.0
0.02647169679403305	0.0
0.013045263476669788	0.0
0.02151607535779476	0.0
0.044140830636024475	0.0
0.009543479420244694	0.0
0.020668167620897293	0.0
0.019462306052446365	0.0
0.026788096874952316	0.0
0.006164328195154667	0.0
0.21156521141529083	0.0
0.06262395530939102	0.0
0.045749325305223465	0.0
0.06652677059173584	0.0
0.01983718015253544	0.0
0.2116885781288147	0.0
0.09976077824831009	0.0
0.02232169546186924	0.0
0.007770717144012451	0.0
0.01675400882959366	0.0
0.13923726975917816	0.0
0.00326038827188313	0.0
0.01979108713567257	0.0
0.10465570539236069	0.0
0.011205132119357586	0.0
0.13651785254478455	0.0
0.10085825622081757	0.0
0.028296250849962234	0.0
0.08281481266021729	0.0
0.11183269321918488	0.0
0.2116885781288147	1.0
0.0392640195786953	0.0
0.07528062164783478	0.0
0.027237573638558388	0.0
0.016746249049901962	0.0
0.00580952875316143	0.0
0.015229787677526474	0.0
0.022467827424407005	0.0
0.14826233685016632	0.0
0.0060904137790203094	0.0
0.00403048237785697	0.0
0.2116885781288147	1.0
0.16928286850452423	0.0
0.01429537869989872	0.0
0.013453698717057705	0.0
0.046431440860033035	0.0
0.17664071917533875	0.0
0.2116885781288147	1.0
0.089621402323246	1.0
0.007462123408913612	0.0
0.2097092866897583	0.0
0.006438249256461859	0.0
0.01033486146479845	0.0
0.009725210256874561	0.0
0.006442646030336618	0.0
0.0047793095000088215	0.0
0.00788743793964386	0.0
0.07238192111253738	0.0
0.032091714441776276	0.0
0.18179534375667572	0.0
0.01770603470504284	0.0
0.003459986997768283	0.0
0.06755434721708298	0.0
0.015739215537905693	0.0
0.13659629225730896	0.0
0.004589598160237074	0.0
0.030841436237096786	0.0
0.0033255587331950665	0.0
0.0035270547959953547	0.0
0.02684810571372509	0.0
0.010710579343140125	0.0
0.012871288694441319	0.0
0.040944017469882965	0.0
0.0035602550487965345	0.0
0.01259490754455328	0.0
0.21167373657226562	0.0
0.02282094955444336	0.0
0.08648103475570679	0.0
0.04563549906015396	0.0
0.019970614463090897	0.0
0.02770218811929226	0.0
0.20111434161663055	0.0
0.18842050433158875	0.0
0.02334013767540455	0.0
0.00688904756680131	0.0
0.005820412188768387	0.0
0.04700927436351776	0.0
0.029083281755447388	0.0
0.026551997289061546	0.0
0.040675606578588486	0.0
0.19223590195178986	0.0
0.011193821206688881	0.0
0.008124270476400852	0.0
0.020303070545196533	0.0
0.013749825768172741	0.0
0.016504118219017982	0.0
0.10914017260074615	0.0
0.03173784539103508	0.0
0.20988793671131134	0.0
0.21077771484851837	0.0
0.017837531864643097	0.0
0.15164871513843536	0.0
0.020461643114686012	0.0
0.08854933083057404	0.0
0.06877759099006653	0.0
0.017088040709495544	0.0
0.08685896545648575	0.0
0.03519270569086075	0.0
0.01511620357632637	0.0
0.0034063803032040596	0.0
0.007567808963358402	0.0
0.0680224746465683	0.0
0.018579810857772827	0.0
0.12956637144088745	0.0
0.03204162418842316	0.0
0.014278196729719639	0.0
0.062095753848552704	0.0
0.06549590080976486	0.0
0.005333656910806894	0.0
0.07382084429264069	0.0
0.004563483409583569	0.0
0.06816484779119492	0.0
0.007913311943411827	0.0
0.010271006263792515	0.0
0.1905227154493332	0.0
0.12115887552499771	0.0
0.04454177990555763	0.0
0.009593409486114979	0.0
0.018385225906968117	0.0
0.0039769248105585575	0.0
0.019443824887275696	0.0
0.21164225041866302	0.0
0.18003566563129425	0.0
0.06204088032245636	0.0
0.19074328243732452	0.0
0.10591637343168259	0.0
0.09870846569538116	0.0
0.03066229820251465	0.0
0.013574562966823578	0.0
0.007538976613432169	0.0
0.016417331993579865	0.0
0.004172522574663162	0.0
0.010151338763535023	0.0
0.03618740290403366	0.0
0.010718990117311478	0.0
0.03792854771018028	0.0
0.033479347825050354	0.0
0.2116885781288147	0.0
0.032579343765974045	0.0
0.07768519222736359	0.0
0.06684521585702896	0.0
0.036183007061481476	0.0
0.03299130126833916	0.0
0.2114972174167633	0.0
0.021929020062088966	0.0
0.03522133454680443	0.0
0.03399862349033356	0.0
0.1339903473854065	0.0
0.06672627478837967	0.0
0.015274735167622566	0.0
0.0027232400607317686	0.0
0.08444127440452576	0.0
0.005314304493367672	0.0
0.005862767342478037	0.0
0.00612205546349287	0.0
0.036750614643096924	0.0
0.15295329689979553	0.0
0.016436655074357986	0.0
0.19616295397281647	0.0
0.047054991126060486	0.0
0.03339395672082901	0.0
0.10020168125629425	1.0
0.09943775832653046	0.0
0.0026423840317875147	0.0
0.006152376998215914	0.0
0.03363022208213806	0.0
0.014634513296186924	0.0
0.015062672086060047	0.0
0.027476558461785316	0.0
0.02802174910902977	0.0
0.11105743795633316	0.0
0.004895959980785847	0.0
0.07939603179693222	0.0
0.02085511013865471	0.0
0.038111768662929535	0.0
0.038254935294389725	0.0
0.028682716190814972	0.0
0.1738903671503067	0.0
0.0196718517690897	0.0
0.008025841787457466	0.0
0.02132311463356018	0.0
0.06723638623952866	0.0
0.17045438289642334	1.0
0.032419830560684204	0.0
0.07999958842992783	0.0
0.19366507232189178	0.0
0.08211027830839157	0.0
0.09450554847717285	0.0
0.0026224434841424227	0.0
0.0005043801502324641	0.0
0.1952391117811203	1.0
0.1454593688249588	0.0
0.07527528703212738	0.0
0.007960996590554714	0.0
0.04425698146224022	0.0
0.15676069259643555	0.0
0.11392156779766083	0.0
0.10395868867635727	0.0
0.10166824609041214	1.0
0.09553568065166473	1.0
0.04269922897219658	0.0
0.0030487915500998497	0.0
0.2116885781288147	0.0
0.003395424224436283	0.0
0.012693381868302822	0.0
0.014961127191781998	0.0
0.05668541043996811	0.0
0.055799294263124466	0.0
0.15856650471687317	0.0
0.013130659237504005	0.0
0.009729228913784027	0.0
0.0008126321481540799	0.0
0.0756913274526596	0.0
0.045593637973070145	0.0
0.01728484407067299	0.0
0.057546813040971756	0.0
0.01218031533062458	0.0
0.03972065821290016	0.0
0.2116350680589676	1.0
0.008516800589859486	0.0
0.03214644268155098	0.0
0.009171238169074059	0.0
0.03252482786774635	0.0
0.09625940024852753	0.0
0.2116885781288147	0.0
0.027372781187295914	0.0
0.0028256841469556093	0.0
0.004302097484469414	0.0
0.0477498322725296	0.0
0.07131768763065338	1.0
0.016399800777435303	0.0
0.04296000301837921	0.0
0.10557662695646286	0.0
0.047495197504758835	0.0
0.014387053437530994	0.0
0.21163348853588104	0.0
0.027349011972546577	0.0
0.04218752682209015	0.0
0.11647559702396393	0.0
0.03656645119190216	0.0
0.0685557872056961	0.0
0.0049131507985293865	0.0
0.02826603315770626	0.0
0.01662488467991352	0.0
0.012336582876741886	0.0
0.0653415247797966	0.0
0.027984008193016052	0.0
0.012761620804667473	0.0
0.02650078572332859	0.0
0.11076456308364868	0.0
0.06077538803219795	0.0
0.0033888877369463444	0.0
0.015419114381074905	0.0
0.0060072303749620914	0.0
0.006142754107713699	0.0
0.006699609104543924	0.0
0.048906564712524414	0.0
0.03522128611803055	0.0
0.21088004112243652	0.0
0.011230181902647018	0.0
0.003102020127698779	0.0
0.03576231375336647	0.0
0.01211483869701624	0.0
0.05274512991309166	0.0
0.0014947006711736321	0.0
0.07559525221586227	1.0
0.12843063473701477	0.0
0.0014788778498768806	0.0
0.029208954423666	0.0
0.005469147581607103	0.0
0.010377271100878716	0.0
0.05136611685156822	0.0
0.0042096390388906	0.0
0.07134280353784561	0.0
0.01619071513414383	0.0
0.16005636751651764	0.0
0.011698630638420582	0.0
0.030650559812784195	0.0
0.16986998915672302	1.0
0.16290906071662903	0.0
0.06541553139686584	0.0
0.08473151922225952	0.0
0.008290461264550686	0.0
0.03474771976470947	0.0
0.2116885781288147	1.0
0.21151237189769745	0.0
0.0014263822231441736	0.0
0.050241824239492416	0.0
0.022404689341783524	0.0
0.022416286170482635	0.0
0.04311959445476532	0.0
0.005173755344003439	0.0
0.037411849945783615	0.0
0.06156931817531586	0.0
0.008503214456140995	0.0
0.0419187992811203	0.0
0.19376711547374725	0.0
0.04779243841767311	0.0
0.020470991730690002	0.0
0.03062070719897747	0.0
0.18035253882408142	0.0
0.011496822349727154	0.0
0.015112526714801788	0.0
0.05409086495637894	0.0
0.19583582878112793	0.0
0.20991680026054382	0.0
0.0565209686756134	0.0
0.13536691665649414	0.0
0.08149541914463043	0.0
0.15372280776500702	0.0
0.00472893426194787	0.0
0.017372597008943558	0.0
0.009109417907893658	0.0
0.032474786043167114	0.0
0.10685519129037857	0.0
0.05403215065598488	0.0
0.024085935205221176	0.0
0.058056753128767014	0.0
0.05576423928141594	0.0
0.0030518872663378716	0.0
0.004906760063022375	0.0
0.21077927947044373	0.0
0.030336158350110054	0.0
0.020299099385738373	0.0
0.003765798406675458	0.0
0.01755530573427677	0.0
0.16509826481342316	1.0
0.09091959148645401	0.0
0.054407089948654175	0.0
0.0012567545054480433	0.0
0.005052940919995308	0.0
0.0018557002767920494	0.0
0.01691466011106968	0.0
0.052991561591625214	0.0
0.08970654010772705	0.0
0.14323361217975616	0.0
0.0917227566242218	1.0
0.02027251571416855	0.0
0.04031743109226227	1.0
0.032847438007593155	0.0
0.006006157491356134	0.0
0.2116885781288147	1.0
0.003323441604152322	0.0
0.0009995782747864723	0.0
0.12242142856121063	0.0
0.01726839505136013	0.0
0.12508636713027954	0.0
0.08324893563985825	0.0
0.09905972331762314	1.0
0.03223477676510811	0.0
0.03065621666610241	0.0
0.0012189291883260012	0.0
0.21096232533454895	0.0
0.008982401341199875	0.0
0.009977228939533234	0.0
0.2116885781288147	0.0
0.017000675201416016	0.0
0.009921006858348846	0.0
0.0007291561341844499	0.0
0.01584332436323166	0.0
0.014972810633480549	0.0
0.025024859234690666	0.0
0.02431776560842991	0.0
0.17251864075660706	0.0
0.09958444535732269	0.0
0.02578096091747284	0.0
0.05550393462181091	1.0
0.030707864090800285	0.0
0.0637277364730835	0.0
0.03406522423028946	0.0
0.01628757268190384	0.0
0.023081554099917412	0.0
0.2116885781288147	1.0
0.09686819463968277	0.0
0.18958961963653564	0.0
0.2116885781288147	0.0
0.009448210708796978	0.0
0.03352753818035126	0.0
0.04886245355010033	0.0
0.0014154608361423016	0.0
0.03110789693892002	0.0
0.05338814854621887	0.0
0.21047881245613098	0.0
0.028157997876405716	0.0
0.00720028905197978	0.0
0.025801002979278564	0.0
0.057325661182403564	0.0
0.15943673253059387	0.0
0.09543795138597488	1.0
0.03051351010799408	0.0
0.09538783878087997	0.0
0.013432671315968037	0.0
0.02722681313753128	0.0
0.003925453405827284	0.0
0.014343345537781715	0.0
0.0117784533649683	0.0
0.005723467096686363	0.0
0.02251460589468479	0.0
0.18236143887043	0.0
0.04362179711461067	0.0
0.13265560567378998	0.0
0.03087531216442585	0.0
0.09709319472312927	0.0
0.008926291950047016	0.0
0.03996153175830841	0.0
0.048890188336372375	0.0
0.1410514861345291	0.0
0.025691788643598557	0.0
0.038497067987918854	0.0
0.05221882462501526	0.0
0.02498079091310501	0.0
0.006569170393049717	0.0
0.041284553706645966	0.0
0.0033844118006527424	0.0
0.0007714692619629204	0.0
0.028701255097985268	0.0
0.009843519888818264	0.0
0.006824643351137638	0.0
0.15685264766216278	0.0
0.21161282062530518	1.0
0.06409743428230286	0.0
0.0071575818583369255	0.0
0.008670885115861893	0.0
0.010295717976987362	0.0
0.0035190682392567396	0.0
0.04907025396823883	0.0
0.010155205614864826	0.0
0.005182281136512756	0.0
0.0890326127409935	0.0
0.01920086331665516	0.0
0.006412212736904621	0.0
0.21147748827934265	1.0
0.004541420377790928	0.0
0.042223989963531494	0.0
0.058193139731884	0.0
0.12381141632795334	0.0
0.006930570583790541	0.0
0.022480253130197525	0.0
0.01665944792330265	0.0
0.12194733321666718	0.0
0.0003940159222111106	0.0
0.020576519891619682	0.0
0.01809578202664852	0.0
0.0226749200373888	0.0
0.06737830489873886	0.0
0.060968924313783646	0.0
0.014456409029662609	0.0
0.021067937836050987	0.0
0.0016340338625013828	0.0
0.009854867123067379	0.0
0.09032177180051804	0.0
0.1771695762872696	0.0
0.14442674815654755	0.0
0.008425764739513397	0.0
0.05249062180519104	0.0
0.04881097748875618	0.0
0.06055256724357605	0.0
0.05436287820339203	0.0
0.05438004434108734	0.0
0.018405303359031677	0.0
0.164720818400383	1.0
0.0296997781842947	0.0
0.19649697840213776	0.0
0.14179526269435883	0.0
0.0015282342210412025	0.0
0.013498161919414997	0.0
0.040345199406147	0.0
0.015189357101917267	0.0
0.11387909948825836	0.0
0.01718256250023842	0.0
0.04081735014915466	0.0
0.20854374766349792	0.0
0.19184701144695282	0.0
0.06106491759419441	0.0
0.14817747473716736	0.0
0.2116885781288147	0.0
0.007079132832586765	0.0
0.07209599763154984	0.0
0.012292440980672836	0.0
0.019371427595615387	0.0
0.20305843651294708	0.0
0.08966004103422165	0.0
0.07434479147195816	0.0
0.08130063861608505	0.0
0.006927314680069685	0.0
0.14976070821285248	1.0
0.005269113462418318	0.0
0.008849650621414185	0.0
0.07199560850858688	1.0
0.009529903531074524	0.0
0.010733730159699917	0.0
0.1253734529018402	0.0
0.013766687363386154	0.0
0.010710285976529121	0.0
0.024038713425397873	0.0
0.20682422816753387	0.0
0.2116134613752365	0.0
0.018729131668806076	0.0
0.0034254505299031734	0.0
0.002995204646140337	0.0
0.027586013078689575	0.0
0.013202138245105743	0.0
0.012661854736506939	0.0
0.2110927700996399	1.0
0.02951628714799881	0.0
0.03868117183446884	0.0
0.01657295972108841	0.0
0.011146956123411655	0.0
0.12391884624958038	0.0
0.00494930986315012	0.0
0.025155270472168922	0.0
0.20472344756126404	1.0
0.19875621795654297	1.0
0.06964076310396194	0.0
0.09655322134494781	0.0
0.04231896623969078	0.0
0.005461773369461298	0.0
0.0397656224668026	0.0
0.042069945484399796	0.0
0.07248121500015259	0.0
0.02730998396873474	0.0
0.09032154083251953	0.0
0.004392105154693127	0.0
0.04570480063557625	1.0
0.029999325051903725	0.0
0.05307183042168617	0.0
0.2116885781288147	1.0
0.017430583015084267	0.0
0.06437916308641434	0.0
0.06481461226940155	0.0
0.0020056969951838255	0.0
0.027690991759300232	0.0
0.005198701284825802	0.0
0.012287503108382225	0.0
0.053587984293699265	0.0
0.06878670305013657	1.0
0.053058888763189316	0.0
0.022270480170845985	0.0
0.2116885781288147	1.0
0.015643104910850525	0.0
0.03581054136157036	0.0
0.035631414502859116	0.0
0.008628317154943943	0.0
0.0024095065891742706	0.0
0.007308147847652435	0.0
0.2116885781288147	1.0
0.03404993936419487	0.0
0.008198658004403114	0.0
0.023717809468507767	0.0
0.01193664874881506	0.0
0.05475136265158653	0.0
0.04437975212931633	0.0
0.03114432282745838	0.0
0.012711944058537483	0.0
0.029453355818986893	0.0
0.0020023153629153967	0.0
0.2116466462612152	1.0
0.006565558724105358	0.0
0.016359776258468628	0.0
0.12312209606170654	0.0
0.009033472277224064	0.0
0.030244138091802597	0.0
0.2116885781288147	1.0
0.02385980449616909	0.0
0.13708460330963135	0.0
0.016159361228346825	0.0
0.04373900219798088	0.0
0.06870092451572418	1.0
0.21106502413749695	1.0
0.2103278785943985	0.0
0.019364725798368454	0.0
0.011161361820995808	0.0
0.06309161335229874	0.0
0.11797893047332764	0.0
0.026299089193344116	0.0
0.02100612036883831	0.0
0.034041330218315125	0.0
0.1565438061952591	1.0
0.01511500496417284	0.0
0.035074736922979355	0.0
0.17565591633319855	0.0
0.008363185450434685	0.0
0.01826563850045204	0.0
0.028719881549477577	0.0
0.018477246165275574	0.0
0.007030288688838482	0.0
0.00794009305536747	0.0
0.21044261753559113	0.0
0.07478310912847519	0.0
0.028561018407344818	1.0
0.005906508769840002	0.0
0.06847432255744934	0.0
0.027934866026043892	0.0
0.05402734503149986	0.0
0.008243700489401817	0.0
0.10812518745660782	1.0
0.005963069386780262	0.0
0.06108218431472778	0.0
0.016460468992590904	0.0
0.0020783806685358286	0.0
0.010625047609210014	0.0
0.0025854522828012705	0.0
0.02696666494011879	0.0
0.054297711700201035	0.0
0.03471854329109192	0.0
0.04667689651250839	0.0
0.053249869495630264	0.0
0.003980985842645168	0.0
0.059949323534965515	0.0
0.0704682469367981	0.0
0.03825883939862251	0.0
0.004813550040125847	0.0
0.012585713528096676	0.0
0.0021271929144859314	0.0
0.019576216116547585	0.0
0.04326573386788368	0.0
0.04321233555674553	0.0
0.1864209771156311	0.0
0.0775379091501236	0.0
0.022401848807930946	0.0
0.006264435593038797	0.0
0.01884312368929386	0.0
0.011911025270819664	0.0
0.02402578480541706	0.0
0.056153472512960434	0.0
0.11181986331939697	0.0
0.009428358636796474	0.0
0.09316861629486084	0.0
0.004479623399674892	0.0
0.028201287612318993	0.0
0.2116885781288147	0.0
0.029581256210803986	0.0
0.009918670170009136	0.0
0.1153593361377716	0.0
0.18805056810379028	1.0
0.21164833009243011	1.0
0.022094139829277992	0.0
0.02666553482413292	0.0
0.03980806842446327	0.0
0.024530768394470215	0.0
0.01380811259150505	0.0
0.0431712307035923	1.0
0.003366210963577032	0.0
0.07465555518865585	1.0
0.06855502724647522	0.0
0.18057231605052948	0.0
0.011065986007452011	0.0
0.11445147544145584	0.0
0.015047180466353893	0.0
0.18960772454738617	1.0
0.049449559301137924	0.0
0.014355229213833809	0.0
0.016119593754410744	0.0
0.08915393054485321	0.0
0.03922272473573685	0.0
0.014860626310110092	0.0
0.014388914220035076	0.0
0.03779393061995506	0.0
0.16682225465774536	0.0
0.013210676610469818	0.0
0.007293077185750008	0.0
0.21165932714939117	1.0
0.012133531272411346	0.0
0.2116885781288147	0.0
0.01437887642532587	0.0
0.10185250639915466	0.0
0.04031522572040558	0.0
0.11465493589639664	0.0
0.11063282191753387	1.0
0.03151363879442215	0.0
0.0049917008727788925	0.0
0.027458425611257553	0.0
0.1269986480474472	0.0
0.19604790210723877	0.0
0.048561129719018936	0.0
0.0915905311703682	0.0
0.05475148931145668	0.0
0.1796502321958542	0.0
0.04375525936484337	0.0
0.02370775304734707	0.0
0.012669768184423447	0.0
0.08231703191995621	0.0
0.052091702818870544	0.0
0.20603646337985992	0.0
0.010143009945750237	0.0
0.029081976041197777	0.0
0.004865147639065981	0.0
0.03883950412273407	0.0
0.12061595171689987	0.0
0.08386234939098358	0.0
0.18258701264858246	0.0
0.012811344116926193	0.0
0.010624375194311142	0.0
0.05704854056239128	1.0
0.009418663568794727	0.0
0.0026450217701494694	0.0
0.03615458682179451	0.0
0.0038853974547237158	0.0
0.007380255963653326	0.0
0.19869688153266907	0.0
0.0060514104552567005	0.0
0.2116885781288147	0.0
0.004485464654862881	0.0
0.024511180818080902	0.0
0.1921636313199997	1.0
0.04047413170337677	0.0
0.012072942219674587	0.0
0.01931839995086193	0.0
0.13719883561134338	1.0
0.2116885781288147	0.0
0.15368394553661346	0.0
0.03528852015733719	0.0
0.05024299398064613	1.0
0.050093650817871094	0.0
0.008582462556660175	0.0
0.02510688081383705	0.0
0.0022418852895498276	0.0
0.030464552342891693	0.0
0.06751975417137146	0.0
0.07307790219783783	0.0
0.033986397087574005	0.0
0.03970145806670189	1.0
0.0026888586580753326	0.0
0.020409125834703445	0.0
0.02293560653924942	0.0
0.07075325399637222	0.0
0.09394872188568115	0.0
0.061263557523489	0.0
0.011883530765771866	0.0
0.07326819747686386	0.0
0.005754075478762388	0.0
0.09518495947122574	0.0
0.011984314769506454	0.0
0.04617081210017204	0.0
0.11249902844429016	0.0
0.002816983964294195	0.0
0.06501806527376175	0.0
0.07488274574279785	0.0
0.08457770198583603	0.0
0.002980648772791028	0.0
0.03136293217539787	0.0
0.03310231864452362	0.0
0.01799052208662033	0.0
0.020627185702323914	0.0
0.0130213787779212	0.0
0.07944309711456299	0.0
0.058795999735593796	0.0
0.14106391370296478	0.0
0.06447536498308182	0.0
0.048003606498241425	0.0
0.18011492490768433	1.0
0.02637457102537155	0.0
0.07024695724248886	0.0
0.05937647819519043	0.0
0.020624451339244843	0.0
0.004778674803674221	0.0
0.016452359035611153	0.0
0.2116885781288147	1.0
0.007045207545161247	0.0
0.016840200871229172	0.0
0.024696117267012596	0.0
0.009950163774192333	0.0
0.15247845649719238	0.0
0.04279409721493721	0.0
0.2116885781288147	0.0
0.021918365731835365	0.0
0.019903188571333885	0.0
0.005798517260700464	0.0
0.05237586423754692	0.0
0.04103273153305054	0.0
0.0029047690331935883	0.0
0.04214292764663696	0.0
0.00725807948037982	0.0
0.1518755704164505	0.0
0.046213794499635696	0.0
0.0014968764735385776	0.0
0.12313950806856155	0.0
0.06255853176116943	0.0
0.1782432645559311	0.0
0.16292978823184967	0.0
0.00782750453799963	0.0
0.01853741705417633	0.0
0.0463474877178669	0.0
0.015560460276901722	0.0
0.012455540709197521	0.0
0.009363817051053047	0.0
0.2116885781288147	1.0
0.013560893014073372	0.0
0.029982207342982292	0.0
0.015854643657803535	0.0
0.0105917202308774	0.0
0.04799088090658188	0.0
0.12528099119663239	0.0
0.031880807131528854	0.0
0.03220747411251068	0.0
0.007933725602924824	0.0
0.006665602792054415	0.0
0.012387010268867016	0.0
0.0995754674077034	1.0
0.14412832260131836	0.0
0.07189837098121643	0.0
0.012650325894355774	0.0
0.12403655052185059	0.0
0.11749786883592606	0.0
0.16327808797359467	0.0
0.009829758666455746	0.0
0.04056064411997795	0.0
0.21165700256824493	0.0
0.1562003195285797	0.0
0.0031859935261309147	0.0
0.05170591548085213	0.0
0.012775524519383907	0.0
0.05482406169176102	0.0
0.03249498829245567	0.0
0.06732328236103058	0.0
0.023417403921484947	0.0
0.0031467031221836805	0.0
0.012521527707576752	0.0
0.0037738122045993805	0.0
0.1416306495666504	0.0
0.19374017417430878	0.0
0.05280839279294014	0.0
0.21113240718841553	0.0
0.0114660132676363	0.0
0.020410994067788124	0.0
0.031078454107046127	0.0
0.013479772955179214	0.0
0.010979508981108665	0.0
0.11644113808870316	0.0
0.04785851016640663	0.0
0.028117652982473373	0.0
0.2116885781288147	0.0
0.10728004574775696	0.0
0.05401786416769028	0.0
0.13131389021873474	0.0
0.043622855097055435	0.0
0.06439236551523209	0.0
0.02011549286544323	0.0
0.15245291590690613	0.0
0.10471595078706741	0.0
0.038024626672267914	0.0
0.06190228834748268	1.0
0.003956333734095097	0.0
0.09200043976306915	0.0
0.044339533895254135	0.0
0.013158420100808144	0.0
0.05082649365067482	0.0
0.025647295638918877	0.0
0.04761907085776329	0.0
0.06622524559497833	0.0
0.012535125948488712	0.0
0.024140456691384315	0.0
0.041496872901916504	0.0
0.041117943823337555	0.0
0.2116885781288147	1.0
0.12558218836784363	1.0
0.0005390566075220704	0.0
0.04613996297121048	0.0
0.0484120212495327	0.0
0.009466253221035004	0.0
0.2116885781288147	0.0
0.08152059465646744	0.0
0.017413945868611336	0.0
0.0056388224475085735	0.0
0.009114101529121399	0.0
0.017068438231945038	0.0
0.008486065082252026	0.0
0.09950434416532516	0.0
0.1864057332277298	0.0
0.03035448119044304	0.0
0.2116885781288147	0.0
0.1519549936056137	0.0
0.04720664769411087	0.0
0.1438053995370865	0.0
0.16571389138698578	0.0
0.05524376779794693	0.0
0.0361018106341362	0.0
0.016458146274089813	0.0
0.016682295128703117	0.0
0.019026612862944603	0.0
0.018434971570968628	0.0
0.0065640658140182495	0.0
0.003974630497395992	0.0
0.13115620613098145	0.0
0.12383931875228882	0.0
0.07145416736602783	0.0
0.032579027116298676	0.0
0.026622094213962555	0.0
0.008208578452467918	0.0
0.013302596285939217	0.0
0.02299194596707821	0.0
0.04754620045423508	0.0
0.11875993758440018	0.0
0.06586536765098572	0.0
0.02213766612112522	0.0
0.0004027043760288507	0.0
0.026025429368019104	0.0
0.09957665950059891	0.0
0.04016561806201935	0.0
0.12859933078289032	0.0
0.12545515596866608	0.0
0.2116885781288147	0.0
0.01871057040989399	0.0
0.007400817237794399	0.0
0.13171431422233582	0.0
0.020023180171847343	0.0
0.00313684344291687	0.0
0.07658999413251877	0.0
0.013902999460697174	0.0
0.007198451552540064	0.0
0.001756967161782086	0.0
0.16946934163570404	0.0
0.12391509860754013	0.0
0.12982775270938873	0.0
0.010153432376682758	0.0
0.11733490228652954	0.0
0.058646611869335175	0.0
0.013203872367739677	0.0
0.021275034174323082	0.0
0.006554067134857178	0.0
0.04201104864478111	1.0
0.006663995794951916	0.0
0.014913429506123066	0.0
0.04221808910369873	0.0
0.007376557681709528	0.0
0.015229644253849983	0.0
0.13593627512454987	0.0
0.03025169111788273	0.0
0.019008714705705643	0.0
0.04471081867814064	0.0
0.005209567956626415	0.0
0.10365352034568787	0.0
0.012273963540792465	0.0
0.04557814449071884	0.0
0.01654849760234356	0.0
0.010755314491689205	0.0
0.018116235733032227	0.0
0.21002338826656342	1.0
0.2116885781288147	0.0
0.005217298399657011	0.0
0.008489580824971199	0.0
0.04369344934821129	0.0
0.002014900092035532	0.0
0.0028837176505476236	0.0
0.0015732274623587728	0.0
0.05341308191418648	0.0
0.018047194927930832	0.0
0.16717953979969025	0.0
0.076542928814888	0.0
0.014226317405700684	0.0
0.014958364889025688	0.0
0.04340924695134163	0.0
0.10809370875358582	0.0
0.024535855278372765	0.0
0.12653514742851257	0.0
0.08732768893241882	0.0
0.018915150314569473	0.0
0.058519091457128525	0.0
0.003288690932095051	0.0
0.02158823423087597	0.0
0.0638389065861702	0.0
0.025335021317005157	0.0
0.02596437558531761	0.0
0.1879039704799652	1.0
0.06671303510665894	0.0
0.04158543795347214	0.0
0.07311059534549713	0.0
0.2116885781288147	0.0
0.004269272089004517	0.0
0.15434446930885315	0.0
0.07654697448015213	0.0
0.0031925863586366177	0.0
0.03201865777373314	0.0
0.13798117637634277	0.0
0.004159795586019754	0.0
0.009767770767211914	0.0
0.14485087990760803	0.0
0.05581511929631233	0.0
0.060207072645425797	0.0
0.06194017082452774	0.0
0.01919538341462612	0.0
0.012781364843249321	0.0
0.018032506108283997	0.0
0.03248503431677818	0.0
0.18597511947155	0.0
0.20961779356002808	0.0
0.026203477755188942	1.0
0.07451183348894119	0.0
0.022859232500195503	0.0
0.01309829019010067	0.0
0.07038330286741257	0.0
0.07059989869594574	0.0
0.010168357752263546	0.0
0.1151353120803833	1.0
0.1269133985042572	0.0
0.04036272317171097	0.0
0.04509677737951279	0.0
0.004116265568882227	0.0
0.05777861922979355	0.0
0.06879210472106934	0.0
0.03052522800862789	0.0
0.01216816995292902	0.0
0.07197687774896622	0.0
0.20835600793361664	0.0
0.009007382206618786	0.0
0.07752348482608795	0.0
0.014053672552108765	0.0
0.0061597926542162895	0.0
0.003338832873851061	0.0
0.011008542962372303	0.0
0.005976521410048008	0.0
0.001143786241300404	0.0
0.05666622519493103	0.0
0.014826612547039986	0.0
0.21157485246658325	1.0
0.02756725437939167	0.0
0.0021589910611510277	0.0
0.048147693276405334	0.0
0.03734060749411583	0.0
0.008231081999838352	0.0
0.05581052601337433	0.0
0.021319294348359108	0.0
0.019184065982699394	0.0
0.0639430582523346	0.0
0.011079738847911358	0.0
0.0417354442179203	0.0
0.013275104574859142	0.0
0.19981589913368225	0.0
0.04939395934343338	0.0
0.012762893922626972	0.0
0.003816991811618209	0.0
0.21168039739131927	0.0
0.05842217430472374	0.0
0.06132131069898605	0.0
0.21149642765522003	0.0
0.20224794745445251	0.0
0.07889566570520401	0.0
0.18629582226276398	0.0
0.05402078852057457	0.0
0.033326614648103714	0.0
0.02065800502896309	0.0
0.012094436213374138	0.0
0.02306942827999592	0.0
0.030781269073486328	0.0
0.10796754062175751	0.0
0.07914818078279495	0.0
0.04479258134961128	0.0
0.0028015023563057184	0.0
0.11089959740638733	0.0
0.2116885781288147	1.0
0.003919033799320459	0.0
0.017443237826228142	0.0
0.004184393212199211	0.0
0.08344849944114685	0.0
0.045046497136354446	0.0
0.003926719538867474	0.0
0.04523815959692001	0.0
0.014780920930206776	0.0
0.05334991216659546	0.0
0.00029659547726623714	0.0
0.005606364458799362	0.0
0.0980730801820755	0.0
0.08337326347827911	0.0
0.03738810494542122	0.0
0.013371624983847141	0.0
0.022900903597474098	0.0
0.005151608493179083	0.0
0.03392889350652695	0.0
0.07452495396137238	0.0
0.020944491028785706	0.0
0.03604241833090782	0.0
0.05162316933274269	0.0
0.040510110557079315	0.0
0.020428113639354706	0.0
0.10294485092163086	0.0
0.03874095529317856	0.0
0.027030887082219124	0.0
0.035190925002098083	0.0
0.2116885781288147	0.0
0.032646626234054565	0.0
0.005395899526774883	0.0
0.07650276273488998	0.0
0.022702878341078758	0.0
0.008275607600808144	0.0
0.05419887602329254	0.0
0.05693483352661133	0.0
0.2116885781288147	1.0
0.02130230702459812	0.0
0.005491057876497507	0.0
0.1082114726305008	0.0
0.005991215817630291	0.0
0.030323045328259468	0.0
0.12958168983459473	0.0
0.058894213289022446	0.0
0.09376929700374603	0.0
0.01556900143623352	0.0
0.08904321491718292	0.0
0.0842016339302063	0.0
0.0609576553106308	0.0
0.06256437301635742	0.0
0.006140152458101511	0.0
0.006682245992124081	0.0
0.010065075010061264	0.0
0.01435171440243721	0.0
0.1337864249944687	1.0
0.10951373726129532	0.0
0.05716020613908768	0.0
0.004033134784549475	0.0
0.00083960872143507	0.0
0.03550969436764717	0.0
0.0010053153382614255	0.0
0.025220811367034912	0.0
0.08251233398914337	0.0
0.06957652419805527	0.0
0.041432928293943405	0.0
0.011765684001147747	0.0
0.02893715165555477	0.0
0.0063023995608091354	0.0
0.034636229276657104	0.0
0.028197025880217552	0.0
0.008480481803417206	0.0
0.03556176275014877	0.0
0.008564101532101631	0.0
0.010078338906168938	0.0
0.1810348480939865	1.0
0.013042316772043705	0.0
0.05015776678919792	0.0
0.21059675514698029	1.0
0.1971287876367569	0.0
0.09831362962722778	1.0
0.081794373691082	0.0
0.003427129238843918	0.0
0.014098984189331532	0.0
0.04251451417803764	0.0
0.007097987923771143	0.0
0.08726789057254791	0.0
0.016682809218764305	0.0
0.07799402624368668	0.0
0.016228986904025078	0.0
0.17475681006908417	0.0
0.09189070761203766	0.0
0.07060275971889496	0.0
0.11627520620822906	0.0
0.13040122389793396	1.0
0.03240714594721794	0.0
0.09430795162916183	0.0
0.05450638756155968	0.0
0.20042626559734344	0.0
0.002680367324501276	0.0
0.01394560281187296	0.0
0.20740747451782227	1.0
0.08676034212112427	0.0
0.13741332292556763	0.0
0.05250103771686554	0.0
0.21162864565849304	0.0
0.008600779809057713	0.0
0.2116885781288147	0.0
0.07952935993671417	0.0
0.006933688186109066	0.0
0.01986333355307579	0.0
0.016116032376885414	0.0
0.11683713644742966	0.0
0.020512204617261887	0.0
0.08852023631334305	0.0
0.030864398926496506	0.0
0.007399882189929485	0.0
0.023977966979146004	0.0
0.015516689047217369	0.0
0.025481058284640312	0.0
0.08353346586227417	0.0
0.0033333960454910994	0.0
0.031646184623241425	0.0
0.0035447548143565655	0.0
0.03952043876051903	0.0
0.06620438396930695	0.0
0.1208939403295517	0.0
0.053394727408885956	0.0
0.02696969360113144	0.0
0.013133990578353405	0.0
0.0019963840022683144	0.0
0.21104881167411804	0.0
0.022293459624052048	0.0
0.020347166806459427	0.0
0.12317277491092682	0.0
0.16424566507339478	0.0
0.0074806842021644115	0.0
0.2116885781288147	0.0
0.0019990040455013514	0.0
0.08286834508180618	0.0
0.08404713869094849	1.0
0.004239331930875778	0.0
0.007138130720704794	0.0
0.006261624861508608	0.0
0.12439943104982376	0.0
0.021884921938180923	0.0
0.09953750669956207	0.0
0.18575923144817352	0.0
0.024902120232582092	0.0
0.004256082233041525	0.0
0.0009176144958473742	0.0
0.009454585611820221	0.0
0.03741954267024994	0.0
0.07545219361782074	0.0
0.01026648934930563	0.0
0.21164600551128387	1.0
0.03821461275219917	0.0
0.004684129264205694	0.0
0.004610283300280571	0.0
0.02284831739962101	0.0
0.10834898054599762	1.0
0.09894347935914993	1.0
0.0022914502769708633	0.0
0.20928315818309784	0.0
0.007436716929078102	0.0
0.03139688819646835	0.0
0.017846131697297096	0.0
0.04159780964255333	0.0
0.015427188016474247	0.0
0.009517781436443329	0.0
0.0013514637248590589	0.0
0.2109992802143097	0.0
0.007920986972749233	0.0
0.018364230170845985	0.0
0.002593450015410781	0.0
0.05859385058283806	0.0
0.21168659627437592	1.0
0.0013993337051942945	0.0
0.16341611742973328	0.0
0.0017320771003142	0.0
0.12475228309631348	1.0
0.2116885781288147	0.0
0.006427822168916464	0.0
0.11899039894342422	0.0
0.10791600495576859	0.0
0.08101080358028412	0.0
0.15635211765766144	0.0
0.026475582271814346	0.0
0.005040648393332958	0.0
0.2116093933582306	1.0
0.006297718733549118	0.0
0.006548639386892319	0.0
0.030000323429703712	0.0
0.06607776135206223	0.0
0.01710386574268341	0.0
0.2116885781288147	1.0
0.05648205429315567	0.0
0.033822961151599884	0.0
0.0017843506066128612	0.0
0.18847817182540894	0.0
0.051627252250909805	0.0
0.09098391234874725	0.0
0.001240439247339964	0.0
0.010059812106192112	0.0
0.1958536058664322	0.0
0.0465422086417675	0.0
0.03388974815607071	0.0
0.017595335841178894	1.0
0.006297154817730188	0.0
0.11587122827768326	0.0
0.00036386173451319337	0.0
0.0009757496882230043	0.0
0.02452818676829338	0.0
0.05073990672826767	0.0
0.001120322267524898	0.0
0.002285294933244586	0.0
0.022973399609327316	0.0
0.09385503083467484	0.0
0.06677006185054779	0.0
0.004983737599104643	0.0
0.008377141319215298	0.0
0.009243154898285866	0.0
0.0770610049366951	0.0
0.08002544194459915	0.0
0.005540322046726942	0.0
0.01500044483691454	0.0
0.17730861902236938	0.0
0.024201223626732826	0.0
0.006932257208973169	0.0
0.0038526724092662334	0.0
0.0006348190945573151	0.0
0.18005259335041046	0.0
0.0023024508263915777	0.0
0.041334230452775955	0.0
0.0026789437979459763	0.0
0.013294043950736523	0.0
0.03220682963728905	0.0
0.002375359181314707	0.0
0.003801524406298995	0.0
0.04935157299041748	0.0
0.21022266149520874	0.0
0.006113474257290363	0.0
0.17751657962799072	0.0
0.04251621291041374	0.0
0.04055284336209297	0.0
0.010742846876382828	0.0
0.05479543283581734	0.0
0.0693107545375824	0.0
0.012655728496611118	0.0
0.042374949902296066	0.0
0.08052737265825272	1.0
0.016267811879515648	0.0
0.0718313455581665	0.0
0.028126168996095657	0.0
0.0008052345947362483	0.0
0.0034009104128926992	0.0
0.012265224941074848	0.0
0.004323248751461506	0.0
0.2116885781288147	1.0
0.03370872512459755	0.0
0.006684655323624611	0.0
0.017889777198433876	0.0
0.05254524201154709	0.0
0.09278328716754913	0.0
0.0313248485326767	0.0
0.0071622696705162525	0.0
0.0027566824574023485	0.0
0.03849413990974426	0.0
0.09835731983184814	0.0
0.008714193478226662	0.0
0.036846570670604706	0.0
0.006555532570928335	0.0
0.015998011454939842	0.0
0.07116293162107468	0.0
0.008867640979588032	0.0
0.004083395469933748	0.0
0.012778086587786674	0.0
0.14896811544895172	0.0
0.003348646918311715	0.0
0.0005479397368617356	0.0
0.044512808322906494	0.0
0.021060535684227943	0.0
0.03412877023220062	0.0
0.20140960812568665	0.0
0.01544967107474804	0.0
0.000705503101926297	0.0
0.0007647710153833032	0.0
0.21151204407215118	0.0
0.009461506269872189	0.0
0.08236298710107803	0.0
0.18750092387199402	0.0
0.0029569915495812893	0.0
0.01889878697693348	0.0
0.07211959362030029	0.0
0.03694649413228035	0.0
0.03860722854733467	0.0
0.025571070611476898	0.0
0.001394278951920569	0.0
0.14048312604427338	0.0
0.2116885781288147	0.0
0.0032389855477958918	0.0
0.00415067607536912	0.0
0.13961172103881836	0.0
0.0393441803753376	0.0
0.04684900492429733	0.0
0.06085970625281334	1.0
0.1477808654308319	0.0
0.007884383201599121	0.0
0.06391823291778564	0.0
0.0249665305018425	0.0
0.2116885781288147	0.0
0.07252074033021927	0.0
0.04196400195360184	0.0
0.007395530119538307	0.0
0.0664832815527916	0.0
0.2116885781288147	0.0
0.04347892105579376	0.0
0.07206923514604568	0.0
0.01412376668304205	0.0
0.013541795313358307	0.0
0.0021677115000784397	0.0
0.008250907063484192	0.0
0.017725810408592224	0.0
0.05711844563484192	0.0
0.02056940086185932	0.0
0.17938381433486938	0.0
0.2067709118127823	0.0
0.011688402853906155	0.0
0.0703795924782753	0.0
0.019323639571666718	0.0
0.005853264592587948	0.0
0.1226702556014061	0.0
0.0167846716940403	0.0
0.013253860175609589	0.0
0.023955289274454117	0.0
0.03641701862215996	0.0
0.009083693847060204	0.0
0.052836257964372635	0.0
0.0016190499300137162	0.0
0.013510975055396557	0.0
0.010369282215833664	0.0
0.057425953447818756	0.0
0.034256573766469955	0.0
0.06951616704463959	0.0
0.002453264780342579	0.0
0.01015239767730236	1.0
0.08163471519947052	0.0
0.03074285387992859	0.0
0.002423426602035761	0.0
0.014784088358283043	0.0
0.19855841994285583	1.0
0.09541121870279312	0.0
0.002625478431582451	0.0
0.04381825402379036	0.0
0.03388305380940437	0.0
0.006446993909776211	0.0
0.05584988370537758	0.0
0.027758421376347542	0.0
0.08251085877418518	1.0
0.021023426204919815	0.0
0.005054355598986149	0.0
0.001725285197608173	0.0
0.0065955896861851215	0.0
0.0098692262545228	0.0
0.008362671360373497	0.0
0.022060362622141838	0.0
0.10485665500164032	0.0
0.11021557450294495	0.0
0.18951930105686188	1.0
0.04757121205329895	1.0
0.04030861705541611	1.0
0.021529311314225197	0.0
0.023448579013347626	0.0
0.0028667249716818333	0.0
0.00030056218383833766	0.0
0.013387816958129406	0.0
0.0022323094308376312	0.0
0.0033887135796248913	0.0
0.06062900647521019	0.0
0.05753207206726074	0.0
0.013335012830793858	0.0
0.05638541653752327	0.0
0.026138266548514366	0.0
0.0029098379891365767	0.0
0.06615301221609116	0.0
0.1595950722694397	0.0
0.21162407100200653	0.0
0.02542833611369133	0.0
0.008890703320503235	0.0
0.013187211938202381	0.0
0.03798095881938934	0.0
0.1000075414776802	0.0
0.019326576963067055	0.0
0.15497949719429016	0.0
0.10396559536457062	0.0
0.03908122703433037	0.0
0.10105586796998978	1.0
0.0008971641073003411	0.0
0.013928340747952461	0.0
0.14240187406539917	0.0
0.000847602030262351	0.0
0.014643406495451927	0.0
0.01788782700896263	0.0
0.023611294105648994	0.0
0.13560068607330322	0.0
0.013528755865991116	0.0
0.007046505343168974	0.0
0.019309891387820244	0.0
0.12783055007457733	0.0
0.00611578905954957	0.0
0.01117827370762825	0.0
0.024245811626315117	0.0
0.0229568462818861	0.0
0.13110004365444183	0.0
0.08802702277898788	0.0
0.2116885781288147	1.0
0.05586349591612816	0.0
0.05707932636141777	0.0
0.14017991721630096	0.0
0.03541843593120575	0.0
0.03852425143122673	0.0
0.027306552976369858	0.0
0.009219025261700153	0.0
0.035333048552274704	0.0
0.2116885781288147	1.0
0.0048524136655032635	0.0
0.02351715974509716	0.0
0.018172889947891235	0.0
0.01909506693482399	0.0
0.0027552079409360886	0.0
0.036227911710739136	0.0
0.03498205915093422	0.0
0.0015807428862899542	0.0
0.0009361320408061147	0.0
0.011095094494521618	0.0
0.02780723385512829	0.0
0.005429507233202457	0.0
0.0704556405544281	0.0
0.031244004145264626	0.0
0.009769468568265438	0.0
0.01742568239569664	0.0
0.21111516654491425	1.0
0.003667095210403204	0.0
0.06559670716524124	0.0
0.019160673022270203	0.0
0.012599023059010506	0.0
0.01260431669652462	0.0
0.1596604585647583	0.0
0.2098522186279297	1.0
0.02520262636244297	0.0
0.055441826581954956	0.0
0.09117262810468674	0.0
0.021012917160987854	0.0
0.00539218308404088	0.0
0.06152527406811714	0.0
0.1470717489719391	0.0
0.02328317239880562	0.0
0.05076376348733902	0.0
0.008231167681515217	0.0
0.07142683863639832	1.0
0.003552851965650916	0.0
0.005711282603442669	0.0
0.04969155415892601	0.0
0.003688038792461157	0.0
0.014830917119979858	0.0
0.21159812808036804	0.0
0.048100054264068604	0.0
0.19373095035552979	0.0
0.014489784836769104	0.0
0.0032921391539275646	0.0
0.02679300867021084	0.0
0.058380890637636185	0.0
0.2115713208913803	0.0
0.16750666499137878	0.0
0.0018792481860145926	0.0
0.04883807525038719	0.0
0.008115495555102825	0.0
0.05492674186825752	0.0
0.01113700121641159	0.0
0.018344169482588768	0.0
0.008998570963740349	0.0
0.05176709219813347	0.0
0.0017994479276239872	0.0
0.00248123100027442	0.0
0.011990656144917011	0.0
0.03604712337255478	0.0
0.0002911095798481256	0.0
0.04114590957760811	0.0
0.02383374236524105	0.0
0.004040755331516266	0.0
0.02393653243780136	0.0
0.07567001134157181	0.0
0.2116885781288147	1.0
0.011060502380132675	0.0
0.006371115799993277	0.0
0.03692296892404556	0.0
0.05129791796207428	0.0
0.2116885781288147	0.0
0.08776333928108215	1.0
0.21106982231140137	0.0
0.015321238897740841	0.0
0.12517713010311127	0.0
0.018428673967719078	0.0
0.040675293654203415	0.0
0.046568047255277634	0.0
0.003886580467224121	0.0
0.2116885781288147	0.0
0.13329516351222992	0.0
0.02934015356004238	0.0
0.040019046515226364	0.0
0.14267654716968536	0.0
0.047233328223228455	0.0
0.0016601842362433672	0.0
0.02785535715520382	0.0
0.006621556356549263	0.0
0.009944246150553226	0.0
0.122199147939682	0.0
0.012640281580388546	0.0
0.009609969332814217	0.0
0.008724033832550049	0.0
0.014430881477892399	0.0
0.16275835037231445	0.0
0.050560638308525085	0.0
0.023740585893392563	0.0
0.04322655126452446	0.0
0.05114215984940529	0.0
0.0033657148014754057	0.0
0.0645131841301918	0.0
0.021715452894568443	0.0
0.07366359233856201	0.0
0.05727124959230423	0.0
0.0018959156004711986	0.0
0.032179515808820724	0.0
0.001059992820955813	0.0
0.18763858079910278	0.0
0.026341920718550682	0.0
0.03552723675966263	0.0
0.21102523803710938	0.0
0.001557867624796927	0.0
0.018653880804777145	0.0
0.02705649472773075	0.0
0.022440152242779732	0.0
0.0050822352059185505	0.0
0.02002289704978466	0.0
0.05763757601380348	0.0
0.02292191982269287	0.0
0.06811695545911789	0.0
0.07661201804876328	0.0
0.03079362027347088	0.0
0.07031186670064926	1.0
0.006972846575081348	0.0
0.07749386131763458	0.0
0.06044362485408783	0.0
0.15180210769176483	0.0
0.029459496960043907	0.0
0.062459368258714676	0.0
0.038154032081365585	0.0
0.015056750737130642	0.0
0.2116885781288147	0.0
0.11168575286865234	1.0
0.00901721976697445	0.0
0.01549347024410963	0.0
0.011598831973969936	0.0
0.018534937873482704	0.0
0.01398194208741188	0.0
0.0072968523018062115	0.0
0.033481061458587646	0.0
0.2116885781288147	0.0
0.04991034045815468	0.0
0.020891480147838593	0.0
0.02604050748050213	0.0
0.06884143501520157	0.0
0.0005345093668438494	0.0
0.014609999023377895	0.0
0.004719083197414875	0.0
0.0012401118874549866	0.0
0.06180790066719055	0.0
0.002602363470941782	0.0
0.2116885781288147	0.0
0.006153106223791838	0.0
0.005743350367993116	0.0
0.02588973566889763	0.0
0.045556142926216125	0.0
0.10146072506904602	0.0
0.0216042622923851	0.0
0.21165330708026886	0.0
0.008736488409340382	0.0
0.09903264790773392	0.0
0.009288978762924671	0.0
0.010131803341209888	0.0
0.2115105241537094	0.0
0.0007109578582458198	0.0
0.019761305302381516	0.0
0.06305569410324097	0.0
0.008272083476185799	0.0
0.011728527955710888	0.0
0.1652403175830841	0.0
0.009902462363243103	0.0
0.09514614194631577	0.0
0.056137021631002426	0.0
0.01962638646364212	0.0
0.03617957979440689	0.0
0.009153640829026699	0.0
0.05624721571803093	0.0
0.2116885781288147	1.0
0.018886052072048187	0.0
0.01000497117638588	0.0
0.016769513487815857	0.0
0.07524490356445312	0.0
0.008682971820235252	0.0
0.2116885781288147	1.0
0.019639426842331886	0.0
0.1779603660106659	0.0
0.01815086603164673	0.0
0.020480602979660034	0.0
0.007472793105989695	0.0
0.08105043321847916	0.0
0.0007874355069361627	0.0
0.017844734713435173	0.0
0.06279502063989639	0.0
0.010274055413901806	0.0
0.011299142614006996	0.0
0.03388141468167305	0.0
0.0009608027176000178	0.0
0.05222032219171524	0.0
0.06280582398176193	0.0
0.16321983933448792	0.0
0.052854422479867935	0.0
0.025655588135123253	0.0
0.07607725262641907	0.0
0.025257447734475136	0.0
0.002744148951023817	0.0
0.017203163355588913	0.0
0.06663505733013153	0.0
0.010218637064099312	0.0
0.06779737025499344	0.0
0.04235376790165901	0.0
0.02429768070578575	0.0
0.023144688457250595	0.0
0.11052267998456955	0.0
0.04095279797911644	0.0
0.2111460566520691	1.0
0.004213316831737757	0.0
0.18671409785747528	0.0
0.0009389217011630535	0.0
0.04912152141332626	0.0
0.2116885781288147	1.0
0.12980136275291443	0.0
0.008231156505644321	0.0
0.0687684416770935	0.0
0.02684710919857025	0.0
0.007268761750310659	0.0
0.0031190402805805206	0.0
0.21162618696689606	0.0
0.05531394109129906	0.0
0.06111135333776474	0.0
0.012312662787735462	0.0
0.001589544233866036	0.0
0.014465685933828354	0.0
0.0046829357743263245	0.0
0.010120748542249203	0.0
0.00959012471139431	0.0
0.20936498045921326	0.0
0.16666235029697418	0.0
0.04947677627205849	0.0
0.13396643102169037	0.0
0.015323404222726822	0.0
0.21139506995677948	0.0
0.020561862736940384	0.0
0.2116885781288147	1.0
0.030218450352549553	0.0
0.2116885781288147	1.0
0.009065603837370872	0.0
0.07281550019979477	0.0
0.005374158266931772	0.0
0.13321615755558014	0.0
0.009285643696784973	0.0
0.0003298645606264472	0.0
0.024706628173589706	0.0
0.05646904185414314	0.0
0.004531345330178738	0.0
0.003635893575847149	0.0
0.001524831517599523	0.0
0.03944001719355583	0.0
0.1050621047616005	0.0
0.14918522536754608	0.0
0.02350928820669651	0.0
0.014762168750166893	0.0
0.024499395862221718	0.0
0.006367479916661978	0.0
0.029874296858906746	0.0
0.017546046525239944	0.0
0.004373176954686642	0.0
0.0031375193502753973	0.0
0.028101949021220207	0.0
0.06994853913784027	0.0
0.03632189705967903	0.0
0.0068298326805233955	0.0
0.04977523162961006	0.0
0.03279890492558479	0.0
0.13107958436012268	0.0
0.05515110865235329	0.0
0.012615857645869255	0.0
0.13583795726299286	0.0
0.03187840059399605	0.0
0.03824874386191368	0.0
0.002908923663198948	0.0
0.0054954709485173225	0.0
0.016067149117588997	0.0
0.030593547970056534	0.0
0.2116885781288147	0.0
0.05336007848381996	0.0
0.21079982817173004	0.0
0.0431639701128006	0.0
0.07419281452894211	0.0
0.006077784113585949	0.0
0.030676808208227158	0.0
0.07287847250699997	0.0
0.036433152854442596	0.0
0.06685782223939896	0.0
0.02312464453279972	0.0
0.008354850113391876	0.0
0.007930794730782509	0.0
0.11851878464221954	1.0
0.021161172538995743	0.0
0.050924476236104965	0.0
0.18702352046966553	0.0
0.08025876432657242	1.0
0.2116885781288147	0.0
0.02238479256629944	0.0
0.009478766471147537	0.0
0.03389085829257965	0.0
0.004609727766364813	0.0
0.05990419164299965	0.0
0.03852090239524841	0.0
0.12114232778549194	0.0
0.02482059970498085	0.0
0.04320472478866577	0.0
0.05555025115609169	0.0
0.01075919158756733	0.0
0.004557980690151453	0.0
0.0636633038520813	0.0
0.08927354216575623	0.0
0.008051889017224312	0.0
0.02724265493452549	0.0
0.21167419850826263	0.0
0.06844841688871384	0.0
0.010391339659690857	0.0
0.03273499011993408	0.0
0.04115251451730728	0.0
0.09141738712787628	1.0
0.04254338890314102	0.0
0.1556621491909027	0.0
0.013901143334805965	0.0
0.053251612931489944	0.0
0.017081506550312042	0.0
0.13209787011146545	0.0
0.019653698429465294	0.0
0.017280900850892067	0.0
0.05372127890586853	0.0
0.027022624388337135	0.0
0.04874571040272713	0.0
0.042114533483982086	0.0
0.013635263778269291	0.0
0.02013046108186245	0.0
0.02520347759127617	0.0
0.17849819362163544	0.0
0.06966251134872437	0.0
0.0004564753617160022	0.0
0.110214464366436	0.0
0.2116885781288147	0.0
0.018240557983517647	0.0
0.2116885781288147	0.0
0.022736545652151108	0.0
0.0769532322883606	0.0
0.025146150961518288	0.0
0.004265066236257553	0.0
0.05573965609073639	0.0
0.14763705432415009	0.0
0.070255808532238	0.0
0.025579458102583885	0.0
0.06978415697813034	0.0
0.050713930279016495	0.0
0.006850146222859621	0.0
0.18860942125320435	0.0
0.009132090024650097	0.0
0.002965230029076338	0.0
0.008874441497027874	0.0
0.026440858840942383	0.0
0.08470921963453293	0.0
0.027189606800675392	0.0
0.001421149238012731	0.0
0.2116885781288147	0.0
0.015514707192778587	0.0
0.2116885781288147	0.0
0.03244347125291824	0.0
0.1552707403898239	0.0
0.04966980591416359	1.0
0.016668548807501793	0.0
0.009499660693109035	0.0
0.007928011938929558	0.0
0.02013598382472992	0.0
0.02131885476410389	0.0
0.003858171636238694	0.0
0.2116885781288147	0.0
0.03756549209356308	0.0
0.0031821010634303093	0.0
0.08286993205547333	0.0
0.18033383786678314	0.0
0.19342535734176636	0.0
0.21020439267158508	1.0
0.03522196784615517	0.0
0.0097491554915905	0.0
0.1930997371673584	0.0
0.07270452380180359	0.0
0.008037877269089222	0.0
0.006733996327966452	0.0
0.17556573450565338	0.0
0.07683636993169785	0.0
0.07837644219398499	0.0
0.2116885781288147	0.0
0.18484704196453094	1.0
0.012392962351441383	0.0
0.04230857267975807	0.0
0.11665620654821396	0.0
0.015340572223067284	0.0
0.21024122834205627	0.0
0.016597023233771324	0.0
0.01930808648467064	0.0
0.2116885781288147	1.0
0.0066246152855455875	0.0
0.031705282628536224	0.0
0.20925448834896088	0.0
0.11671172827482224	0.0
0.00968110840767622	0.0
0.0077399685978889465	0.0
0.036774229258298874	0.0
0.006136422511190176	0.0
0.026453133672475815	0.0
0.0616924948990345	0.0
0.008310254663228989	0.0
0.2104116976261139	0.0
0.09876091778278351	0.0
0.21085000038146973	1.0
0.03348112106323242	0.0
0.0002614275144878775	0.0
0.2116885781288147	1.0
0.02125929482281208	0.0
0.08676595240831375	0.0
0.166671022772789	1.0
0.07419098913669586	0.0
0.0126749062910676	0.0
0.005997063126415014	0.0
0.0008330770651809871	0.0
0.046788375824689865	0.0
0.030024781823158264	0.0
0.004862569272518158	0.0
0.016963889822363853	0.0
0.0025999683421105146	0.0
0.0015042910818010569	0.0
0.012885970063507557	0.0
0.018089817836880684	0.0
0.005057972390204668	0.0
0.09529437869787216	0.0
0.003245722968131304	0.0
0.01072625257074833	0.0
0.03724844008684158	0.0
0.011432369239628315	0.0
0.0064433878287673	0.0
0.008335108868777752	0.0
0.005761133506894112	0.0
0.011076515540480614	0.0
0.03164105489850044	0.0
0.2116885781288147	1.0
0.05747571215033531	0.0
0.030605413019657135	0.0
0.09249555319547653	0.0
0.07783371955156326	0.0
0.2082454413175583	0.0
0.020929398015141487	0.0
0.21153134107589722	0.0
0.035277679562568665	0.0
0.034808386117219925	0.0
0.0010082705412060022	0.0
0.014696967788040638	0.0
0.06393133103847504	0.0
0.012930875644087791	0.0
0.12877991795539856	0.0
0.12085796147584915	0.0
0.050199855118989944	0.0
0.023705940693616867	0.0
0.04990077763795853	0.0
0.020257312804460526	0.0
0.06840042024850845	0.0
0.1292715072631836	0.0
0.2116885781288147	1.0
0.001772650401107967	0.0
0.008956029079854488	0.0
0.0006752070621587336	0.0
0.08817943930625916	0.0
0.14806479215621948	0.0
0.0018906982149928808	0.0
0.05939378961920738	0.0
0.011084446683526039	0.0
0.010230238549411297	0.0
0.04397386685013771	0.0
0.0059137907810509205	0.0
0.2116885781288147	1.0
0.05688139423727989	0.0
0.008261566050350666	0.0
0.06759022176265717	0.0
0.009164918214082718	0.0
0.09844953566789627	0.0
0.141784206032753	0.0
0.01823568344116211	0.0
0.009654807858169079	0.0
0.0281656663864851	0.0
0.16336126625537872	0.0
0.020615437999367714	0.0
0.0007071629515849054	0.0
0.004591759759932756	0.0
0.01896817609667778	0.0
0.018219120800495148	0.0
0.031327150762081146	0.0
0.05544866621494293	0.0
0.06641536951065063	0.0
0.15586532652378082	0.0
0.0038638990372419357	0.0
0.0049682785756886005	0.0
0.0038609306793659925	0.0
0.07079104334115982	0.0
0.003707804484292865	0.0
0.009848489426076412	0.0
0.0008979470003396273	0.0
0.0251460000872612	0.0
0.004471849650144577	0.0
0.0010373365366831422	0.0
0.05359337851405144	0.0
0.2116885781288147	1.0
0.02059587463736534	0.0
0.04695652052760124	0.0
0.074062280356884	0.0
0.06328177452087402	0.0
0.035614777356386185	0.0
0.14223216474056244	0.0
0.0400896780192852	0.0
0.019794780761003494	0.0
0.14570194482803345	1.0
0.0010959377977997065	0.0
0.05797123908996582	0.0
0.026878010481595993	0.0
0.06486257910728455	0.0
0.038262005895376205	0.0
0.017464276403188705	0.0
0.2090463936328888	1.0
0.05027687922120094	0.0
0.018838929012417793	0.0
0.13231804966926575	1.0
0.2116885781288147	1.0
0.013729793950915337	0.0
0.01781771145761013	0.0
0.09897217899560928	0.0
0.1339033842086792	0.0
0.04452546313405037	0.0
0.21166279911994934	0.0
0.020510097965598106	0.0
0.11017365753650665	0.0
0.058145489543676376	0.0
0.10012607276439667	0.0
0.0033075506798923016	0.0
0.04792797192931175	0.0
0.0020748015958815813	0.0
0.02115156501531601	0.0
0.03480919077992439	0.0
0.06948956102132797	1.0
0.03217228502035141	0.0
0.0018804114079102874	0.0
0.19509369134902954	0.0
0.010810384526848793	0.0
0.08217741549015045	0.0
0.05246662721037865	0.0
0.07252946496009827	0.0
0.027410544455051422	0.0
0.01727854460477829	0.0
0.06278476119041443	0.0
0.011893024668097496	0.0
0.04406289383769035	0.0
0.0031558945775032043	0.0
0.0011850009905174375	0.0
0.03675374016165733	0.0
0.05770762264728546	1.0
0.18991915881633759	0.0
0.03648421913385391	0.0
0.14937825500965118	0.0
0.008026928640902042	0.0
0.018425680696964264	0.0
0.011483579874038696	0.0
0.0014854981563985348	0.0
0.05288846790790558	0.0
0.04064050689339638	0.0
0.0037836707197129726	0.0
0.055386342108249664	0.0
0.006333715748041868	0.0
0.0026883126702159643	0.0
0.07747991383075714	0.0
0.13332898914813995	0.0
0.09177498519420624	0.0
0.009593455120921135	0.0
0.006842176895588636	0.0
0.0072117820382118225	0.0
0.004000985063612461	0.0
0.07866203784942627	0.0
0.00979787390679121	0.0
0.0017147305188700557	0.0
0.0073663764633238316	0.0
0.01312696561217308	0.0
0.01779460348188877	0.0
0.06825490295886993	0.0
0.024591024965047836	0.0
0.211642324924469	0.0
0.21153119206428528	0.0
0.05819007754325867	0.0
0.03642372786998749	0.0
0.09189663827419281	0.0
0.0017164944438263774	0.0
0.07125793397426605	0.0
0.19757939875125885	0.0
0.03585558384656906	0.0
0.0023230896331369877	0.0
0.030754661187529564	0.0
0.11383602768182755	0.0
0.06103724241256714	0.0
0.017665088176727295	0.0
0.0015159747563302517	0.0
0.0243548434227705	0.0
0.01254487968981266	0.0
0.026672370731830597	0.0
0.0067821224220097065	0.0
0.030835021287202835	0.0
0.02641795016825199	0.0
0.05523936077952385	0.0
0.2116885781288147	0.0
0.02332586981356144	0.0
0.009014436975121498	0.0
0.20949585735797882	0.0
0.2116885781288147	0.0
0.02022968791425228	0.0
0.074701689183712	0.0
0.009497467428445816	0.0
0.010082763619720936	0.0
0.0994151309132576	0.0
0.00425564544275403	0.0
0.012105768546462059	0.0
0.02901136875152588	0.0
0.027314508333802223	0.0
0.003428258001804352	0.0
0.021097540855407715	0.0
0.05152392014861107	0.0
0.05681391432881355	0.0
0.03515555337071419	0.0
0.06358378380537033	0.0
0.0653611496090889	0.0
0.07470789551734924	0.0
0.2116885781288147	1.0
0.0557386688888073	1.0
0.07078207284212112	0.0
0.21081668138504028	1.0
0.026805071160197258	0.0
0.04748702421784401	0.0
0.034896258264780045	0.0
0.029149089008569717	0.0
0.004784270189702511	0.0
0.21164846420288086	0.0
0.07074500620365143	0.0
0.19450116157531738	0.0
0.013170777820050716	0.0
0.020218510180711746	0.0
0.040903232991695404	0.0
0.0092706847935915	0.0
0.044245220720767975	0.0
0.0040190392173826694	0.0
0.16520419716835022	0.0
0.18642990291118622	0.0
0.003662973875179887	0.0
0.008393099531531334	0.0
0.007169160060584545	0.0
0.012337291613221169	0.0
0.10059087723493576	0.0
0.2116885781288147	0.0
0.06912900507450104	0.0
0.06078869104385376	0.0
0.01649552956223488	0.0
0.0220828615128994	0.0
0.02004328742623329	0.0
0.01359882764518261	0.0
0.03420214354991913	0.0
0.03798287734389305	0.0
0.004268171265721321	0.0
0.004844632465392351	0.0
0.005081039387732744	0.0
0.013941801153123379	0.0
0.0009991393890231848	0.0
0.008092405274510384	0.0
0.10305307060480118	0.0
0.14169511198997498	0.0
0.007204223424196243	0.0
0.09065300971269608	0.0
0.09623003751039505	0.0
0.1484086513519287	0.0
0.049859669059515	0.0
0.059629347175359726	0.0
0.06131851300597191	0.0
0.063073068857193	0.0
0.18594743311405182	0.0
0.2116885781288147	1.0
0.01604401506483555	0.0
0.21154774725437164	0.0
0.2116885781288147	0.0
0.12291542440652847	0.0
0.00871982891112566	0.0
0.018465453758835793	0.0
0.07913154363632202	0.0
0.020647455006837845	0.0
0.008855725638568401	0.0
0.08435061573982239	0.0
0.001399681088514626	0.0
0.025058573111891747	0.0
0.032634440809488297	0.0
0.033381953835487366	0.0
0.002082568360492587	0.0
0.06595887243747711	0.0
0.01271597109735012	0.0
0.2116885781288147	0.0
0.0015368059976026416	0.0
0.008675497025251389	0.0
0.018754450604319572	0.0
0.002362946281209588	0.0
0.02146926335990429	0.0
0.010741428472101688	0.0
0.05502018332481384	0.0
0.03563013672828674	0.0
0.07302938401699066	0.0
0.12302982062101364	0.0
0.2116885781288147	0.0
0.04473549872636795	0.0
0.0031362874433398247	0.0
0.023283377289772034	0.0
0.014200541190803051	0.0
0.006707474123686552	0.0
0.03734058886766434	0.0
0.03885430097579956	0.0
0.02732977829873562	0.0
0.08966928720474243	0.0
0.007571273948997259	0.0
0.21167659759521484	0.0
0.054483044892549515	0.0
0.18333318829536438	0.0
0.15217909216880798	0.0
0.013185827992856503	0.0
0.08636827766895294	0.0
0.18208004534244537	0.0
0.049702342599630356	0.0
0.09938140958547592	0.0
0.0443895123898983	0.0
0.0077560353092849255	0.0
0.007096670567989349	0.0
0.018758082762360573	0.0
0.2116885781288147	1.0
0.0340898334980011	0.0
0.0046170782297849655	0.0
0.047571729868650436	0.0
0.09214672446250916	0.0
0.07766725867986679	0.0
0.017060576006770134	0.0
0.0256505124270916	0.0
0.0674438327550888	0.0
0.03876274824142456	0.0
0.053762633353471756	0.0
0.11947303265333176	0.0
0.01653192937374115	0.0
0.05576378107070923	0.0
0.04177160561084747	0.0
0.2116885781288147	0.0
0.004216526634991169	0.0
0.21163225173950195	0.0
0.00826739426702261	0.0
0.01473875343799591	0.0
0.025416534394025803	0.0
0.0489477813243866	0.0
0.1680336743593216	0.0
0.0938396230340004	0.0
0.017756521701812744	0.0
0.0401587039232254	0.0
0.08096268028020859	0.0
0.03731595724821091	0.0
0.0762544572353363	0.0
0.04017720744013786	0.0
0.02961105853319168	0.0
0.013064450584352016	0.0
0.006299444008618593	0.0
0.0006724027916789055	0.0
0.019486071541905403	0.0
0.012353913858532906	0.0
0.02324005216360092	0.0
0.014412888325750828	0.0
0.02300368621945381	0.0
0.005944877862930298	0.0
0.2116885781288147	0.0
0.05549328774213791	0.0
0.042545825242996216	0.0
0.029649266973137856	0.0
0.0727764219045639	0.0
0.03431133180856705	0.0
0.16651077568531036	0.0
0.021536443382501602	0.0
0.15038162469863892	0.0
0.0053892070427536964	0.0
0.00046102472697384655	0.0
0.16859589517116547	0.0
0.035303328186273575	0.0
0.08696290850639343	0.0
0.022081008180975914	0.0
0.08349979668855667	1.0
0.04248402267694473	0.0
0.03698742017149925	0.0
0.014589773491024971	0.0
0.09086713194847107	0.0
0.14427703619003296	1.0
0.00791224930435419	0.0
0.035367902368307114	0.0
0.0029000011272728443	0.0
0.0480642169713974	1.0
0.0036898490507155657	0.0
0.02143649198114872	0.0
0.026340404525399208	0.0
0.010818295180797577	0.0
0.023440707474946976	0.0
0.09509434551000595	0.0
0.04770040139555931	0.0
0.019293896853923798	0.0
0.08542477339506149	0.0
0.06730518490076065	0.0
0.04123784974217415	0.0
0.000752231921069324	0.0
0.018815496936440468	0.0
0.05425740033388138	0.0
0.11897148191928864	0.0
0.0038283660542219877	0.0
0.048927292227745056	0.0
0.029017001390457153	0.0
0.08464469015598297	0.0
0.04030923172831535	0.0
0.03418590500950813	0.0
0.019994203001260757	0.0
0.011079278774559498	0.0
0.0221081655472517	0.0
0.006062039639800787	0.0
0.003133028745651245	0.0
0.008299820125102997	0.0
0.09026557952165604	0.0
0.07709813863039017	0.0
0.2116885781288147	0.0
0.05705497786402702	0.0
0.21160021424293518	1.0
0.0016826341161504388	0.0
0.0055643655359745026	0.0
0.022605029866099358	0.0
0.01403726451098919	0.0
0.022950975224375725	0.0
0.00757086556404829	0.0
0.01773579977452755	0.0
0.05264560505747795	0.0
0.07317498326301575	0.0
0.0024350329767912626	0.0
0.2116885781288147	1.0
0.06373872607946396	0.0
0.11688804626464844	0.0
0.007683916483074427	0.0
0.014016457833349705	0.0
0.004388655070215464	0.0
0.09509481489658356	0.0
0.030084524303674698	0.0
0.016194596886634827	0.0
0.1809743195772171	0.0
0.010118660517036915	0.0
0.1914816051721573	1.0
0.2116885781288147	0.0
0.2116885781288147	0.0
0.004928385838866234	0.0
0.002185857156291604	0.0
0.04225928336381912	0.0
0.05764700844883919	0.0
0.09024325013160706	0.0
0.021495895460247993	0.0
0.01727854460477829	0.0
0.05400726944208145	0.0
0.008500930853188038	0.0
0.10601253062486649	0.0
0.0049971058033406734	0.0
0.017283588647842407	0.0
0.05736081302165985	0.0
0.21136505901813507	0.0
0.006509630009531975	0.0
0.0101778544485569	0.0
0.0077481502667069435	0.0
0.2116885781288147	0.0
0.015563338994979858	0.0
0.004663402680307627	0.0
0.014186003245413303	0.0
0.04167559742927551	0.0
0.013709863647818565	0.0
0.004004313610494137	0.0
0.14724022150039673	1.0
0.009620849043130875	0.0
0.006635295692831278	0.0
0.0030415547080338	0.0
0.015385554172098637	0.0
0.0254383347928524	0.0
0.03072628751397133	0.0
0.010634619742631912	0.0
0.05305357649922371	0.0
0.02860458567738533	0.0
0.06919115036725998	0.0
0.011784943751990795	0.0
0.015346212312579155	0.0
0.09986169636249542	0.0
0.0032622492872178555	0.0
0.09595119208097458	0.0
0.0025725082959979773	0.0
0.042637135833501816	0.0
0.01405328419059515	0.0
0.054190199822187424	0.0
0.0626104474067688	0.0
0.04937338829040527	0.0
0.07709973305463791	0.0
0.059036217629909515	0.0
0.002900660503655672	0.0
0.038976408541202545	0.0
0.006936578080058098	0.0
0.04532085731625557	0.0
0.018528345972299576	0.0
0.005578819662332535	0.0
0.006672043353319168	0.0
0.040917232632637024	0.0
0.022400667890906334	0.0
0.043509334325790405	0.0
0.006874889601022005	0.0
0.09056849032640457	0.0
0.2116885781288147	0.0
0.058094821870326996	0.0
0.20691438019275665	0.0
0.005070687271654606	0.0
0.08526632934808731	0.0
0.003996909596025944	0.0
0.018275456503033638	0.0
0.03995335102081299	0.0
0.2116885781288147	1.0
0.029856542125344276	0.0
0.015954965725541115	0.0
0.140992671251297	0.0
0.04587366059422493	0.0
0.028744468465447426	0.0
0.21167317032814026	1.0
0.004173899535089731	0.0
0.006818294990807772	0.0
0.038286756724119186	0.0
0.015046062879264355	0.0
0.02477315068244934	0.0
0.14259123802185059	0.0
0.028362447395920753	0.0
0.008982562460005283	0.0
0.008347051218152046	0.0
0.0021225197706371546	0.0
0.07713129371404648	0.0
0.19310376048088074	0.0
0.002942524617537856	0.0
0.02228543721139431	0.0
0.06532981991767883	0.0
0.0610528439283371	0.0
0.010110091418027878	0.0
0.11449341475963593	0.0
0.10729411244392395	0.0
0.042430806905031204	0.0
0.0596243217587471	0.0
0.023417022079229355	0.0
0.034848473966121674	1.0
0.2116885781288147	1.0
0.019738327711820602	0.0
0.02477492205798626	0.0
0.030730437487363815	0.0
0.03900326415896416	0.0
0.009038715623319149	0.0
0.037067655473947525	0.0
0.14530619978904724	1.0
0.02307281270623207	0.0
0.005173016339540482	0.0
0.046007733792066574	0.0
0.03457612171769142	0.0
0.0133615517988801	0.0
0.04535437375307083	0.0
0.19545753300189972	0.0
0.21164852380752563	0.0
0.030115513131022453	0.0
0.00657839048653841	0.0
0.006590948440134525	0.0
0.04221230372786522	0.0
0.21165408194065094	1.0
0.20338915288448334	1.0
0.03259739652276039	0.0
0.02503262087702751	0.0
0.03874457627534866	0.0
0.01659308560192585	0.0
0.006730520632117987	0.0
0.04405146837234497	0.0
0.05283091217279434	0.0
0.027700288221240044	0.0
0.053035490214824677	0.0
0.021658211946487427	0.0
0.003485094988718629	0.0
0.09219124913215637	0.0
0.0017479837406426668	0.0
0.002624805551022291	0.0
0.17664848268032074	0.0
0.06897586584091187	0.0
0.02865314669907093	0.0
0.05129903182387352	0.0
0.030243143439292908	0.0
0.06877067685127258	0.0
0.001720281783491373	0.0
0.028832966461777687	0.0
0.21007484197616577	1.0
0.007713065017014742	0.0
0.06749997287988663	0.0
0.001947627286426723	0.0
0.0026062065735459328	0.0
0.09339918941259384	0.0
0.21159601211547852	1.0
0.05962810665369034	0.0
0.2116885781288147	0.0
0.0735485851764679	0.0
0.014752935618162155	0.0
0.12624871730804443	0.0
0.008192095905542374	0.0
0.054418254643678665	0.0
0.023253176361322403	0.0
0.014853137545287609	0.0
0.0162018071860075	0.0
0.02600141242146492	0.0
0.0014674677513539791	0.0
0.022214919328689575	0.0
0.02066214568912983	0.0
0.02465350739657879	0.0
0.05228881165385246	0.0
0.07160958647727966	0.0
0.09873434901237488	0.0
0.0174483060836792	0.0
0.034296222031116486	0.0
0.2116885781288147	0.0
0.11088579893112183	0.0
0.035174496471881866	0.0
0.024964652955532074	0.0
0.01943725347518921	0.0
0.022435886785387993	0.0
0.003481377149000764	0.0
0.0058338455855846405	0.0
0.041470251977443695	0.0
0.06248060613870621	0.0
0.04960194602608681	0.0
0.031200725585222244	0.0
0.030499763786792755	0.0
0.0737343281507492	0.0
0.026627184823155403	0.0
0.045245204120874405	0.0
0.07523082196712494	0.0
0.028410471975803375	0.0
0.1435539573431015	0.0
0.0929073616862297	1.0
0.211201474070549	0.0
0.009891319088637829	0.0
0.00827808491885662	0.0
0.0024681754875928164	0.0
0.12752807140350342	0.0
0.07939641922712326	0.0
0.21155168116092682	0.0
0.013865708373486996	0.0
0.19070692360401154	0.0
0.051925547420978546	0.0
0.0015672141453251243	0.0
0.0029153740033507347	0.0
0.018452521413564682	0.0
0.21165314316749573	0.0
0.05608562007546425	0.0
0.06894068419933319	0.0
0.04989403858780861	0.0
0.014912211336195469	0.0
0.10819447040557861	0.0
0.00757606839761138	0.0
0.09602072834968567	0.0
0.04339912161231041	0.0
0.029923269525170326	0.0
0.043434906750917435	0.0
0.2116885781288147	1.0
0.0050121028907597065	0.0
0.014487768523395061	0.0
0.022484906017780304	0.0
0.1656772941350937	0.0
0.021451909095048904	0.0
0.03284350037574768	0.0
0.022881565615534782	0.0
0.19546803832054138	0.0
0.21141697466373444	1.0
0.029809480533003807	0.0
0.0030322386883199215	0.0
0.048928070813417435	0.0
0.01433800719678402	0.0
0.14911256730556488	1.0
0.01654709316790104	0.0
0.001441874192096293	0.0
0.09995490312576294	0.0
0.1561361849308014	0.0
0.04237601161003113	0.0
0.01798299327492714	0.0
0.2116885781288147	0.0
0.045759882777929306	0.0
0.01136541087180376	0.0
0.11960198730230331	0.0
0.003391141537576914	0.0
0.14038679003715515	0.0
0.0721847265958786	0.0
0.010668709874153137	0.0
0.024834418669342995	0.0
0.030306702479720116	0.0
0.010953892953693867	0.0
0.1359977424144745	0.0
0.12193872779607773	0.0
0.03608999773859978	0.0
0.04202229902148247	0.0
0.016079403460025787	0.0
0.0596889853477478	1.0
0.005068460013717413	0.0
0.005162862129509449	0.0
0.07667873054742813	0.0
0.15605385601520538	1.0
0.0027716730255633593	0.0
0.08332829922437668	0.0
0.2116885781288147	0.0
0.013049058616161346	0.0
0.011229302734136581	0.0
0.025977209210395813	0.0
0.04468642920255661	0.0
0.032549839466810226	0.0
0.11193591356277466	0.0
0.009175226092338562	0.0
0.02136232703924179	0.0
0.005264002364128828	0.0
0.018613193184137344	0.0
0.03803575411438942	0.0
0.03010954149067402	0.0
0.0033724685199558735	0.0
0.09104245156049728	0.0
0.0031583255622535944	0.0
0.00925548654049635	0.0
0.04984871670603752	0.0
0.02088228613138199	0.0
0.04536542668938637	0.0
0.010385594330728054	0.0
0.018153740093111992	0.0
0.0518147237598896	0.0
0.1740303784608841	0.0
0.016163773834705353	0.0
0.09147877246141434	0.0
0.03932559862732887	0.0
0.0490996353328228	0.0
0.1820317506790161	0.0
0.12096894532442093	0.0
0.0509139820933342	0.0
0.04617639631032944	0.0
0.007871602661907673	1.0
0.012737558223307133	0.0
0.052775461226701736	0.0
0.041520167142152786	0.0
0.14848670363426208	0.0
0.02826465666294098	0.0
0.0030351330060511827	0.0
0.013681920245289803	0.0
0.047096844762563705	0.0
0.031831804662942886	0.0
0.10698173195123672	0.0
0.057196661829948425	0.0
0.011911765672266483	0.0
0.014991234056651592	0.0
0.012763692997395992	0.0
0.12912054359912872	0.0
0.007783323060721159	0.0
0.010450839065015316	0.0
0.0034538910258561373	0.0
0.06181246414780617	0.0
0.02036011777818203	0.0
0.1465606391429901	0.0
0.07012604922056198	0.0
0.09681068360805511	0.0
0.030320001766085625	0.0
0.17295607924461365	1.0
0.03436273708939552	0.0
0.08339158445596695	0.0
0.17040055990219116	0.0
0.06814907491207123	0.0
0.14377093315124512	0.0
0.2116885781288147	1.0
0.06224433332681656	0.0
0.11015691608190536	0.0
0.03388326242566109	0.0
0.09462131559848785	0.0
0.026716014370322227	0.0
0.07713694125413895	0.0
0.013569353148341179	0.0
0.04331948980689049	0.0
0.19524520635604858	1.0
0.003039837349206209	0.0
0.04608527198433876	0.0
0.017870895564556122	0.0
0.014177503995597363	0.0
0.004540384281426668	0.0
0.0014689924428239465	0.0
0.10840976238250732	0.0
0.05100102722644806	0.0
0.019568510353565216	0.0
0.05200212821364403	0.0
0.0170594472438097	0.0
0.017012974247336388	0.0
0.2116885781288147	0.0
0.00187553814612329	0.0
0.005963134113699198	0.0
0.021157281473279	0.0
0.08858177810907364	0.0
0.018559031188488007	0.0
0.00034889785456471145	0.0
0.0018090292578563094	0.0
0.1763431578874588	0.0
0.17588023841381073	0.0
0.07442419975996017	0.0
0.06846649199724197	0.0
0.04677142947912216	1.0
0.03254492208361626	0.0
0.01771903596818447	0.0
0.17266599833965302	0.0
0.06645357608795166	0.0
0.030891576781868935	0.0
0.0039087142795324326	0.0
0.07821138948202133	0.0
0.10665605217218399	0.0
0.003427774179726839	0.0
0.04793866351246834	0.0
0.06955266743898392	0.0
0.03541306033730507	0.0
0.01943892426788807	0.0
0.005155820865184069	0.0
0.024490496143698692	0.0
0.10482372343540192	0.0
0.04079056531190872	0.0
0.04865674301981926	0.0
0.027763789519667625	0.0
0.1380985677242279	0.0
0.1330031305551529	0.0
0.08066018670797348	0.0
0.018299845978617668	0.0
0.005467137787491083	0.0
0.04466872289776802	0.0
0.01509529072791338	0.0
0.07098786532878876	0.0
0.016124464571475983	0.0
0.0039641372859478	0.0
0.03203046694397926	0.0
0.021365158259868622	0.0
0.08163344860076904	0.0
0.0006192048313096166	0.0
0.03540622070431709	0.0
0.02594507671892643	0.0
0.008372967131435871	0.0
0.005182898137718439	0.0
0.047133829444646835	0.0
0.07266274094581604	0.0
0.151726633310318	1.0
0.03781994432210922	0.0
0.0017797854961827397	0.0
0.03465728834271431	0.0
0.21165117621421814	1.0
0.07219774276018143	0.0
0.09358701854944229	0.0
0.0033492567017674446	0.0
0.01971987448632717	0.0
0.002190519357100129	0.0
0.009963413700461388	0.0
0.007963486947119236	0.0
0.008450011722743511	0.0
0.031147075816988945	0.0
0.010847179219126701	0.0
0.15872514247894287	0.0
0.05266575515270233	0.0
0.04401774704456329	0.0
0.10473418235778809	0.0
0.13626891374588013	1.0
0.001062605413608253	0.0
0.0022755684331059456	0.0
0.05404692143201828	0.0
0.2116885781288147	1.0
0.028524691238999367	0.0
0.0012709812726825476	0.0
0.2116885781288147	0.0
0.004112238995730877	0.0
0.021359724923968315	0.0
0.007287400308996439	0.0
0.045219339430332184	0.0
0.025793908163905144	0.0
0.10429004579782486	0.0
0.014173786155879498	0.0
0.014748507179319859	0.0
0.00960411224514246	0.0
0.07957769930362701	0.0
0.005747550632804632	0.0
0.21167317032814026	0.0
0.07392657548189163	0.0
0.09130284935235977	0.0
0.041641443967819214	0.0
0.0027145540807396173	0.0
0.006924619898200035	0.0
0.03420377895236015	0.0
0.011535460129380226	0.0
0.0028425909113138914	0.0
0.06131976842880249	0.0
0.0037176653277128935	0.0
0.2086903154850006	0.0
0.058768562972545624	0.0
0.06243710592389107	0.0
0.03208794444799423	0.0
0.0032440696377307177	0.0
0.01155904307961464	0.0
0.002661823993548751	0.0
0.08582709729671478	0.0
0.010859275236725807	0.0
0.00961428601294756	0.0
0.037204328924417496	0.0
0.001370618469081819	0.0
0.05161147192120552	0.0
0.017732445150613785	0.0
0.06354575604200363	0.0
0.21030771732330322	0.0
0.01208922453224659	0.0
0.2116885781288147	1.0
0.04856906086206436	0.0
0.009585498832166195	0.0
0.15633168816566467	1.0
0.008193522691726685	0.0
0.20868586003780365	0.0
0.015562972985208035	0.0
0.004289686679840088	0.0
0.012270488776266575	0.0
0.024091986939311028	1.0
0.055373527109622955	0.0
0.013871747069060802	0.0
0.0007991144084371626	0.0
0.05170273780822754	0.0
0.01882442645728588	0.0
0.0011728453682735562	0.0
0.21161572635173798	1.0
0.14141014218330383	1.0
0.14433170855045319	0.0
0.015766169875860214	0.0
0.08537847548723221	0.0
0.05115103721618652	0.0
0.10190562158823013	0.0
0.0034382918383926153	0.0
0.09476667642593384	0.0
0.06865037232637405	0.0
0.027771292254328728	0.0
0.06564610451459885	0.0
0.0012768351007252932	0.0
0.20352301001548767	0.0
0.2116885781288147	0.0
0.05872728303074837	0.0
0.057204052805900574	0.0
0.015484903939068317	0.0
0.009331243112683296	0.0
0.02727491967380047	0.0
0.21168334782123566	1.0
0.041340455412864685	0.0
0.023469628766179085	0.0
0.006759136449545622	0.0
0.18116547167301178	1.0
0.002534933853894472	0.0
0.022226646542549133	0.0
0.005485363304615021	0.0
0.03261084109544754	0.0
0.030496850609779358	1.0
0.2116885781288147	1.0
0.00894904974848032	0.0
0.0419640950858593	0.0
0.06011322885751724	0.0
0.005455880891531706	0.0
0.0379951074719429	0.0
0.0071265483275055885	0.0
0.046533383429050446	0.0
0.027210362255573273	0.0
0.15944474935531616	0.0
0.005615143571048975	0.0
0.08576987683773041	0.0
0.036991581320762634	0.0
0.030766846612095833	0.0
0.07974991947412491	0.0
0.008701753802597523	0.0
0.02574070170521736	0.0
0.00580848241224885	0.0
0.038796983659267426	0.0
0.03458457440137863	1.0
0.08754710853099823	0.0
0.07251163572072983	0.0
0.017818579450249672	0.0
0.19598253071308136	1.0
0.020292045548558235	0.0
0.1783706545829773	0.0
0.05802956968545914	0.0
0.20988117158412933	0.0
0.030985424295067787	0.0
0.09536468237638474	0.0
0.0021184696815907955	0.0
0.0090089226141572	0.0
0.06349160522222519	0.0
0.02236592210829258	0.0
0.03749769553542137	0.0
0.025392424315214157	0.0
0.13557305932044983	1.0
0.01645166240632534	0.0
0.06799911707639694	0.0
0.026075685396790504	0.0
0.05997611582279205	0.0
0.03249884024262428	0.0
0.01765773445367813	0.0
0.015541503205895424	0.0
0.0869033932685852	0.0
0.01112390123307705	0.0
0.2116885781288147	0.0
0.08669404685497284	0.0
0.008025788702070713	0.0
0.013772016391158104	0.0
0.014773028902709484	0.0
0.019874995574355125	0.0
0.2116885781288147	0.0
0.008085595443844795	0.0
0.21085818111896515	0.0
0.09872394800186157	0.0
0.15498004853725433	0.0
0.06725427508354187	0.0
0.01082080602645874	0.0
0.00627304008230567	0.0
0.001975614344701171	0.0
0.018813129514455795	0.0
0.00320994621142745	0.0
0.007554206065833569	0.0
0.013315171003341675	0.0
0.19381918013095856	0.0
0.00600144499912858	0.0
0.035116977989673615	0.0
0.023768121376633644	0.0
0.0165700763463974	0.0
0.0334511399269104	0.0
0.17597176134586334	0.0
0.00267002428881824	0.0
0.0357636958360672	0.0
0.026354482397437096	0.0
0.03683749958872795	0.0
0.2116885781288147	1.0
0.05391192063689232	0.0
0.017920969054102898	0.0
0.1341068148612976	0.0
0.012564019300043583	0.0
0.007058021146804094	0.0
0.09390868246555328	0.0
0.11438647657632828	0.0
0.057093363255262375	0.0
0.006650431081652641	0.0
0.20942158997058868	0.0
0.01279204897582531	0.0
0.14779134094715118	0.0
0.21090053021907806	0.0
0.1608904004096985	0.0
0.0357893705368042	0.0
0.03819999098777771	0.0
0.010630687698721886	0.0
0.06065019592642784	0.0
0.09289372712373734	0.0
0.02325955405831337	0.0
0.01321999728679657	0.0
0.013954523019492626	0.0
0.05146576836705208	0.0
0.2116885781288147	0.0
0.021123120561242104	0.0
0.09346345067024231	0.0
0.2116885781288147	0.0
0.06566004455089569	0.0
0.008681097067892551	0.0
0.06858137995004654	0.0
0.030896440148353577	0.0
0.08941826224327087	1.0
0.2109776735305786	0.0
0.2116885781288147	0.0
0.010303348302841187	0.0
0.006252125836908817	0.0
0.07902073860168457	0.0
0.03572837635874748	0.0
0.011934938840568066	0.0
0.13316267728805542	0.0
0.07548326253890991	0.0
0.01958356611430645	0.0
0.01690642349421978	0.0
0.12550751864910126	0.0
0.010503067634999752	0.0
0.007092270068824291	0.0
0.007339612115174532	0.0
0.21166373789310455	0.0
0.16882705688476562	0.0
0.010652028024196625	0.0
0.01516018807888031	0.0
0.08731789141893387	0.0
0.05476433411240578	0.0
0.008473913185298443	0.0
0.01351930946111679	0.0
0.005412970203906298	0.0
0.014784727245569229	0.0
0.007579758297652006	0.0
0.002810477977618575	0.0
0.07246460020542145	0.0
0.0035057864151895046	0.0
0.00041180624975822866	0.0
0.1446715146303177	0.0
0.21129484474658966	1.0
0.06326676905155182	0.0
0.010772060602903366	0.0
0.011409838683903217	0.0
0.005859516095370054	0.0
0.025287766009569168	0.0
0.025122689083218575	0.0
0.004325396381318569	0.0
0.02387595735490322	0.0
0.012978765182197094	0.0
0.0043121566995978355	0.0
0.2116885781288147	0.0
0.03370671346783638	0.0
0.010575756430625916	0.0
0.02657320536673069	0.0
0.01597408391535282	0.0
0.02755696512758732	0.0
0.014588500373065472	0.0
0.0010816081194207072	0.0
0.031590163707733154	0.0
0.1308349221944809	0.0
0.022033816203475	0.0
0.023884916678071022	0.0
0.002730094362050295	0.0
0.005871870554983616	0.0
0.0019029477844014764	0.0
0.04583396390080452	0.0
0.024557465687394142	0.0
0.07621962577104568	0.0
0.0018102333415299654	0.0
0.09830594062805176	0.0
0.046981748193502426	0.0
0.14883193373680115	1.0
0.04798879474401474	0.0
0.17669779062271118	0.0
0.00108605925925076	0.0
0.21088577806949615	1.0
0.062207967042922974	0.0
0.02063119411468506	0.0
0.03739716857671738	0.0
0.2116885781288147	0.0
0.03408414125442505	0.0
0.0295350793749094	0.0
0.003345786826685071	0.0
0.0009448135388083756	0.0
0.12007521092891693	0.0
0.0011374034220352769	0.0
0.0004472412110771984	0.0
0.0015774319181218743	0.0
0.07230395078659058	0.0
0.029923073947429657	0.0
0.061615873128175735	0.0
0.059260230511426926	0.0
0.0008001998066902161	0.0
0.002002339344471693	0.0
0.01683448627591133	0.0
0.015602091327309608	0.0
0.2116885781288147	1.0
0.20905841886997223	0.0
0.008388473652303219	0.0
0.0035594208166003227	0.0
0.012090311385691166	0.0
0.19973789155483246	1.0
0.14414431154727936	0.0
0.1766948103904724	0.0
0.03499941900372505	0.0
0.11069048941135406	0.0
0.006290868390351534	0.0
0.014629026874899864	0.0
0.04884800687432289	0.0
0.045671846717596054	0.0
0.2008335441350937	0.0
0.02805820293724537	0.0
0.047882284969091415	0.0
0.05986832454800606	0.0
0.163920596241951	0.0
0.0210387222468853	0.0
0.024509873241186142	0.0
0.1018972396850586	0.0
0.00017962146375793964	0.0
0.01911141909658909	0.0
0.16364476084709167	1.0
0.0072378055192530155	0.0
0.1952529102563858	0.0
0.002495132153853774	0.0
0.027738817036151886	0.0
0.0005999305285513401	0.0
0.0016786635387688875	0.0
0.07865357398986816	0.0
0.00838947668671608	0.0
0.18430092930793762	0.0
0.05959756299853325	0.0
0.06801753491163254	0.0
0.02561071515083313	0.0
0.1312486082315445	0.0
0.024418309330940247	0.0
0.00765571091324091	0.0
0.012410522438585758	0.0
0.031227923929691315	0.0
0.01886766590178013	0.0
0.2116885781288147	0.0
0.0730740875005722	0.0
0.0028829514048993587	0.0
0.04086068272590637	0.0
0.2116263508796692	0.0
0.04383832961320877	0.0
0.03384822979569435	0.0
0.20844154059886932	0.0
0.06704128533601761	0.0
0.00699312100186944	0.0
0.07843352854251862	0.0
0.13492582738399506	0.0
0.029325678944587708	0.0
0.05282878875732422	0.0
0.015204534865915775	0.0
0.03295443207025528	0.0
0.03770604357123375	0.0
0.051295388489961624	0.0
0.038684576749801636	0.0
0.012406251393258572	0.0
0.014513486064970493	0.0
0.014739897102117538	0.0
0.025275440886616707	0.0
0.08448319882154465	0.0
0.04407490789890289	0.0
0.011498935520648956	0.0
0.04382903873920441	0.0
0.06043688580393791	0.0
0.061155322939157486	0.0
0.10073339194059372	0.0
0.12684418261051178	0.0
0.027148645371198654	0.0
0.06152566522359848	0.0
0.0055132596753537655	0.0
0.008161002770066261	0.0
0.013980371877551079	0.0
0.0012449714122340083	0.0
0.0338640920817852	0.0
0.014608502388000488	0.0
0.0031011425890028477	0.0
0.0494505874812603	0.0
0.024855339899659157	0.0
0.002688164357095957	0.0
0.11074931919574738	0.0
0.058111656457185745	0.0
0.019115816801786423	0.0
0.10334676504135132	0.0
0.14256516098976135	0.0
0.03344457224011421	1.0
0.030998174101114273	0.0
0.0036493625957518816	0.0
0.11511774361133575	0.0
0.02156296744942665	0.0
0.018666479736566544	0.0
0.032946910709142685	0.0
0.2116885781288147	1.0
0.06579836457967758	0.0
0.0034255515784025192	0.0
0.006158561445772648	0.0
0.012909294106066227	0.0
0.015915529802441597	0.0
0.03384225815534592	0.0
0.00046943852794356644	0.0
0.1406366229057312	0.0
0.01102070976048708	0.0
0.16824711859226227	1.0
0.020830528810620308	0.0
0.07836928963661194	0.0
0.0041586956940591335	0.0
0.019593484699726105	0.0
0.039353370666503906	0.0
0.0236703772097826	0.0
0.0628589615225792	0.0
0.01578749530017376	0.0
0.0141631830483675	0.0
0.03578290715813637	0.0
0.10249768942594528	0.0
0.008723552338778973	0.0
0.008133470080792904	0.0
0.0014704066561535	0.0
0.04208213463425636	0.0
0.1689697504043579	0.0
0.02386176958680153	0.0
0.06400202959775925	0.0
0.05905720219016075	0.0
0.14219889044761658	0.0
0.2116885781288147	0.0
0.1675073355436325	0.0
0.08353891968727112	0.0
0.006751304492354393	0.0
0.09757032245397568	0.0
0.04845067486166954	0.0
0.12398340553045273	0.0
0.03920277953147888	0.0
0.2116885781288147	1.0
0.010989128611981869	0.0
0.06794573366641998	0.0
0.01452004723250866	0.0
0.09412404149770737	0.0
0.0012972911354154348	0.0
0.005031747743487358	0.0
0.03728330507874489	0.0
0.02839723601937294	0.0
0.00964723713696003	0.0
0.047063931822776794	1.0
0.04506601393222809	0.0
0.04666643589735031	0.0
0.10808183252811432	0.0
0.2116885781288147	1.0
0.04711005836725235	0.0
0.0017217538552358747	0.0
0.12150775641202927	0.0
0.21056389808654785	0.0
0.03184015303850174	0.0
0.053520046174526215	0.0
0.18875011801719666	0.0
0.008187715895473957	0.0
0.2116885781288147	1.0
0.09058570116758347	0.0
0.014734281226992607	0.0
0.01198760699480772	0.0
0.0765409767627716	0.0
0.01436158549040556	0.0
0.004967764485627413	0.0
0.004723080433905125	0.0
0.02245854213833809	0.0
0.002171857748180628	0.0
0.05179716646671295	0.0
0.011693664826452732	0.0
0.06107595935463905	0.0
0.023277437314391136	0.0
0.099571593105793	0.0
0.0056930663995444775	0.0
0.011595279909670353	0.0
0.08844747394323349	0.0
0.006200496107339859	0.0
0.009097013622522354	0.0
0.022862276062369347	0.0
0.019489334896206856	0.0
0.07409469783306122	0.0
0.030458159744739532	0.0
0.04005975276231766	0.0
0.006276013795286417	0.0
0.0008296603336930275	0.0
0.0007425556541420519	0.0
0.015697931870818138	0.0
0.17356158792972565	0.0
0.004137327894568443	0.0
0.2093926966190338	0.0
0.009484834969043732	0.0
0.05055121332406998	0.0
0.060119081288576126	0.0
0.03451789543032646	0.0
0.027146553620696068	0.0
0.02534022554755211	0.0
0.08993537724018097	1.0
0.020424604415893555	0.0
0.028633764013648033	0.0
0.10455501824617386	0.0
0.013091394677758217	0.0
0.07764489948749542	0.0
0.04863472282886505	0.0
0.02030860260128975	0.0
0.06716097891330719	0.0
0.044021811336278915	0.0
0.021024681627750397	0.0
0.0010678768157958984	0.0
0.0100812753662467	0.0
0.020523427054286003	0.0
0.007490723859518766	0.0
0.005604500882327557	0.0
0.024575237184762955	0.0
0.03969067707657814	0.0
0.017119359225034714	0.0
0.02376890741288662	0.0
0.2116885781288147	0.0
0.14692895114421844	0.0
0.06974108517169952	0.0
0.05474044382572174	0.0
0.1057235598564148	0.0
0.004590539261698723	0.0
0.05873457342386246	0.0
0.022228749468922615	0.0
0.010214394889771938	0.0
0.010356181301176548	0.0
0.18591569364070892	0.0
0.16867183148860931	0.0
0.18493498861789703	0.0
0.05819864943623543	0.0
0.11132854968309402	0.0
0.0088652940467	0.0
0.2116885781288147	0.0
0.007936705835163593	0.0
0.02034243382513523	0.0
0.07186642289161682	0.0
0.0032020770013332367	0.0
0.12477657198905945	0.0
0.014770189300179482	0.0
0.18828266859054565	0.0
0.2116885781288147	1.0
0.004358550067991018	0.0
0.21103565394878387	1.0
0.014409276656806469	0.0
0.0007123156683519483	0.0
0.04383441433310509	0.0
0.022599678486585617	0.0
0.024133380502462387	0.0
0.008804273791611195	0.0
0.042321160435676575	0.0
0.1119479089975357	0.0
0.018852798268198967	0.0
0.013593250885605812	0.0
0.158797487616539	0.0
0.014939835295081139	0.0
0.08719518780708313	0.0
0.10288520157337189	0.0
0.17346450686454773	0.0
0.004167415667325258	0.0
0.18914730846881866	0.0
0.050709255039691925	0.0
0.2116885781288147	0.0
0.008851633407175541	0.0
0.015085545368492603	0.0
0.2107023000717163	0.0
0.007520998828113079	0.0
0.02528879977762699	0.0
0.02258438989520073	0.0
0.0008586240001022816	0.0
0.005152285099029541	0.0
0.008900339715182781	0.0
0.036845553666353226	0.0
0.04739340767264366	0.0
0.0048096817918121815	0.0
0.16952836513519287	1.0
0.07952146977186203	0.0
0.0010729265632107854	0.0
0.03969358652830124	0.0
0.1094764769077301	0.0
0.0074549182318151	0.0
0.12701135873794556	1.0
0.2116885781288147	0.0
0.06416144967079163	0.0
0.030027909204363823	1.0
0.09595146030187607	0.0
0.0005100220441818237	0.0
0.04469316825270653	0.0
0.016260184347629547	0.0
0.02181851863861084	0.0
0.022864097729325294	0.0
0.051103174686431885	0.0
0.2116885781288147	0.0
0.2116885781288147	0.0
0.002586971502751112	0.0
0.030208658427000046	0.0
0.05277198180556297	0.0
0.00044075309415347874	0.0
0.03543441742658615	0.0
0.012012132443487644	0.0
0.013249757699668407	0.0
0.1587948501110077	0.0
0.007059823255985975	0.0
0.04698283597826958	0.0
0.022130433470010757	0.0
0.013515221886336803	0.0
0.00486321747303009	0.0
0.0064439186826348305	0.0
0.16762618720531464	0.0
0.08402346819639206	0.0
0.054794445633888245	0.0
0.09615404158830643	0.0
0.12355422228574753	0.0
0.04013492539525032	0.0
0.19756978750228882	0.0
0.01097862422466278	0.0
0.055762700736522675	0.0
0.016122763976454735	0.0
0.0583728551864624	0.0
0.0332728736102581	0.0
0.020708490163087845	0.0
0.008061118423938751	0.0
0.057545777410268784	0.0
0.052276622503995895	0.0
0.007427511271089315	0.0
0.1610778123140335	0.0
0.08010316640138626	0.0
0.02281138487160206	0.0
0.04773794487118721	0.0
0.011430779471993446	0.0
0.02849293127655983	0.0
0.0236812774091959	0.0
0.09579894691705704	0.0
0.06167850270867348	0.0
0.03782656043767929	0.0
0.11056689918041229	0.0
0.05088945850729942	0.0
0.04685196280479431	0.0
0.002780832350254059	0.0
0.01746407337486744	0.0
0.08661084622144699	0.0
0.20730896294116974	1.0
0.001403094851411879	0.0
0.12809763848781586	0.0
0.029212649911642075	0.0
0.004069716203957796	0.0
0.050354134291410446	0.0
0.0999794453382492	0.0
0.040077727288007736	0.0
0.08264298737049103	1.0
0.014093284495174885	0.0
0.004031340125948191	0.0
0.16829217970371246	0.0
0.02406938374042511	0.0
0.0024005018640309572	0.0
0.21159328520298004	0.0
0.03460276499390602	0.0
0.09884075820446014	0.0
0.12713192403316498	0.0
0.058202777057886124	0.0
0.11328079551458359	1.0
0.13967518508434296	0.0
0.02871192991733551	0.0
0.12588201463222504	0.0
0.005091127939522266	0.0
0.012784295715391636	0.0
0.14423087239265442	0.0
0.2108718901872635	0.0
0.06050802394747734	0.0
0.033998019993305206	0.0
0.1464357078075409	0.0
0.019787434488534927	0.0
0.012791513465344906	0.0
0.004013031255453825	0.0
0.04511163383722305	0.0
0.17685657739639282	0.0
0.0928293913602829	0.0
0.02021893486380577	0.0
0.07892380654811859	0.0
0.010134706273674965	0.0
0.06190262362360954	1.0
0.006161030847579241	0.0
0.0033383790869265795	0.0
0.11563535779714584	0.0
0.20738357305526733	1.0
0.21158693730831146	0.0
0.05843660235404968	0.0
0.06782858818769455	0.0
0.020901178941130638	0.0
0.006070788484066725	0.0
0.06408096104860306	0.0
0.008610417135059834	0.0
0.006426019594073296	0.0
0.0016842529876157641	1.0
0.2116885781288147	0.0
0.05729763209819794	0.0
0.02987068146467209	0.0
0.0144465621560812	0.0
0.005461760796606541	0.0
0.04944346472620964	0.0
0.2116885781288147	1.0
0.007554230280220509	0.0
0.09097220003604889	0.0
0.03078889288008213	0.0
0.021278798580169678	0.0
0.002555546350777149	0.0
0.010174458846449852	0.0
0.0115436352789402	0.0
0.006249483209103346	0.0
0.0484468899667263	0.0
0.048389263451099396	0.0
0.07416535168886185	0.0
0.024141715839505196	0.0
0.049454670399427414	0.0
0.022772764787077904	0.0
0.024199355393648148	0.0
0.0013293649535626173	0.0
0.039184145629405975	0.0
0.001532685593701899	0.0
0.0015249280259013176	0.0
0.031425680965185165	0.0
0.06363406032323837	0.0
0.1962270736694336	1.0
0.055052053183317184	0.0
0.08429083973169327	0.0
0.04057604819536209	0.0
0.05998392030596733	0.0
0.010019822046160698	0.0
0.013277042657136917	0.0
0.007411529775708914	0.0
0.011012968607246876	0.0
0.014105075970292091	0.0
0.00790015421807766	0.0
0.01524844765663147	0.0
0.019765423610806465	0.0
0.037553541362285614	0.0
0.12900441884994507	0.0
0.033974576741456985	0.0
0.1980212926864624	0.0
0.016223741695284843	0.0
0.0109174195677042	0.0
0.05373392626643181	0.0
0.03487011790275574	0.0
0.0942186564207077	0.0
0.2116885781288147	0.0
0.07068627327680588	0.0
0.1070745587348938	0.0
0.009498804807662964	0.0
0.028068723157048225	0.0
0.05539729818701744	0.0
0.0038574645295739174	0.0
0.0004977792268618941	0.0
0.037933193147182465	0.0
0.21164390444755554	0.0
0.05420561134815216	0.0
0.05719580873847008	0.0
0.006194607820361853	0.0
0.06159447878599167	0.0
0.006650707684457302	0.0
0.049390267580747604	0.0
0.1317548006772995	0.0
0.00657621631398797	0.0
0.0707826316356659	0.0
0.0022231265902519226	0.0
0.02128259278833866	0.0
0.2116885781288147	1.0
0.03512018918991089	0.0
0.06898397952318192	0.0
0.1889094114303589	1.0
0.006004782859236002	0.0
0.01807861402630806	0.0
0.1345958709716797	0.0
0.03032391518354416	0.0
0.03221762925386429	0.0
0.009732192382216454	0.0
0.07883445918560028	0.0
0.17049920558929443	0.0
0.03932875394821167	0.0
0.042370352894067764	0.0
0.0013897204771637917	0.0
0.2116885781288147	0.0
0.01828600838780403	0.0
0.044852662831544876	0.0
0.01782398670911789	0.0
0.07423440366983414	0.0
0.06441256403923035	0.0
0.07879257947206497	0.0
0.010419892147183418	0.0
0.007737954147160053	0.0
0.06665308773517609	0.0
0.08158974349498749	1.0
0.0015203137882053852	0.0
0.03964207321405411	0.0
0.01168372854590416	0.0
0.03408340364694595	0.0
0.02409222349524498	0.0
0.14326047897338867	0.0
0.003922642674297094	0.0
0.003443674650043249	0.0
0.016685862094163895	0.0
0.10190178453922272	0.0
0.01762940175831318	0.0
0.009429989382624626	0.0
0.057200729846954346	0.0
0.050383009016513824	0.0
0.07926922291517258	0.0
0.08736946433782578	0.0
0.08915064483880997	0.0
0.0007383591728284955	0.0
0.005738231353461742	0.0
0.07777363806962967	0.0
0.04313710704445839	0.0
0.016675397753715515	0.0
0.03060726448893547	0.0
0.11537906527519226	0.0
0.07469958066940308	0.0
0.13695909082889557	0.0
0.07692615687847137	0.0
0.011608983390033245	0.0
0.007517870515584946	0.0
0.00477918516844511	0.0
0.05066654831171036	0.0
0.02181033045053482	0.0
0.009141556918621063	0.0
0.0017885835841298103	0.0
0.019111383706331253	0.0
0.21051718294620514	0.0
0.2116885781288147	0.0
0.03587352856993675	1.0
0.05302385985851288	0.0
0.01755659654736519	0.0
0.053015779703855515	0.0
0.02518908493220806	0.0
0.08587553352117538	1.0
0.002049603033810854	0.0
0.18775705993175507	1.0
0.03745325282216072	0.0
0.11586885154247284	0.0
0.0028044264763593674	0.0
0.0259401835501194	0.0
0.04960577189922333	0.0
0.18463541567325592	0.0
0.21162065863609314	0.0
0.0070748478174209595	0.0
0.011472614482045174	0.0
0.13112454116344452	1.0
0.2116885781288147	0.0
0.018316471949219704	0.0
0.1125626266002655	1.0
0.032609567046165466	0.0
0.13681574165821075	1.0
0.03164428845047951	0.0
0.13470253348350525	0.0
0.051673706620931625	0.0
0.016397662460803986	0.0
0.02353573963046074	0.0
0.13853277266025543	0.0
0.022203849628567696	0.0
0.04882264882326126	0.0
0.024423250928521156	0.0
0.005751213990151882	0.0
0.04151035100221634	0.0
0.0007490544230677187	0.0
0.1101531833410263	0.0
0.0010708316694945097	0.0
0.023978056386113167	0.0
0.04843928664922714	0.0
0.011509506031870842	0.0
0.05473257601261139	0.0
0.014048699289560318	0.0
0.11041098833084106	0.0
0.19316869974136353	0.0
0.014565342105925083	0.0
0.006645779591053724	0.0
0.00638514943420887	0.0
0.008982774801552296	0.0
0.0664534866809845	0.0
0.023047903552651405	0.0
0.051829367876052856	0.0
0.08440978080034256	0.0
0.006854669190943241	0.0
0.060899484902620316	0.0
0.031950611621141434	0.0
0.08275649696588516	0.0
0.05690258368849754	0.0
0.2116885781288147	1.0
0.08239831775426865	0.0
0.0027686527464538813	0.0
0.06089005991816521	0.0
0.1224813163280487	0.0
0.0010146681452170014	0.0
0.050640955567359924	0.0
0.015730036422610283	0.0
0.211311936378479	0.0
0.009948345832526684	0.0
0.07518485188484192	0.0
0.12678445875644684	1.0
0.05110940709710121	0.0
0.06826852262020111	0.0
0.05760226026177406	0.0
0.005806409288197756	0.0
0.02904290333390236	0.0
0.03708817809820175	0.0
0.06350766867399216	0.0
0.18002194166183472	0.0
0.06002320721745491	0.0
0.058014921844005585	0.0
0.03418264165520668	0.0
0.005715830717235804	0.0
0.09613560140132904	0.0
0.16177025437355042	0.0
0.045790981501340866	0.0
0.0010498280171304941	0.0
0.01344769261777401	0.0
0.0061301556415855885	0.0
0.014093762263655663	0.0
0.008744723163545132	0.0
0.0052763931453228	0.0
0.003771717194467783	0.0
0.0016374228289350867	0.0
0.0036866003647446632	0.0
0.2116885781288147	1.0
0.011718257330358028	0.0
0.061709269881248474	0.0
0.007927583530545235	0.0
0.03780514374375343	0.0
0.024868715554475784	0.0
0.037705473601818085	0.0
0.008814261294901371	0.0
0.004465440753847361	0.0
0.028673404827713966	0.0
0.03657149150967598	0.0
0.003637460293248296	0.0
0.21007394790649414	0.0
0.013707567937672138	0.0
0.011866419576108456	0.0
0.014623438939452171	0.0
0.056634269654750824	0.0
0.04915902391076088	0.0
0.21099568903446198	1.0
0.01283400971442461	0.0
0.03904970735311508	0.0
0.05783764272928238	0.0
0.002798723755404353	0.0
0.07169363647699356	0.0
0.008751565590500832	0.0
0.2116885781288147	1.0
0.016874007880687714	0.0
0.15004849433898926	0.0
0.009590256959199905	0.0
0.06467916816473007	0.0
0.0074499910697340965	0.0
0.09237828105688095	0.0
0.0139039671048522	0.0
0.09879300743341446	0.0
0.00962548516690731	0.0
0.0664079487323761	0.0
0.053758732974529266	0.0
0.1710284948348999	0.0
0.0994340032339096	1.0
0.009651894681155682	0.0
0.07494208961725235	0.0
0.015798456966876984	0.0
0.017350386828184128	0.0
0.20991137623786926	1.0
0.01409237738698721	0.0
0.008599446155130863	0.0
0.023733370006084442	1.0
0.021412856876850128	0.0
0.2116376757621765	0.0
0.2116885781288147	0.0
0.043219808489084244	0.0
0.19569312036037445	1.0
0.14619912207126617	0.0
0.04675697907805443	0.0
0.21052289009094238	1.0
0.020761586725711823	0.0
0.06059392914175987	0.0
0.012332526966929436	0.0
0.011773564852774143	0.0
0.01673118956387043	0.0
0.02518554963171482	1.0
0.10828861594200134	0.0
0.0996444970369339	0.0
0.20198877155780792	0.0
0.05754094570875168	0.0
0.01622079685330391	0.0
0.0025343578308820724	0.0
0.17431923747062683	0.0
0.02134084515273571	0.0
0.21091575920581818	0.0
0.005445094779133797	0.0
0.009577230550348759	0.0
0.014597639441490173	0.0
0.08217382431030273	0.0
0.12130895256996155	1.0
0.00022658488887827843	0.0
0.10074616223573685	1.0
0.021118832752108574	0.0
0.05859887972474098	0.0
0.004560826346278191	0.0
0.1401791274547577	0.0
0.04808659106492996	0.0
0.0032361631747335196	0.0
0.04978986829519272	0.0
0.04468473792076111	0.0
0.025642409920692444	0.0
0.022899748757481575	0.0
0.024415627121925354	0.0
0.020636415109038353	0.0
0.0026386643294245005	0.0
0.012504110112786293	0.0
0.028307948261499405	0.0
0.016104741021990776	0.0
0.07419068366289139	0.0
0.004326407331973314	0.0
0.21061845123767853	0.0
0.19522371888160706	0.0
0.2089603990316391	0.0
0.02575816586613655	0.0
0.0010209135944023728	0.0
0.028389304876327515	0.0
0.018999844789505005	0.0
0.030408469960093498	0.0
0.01403146330267191	0.0
0.016847101971507072	0.0
0.006692232098430395	0.0
0.009510183706879616	0.0
0.06267176568508148	0.0
0.02747289463877678	0.0
0.013680537231266499	0.0
0.018795209005475044	0.0
0.013434648513793945	0.0
0.04623742774128914	0.0
0.06300926953554153	0.0
0.09983701258897781	1.0
0.03967643156647682	0.0
0.06444061547517776	0.0
0.0007990077720023692	0.0
0.002887819893658161	0.0
0.0015099849551916122	0.0
0.0036703129298985004	0.0
0.007934344932436943	0.0
0.022400042042136192	0.0
0.07586564868688583	0.0
0.18924708664417267	0.0
0.0455290712416172	0.0
0.004690934903919697	0.0
0.011797700077295303	0.0
0.01679479517042637	0.0
0.015039373189210892	0.0
0.10306958109140396	0.0
0.027657361701130867	0.0
0.0034955416340380907	0.0
0.021879440173506737	0.0
0.07324452698230743	0.0
0.02291622944176197	0.0
0.006266038399189711	0.0
0.07310418039560318	0.0
0.11562477797269821	1.0
0.07673530280590057	0.0
0.016477113589644432	0.0
0.006597761530429125	0.0
0.018918108195066452	0.0
0.011853181757032871	0.0
0.023824967443943024	0.0
0.0046471585519611835	0.0
0.05091958865523338	0.0
0.02498500794172287	0.0
0.020090825855731964	0.0
0.037725478410720825	0.0
0.017006970942020416	0.0
0.02288178913295269	0.0
0.00914409663528204	0.0
0.06630239635705948	0.0
0.027195081114768982	0.0
0.2116885781288147	0.0
0.01498261746019125	0.0
0.05902615189552307	0.0
0.027399908751249313	0.0
0.07110761851072311	0.0
0.16452725231647491	0.0
0.2116885781288147	0.0
0.009826074354350567	0.0
0.05409638211131096	0.0
0.017285356298089027	0.0
0.013283888809382915	0.0
0.17580148577690125	0.0
0.005188964772969484	0.0
0.007499041501432657	0.0
0.16381049156188965	1.0
0.031093137338757515	0.0
0.07362311333417892	0.0
0.010387363843619823	0.0
0.04210054874420166	0.0
0.03909575194120407	0.0
0.11226850003004074	0.0
0.00340823270380497	0.0
0.05549498647451401	0.0
0.008723202161490917	0.0
0.14905956387519836	0.0
0.06119043007493019	0.0
0.019554702565073967	0.0
0.09068675339221954	0.0
0.08626025915145874	0.0
0.18388313055038452	0.0
0.03767908364534378	0.0
0.2116885781288147	1.0
0.009406709112226963	0.0
0.21156975626945496	1.0
0.023609580472111702	0.0
0.18431973457336426	0.0
0.10749608278274536	0.0
0.10108039528131485	0.0
0.00741415424272418	0.0
0.02876295894384384	0.0
0.004789008758962154	0.0
0.013525663875043392	0.0
0.014227058738470078	0.0
0.007782708387821913	0.0
0.005831677932292223	0.0
0.01145454403012991	0.0
0.11565075069665909	0.0
0.046721477061510086	0.0
0.0034613225143402815	0.0
0.00729258032515645	0.0
0.06967036426067352	0.0
0.0103581128641963	0.0
0.03272100165486336	0.0
0.04478451982140541	0.0
0.016360266134142876	0.0
0.0024008683394640684	0.0
0.12798187136650085	0.0
0.009216207079589367	0.0
0.008707328699529171	0.0
0.006512144114822149	1.0
0.17870935797691345	0.0
0.0016320467693731189	0.0
0.13988082110881805	0.0
0.02725835144519806	0.0
0.10493537038564682	1.0
0.005688489880412817	0.0
0.15375490486621857	0.0
0.011237231083214283	0.0
0.11263588815927505	0.0
0.017836930230259895	0.0
0.13830190896987915	1.0
0.13751861453056335	0.0
0.062301188707351685	0.0
0.01176227442920208	0.0
0.05992954596877098	1.0
0.0059744794853031635	0.0
0.010446432046592236	0.0
0.013820039108395576	0.0
0.0045268046669662	0.0
0.027018370106816292	0.0
0.00530880456790328	0.0
0.0033910302445292473	0.0
0.20955702662467957	0.0
0.07156243175268173	0.0
0.06003781035542488	0.0
0.21155697107315063	0.0
0.003504349384456873	0.0
0.01657254807651043	0.0
0.040559858083724976	0.0
0.19227740168571472	0.0
0.08679210394620895	0.0
0.21167172491550446	0.0
0.07053488492965698	1.0
0.10756324231624603	1.0
0.03813564404845238	0.0
0.002021579071879387	0.0
0.021133149042725563	0.0
0.049938563257455826	0.0
0.04752335697412491	0.0
0.021564828231930733	0.0
0.0033813349436968565	0.0
0.07956643402576447	0.0
0.005769002251327038	0.0
0.13667435944080353	0.0
0.03165976330637932	0.0
0.07026951014995575	0.0
0.011918474920094013	0.0
0.008770589716732502	0.0
0.00876244343817234	0.0
0.13140574097633362	0.0
0.027623578906059265	0.0
0.04183202609419823	0.0
0.0006759620155207813	0.0
0.0010672203497961164	0.0
0.0036010323092341423	0.0
0.02273963950574398	0.0
0.09766237437725067	0.0
0.009826880879700184	0.0
0.027078697457909584	0.0
0.20974721014499664	0.0
0.02785603702068329	0.0
0.0018331654137000442	0.0
0.011141959577798843	0.0
0.10023681074380875	0.0
0.08624347299337387	0.0
0.16761170327663422	0.0
0.0345633439719677	0.0
0.1465534269809723	0.0
0.0023300391621887684	0.0
0.009753446094691753	0.0
0.059516094624996185	0.0
0.09912549704313278	0.0
0.07127354294061661	1.0
0.2116885781288147	1.0
0.11355678737163544	0.0
0.038984090089797974	0.0
0.008247381076216698	0.0
0.21077853441238403	0.0
0.20899279415607452	0.0
0.00462708855047822	0.0
0.006795745342969894	0.0
0.0674402043223381	0.0
0.028745893388986588	0.0
0.0014120633713901043	0.0
0.01597629487514496	0.0
0.19945985078811646	0.0
0.0010871539125218987	0.0
0.013603939674794674	0.0
0.14734956622123718	0.0
0.1312454789876938	0.0
0.027601953595876694	0.0
0.03151265159249306	0.0
0.01268056407570839	0.0
0.04262972250580788	0.0
0.03928077220916748	0.0
0.024235878139734268	0.0
0.06426756829023361	0.0
0.2116885781288147	0.0
0.005979811307042837	0.0
0.18090225756168365	1.0
0.20916655659675598	0.0
0.05719122290611267	0.0
0.04401383548974991	0.0
0.00993218831717968	0.0
0.03541003167629242	0.0
0.01489123422652483	0.0
0.043370891362428665	0.0
0.01148263830691576	0.0
0.01324315182864666	0.0
0.029214758425951004	0.0
0.01789826527237892	0.0
0.017661653459072113	0.0
0.003954049199819565	0.0
0.05139562860131264	0.0
0.1308775395154953	0.0
0.03047764301300049	0.0
0.02254544571042061	0.0
0.004264251794666052	0.0
0.05644265189766884	0.0
0.001173603581264615	0.0
0.004220438655465841	0.0
0.01797415316104889	0.0
0.07332874834537506	0.0
0.004751335829496384	0.0
0.0021517814602702856	0.0
0.04267222434282303	0.0
0.15272444486618042	0.0
0.014308769255876541	0.0
0.001594069297425449	0.0
0.001632681698538363	0.0
0.000753354630433023	0.0
0.009095895104110241	0.0
0.047053974121809006	0.0
0.08279426395893097	0.0
0.007087782025337219	0.0
0.004448761697858572	0.0
0.00845825020223856	0.0
0.0015088811051100492	0.0
0.07216484844684601	0.0
0.13097238540649414	0.0
0.11648473143577576	0.0
0.08190006017684937	0.0
0.08310457319021225	0.0
0.0018781144171953201	0.0
0.06252539902925491	0.0
0.0318523570895195	0.0
0.01237987820059061	0.0
0.12996245920658112	0.0
0.028177758678793907	0.0
0.01704804226756096	0.0
0.03273579478263855	0.0
0.01693953573703766	0.0
0.0004751689557451755	0.0
0.08895186334848404	0.0
0.12899766862392426	0.0
0.04174133017659187	0.0
0.008525293320417404	0.0
0.04414839670062065	0.0
0.010451456531882286	0.0
0.0523575060069561	0.0
0.20967741310596466	1.0
0.002079680794849992	0.0
0.012752121314406395	0.0
0.017581816762685776	0.0
0.15564805269241333	1.0
0.09822633862495422	0.0
0.10634040832519531	0.0
0.12535040080547333	0.0
0.08092273771762848	0.0
0.1813705563545227	1.0
0.13474132120609283	0.0
0.009577249176800251	0.0
0.0187912005931139	0.0
0.05349757522344589	0.0
0.06331148743629456	0.0
0.011242017149925232	0.0
0.01142056193202734	0.0
0.004346833098679781	0.0
0.13624393939971924	0.0
0.2116885781288147	0.0
0.07783707231283188	0.0
0.008178841322660446	0.0
0.03653186187148094	0.0
0.21133892238140106	0.0
0.058430831879377365	0.0
0.01282808929681778	0.0
0.0012903460301458836	0.0
0.023369481787085533	0.0
0.03097538836300373	0.0
0.02591235190629959	0.0
0.10341323912143707	0.0
0.11872754245996475	0.0
0.032910846173763275	0.0
0.1360003799200058	0.0
0.08827157318592072	0.0
0.03150061517953873	0.0
0.031146667897701263	0.0
0.005132087040692568	0.0
0.09763019531965256	1.0
0.01567721925675869	0.0
0.005106269847601652	0.0
0.041459258645772934	0.0
0.008913645520806313	0.0
0.02641395293176174	0.0
0.010498762130737305	0.0
0.021131128072738647	0.0
0.001030421699397266	0.0
0.20493358373641968	0.0
0.0845198705792427	0.0
0.007145873736590147	0.0
0.01138902548700571	0.0
0.2116885781288147	1.0
0.003607409307733178	0.0
0.002480190247297287	0.0
0.06982825696468353	0.0
0.014932832680642605	0.0
0.00792945921421051	0.0
0.019744325429201126	0.0
0.011858007870614529	0.0
0.04257615655660629	0.0
0.006287234835326672	0.0
0.04132239520549774	0.0
0.00563545199111104	0.0
0.11798451095819473	0.0
0.034134525805711746	0.0
0.04887824505567551	0.0
0.1157522201538086	0.0
0.01487727090716362	0.0
0.003479710314422846	0.0
0.05387737229466438	0.0
0.06230735033750534	0.0
0.08179769665002823	0.0
0.026676740497350693	0.0
0.10818490386009216	0.0
0.015326546505093575	0.0
0.017202826216816902	0.0
0.0016397263389080763	0.0
0.11905476450920105	0.0
0.13602200150489807	0.0
0.04580909013748169	0.0
0.015172446146607399	0.0
0.08058474212884903	0.0
0.0007694190717302263	0.0
0.010384338907897472	0.0
0.06263367831707001	0.0
0.2116885781288147	0.0
0.029896443709731102	0.0
0.03892017900943756	0.0
0.0012546362122520804	0.0
0.011493626050651073	0.0
0.07739544659852982	0.0
0.11165161430835724	1.0
0.0046927896328270435	0.0
0.006137676537036896	0.0
0.03455089032649994	0.0
0.2116885781288147	1.0
0.004237677901983261	0.0
0.007221176289021969	0.0
0.014366662129759789	0.0
0.21061022579669952	0.0
0.020030226558446884	0.0
0.016329916194081306	0.0
0.021079380065202713	0.0
0.07742921262979507	0.0
0.02082028053700924	0.0
0.004888385068625212	0.0
0.02558017335832119	0.0
0.027729032561182976	0.0
0.18964414298534393	0.0
0.024491237476468086	0.0
0.06667733192443848	0.0
0.003891235450282693	0.0
0.01558770053088665	0.0
0.2116885781288147	0.0
0.026497697457671165	0.0
0.00377733469940722	0.0
0.2116885781288147	1.0
0.1074286699295044	0.0
0.002045372501015663	0.0
0.00377067644149065	0.0
0.04443138837814331	0.0
0.006287288852035999	0.0
0.04573848471045494	0.0
0.2116885781288147	0.0
0.028618421405553818	0.0
0.007672958076000214	0.0
0.02359258010983467	0.0
0.023635877296328545	0.0
0.01085274200886488	0.0
0.20509929955005646	0.0
0.06726805120706558	1.0
0.2116885781288147	0.0
0.014782179147005081	0.0
0.0843951478600502	0.0
0.049813900142908096	0.0
0.05359428748488426	0.0
0.01183047704398632	0.0
0.2116885781288147	1.0
0.21153618395328522	0.0
0.000488288642372936	0.0
0.01320062205195427	0.0
0.009460004046559334	0.0
0.023025333881378174	0.0
0.004821363836526871	0.0
0.023970434442162514	0.0
0.0023627192713320255	0.0
0.005901158321648836	0.0
0.004986450541764498	0.0
0.053309787064790726	0.0
0.0095737399533391	0.0
0.0172763429582119	0.0
0.011905179359018803	0.0
0.03959111124277115	0.0
0.054389405995607376	0.0
0.06188913807272911	0.0
0.01779301092028618	0.0
0.03657510504126549	0.0
0.008640226908028126	0.0
0.06118810176849365	0.0
0.004744492471218109	0.0
0.0015674858586862683	0.0
0.21108628809452057	1.0
0.02062900736927986	0.0
0.13582545518875122	0.0
0.004004132933914661	0.0
0.1549636572599411	0.0
0.10569228231906891	0.0
0.06712568551301956	0.0
0.06340815126895905	0.0
0.0032596769742667675	0.0
0.08023045212030411	0.0
0.004992646165192127	0.0
0.01935536414384842	0.0
0.09619366377592087	0.0
0.001926255994476378	0.0
0.00128756498452276	0.0
0.04503865912556648	0.0
0.0054647838696837425	0.0
0.0031243241392076015	0.0
0.2116885781288147	1.0
0.2116885781288147	0.0
0.020488286390900612	0.0
0.11962185800075531	0.0
0.042717866599559784	0.0
0.02283424697816372	0.0
0.04129663482308388	0.0
0.025189906358718872	0.0
0.0029986437875777483	0.0
0.026424990966916084	0.0
0.027951806783676147	0.0
0.048823218792676926	0.0
0.043299026787281036	0.0
0.2116885781288147	0.0
0.06471668183803558	0.0
0.0053622121922671795	0.0
0.10079628229141235	0.0
0.03975209966301918	0.0
0.0022976375184953213	0.0
0.05994977429509163	0.0
0.025186637416481972	0.0
0.008945361711084843	0.0
0.005497483070939779	0.0
0.09616868942975998	0.0
0.037169091403484344	0.0
0.03145798295736313	0.0
0.05878620967268944	0.0
0.0053886063396930695	0.0
0.1938137263059616	0.0
0.10482233017683029	0.0
0.009945959784090519	0.0
0.04569022357463837	0.0
0.018380312249064445	0.0
0.02138635516166687	0.0
0.2116885781288147	0.0
0.02174859121441841	0.0
0.030564185231924057	0.0
0.0063324132934212685	0.0
0.024585742503404617	0.0
0.036075104027986526	0.0
0.12187911570072174	0.0
0.018875831738114357	0.0
0.04525858163833618	0.0
0.03322893753647804	0.0
0.0018535658018663526	0.0
0.15690629184246063	1.0
0.06560967117547989	0.0
0.1034604012966156	0.0
0.0059080468490719795	0.0
0.2116885781288147	1.0
0.012810535728931427	0.0
0.006068904418498278	0.0
0.02325822226703167	0.0
0.02089085802435875	0.0
0.21109861135482788	0.0
0.032678138464689255	0.0
0.10334906727075577	0.0
0.02344459481537342	0.0
0.06628581136465073	0.0
0.02754579856991768	0.0
0.14100782573223114	0.0
0.05708766728639603	1.0
0.006502794101834297	0.0
0.03598682954907417	0.0
0.21155919134616852	0.0
0.007400352042168379	0.0
0.06074324995279312	0.0
0.045866694301366806	0.0
0.000777802022639662	0.0
0.0768042802810669	0.0
0.001539559685625136	0.0
0.014485017396509647	0.0
0.06628763675689697	0.0
0.004275681916624308	0.0
0.032662149518728256	0.0
0.2116885781288147	1.0
0.03463873267173767	0.0
0.1851617991924286	0.0
0.00697742123156786	0.0
0.00678612245246768	0.0
0.0023631362710148096	0.0
0.01631111465394497	0.0
0.05202749744057655	0.0
0.035226110368967056	1.0
0.0007881025085225701	0.0
0.05215673893690109	0.0
0.02722267061471939	0.0
0.07998232543468475	0.0
0.016507185995578766	0.0
0.2109728455543518	0.0
0.02694934979081154	0.0
0.017543615773320198	0.0
0.029626404866576195	0.0
0.03954381123185158	0.0
0.0029046419076621532	0.0
0.0066832429729402065	0.0
0.021526487544178963	0.0
0.043564144521951675	0.0
0.007081600371748209	0.0
0.04207487031817436	0.0
0.09257631748914719	0.0
0.02657167799770832	0.0
0.05792795121669769	0.0
0.06244676560163498	0.0
0.21147581934928894	1.0
0.1844979077577591	0.0
0.0030568763613700867	0.0
0.004134700167924166	0.0
0.003556579351425171	0.0
0.001629526144824922	0.0
0.20474284887313843	0.0
0.08409935235977173	0.0
0.014482791535556316	0.0
0.09542753547430038	0.0
0.013980699703097343	0.0
0.07602675259113312	0.0
0.13471883535385132	0.0
0.001580301788635552	0.0
0.019789312034845352	0.0
0.04864807054400444	0.0
0.01337089017033577	0.0
0.20478373765945435	1.0
0.01473172102123499	0.0
0.01278715394437313	0.0
0.00287271523848176	0.0
0.006389949470758438	0.0
0.0747007355093956	0.0
0.017525650560855865	0.0
0.004392080008983612	0.0
0.002096226904541254	0.0
0.017034390941262245	0.0
0.008194410242140293	0.0
0.004985892679542303	0.0
0.0035878599155694246	0.0
0.004606070462614298	0.0
0.008866923861205578	0.0
0.07374144345521927	0.0
0.15770955383777618	0.0
0.0012978813610970974	0.0
0.03197778761386871	0.0
0.052374158054590225	0.0
0.0016248092288151383	0.0
0.11271678656339645	0.0
0.009587598033249378	0.0
0.0241035595536232	0.0
0.005064650438725948	0.0
0.2072921246290207	0.0
0.03966905549168587	0.0
0.03956259787082672	0.0
0.0061129555106163025	0.0
0.016318894922733307	0.0
0.0016935394378378987	0.0
0.024075500667095184	0.0
0.14402960240840912	0.0
0.012941318564116955	0.0
0.00372212752699852	0.0
0.0996510237455368	0.0
0.01030066516250372	0.0
0.03886488080024719	0.0
0.015356052666902542	0.0
0.006152109242975712	0.0
0.0074042691849172115	0.0
0.03631116822361946	0.0
0.2116885781288147	1.0
0.12923499941825867	0.0
0.00474516162648797	0.0
0.0025004143826663494	0.0
0.03789764270186424	0.0
0.2116885781288147	0.0
0.02232430689036846	0.0
0.003827302251011133	0.0
0.018327852711081505	0.0
0.021229717880487442	0.0
0.039537739008665085	0.0
0.2096860259771347	0.0
0.017123419791460037	0.0
0.20795610547065735	0.0
0.014966235496103764	0.0
0.028701268136501312	0.0
0.030403120443224907	0.0
0.2116885781288147	0.0
0.023878823965787888	0.0
0.01575668714940548	0.0
0.051756687462329865	0.0
0.06192640960216522	0.0
0.009323409758508205	0.0
0.033486925065517426	0.0
0.007320373319089413	0.0
0.008199216797947884	0.0
0.026571601629257202	0.0
0.024859407916665077	0.0
0.0326959602534771	0.0
0.04857831448316574	0.0
0.017436765134334564	0.0
0.016696756705641747	0.0
0.011562333442270756	0.0
0.0018467155750840902	0.0
0.058629199862480164	0.0
0.02428782358765602	0.0
0.0038860654458403587	0.0
0.1657567173242569	1.0
0.01023572962731123	0.0
0.0007255240343511105	0.0
0.2116885781288147	1.0
0.01671244390308857	0.0
0.09867692738771439	0.0
0.03645811975002289	0.0
0.2094697505235672	0.0
0.011086391285061836	0.0
0.006804076489061117	0.0
0.06484655290842056	0.0
0.000564113084692508	0.0
0.19611814618110657	0.0
0.07146041095256805	0.0
0.016443079337477684	0.0
0.0026730059180408716	0.0
0.09474729001522064	0.0
0.027108674868941307	0.0
0.20137980580329895	0.0
0.15944038331508636	0.0
0.00390024296939373	0.0
0.06931915134191513	0.0
0.1296335905790329	0.0
0.0972747877240181	0.0
0.15009912848472595	0.0
0.02505451813340187	0.0
0.06065187230706215	0.0
0.021844271570444107	0.0
0.09346502274274826	0.0
0.016592765226960182	0.0
0.09244409948587418	0.0
0.03308623656630516	0.0
0.18451650440692902	0.0
0.0027670615818351507	0.0
0.0014218803262338042	0.0
0.0043006232008337975	0.0
0.006285537499934435	0.0
0.17686963081359863	0.0
0.002954073017463088	0.0
0.04869938641786575	1.0
0.05061652138829231	0.0
0.025655504316091537	0.0
0.004310897551476955	0.0
0.1549263596534729	0.0
0.14851155877113342	0.0
0.08748432248830795	0.0
0.02838638424873352	0.0
0.0034069339744746685	0.0
0.024490656331181526	0.0
0.003478055587038398	0.0
0.18616899847984314	0.0
0.15543633699417114	0.0
0.08025024831295013	0.0
0.2116885781288147	0.0
0.11840610206127167	0.0
0.16795073449611664	1.0
0.11937824636697769	0.0
0.004802319686859846	0.0
0.061078328639268875	0.0
0.06439381837844849	0.0
0.0025168375577777624	0.0
0.06970822811126709	0.0
0.12091055512428284	0.0
0.038206420838832855	0.0
0.017815357074141502	0.0
0.009305796585977077	0.0
0.021517379209399223	0.0
0.044377245008945465	1.0
0.08073603361845016	0.0
0.02123425528407097	0.0
0.002164138713851571	0.0
0.01316497940570116	0.0
0.024415500462055206	0.0
0.0024711675941944122	0.0
0.020462704822421074	0.0
0.004054846242070198	0.0
0.02523890696465969	0.0
0.018099330365657806	0.0
0.004736568778753281	0.0
0.006652137264609337	0.0
0.005729075986891985	0.0
0.023051293566823006	0.0
0.01252808514982462	0.0
0.010637640953063965	0.0
0.02370023913681507	0.0
0.1898137480020523	0.0
0.010640999302268028	0.0
0.04049044847488403	0.0
0.052131861448287964	0.0
0.02937147207558155	0.0
0.01731102727353573	0.0
0.005720091983675957	0.0
0.012091121636331081	0.0
0.050198446959257126	0.0
0.044907767325639725	0.0
0.017241718247532845	0.0
0.01746632158756256	0.0
0.009248706512153149	0.0
0.03738486394286156	0.0
0.012322849594056606	0.0
0.029702788218855858	0.0
0.0004948897403664887	0.0
0.015651853755116463	0.0
0.014543462544679642	0.0
0.11859406530857086	0.0
0.024364102631807327	0.0
0.04657332971692085	0.0
0.022763429209589958	0.0
0.08074276149272919	0.0
0.02523067034780979	0.0
0.03341742232441902	0.0
0.1566968858242035	0.0
0.03125007450580597	0.0
0.0230511873960495	0.0
0.08131764084100723	0.0
0.1693112701177597	0.0
0.04468657076358795	0.0
0.020736202597618103	0.0
0.006442401558160782	0.0
0.005294822622090578	0.0
0.05953574925661087	0.0
0.1840718388557434	0.0
0.047072965651750565	0.0
0.17592506110668182	0.0
0.06175787001848221	0.0
0.14001713693141937	0.0
0.2095291018486023	0.0
0.010035613551735878	0.0
0.015381437726318836	0.0
0.2116885781288147	1.0
0.017047954723238945	0.0
0.0690394937992096	0.0
0.20450587570667267	1.0
0.0025834240950644016	0.0
0.027309605851769447	0.0
0.1210121363401413	0.0
0.031982675194740295	0.0
0.017349939793348312	0.0
0.007840394973754883	0.0
0.003965293522924185	0.0
0.0012940580490976572	0.0
0.04466363415122032	0.0
0.1163930743932724	0.0
0.01615755632519722	0.0
0.04264886677265167	0.0
0.18346965312957764	0.0
0.19258461892604828	1.0
0.06001439690589905	0.0
0.06219061091542244	0.0
0.005334590561687946	0.0
0.14843249320983887	0.0
0.00735636567696929	0.0
0.052670061588287354	0.0
0.05764520540833473	1.0
0.09522521495819092	0.0
0.015475042164325714	0.0
0.11054135859012604	0.0
0.012513539753854275	0.0
0.0078920628875494	0.0
0.06293471902608871	0.0
0.12382867187261581	0.0
0.07043936103582382	0.0
0.024455754086375237	0.0
0.034475382417440414	0.0
0.17477728426456451	0.0
0.016000915318727493	0.0
0.04336355999112129	0.0
0.001298490329645574	0.0
0.02394864521920681	0.0
0.026865504682064056	0.0
0.012491564266383648	0.0
0.0019145673140883446	0.0
0.02011260949075222	0.0
0.03638438135385513	0.0
0.004176812246441841	0.0
0.14189152419567108	0.0
0.011609245091676712	0.0
0.06993988901376724	0.0
0.14287987351417542	0.0
0.001277667237445712	0.0
0.009533771313726902	0.0
0.01939629763364792	0.0
0.09282112121582031	0.0
0.006448081228882074	0.0
0.04696262255311012	1.0
0.004175413865596056	0.0
0.03993506357073784	0.0
0.009898625314235687	0.0
0.03508586809039116	1.0
0.019398564472794533	0.0
0.006487744394689798	0.0
0.0044245366007089615	0.0
0.21149927377700806	0.0
0.015493367798626423	0.0
0.04045006260275841	0.0
0.04502527043223381	0.0
0.16751728951931	0.0
0.025895148515701294	0.0
0.2116885781288147	1.0
0.006606931332498789	0.0
0.08405698835849762	0.0
0.04576307162642479	0.0
0.10654966533184052	0.0
0.025049161165952682	0.0
0.0032693117391318083	0.0
0.054859310388565063	0.0
0.04448460415005684	0.0
0.08710544556379318	0.0
0.08750315010547638	0.0
0.21119347214698792	1.0
0.10409457981586456	0.0
0.0019086110405623913	0.0
0.09584168344736099	1.0
0.009581062011420727	0.0
0.03308248519897461	0.0
0.008387255482375622	0.0
0.020200371742248535	0.0
0.01281543355435133	0.0
0.016357149928808212	0.0
0.130356565117836	1.0
0.008516994304955006	0.0
0.054903458803892136	0.0
0.0229297187179327	0.0
0.0801275223493576	0.0
0.05031084269285202	0.0
0.05208655074238777	0.0
0.05480652675032616	0.0
0.2116885781288147	1.0
0.0475337840616703	0.0
0.0028607749845832586	0.0
0.004860537126660347	0.0
0.02490425296127796	0.0
0.026726605370640755	0.0
0.06344931572675705	0.0
0.0012880027061328292	0.0
0.03138758987188339	1.0
0.08427564054727554	0.0
0.1620345264673233	0.0
0.015678970143198967	0.0
0.0025168387219309807	0.0
0.05109267681837082	0.0
0.017413383349776268	0.0
0.024260878562927246	0.0
0.08222858607769012	0.0
0.02124745026230812	0.0
0.12527960538864136	0.0
0.07893753796815872	0.0
0.021239884197711945	0.0
0.03116431087255478	0.0
0.05334692820906639	0.0
0.011265318840742111	0.0
0.02418997697532177	1.0
0.008785164915025234	0.0
0.016188330948352814	0.0
0.2116885781288147	1.0
0.005595679860562086	0.0
0.0675327256321907	0.0
0.07543589174747467	0.0
0.010449660941958427	0.0
0.004033722914755344	0.0
0.015250611118972301	0.0
0.024013757705688477	0.0
0.2116885781288147	0.0
0.015801748260855675	0.0
0.05147955194115639	0.0
0.17322565615177155	1.0
0.0164817962795496	1.0
0.1516677439212799	0.0
0.02643992379307747	0.0
0.08422509580850601	0.0
0.02162134274840355	0.0
0.2116885781288147	1.0
0.21167822182178497	0.0
0.011062072589993477	0.0
0.01979471556842327	0.0
0.006674002856016159	0.0
0.030705546960234642	0.0
0.0070712510496377945	0.0
0.035816896706819534	0.0
0.21165937185287476	0.0
0.010097496211528778	0.0
0.020380565896630287	0.0
0.10609335452318192	0.0
0.036407459527254105	1.0
0.004502701573073864	0.0
0.0030537245329469442	0.0
0.011328157968819141	0.0
0.021301114931702614	0.0
0.0010549246799200773	0.0
0.0007028342224657536	0.0
0.0466390959918499	0.0
0.0007146730204112828	0.0
0.01064923033118248	0.0
0.15500564873218536	0.0
0.07669099420309067	0.0
0.03386666253209114	0.0
0.011346046812832355	0.0
0.018929412588477135	0.0
0.18959517776966095	0.0
0.2116674780845642	0.0
0.041532617062330246	0.0
0.04398150369524956	0.0
0.06743042916059494	0.0
0.006327503826469183	0.0
0.009610346518456936	0.0
0.0006527533987537026	0.0
0.010558750480413437	0.0
0.03225460276007652	0.0
0.037335772067308426	0.0
0.016995327547192574	0.0
0.050796519964933395	0.0
0.015417587012052536	0.0
0.005135348066687584	0.0
0.16789987683296204	0.0
0.01297701708972454	0.0
0.03460973873734474	0.0
0.018866244703531265	0.0
0.005543328355997801	0.0
0.001866085804067552	0.0
0.009434934705495834	0.0
0.017521103844046593	0.0
0.02458243817090988	0.0
0.21168392896652222	0.0
0.04411861672997475	0.0
0.01777879148721695	0.0
0.012077060528099537	0.0
0.0006245938711799681	0.0
0.02331363968551159	0.0
0.007177628576755524	0.0
0.03206784650683403	0.0
0.14168138802051544	0.0
0.0018730832962319255	0.0
0.03284868225455284	0.0
0.04379727318882942	0.0
0.03258368745446205	0.0
0.10835501551628113	0.0
0.0047196815721690655	0.0
0.0004173853958491236	0.0
0.20909398794174194	0.0
0.015655873343348503	0.0
0.06688368320465088	1.0
0.12254266440868378	0.0
0.01515822485089302	0.0
0.08152236044406891	0.0
0.12533925473690033	0.0
0.2116885781288147	0.0
0.0038103321567177773	0.0
0.011800035834312439	0.0
0.008387009613215923	0.0
0.14713342487812042	0.0
0.03943244367837906	0.0
0.015672143548727036	0.0
0.04013228043913841	0.0
0.06076373904943466	0.0
0.016485972329974174	0.0
0.017941046506166458	0.0
0.013797128573060036	0.0
0.02325046807527542	0.0
0.0819944366812706	0.0
0.04780825600028038	0.0
0.005780950654298067	0.0
0.0796455517411232	0.0
0.007520301733165979	0.0
0.003992405254393816	0.0
0.002906526206061244	0.0
0.035602595657110214	0.0
0.03471681848168373	0.0
0.037105441093444824	0.0
0.009742009453475475	0.0
0.05302678421139717	0.0
0.019695434719324112	0.0
0.1583508551120758	0.0
0.0015188775723800063	0.0
0.028374604880809784	0.0
0.0049689034931361675	0.0
0.0002755222376435995	0.0
0.06610331684350967	0.0
0.14390996098518372	0.0
0.045789774507284164	0.0
0.0014160998398438096	0.0
0.0035155119840055704	0.0
0.01913265325129032	0.0
0.0031736663077026606	0.0
0.01712878979742527	0.0
0.027303779497742653	0.0
0.14567093551158905	0.0
0.09366169571876526	0.0
0.010105734691023827	0.0
0.009468220174312592	0.0
0.0629122257232666	0.0
0.008314001373946667	0.0
0.03482436388731003	0.0
0.02446780353784561	0.0
0.012451072223484516	0.0
0.03416894003748894	0.0
0.02958848513662815	0.0
0.2049938589334488	0.0
0.003203313099220395	0.0
0.15954892337322235	0.0
0.06537657976150513	0.0
0.020061811432242393	0.0
0.0012166047235950828	0.0
0.06095290556550026	0.0
0.022528965026140213	0.0
0.028054160997271538	0.0
0.0455474779009819	0.0
0.0064659458585083485	0.0
0.013044379651546478	0.0
0.0022687367163598537	0.0
0.1870412528514862	0.0
0.04006774723529816	0.0
0.01346603874117136	0.0
0.07050769776105881	0.0
0.01220052782446146	0.0
0.17609728872776031	0.0
0.003706309013068676	0.0
0.008325469680130482	0.0
0.012612531892955303	0.0
0.04542075842618942	0.0
0.0010130965383723378	0.0
0.014534457586705685	0.0
0.1566319316625595	0.0
0.002455455018207431	0.0
0.0018282526871189475	0.0
0.10691007226705551	0.0
0.019285868853330612	0.0
0.04119526222348213	0.0
0.06748358905315399	0.0
0.15549081563949585	0.0
0.025045692920684814	0.0
0.014372936449944973	0.0
0.14221926033496857	0.0
0.056898705661296844	0.0
0.006634905934333801	0.0
0.06743985414505005	0.0
0.01952793449163437	0.0
0.048561569303274155	0.0
0.010450538247823715	0.0
0.0230410099029541	0.0
0.059979397803545	0.0
0.10898377001285553	0.0
0.010331940837204456	0.0
0.056017786264419556	0.0
0.0107442457228899	0.0
0.008968392387032509	0.0
0.04364287480711937	0.0
0.07870654761791229	0.0
0.21158336102962494	1.0
0.029473023489117622	0.0
0.08851438760757446	0.0
0.04891788586974144	0.0
0.0663108229637146	0.0
0.005276448559015989	0.0
0.05390128493309021	0.0
0.08006294816732407	0.0
0.005557654425501823	0.0
0.04238110035657883	0.0
0.05498918890953064	0.0
0.061008937656879425	0.0
0.027596808969974518	0.0
0.005286108236759901	0.0
0.04878074675798416	0.0
0.04460950568318367	0.0
0.028662193566560745	0.0
0.010930773802101612	0.0
0.12528282403945923	1.0
0.09075166285037994	0.0
0.023670542985200882	0.0
0.0010560769587755203	0.0
0.08378012478351593	0.0
0.007120858877897263	0.0
0.10779967904090881	0.0
0.010405495762825012	0.0
0.21086500585079193	0.0
0.01575336791574955	0.0
0.17946980893611908	1.0
0.011394143104553223	0.0
0.009263972751796246	0.0
0.054729778319597244	0.0
0.027039067819714546	0.0
0.06773006170988083	0.0
0.00759023567661643	0.0
0.004925426095724106	0.0
0.006448087282478809	0.0
0.000810559606179595	0.0
0.07726336270570755	0.0
0.1857171505689621	0.0
0.09534931927919388	0.0
0.0023622887674719095	0.0
0.020241249352693558	0.0
0.011731397360563278	0.0
0.21153800189495087	1.0
0.1356625258922577	1.0
0.06869484484195709	0.0
0.043298568576574326	0.0
0.11581755429506302	0.0
0.03058038279414177	0.0
0.007918731309473515	0.0
0.022796113044023514	0.0
0.1273641139268875	0.0
0.10139469057321548	0.0
0.2063118815422058	0.0
0.2028692215681076	1.0
0.04781459644436836	0.0
0.03390664607286453	1.0
0.19942793250083923	0.0
0.009297845885157585	0.0
0.0906519666314125	0.0
0.011642251163721085	0.0
0.014820734970271587	0.0
0.11061178147792816	0.0
0.031624022871255875	0.0
0.017818838357925415	0.0
0.2116885781288147	0.0
0.09907451272010803	0.0
0.02159351110458374	0.0
0.19870725274085999	0.0
0.08857496827840805	0.0
0.04084343463182449	0.0
0.026062937453389168	0.0
0.2116885781288147	0.0
0.06664101779460907	0.0
0.01644367165863514	0.0
0.0715845450758934	0.0
0.07491468638181686	0.0
0.004058070946484804	0.0
0.008631588891148567	0.0
0.018530720844864845	0.0
0.059338830411434174	0.0
0.024466848000884056	1.0
0.0015048023778945208	0.0
0.03128330782055855	0.0
0.014305601827800274	0.0
0.2116885781288147	1.0
0.07851693034172058	0.0
0.0700826346874237	0.0
0.05952712893486023	0.0
0.004673612769693136	0.0
0.035434018820524216	0.0
0.14759103953838348	0.0
0.209571972489357	1.0
0.09497034549713135	0.0
0.06391032785177231	0.0
0.2116885781288147	0.0
0.0007872547139413655	0.0
0.005719954613596201	0.0
0.02322152815759182	0.0
0.21112270653247833	0.0
0.19862520694732666	0.0
0.0024267188273370266	0.0
0.00817127525806427	0.0
0.06502705067396164	0.0
0.08747545629739761	0.0
0.0032379725016653538	0.0
0.07426106184720993	1.0
0.055747754871845245	0.0
0.049525439739227295	0.0
0.0028835777193307877	0.0
0.03461206704378128	1.0
0.05155769735574722	0.0
0.02310500480234623	0.0
0.2116885781288147	0.0
0.06368577480316162	0.0
0.004022594541311264	0.0
0.13508017361164093	0.0
0.0998367965221405	0.0
0.05023779347538948	0.0
0.051802199333906174	0.0
0.06963405013084412	0.0
0.004357089754194021	0.0
0.014404192566871643	0.0
0.012548771686851978	0.0
0.01943749003112316	0.0
0.014766469597816467	0.0
0.17959178984165192	1.0
0.012190600857138634	0.0
0.08591295778751373	0.0
0.009402604773640633	0.0
0.2116885781288147	0.0
0.06610648334026337	1.0
0.06341186165809631	0.0
0.2116648405790329	0.0
0.1253604143857956	0.0
0.004938350524753332	0.0
0.012976065278053284	0.0
0.044025976210832596	0.0
0.012719672173261642	0.0
0.049000613391399384	0.0
0.04847017675638199	0.0
0.034811507910490036	0.0
0.18332917988300323	0.0
0.20643994212150574	0.0
0.004245034419000149	0.0
0.1647670716047287	0.0
0.15148025751113892	0.0
0.054860446602106094	0.0
0.07002271711826324	0.0
0.20706860721111298	0.0
0.14469380676746368	0.0
0.049080315977334976	1.0
0.0037308535538613796	0.0
0.06198050454258919	0.0
0.046739351004362106	0.0
0.029300566762685776	0.0
0.005426137708127499	0.0
0.011626854538917542	0.0
0.2116885781288147	0.0
0.003301431890577078	0.0
0.012590543366968632	0.0
0.06865498423576355	0.0
0.060597676783800125	0.0
0.01066055428236723	0.0
0.0015281157102435827	0.0
0.014127871952950954	0.0
0.0041764844208955765	0.0
0.06258893013000488	0.0
0.12437917292118073	0.0
0.005035157781094313	0.0
0.004732928704470396	0.0
0.011005019769072533	0.0
0.008359062485396862	0.0
0.0014019889058545232	0.0
0.057228151708841324	0.0
0.0556219220161438	0.0
0.054221536964178085	0.0
0.06421561539173126	0.0
0.014901652932167053	0.0
0.1773606687784195	0.0
0.06303656101226807	0.0
0.011361360549926758	0.0
0.018334273248910904	0.0
0.025907397270202637	0.0
0.057230446487665176	0.0
0.039997950196266174	0.0
0.2116885781288147	0.0
0.0120090302079916	0.0
0.015959961339831352	0.0
0.0018809473840519786	0.0
0.016911622136831284	0.0
0.0701436996459961	0.0
0.0379590280354023	0.0
0.017883628606796265	0.0
0.007870597764849663	0.0
0.08272172510623932	1.0
0.18089744448661804	0.0
0.006370288785547018	0.0
0.1952212005853653	1.0
0.0022369641810655594	0.0
0.02815099060535431	0.0
0.2100648283958435	0.0
0.04307716712355614	0.0
0.08435206860303879	0.0
0.007663412485271692	0.0
0.005941522307693958	0.0
0.003935367800295353	0.0
0.11460608243942261	0.0
0.001768004847690463	0.0
0.015391630120575428	0.0
0.2116885781288147	0.0
0.033753298223018646	0.0
0.05653190240263939	0.0
0.031757984310388565	0.0
0.13787207007408142	0.0
0.1330731213092804	0.0
0.052988067269325256	0.0
0.013700561597943306	1.0
0.10395238548517227	0.0
0.1099395826458931	0.0
0.0029285510536283255	0.0
0.03661005198955536	0.0
0.024193095043301582	0.0
0.050305258482694626	0.0
0.2014203816652298	0.0
0.025799624621868134	0.0
0.06259626150131226	0.0
0.19086888432502747	0.0
0.08594853430986404	1.0
0.03264689818024635	0.0
0.018219059333205223	0.0
0.007780366111546755	0.0
0.04875435307621956	0.0
0.01521841436624527	0.0
0.011469844728708267	0.0
0.21068882942199707	0.0
0.08382654935121536	0.0
0.037084031850099564	0.0
0.11374275386333466	0.0
0.004107143264263868	0.0
0.02491472102701664	0.0
0.04062861204147339	0.0
0.04560768976807594	0.0
0.04314880073070526	0.0
0.10494174063205719	0.0
0.01657363586127758	0.0
0.2082359939813614	0.0
0.025348341092467308	0.0
0.011391635052859783	0.0
0.0015326373977586627	0.0
0.07262098789215088	0.0
0.00035461733932606876	0.0
0.06687423586845398	1.0
0.03617808222770691	0.0
0.029530787840485573	0.0
0.11999599635601044	0.0
0.03595825284719467	0.0
0.0007523043313995004	0.0
0.17995737493038177	0.0
0.06177057325839996	0.0
0.08978652209043503	0.0
0.2079763114452362	0.0
0.06385386735200882	0.0
0.01220939215272665	0.0
0.2116885781288147	0.0
0.08229707926511765	0.0
0.0032834666781127453	0.0
0.004530205391347408	0.0
0.2116885781288147	0.0
0.026006601750850677	0.0
0.19434332847595215	1.0
0.03075406327843666	0.0
0.11987914144992828	0.0
0.013518246822059155	0.0
0.0209797490388155	0.0
0.08142643421888351	0.0
0.016813188791275024	0.0
0.01319834403693676	0.0
0.048497654497623444	0.0
0.09187915176153183	0.0
0.010136520490050316	0.0
0.1384686380624771	0.0
0.001494334894232452	0.0
0.06425520032644272	0.0
0.024182762950658798	0.0
0.09317054599523544	1.0
0.013571172952651978	0.0
0.2116885781288147	0.0
0.08708318322896957	0.0
0.09168605506420135	0.0
0.021036913618445396	0.0
0.0016621580580249429	0.0
0.05419782176613808	0.0
0.09849082678556442	0.0
0.007366382982581854	0.0
0.004590315278619528	0.0
0.032137054949998856	0.0
0.10336169600486755	0.0
0.004683422390371561	0.0
0.003073981264606118	0.0
0.025275452062487602	0.0
0.0039926269091665745	0.0
0.030343072488904	0.0
0.016826830804347992	0.0
0.009433598257601261	0.0
0.0074123963713645935	0.0
0.02450050227344036	0.0
0.082603819668293	0.0
0.012335896492004395	0.0
0.1693221628665924	1.0
0.012117183767259121	0.0
0.04371565207839012	0.0
0.09735719859600067	0.0
0.01522860024124384	0.0
0.0324791744351387	0.0
0.020490737631917	0.0
0.21168804168701172	0.0
0.060308344662189484	0.0
0.05451307073235512	0.0
0.08403870463371277	0.0
0.007519849576056004	0.0
0.06418278813362122	0.0
0.14446718990802765	0.0
0.055324070155620575	0.0
0.025542868301272392	0.0
0.015075523406267166	0.0
0.045508384704589844	0.0
0.006066623609513044	0.0
0.17222657799720764	0.0
0.07216224819421768	0.0
0.09941600263118744	0.0
0.008707777597010136	0.0
0.14305339753627777	0.0
0.011822046712040901	0.0
0.11721646040678024	0.0
0.024013321846723557	0.0
0.01651870831847191	0.0
0.0341871976852417	0.0
0.028660515323281288	0.0
0.03738090768456459	0.0
0.2116885781288147	0.0
0.14775094389915466	0.0
0.0008146697655320168	0.0
0.009714346379041672	0.0
0.007180997170507908	0.0
0.11090514808893204	0.0
0.13453547656536102	0.0
0.011264135129749775	0.0
0.029315922409296036	0.0
0.04283230006694794	0.0
0.05130429565906525	0.0
0.021497823297977448	0.0
0.20919033885002136	1.0
0.0012087090872228146	0.0
0.2116885781288147	1.0
0.01053258404135704	0.0
0.01699133776128292	0.0
0.018644236028194427	0.0
0.014584777876734734	0.0
0.06382694095373154	1.0
0.014811094850301743	0.0
0.027582187205553055	0.0
0.2116885781288147	0.0
0.005053762812167406	0.0
0.002633202588185668	0.0
0.03735630214214325	0.0
0.1817285716533661	1.0
0.03509606048464775	0.0
0.012189538218080997	0.0
0.07297967374324799	0.0
0.06889375299215317	0.0
0.011140636168420315	1.0
0.017068687826395035	0.0
0.02110113576054573	0.0
0.10296354442834854	0.0
0.018524738028645515	0.0
0.2116885781288147	1.0
0.006501987110823393	0.0
0.05251327157020569	0.0
0.1489942967891693	0.0
0.005423531401902437	0.0
0.0009361142292618752	0.0
0.10439138859510422	0.0
0.0005526875029318035	0.0
0.005736947059631348	0.0
0.026648152619600296	0.0
0.062172092497348785	0.0
0.02542554773390293	0.0
0.17570556700229645	0.0
0.03897155448794365	0.0
0.012539020739495754	0.0
0.00048398307990282774	0.0
0.026792172342538834	0.0
0.12165340781211853	0.0
0.011652780696749687	0.0
0.027068888768553734	0.0
0.006914648227393627	0.0
0.1597171574831009	0.0
0.01340984646230936	0.0
0.021452220156788826	0.0
0.05598856881260872	0.0
0.15571005642414093	0.0
0.0035733345430344343	0.0
0.052609995007514954	0.0
0.010512927547097206	0.0
0.09204712510108948	0.0
0.042570628225803375	0.0
0.03270609676837921	0.0
0.0004185368597973138	0.0
0.2116885781288147	0.0
0.036610525101423264	0.0
0.2116885781288147	1.0
0.011351889930665493	0.0
0.0020815220195800066	0.0
0.0337655246257782	0.0
0.09950908273458481	0.0
0.005862169433385134	0.0
0.03564359247684479	0.0
0.006360236555337906	0.0
0.20310218632221222	0.0
0.008061922155320644	0.0
0.023650934919714928	0.0
0.00961785577237606	0.0
0.060474175959825516	0.0
0.009000927209854126	0.0
0.04073357954621315	0.0
0.004452894441783428	0.0
0.0062680933624506	0.0
0.1144530177116394	0.0
0.09125307202339172	0.0
0.2116885781288147	0.0
0.02982942759990692	0.0
0.0016329569043591619	0.0
0.10650553554296494	0.0
0.005321030970662832	0.0
0.005181929096579552	0.0
0.0014715084107592702	0.0
0.05557961389422417	0.0
0.13092753291130066	0.0
0.19081223011016846	0.0
0.01623276248574257	0.0
0.009681662544608116	0.0
0.06419689208269119	0.0
0.015449345111846924	0.0
0.019284073263406754	0.0
0.03763418644666672	0.0
0.0014358267653733492	0.0
0.012437961995601654	0.0
0.043742623180150986	0.0
0.10533705353736877	0.0
0.04400143772363663	0.0
0.016159815713763237	0.0
0.023633908480405807	0.0
0.0665191039443016	0.0
0.015310228802263737	0.0
0.10024514049291611	0.0
0.2116885781288147	0.0
0.06661847978830338	0.0
0.036612994968891144	0.0
0.004388491157442331	0.0
0.034896526485681534	0.0
0.00658156955614686	0.0
0.04653739556670189	0.0
0.14733822643756866	0.0
0.01656719297170639	0.0
0.049216724932193756	0.0
0.14865642786026	0.0
0.025428302586078644	0.0
0.01329992525279522	0.0
0.04986489564180374	0.0
0.01120077446103096	0.0
0.006678993348032236	0.0
0.073428675532341	0.0
0.006609250325709581	0.0
0.007031567394733429	0.0
0.00122840388212353	0.0
0.06293579936027527	0.0
0.008733858354389668	0.0
0.013763411901891232	0.0
0.054561976343393326	0.0
0.12369291484355927	0.0
0.0022321841679513454	0.0
0.03652813658118248	0.0
0.03300446271896362	0.0
0.04660649970173836	0.0
0.01009751483798027	0.0
0.20909421145915985	0.0
0.07267706096172333	0.0
0.04343744367361069	0.0
0.16702689230442047	0.0
0.005184127017855644	0.0
0.12819135189056396	0.0
0.03411494195461273	0.0
0.01565452851355076	0.0
0.011630663648247719	0.0
0.0006802025600336492	0.0
0.04278697073459625	0.0
0.2116885781288147	0.0
0.038145534694194794	0.0
0.0505092516541481	0.0
0.0238500889390707	0.0
0.015270223841071129	0.0
0.007084602490067482	0.0
0.010381682775914669	0.0
0.013354594819247723	0.0
0.03096010349690914	0.0
0.014633926562964916	0.0
0.07937348634004593	0.0
0.04223399981856346	0.0
0.0953819677233696	0.0
0.11081431061029434	0.0
0.05146297439932823	0.0
0.015951424837112427	0.0
0.0008087788592092693	0.0
0.006278806831687689	0.0
0.13106250762939453	0.0
0.011158435605466366	0.0
0.0035277288407087326	0.0
0.2109987437725067	0.0
0.0046913777478039265	0.0
0.07838256657123566	0.0
0.002350147347897291	0.0
0.004035573452711105	0.0
0.04875829443335533	0.0
0.018286272883415222	0.0
0.08455444872379303	0.0
0.0053544738329946995	0.0
0.004157410468906164	0.0
0.12126701325178146	0.0
0.009577416814863682	0.0
0.0051824431866407394	0.0
0.09144582599401474	0.0
0.045483171939849854	0.0
0.018607063218951225	0.0
0.061550453305244446	0.0
0.21166080236434937	0.0
0.14026710391044617	0.0
0.17497342824935913	0.0
0.03864607959985733	0.0
0.03991803154349327	0.0
0.03089396469295025	0.0
0.032013293355703354	0.0
0.005435979459434748	0.0
0.10226462781429291	0.0
0.023137075826525688	0.0
0.1514318883419037	0.0
0.021242521703243256	0.0
0.028363272547721863	0.0
0.020003587007522583	0.0
0.1719273030757904	0.0
0.016495995223522186	0.0
0.0008584939641878009	0.0
0.0007582295220345259	0.0
0.008850625716149807	0.0
0.019713781774044037	0.0
0.01943170092999935	0.0
0.2095654010772705	1.0
0.0012385748559609056	0.0
0.002603680593892932	0.0
0.12317494302988052	0.0
0.002173161134123802	0.0
0.03454805910587311	0.0
0.023894745856523514	0.0
0.007089621387422085	0.0
0.07311555743217468	0.0
0.2116885781288147	1.0
0.20986516773700714	0.0
0.10361550003290176	0.0
0.024189166724681854	0.0
0.01634189859032631	0.0
0.059826966375112534	0.0
0.13294662535190582	0.0
0.06403378397226334	0.0
0.10634423792362213	0.0
0.0009015519171953201	0.0
0.0673542246222496	0.0
0.1594284474849701	0.0
0.03696473687887192	0.0
0.00028053467394784093	0.0
0.006225512363016605	0.0
0.21161574125289917	1.0
0.009162407368421555	0.0
0.1281324028968811	0.0
0.0072332872077822685	0.0
0.013811599463224411	1.0
0.03806748613715172	0.0
0.02757429890334606	0.0
0.0011228673392906785	0.0
0.041591595858335495	0.0
0.000992556451819837	0.0
0.21096856892108917	0.0
0.02346232905983925	0.0
0.0070025683380663395	0.0
0.002761346288025379	0.0
0.03593906760215759	0.0
0.09932030737400055	0.0
0.21162091195583344	0.0
0.018118323758244514	0.0
0.044914040714502335	0.0
0.2116885781288147	0.0
0.04142612963914871	0.0
0.21161764860153198	0.0
0.007827641442418098	0.0
0.0053748516365885735	0.0
0.003731613978743553	0.0
0.0008784695528447628	0.0
0.0002374810428591445	0.0
0.012867835350334644	0.0
0.026373980566859245	0.0
0.010517154820263386	0.0
0.1512477993965149	0.0
0.017050184309482574	0.0
0.008140320889651775	0.0
0.21085889637470245	0.0
0.20929230749607086	0.0
0.020490143448114395	0.0
0.05338255316019058	0.0
0.007247175555676222	0.0
0.20083777606487274	0.0
0.1197361871600151	0.0
0.05970640107989311	0.0
0.12088950723409653	0.0
0.024801617488265038	0.0
0.014729110524058342	0.0
0.04003452882170677	0.0
0.0659053772687912	0.0
0.02013784646987915	0.0
0.000548886600881815	0.0
0.012341964058578014	0.0
0.060678910464048386	0.0
0.1738719493150711	0.0
0.09997659176588058	0.0
0.011759154498577118	0.0
0.05786890536546707	0.0
0.04940074309706688	0.0
0.005130167119204998	0.0
0.022047095000743866	0.0
0.0009460669243708253	0.0
0.1870008111000061	0.0
0.045860618352890015	0.0
0.12759146094322205	0.0
0.20958265662193298	0.0
0.0914517268538475	0.0
0.044586241245269775	0.0
0.026064546778798103	0.0
0.006164032965898514	0.0
0.07320426404476166	0.0
0.004526003263890743	0.0
0.1175619587302208	0.0
0.024531472474336624	0.0
0.008775993250310421	0.0
0.013967788778245449	0.0
0.031541068106889725	0.0
0.21158309280872345	0.0
0.035415876656770706	0.0
0.0006265365518629551	0.0
0.02735035866498947	0.0
0.2116885781288147	0.0
0.2033747434616089	0.0
0.001954200677573681	0.0
0.020482344552874565	0.0
0.07485443353652954	1.0
0.0290782880038023	0.0
0.1253560483455658	0.0
0.025594200938940048	0.0
0.2115393429994583	1.0
0.024584772065281868	0.0
0.06942868232727051	0.0
0.0038439533673226833	0.0
0.1546751707792282	0.0
0.002122058067470789	0.0
0.0006724509294144809	0.0
0.009232798591256142	0.0
0.046161796897649765	0.0
0.009245635941624641	0.0
0.05663667991757393	1.0
0.21163250505924225	0.0
0.006747197359800339	0.0
0.013231959193944931	0.0
0.020435655489563942	0.0
0.08804239332675934	0.0
0.056245554238557816	0.0
0.018632829189300537	0.0
0.004027459770441055	0.0
0.03543670102953911	0.0
0.0045381346717476845	0.0
0.08215731382369995	0.0
0.09014556556940079	1.0
0.004143629688769579	0.0
0.008315982297062874	0.0
0.005379511043429375	0.0
0.022504007443785667	0.0
0.0003676219785120338	0.0
0.15673094987869263	0.0
0.011755486018955708	0.0
0.04449330270290375	0.0
0.024325288832187653	0.0
0.006516252178698778	0.0
0.12512721121311188	0.0
0.035756856203079224	1.0
0.1678541600704193	1.0
0.01690445840358734	0.0
0.03188256546854973	0.0
0.011712636798620224	0.0
0.2116885781288147	0.0
0.024410538375377655	0.0
0.0039697145111858845	0.0
0.07396531850099564	1.0
0.20147058367729187	1.0
0.005489544942975044	0.0
0.09883040934801102	1.0
0.16224543750286102	0.0
0.027078960090875626	0.0
0.015924546867609024	0.0
0.03452259674668312	0.0
0.11375837028026581	0.0
0.030360538512468338	0.0
0.0012226769467815757	0.0
0.004491882398724556	0.0
0.028742024675011635	0.0
0.053799569606781006	0.0
0.016717514023184776	0.0
0.06158197671175003	0.0
0.04884825274348259	0.0
0.05488322302699089	0.0
0.050352998077869415	0.0
0.0005700893816538155	0.0
0.01918628439307213	0.0
0.07516998797655106	0.0
0.020225662738084793	0.0
0.15942518413066864	1.0
0.022851618006825447	0.0
0.05999782681465149	0.0
0.01319736149162054	0.0
0.14801810681819916	0.0
0.002184465993195772	0.0
0.022472403943538666	0.0
0.006371022202074528	0.0
0.006981214042752981	0.0
0.0256633497774601	0.0
0.013027654029428959	0.0
0.044331204146146774	0.0
0.003842046018689871	0.0
0.006151455454528332	0.0
0.003159675281494856	0.0
0.028559532016515732	0.0
0.0036371168680489063	0.0
0.005661827512085438	0.0
0.1189848929643631	0.0
0.2116885781288147	0.0
0.18038062751293182	0.0
0.02218538522720337	0.0
0.04074668884277344	0.0
0.01761116087436676	0.0
0.21168778836727142	0.0
0.010413658805191517	0.0
0.21162688732147217	0.0
0.013582674786448479	0.0
0.11689145863056183	0.0
0.0034111703280359507	0.0
0.05774209648370743	0.0
0.027802130207419395	0.0
0.05001853033900261	0.0
0.0635153129696846	0.0
0.035329580307006836	0.0
0.06398645043373108	0.0
0.010542786680161953	0.0
0.028844982385635376	0.0
0.1835460364818573	0.0
0.13729643821716309	0.0
0.02627916820347309	0.0
0.002379372948780656	0.0
0.0683869794011116	0.0
0.19478629529476166	0.0
0.003109642304480076	0.0
0.038479529321193695	0.0
0.006947900168597698	0.0
0.2116885781288147	1.0
0.009135124273598194	0.0
0.026979362592101097	0.0
0.017157407477498055	0.0
0.06147315353155136	0.0
0.1325608789920807	0.0
0.0078026470728218555	0.0
0.2116885781288147	1.0
0.09590277075767517	0.0
0.1152382344007492	0.0
0.007491972763091326	0.0
0.03981800377368927	0.0
0.023076802492141724	0.0
0.0520826019346714	0.0
0.028808552771806717	0.0
0.002371566602960229	0.0
0.21055519580841064	0.0
0.09673422574996948	0.0
0.1875820755958557	0.0
0.08678121119737625	0.0
0.07321783900260925	1.0
0.21152986586093903	1.0
0.20112726092338562	1.0
0.047599587589502335	0.0
0.20085348188877106	1.0
0.01868276856839657	0.0
0.01171203050762415	0.0
0.006928013172000647	0.0
0.021820921450853348	1.0
0.11223465204238892	0.0
0.11154800653457642	0.0
0.03215549513697624	0.0
0.001029142877086997	0.0
0.06465758383274078	0.0
0.003143856767565012	0.0
0.04447607323527336	0.0
0.015682024881243706	0.0
0.01293794997036457	0.0
0.06068063899874687	0.0
0.062365878373384476	0.0
0.08529530465602875	0.0
0.0272490493953228	0.0
0.008007652126252651	0.0
0.02840619720518589	0.0
0.006038940977305174	0.0
0.016805317252874374	0.0
0.011731518432497978	0.0
0.009374093264341354	0.0
0.07179056107997894	0.0
0.014221896417438984	0.0
0.05406791344285011	0.0
0.023638563230633736	0.0
0.12682786583900452	0.0
0.0008218939183279872	0.0
0.21166881918907166	1.0
0.17089377343654633	0.0
0.036632828414440155	0.0
0.01805221661925316	0.0
0.019545167684555054	0.0
0.21133989095687866	0.0
0.07957036793231964	0.0
0.002288021147251129	0.0
0.010903957299888134	0.0
0.048284903168678284	0.0
0.04387718439102173	0.0
0.060477375984191895	0.0
0.2006264626979828	0.0
0.002428411738947034	0.0
0.2116885781288147	0.0
0.0908394604921341	0.0
0.09933553636074066	0.0
0.019600961357355118	0.0
0.03580514341592789	0.0
0.14993849396705627	0.0
0.008057210594415665	0.0
0.022446177899837494	0.0
0.052832163870334625	0.0
0.18070544302463531	0.0
0.015371914952993393	0.0
0.020914794877171516	0.0
0.0245774295181036	0.0
0.11626697331666946	0.0
0.009714934043586254	0.0
0.08527685701847076	0.0
0.056401629000902176	0.0
0.01773788593709469	0.0
0.008065680041909218	0.0
0.1975720077753067	0.0
0.0824156180024147	0.0
0.04228672757744789	0.0
0.026857327669858932	0.0
0.05276628956198692	0.0
0.02436850033700466	0.0
0.11140402406454086	0.0
0.018221251666545868	0.0
0.006611570715904236	0.0
0.06893323361873627	0.0
0.11884310096502304	0.0
0.024662189185619354	0.0
0.027022438123822212	0.0
0.017621930688619614	0.0
0.20761056244373322	0.0
0.21157053112983704	1.0
0.0603531077504158	0.0
0.039082854986190796	0.0
0.050169818103313446	0.0
0.05923124775290489	0.0
0.017147770151495934	0.0
0.008772808127105236	0.0
0.08221403509378433	0.0
0.002321740612387657	0.0
0.009311125613749027	0.0
0.2116781771183014	0.0
0.06230852007865906	0.0
0.06365565210580826	0.0
0.016350315883755684	0.0
0.005276961717754602	0.0
0.049793366342782974	0.0
0.025151459500193596	0.0
0.03277081996202469	0.0
0.0199523214250803	0.0
0.10834130644798279	1.0
0.01699131354689598	0.0
0.05217152088880539	1.0
0.012774604372680187	0.0
0.20458757877349854	0.0
0.004794839303940535	0.0
0.05536774918437004	0.0
0.004362077452242374	0.0
0.21168845891952515	0.0
0.019980482757091522	0.0
0.03535228967666626	0.0
0.004798533394932747	0.0
0.06426365673542023	0.0
0.13888737559318542	0.0
0.0032961375545710325	0.0
0.024298720061779022	0.0
0.005997373256832361	0.0
0.015418007969856262	0.0
0.02171727642416954	0.0
0.07450811564922333	0.0
0.0010413513518869877	0.0
0.21120472252368927	0.0
0.0575542077422142	0.0
0.002985437633469701	0.0
0.009217953309416771	0.0
0.00707471976056695	0.0
0.042782772332429886	0.0
0.05092605948448181	0.0
0.16688187420368195	0.0
0.010513553395867348	0.0
0.2116885781288147	0.0
0.004977501463145018	0.0
0.00024154649872798473	0.0
0.030294625088572502	0.0
0.02480129711329937	0.0
0.07082407176494598	0.0
0.20905716717243195	0.0
0.01275049801915884	0.0
0.06695433706045151	0.0
0.003129776567220688	0.0
0.01957719400525093	0.0
0.21147696673870087	1.0
0.19575390219688416	0.0
0.004795284941792488	0.0
0.01025431603193283	0.0
0.09752858430147171	0.0
0.20919200778007507	0.0
0.03645132854580879	0.0
0.026597637683153152	0.0
0.046111032366752625	0.0
0.039070893079042435	0.0
0.01404826994985342	0.0
0.010722889564931393	0.0
0.017290402203798294	0.0
0.014610127545893192	0.0
0.009320924989879131	0.0
0.011460852809250355	0.0
0.01944478042423725	0.0
0.14813421666622162	1.0
0.10074685513973236	0.0
0.0006422516307793558	0.0
0.04055537283420563	0.0
0.0010224885772913694	0.0
0.009357785806059837	0.0
0.07525520771741867	0.0
0.008710218593478203	0.0
0.11266467720270157	0.0
0.07959217578172684	0.0
0.036312803626060486	0.0
0.04573536291718483	0.0
0.007595711853355169	0.0
0.012136097066104412	0.0
0.02106431871652603	1.0
0.0011827490525320172	0.0
0.06030161678791046	0.0
0.06957418471574783	0.0
0.001993331126868725	0.0
0.006726798135787249	0.0
0.013949347659945488	0.0
0.1937313675880432	0.0
0.016889145597815514	0.0
0.019330626353621483	0.0
0.07342847436666489	1.0
0.058206021785736084	0.0
0.06134933605790138	0.0
0.12524694204330444	0.0
0.0038724245969206095	0.0
0.06836165487766266	0.0
0.0735679417848587	0.0
0.05886359140276909	0.0
0.004308759234845638	0.0
0.004223846830427647	0.0
0.07238820195198059	1.0
0.12907937169075012	0.0
0.0008170254295691848	0.0
0.2116631716489792	0.0
0.08354984223842621	0.0
0.06843509525060654	0.0
0.05698629096150398	0.0
0.01993255689740181	0.0
0.055124927312135696	0.0
0.004902245476841927	0.0
0.006114592310041189	0.0
0.004028913099318743	0.0
0.011510075069963932	0.0
0.004618654493242502	0.0
0.02202518656849861	0.0
0.12754756212234497	1.0
0.03204192593693733	0.0
0.08718907088041306	0.0
0.03199860826134682	0.0
0.06695082038640976	0.0
0.1499125063419342	1.0
0.044300537556409836	0.0
0.0013119051000103354	0.0
0.04006737843155861	0.0
0.09400234371423721	0.0
0.001594234723597765	0.0
0.015160231851041317	0.0
0.2116885781288147	1.0
0.05090012773871422	0.0
0.01716228947043419	0.0
0.04476645216345787	0.0
0.2116885781288147	0.0
0.09002098441123962	0.0
0.06131412461400032	0.0
0.028236761689186096	0.0
0.012295173481106758	0.0
0.2104922980070114	0.0
0.028943980112671852	0.0
0.12216885387897491	0.0
0.12460889667272568	0.0
0.09693028032779694	0.0
0.13038960099220276	0.0
0.006173328962177038	0.0
0.017158880829811096	0.0
0.001218327204696834	0.0
0.018479563295841217	0.0
0.011511805467307568	0.0
0.1040019765496254	0.0
0.03330453112721443	0.0
0.01028362661600113	0.0
0.20847415924072266	0.0
0.05200788378715515	0.0
0.019554728642106056	0.0
0.015752043575048447	0.0
0.08500846475362778	0.0
0.0032262406311929226	0.0
0.07645870745182037	0.0
0.038891639560461044	0.0
0.2116885781288147	0.0
0.043305858969688416	0.0
0.05317261070013046	0.0
0.0324181467294693	0.0
0.028968190774321556	0.0
0.000971281377132982	0.0
0.02974747121334076	0.0
0.058029655367136	0.0
0.004138017538934946	0.0
0.023081423714756966	0.0
0.16656018793582916	0.0
0.004398026969283819	0.0
0.2116885781288147	1.0
0.2116885781288147	1.0
0.04220467060804367	0.0
0.04231027141213417	0.0
0.028404725715517998	0.0
0.026358654722571373	0.0
0.0035387014504522085	0.0
0.011788036674261093	0.0
0.02956419065594673	0.0
0.014073727652430534	0.0
0.07918355613946915	0.0
0.0013188776792958379	0.0
0.18926389515399933	1.0
0.011012833565473557	0.0
0.007924157194793224	0.0
0.019561121240258217	0.0
0.13222640752792358	0.0
0.021620919927954674	0.0
0.06630316376686096	0.0
0.2116885781288147	1.0
0.1457042545080185	0.0
0.05539402738213539	0.0
0.002862603636458516	0.0
0.1260889619588852	0.0
0.00048607701319269836	0.0
0.021886657923460007	0.0
0.16669611632823944	0.0
0.028412513434886932	0.0
0.15938228368759155	0.0
0.014702548272907734	0.0
0.0059096598997712135	0.0
0.027760492637753487	0.0
0.008136237040162086	0.0
0.13400354981422424	0.0
0.05181736499071121	0.0
0.0011804417008534074	0.0
0.01606026105582714	0.0
0.041053950786590576	0.0
0.004547451622784138	0.0
0.042889147996902466	0.0
0.2112027406692505	0.0
0.06333199143409729	0.0
0.10859335213899612	0.0
0.005626139231026173	0.0
0.06959754973649979	0.0
0.2116885781288147	1.0
0.04523693397641182	0.0
0.10490479320287704	0.0
0.017763983458280563	0.0
0.029998978599905968	0.0
0.03517705574631691	0.0
0.001070141326636076	0.0
0.10849841684103012	0.0
0.2116885781288147	0.0
0.0173576008528471	0.0
0.007544455584138632	0.0
0.11235368251800537	0.0
0.0031370939686894417	0.0
0.03604210168123245	0.0
0.006921733729541302	0.0
0.013166750781238079	0.0
0.06943971663713455	0.0
0.21139255166053772	0.0
0.019436536356806755	0.0
0.0007135120104067028	0.0
0.05741981044411659	0.0
0.01743931509554386	0.0
0.010867217555642128	0.0
0.1093490719795227	0.0
0.004062071908265352	0.0
0.13891232013702393	0.0
0.027133094146847725	0.0
0.0103373434394598	0.0
0.04315432906150818	0.0
0.008687521331012249	0.0
0.2116885781288147	1.0
0.05233263969421387	0.0
0.026248827576637268	0.0
0.15459205210208893	0.0
0.03231522813439369	0.0
0.012292440980672836	0.0
0.06198378652334213	0.0
0.10069051384925842	0.0
0.0392424575984478	0.0
0.05847547575831413	0.0
0.1929025799036026	0.0
0.023276004940271378	0.0
0.03374211862683296	0.0
0.020892826840281487	0.0
0.0009777108207345009	0.0
0.023465607315301895	0.0
0.09537134319543839	0.0
0.058660391718149185	0.0
0.17037470638751984	0.0
0.15326444804668427	0.0
0.05622738599777222	0.0
0.004457488190382719	0.0
0.012438343837857246	0.0
0.13486140966415405	0.0
0.17014923691749573	0.0
0.01928914338350296	0.0
0.19487877190113068	1.0
0.10089410841464996	0.0
0.038268886506557465	0.0
0.08012024313211441	0.0
0.0858415737748146	0.0
0.17529088258743286	0.0
0.04600457474589348	0.0
0.2116885781288147	0.0
0.03783077746629715	0.0
0.12364324927330017	0.0
0.05813167244195938	0.0
0.044328343123197556	0.0
0.09611503779888153	0.0
0.1042422354221344	0.0
0.12331908196210861	0.0
0.024013826623558998	0.0
0.04852227121591568	0.0
0.1139465719461441	0.0
0.03403761237859726	0.0
0.008205997757613659	0.0
0.06736161559820175	0.0
0.03990381583571434	0.0
0.07184035331010818	0.0
0.014481091871857643	0.0
0.0037664035335183144	0.0
0.017856799066066742	0.0
0.05193334445357323	0.0
0.05342203751206398	0.0
0.2116885781288147	0.0
0.2103039175271988	1.0
0.04499776288866997	0.0
0.059326570481061935	0.0
0.013746579177677631	0.0
0.034661825746297836	0.0
0.0018303928663954139	0.0
0.06297958642244339	0.0
0.015078773722052574	0.0
0.05123874917626381	0.0
0.03313077241182327	0.0
0.01972014084458351	0.0
0.016280613839626312	0.0
0.031928084790706635	0.0
0.03650360926985741	0.0
0.0592770129442215	0.0
0.010471640154719353	0.0
0.12084519118070602	0.0
0.16786441206932068	0.0
0.2116885781288147	0.0
0.04391022026538849	0.0
0.0022293166257441044	0.0
0.004092181567102671	0.0
0.1166725754737854	0.0
0.2116885781288147	0.0
0.033361680805683136	0.0
0.0656806156039238	0.0
0.16234110295772552	0.0
0.01997505873441696	0.0
0.009030522778630257	0.0
0.15413528680801392	0.0
0.03429974615573883	0.0
0.026243025436997414	0.0
0.21161982417106628	0.0
0.15720532834529877	0.0
0.04524640738964081	0.0
0.21068696677684784	1.0
0.1729237139225006	0.0
0.008658499456942081	0.0
0.06246284395456314	0.0
0.03475743159651756	0.0
0.00515708327293396	0.0
0.01695989817380905	0.0
0.05598198622465134	0.0
0.011212659068405628	0.0
0.2116885781288147	1.0
0.004013646859675646	0.0
0.019905494526028633	0.0
0.2116885781288147	1.0
0.1774819791316986	0.0
0.03818599507212639	0.0
0.16710615158081055	0.0
0.015941891819238663	0.0
0.023287326097488403	0.0
0.032076120376586914	0.0
0.020148152485489845	0.0
0.05380721762776375	0.0
0.008225969970226288	0.0
0.15181776881217957	0.0
0.17552272975444794	0.0
0.07910038530826569	0.0
0.19885070621967316	1.0
0.07084178179502487	0.0
0.09852612763643265	0.0
0.1150522381067276	0.0
0.07049185782670975	0.0
0.003503230633214116	0.0
0.00031411403324455023	0.0
0.028697678819298744	0.0
0.21124620735645294	0.0
0.02513151988387108	0.0
0.08386792242527008	0.0
0.050296515226364136	0.0
0.02252332679927349	0.0
0.03135760501027107	0.0
0.043966881930828094	0.0
0.04095325991511345	0.0
0.037226539105176926	0.0
0.18126462399959564	0.0
0.0016686621820554137	0.0
0.0009192177676595747	0.0
0.10343024134635925	0.0
0.028211209923028946	0.0
0.06371818482875824	0.0
0.06398045271635056	0.0
0.0703105628490448	0.0
0.013476806692779064	0.0
0.21168836951255798	0.0
0.0166033748537302	0.0
0.021837018430233	0.0
0.06389206647872925	0.0
0.008773778565227985	0.0
0.05266564339399338	0.0
0.0072809006087481976	0.0
0.01955958642065525	0.0
0.07025355845689774	0.0
0.04363268241286278	0.0
0.050131987780332565	0.0
0.04231778532266617	0.0
0.19503548741340637	1.0
0.2116885781288147	0.0
0.043867018073797226	0.0
0.02575012482702732	0.0
0.21118716895580292	0.0
0.04720165207982063	0.0
0.009710260666906834	0.0
0.0030097279231995344	0.0
0.0023056254722177982	0.0
0.030059827491641045	0.0
0.10751384496688843	0.0
0.000535135914105922	0.0
0.14783170819282532	0.0
0.1453617364168167	0.0
0.001655236235819757	0.0
0.06459758430719376	0.0
0.002113694092258811	0.0
0.08671633154153824	0.0
0.031180869787931442	0.0
0.0026153153739869595	0.0
0.00024002099235076457	0.0
0.2116885781288147	0.0
0.008227665908634663	0.0
0.017392639070749283	0.0
0.034488651901483536	0.0
0.2116885781288147	1.0
0.015583815984427929	0.0
0.010542592033743858	0.0
0.05141696706414223	0.0
0.006289952900260687	0.0
0.09266704320907593	0.0
0.04747561737895012	0.0
0.02176479995250702	0.0
0.0002783606469165534	0.0
0.2040986865758896	0.0
0.05000990256667137	0.0
0.014518111012876034	0.0
0.058133531361818314	0.0
0.0573933906853199	0.0
0.01762302778661251	0.0
0.09510405361652374	0.0
0.00847776047885418	0.0
0.015218550339341164	0.0
0.014200654812157154	0.0
0.01635807193815708	0.0
0.03155478462576866	0.0
0.02228974923491478	0.0
0.21116884052753448	1.0
0.003337180009111762	0.0
0.1335415244102478	0.0
0.0035791152622550726	0.0
0.2116885781288147	0.0
0.011384446173906326	0.0
0.007849005050957203	0.0
0.11751911044120789	0.0
0.016515469178557396	0.0
0.029006430879235268	0.0
0.029318751767277718	0.0
0.0314420685172081	0.0
0.04817788675427437	0.0
0.06647804379463196	0.0
0.08320456743240356	0.0
0.06715068966150284	0.0
0.05842065438628197	0.0
0.023331116884946823	0.0
0.019705437123775482	0.0
0.007683738134801388	0.0
0.028309734538197517	0.0
0.019371535629034042	0.0
0.043599724769592285	0.0
0.024338282644748688	0.0
0.026895849034190178	0.0
0.0035799674224108458	0.0
0.028825338929891586	0.0
0.03415297716856003	0.0
0.10839793086051941	0.0
0.01268832664936781	0.0
0.01829485222697258	0.0
0.024368762969970703	0.0
0.0048637972213327885	0.0
0.02029714733362198	0.0
0.09154249727725983	0.0
0.02264082431793213	0.0
0.03220873698592186	0.0
0.006965440697968006	0.0
0.030819375067949295	0.0
0.0006325117428787053	0.0
0.05236785486340523	0.0
0.01883143000304699	0.0
0.002534244442358613	0.0
0.0027582203038036823	0.0
0.0020906326826661825	0.0
0.05904215946793556	0.0
0.06642917543649673	1.0
0.030550122261047363	0.0
0.07727204263210297	0.0
0.2116885781288147	1.0
0.0388171523809433	0.0
0.060774147510528564	0.0
0.0006562783964909613	0.0
0.019049758091568947	0.0
0.02857460454106331	0.0
0.055429667234420776	0.0
0.010320650413632393	0.0
0.022875990718603134	0.0
0.2116885781288147	0.0
0.013888416811823845	0.0
0.0308123379945755	0.0
0.2116885781288147	0.0
0.06844542920589447	0.0
0.21020881831645966	1.0
0.2116885781288147	1.0
0.2115868180990219	1.0
0.03024318628013134	0.0
0.043766215443611145	0.0
0.053151968866586685	0.0
0.022471869364380836	0.0
0.013180667534470558	0.0
0.09011973440647125	0.0
0.00471177464351058	0.0
0.0637841522693634	0.0
0.036397773772478104	0.0
0.017650630325078964	0.0
0.01461348682641983	0.0
0.009713709354400635	0.0
0.015929007902741432	0.0
0.2093917280435562	0.0
0.07385583221912384	1.0
0.10314535349607468	0.0
0.08837465196847916	0.0
0.21164241433143616	0.0
0.1061701700091362	0.0
0.003721086075529456	0.0
0.21064075827598572	0.0
0.05328452214598656	0.0
0.05366869270801544	0.0
0.007351314648985863	0.0
0.18630805611610413	0.0
0.0793709084391594	0.0
0.19798977673053741	0.0
0.04641267657279968	0.0
0.02400096319615841	0.0
0.018203655257821083	0.0
0.022181963548064232	0.0
0.0443899966776371	0.0
0.004714736249297857	0.0
0.2116573452949524	0.0
0.20779578387737274	1.0
0.023784667253494263	0.0
0.0269333403557539	0.0
0.041294559836387634	0.0
0.0015192904975265265	0.0
0.06531865149736404	0.0
0.09269572049379349	0.0
0.08661668747663498	0.0
0.08424682170152664	0.0
0.20925407111644745	0.0
0.004403602797538042	0.0
0.060063496232032776	0.0
0.06591222435235977	0.0
0.007981210947036743	0.0
0.002630888018757105	0.0
0.008892056532204151	0.0
0.05833973363041878	0.0
0.011416218243539333	0.0
0.018903829157352448	0.0
0.07107798755168915	0.0
0.04285906255245209	0.0
0.060470979660749435	0.0
0.03918914496898651	0.0
0.006470055319368839	0.0
0.011382128112018108	0.0
0.04782727733254433	0.0
0.005852377042174339	0.0
0.013042776845395565	0.0
0.016271719709038734	0.0
0.04600097984075546	0.0
0.012347801588475704	0.0
0.014375624246895313	0.0
0.053139541298151016	0.0
0.21113236248493195	0.0
0.037590526044368744	0.0
0.05472113937139511	0.0
0.10605040192604065	0.0
0.01487327367067337	0.0
0.0677255168557167	0.0
0.04551702365279198	0.0
0.0506943054497242	0.0
0.1608031690120697	0.0
0.022125914692878723	0.0
0.040337368845939636	0.0
0.04427168890833855	0.0
0.004138729069381952	0.0
0.031705256551504135	0.0
0.059335559606552124	0.0
0.09277523308992386	0.0
0.02006162516772747	0.0
0.21168453991413116	1.0
0.055639706552028656	0.0
0.03159971162676811	0.0
0.018368959426879883	0.0
0.034489359706640244	0.0
0.03303590416908264	0.0
0.003392023267224431	0.0
0.2116885781288147	0.0
0.06486538052558899	0.0
0.03535480797290802	0.0
0.005912595894187689	0.0
0.03950375318527222	0.0
0.043899115175008774	0.0
0.12605436146259308	0.0
0.033224258571863174	0.0
0.0013794065453112125	0.0
0.021821867674589157	0.0
0.0019106324762105942	0.0
0.013956130482256413	0.0
0.04330066591501236	0.0
0.007971024140715599	0.0
0.19628523290157318	0.0
0.0018074921099469066	0.0
0.1137416660785675	0.0
0.006437715142965317	0.0
0.05612802878022194	0.0
0.019274931401014328	0.0
0.039734117686748505	0.0
0.007188272662460804	0.0
0.033383600413799286	0.0
0.011055298149585724	0.0
0.04038635268807411	0.0
0.1764434278011322	0.0
0.20947907865047455	0.0
0.05477570369839668	0.0
0.02848927676677704	0.0
0.06721644103527069	0.0
0.04169359430670738	0.0
0.04810843989253044	0.0
0.039547163993120193	0.0
0.008899401873350143	0.0
0.005193650722503662	0.0
0.07087916880846024	0.0
0.018161602318286896	0.0
0.1530400514602661	0.0
0.1270621120929718	0.0
0.030749665573239326	0.0
0.09851235896348953	0.0
0.047811359167099	0.0
0.03665968030691147	0.0
0.08673209697008133	1.0
0.016250750049948692	0.0
0.019282802939414978	0.0
0.017957059666514397	0.0
0.017840364947915077	0.0
0.03400865197181702	0.0
0.024774404242634773	0.0
0.18154646456241608	0.0
0.2116774320602417	1.0
0.009493709541857243	0.0
0.0479031577706337	0.0
0.026677271351218224	0.0
0.010915014892816544	0.0
0.02367999032139778	0.0
0.00103891605976969	0.0
0.20952922105789185	1.0
0.03084469400346279	0.0
0.0074068172834813595	0.0
0.05954805761575699	0.0
0.01692856475710869	0.0
0.02043670415878296	0.0
0.07990577816963196	0.0
0.12700660526752472	0.0
0.028120310977101326	0.0
0.1680455505847931	0.0
0.015256477519869804	0.0
0.03285188972949982	0.0
0.20993675291538239	0.0
0.01677291840314865	0.0
0.2116885781288147	0.0
0.08008170872926712	0.0
0.1964447796344757	0.0
0.011250855401158333	0.0
0.13892270624637604	0.0
0.04205549880862236	0.0
0.01452967245131731	0.0
0.031065605580806732	0.0
0.003844409715384245	0.0
0.058964841067790985	0.0
0.027557315304875374	0.0
0.039133407175540924	0.0
0.03672964870929718	0.0
0.14734210073947906	0.0
0.16261671483516693	0.0
0.07229343801736832	0.0
0.08128262311220169	0.0
0.015873515978455544	0.0
0.014562331140041351	0.0
0.08388838917016983	0.0
0.1784020960330963	0.0
0.0001301110751228407	0.0
0.04382725805044174	0.0
0.09475201368331909	0.0
0.13825206458568573	0.0
0.045107703655958176	0.0
0.2116885781288147	0.0
0.012090175412595272	0.0
0.0011577884433791041	0.0
0.011613979004323483	0.0
0.04285713657736778	0.0
0.05355698987841606	0.0
0.21099208295345306	0.0
0.005458565428853035	0.0
0.045076265931129456	0.0
0.018946563825011253	0.0
0.006792816333472729	0.0
0.21065065264701843	0.0
0.06159224733710289	0.0
0.011492764577269554	0.0
0.1917840838432312	0.0
0.038585785776376724	0.0
0.006777546368539333	0.0
0.15888889133930206	0.0
0.017037408426404	0.0
0.06506674736738205	0.0
0.005524767562747002	0.0
0.07400081306695938	0.0
0.05924417823553085	0.0
0.02528717741370201	0.0
0.11473989486694336	0.0
0.17340779304504395	0.0
0.01751342974603176	0.0
0.019197538495063782	0.0
0.005637533497065306	0.0
0.2013615369796753	0.0
0.009965643286705017	0.0
0.09851372987031937	0.0
0.03731672093272209	0.0
0.023167897015810013	0.0
0.024184025824069977	0.0
0.016216453164815903	0.0
0.012859655544161797	0.0
0.004678572528064251	0.0
0.016124481335282326	0.0
0.05340791121125221	0.0
0.12101919203996658	0.0
0.05771968141198158	0.0
0.006863349117338657	0.0
0.019635258242487907	0.0
0.010088205337524414	0.0
0.012724941596388817	0.0
0.004997058771550655	0.0
0.015048451721668243	0.0
0.19903430342674255	0.0
0.20618809759616852	1.0
0.1453378051519394	0.0
0.16232596337795258	0.0
0.016853943467140198	0.0
0.028306294232606888	0.0
0.031034167855978012	0.0
0.05891770124435425	0.0
0.0006938486476428807	0.0
0.0011413792381063104	0.0
0.0009945324854925275	0.0
0.19524487853050232	0.0
0.008613893762230873	0.0
0.06543249636888504	1.0
0.05269692838191986	0.0
0.02650165930390358	0.0
0.05265761911869049	0.0
0.08869341015815735	0.0
0.16614612936973572	0.0
0.03639916703104973	0.0
0.05629075691103935	0.0
0.033043671399354935	0.0
0.2114284485578537	0.0
0.052347633987665176	0.0
0.008615096099674702	0.0
0.02826118841767311	0.0
0.12921582162380219	1.0
0.007222239393740892	0.0
0.026097066700458527	0.0
0.10729940980672836	0.0
0.06636866927146912	0.0
0.21160393953323364	1.0
0.06251860409975052	0.0
0.052951399236917496	0.0
0.02477211318910122	0.0
0.005264838691800833	0.0
0.05008949711918831	0.0
0.0022022065240889788	0.0
0.0014475623611360788	0.0
0.02187195234000683	0.0
0.2116885781288147	0.0
0.16089950501918793	0.0
0.019069228321313858	0.0
0.030505243688821793	0.0
0.008718510158360004	0.0
0.018912116065621376	0.0
0.03129962831735611	0.0
0.09453393518924713	0.0
0.1171932965517044	0.0
0.05299782752990723	0.0
0.009689717553555965	0.0
0.03398243337869644	0.0
0.014869851060211658	0.0
0.01305225770920515	0.0
0.10906357318162918	0.0
0.004213965032249689	0.0
0.2116885781288147	0.0
0.06478451192378998	0.0
0.02558239735662937	0.0
0.09131717681884766	0.0
0.019565345719456673	0.0
0.21060588955879211	1.0
0.036196958273649216	0.0
0.004087367095053196	0.0
0.20462045073509216	0.0
0.06422008574008942	0.0
0.018500514328479767	0.0
0.2116885781288147	0.0
0.05367687717080116	0.0
0.10269656777381897	0.0
0.002499411813914776	0.0
0.03482690081000328	0.0
0.017812028527259827	0.0
0.2099861204624176	0.0
0.06916279345750809	0.0
0.012508574873209	0.0
0.04838167130947113	0.0
0.05920802429318428	0.0
0.1071256548166275	0.0
0.05941484495997429	0.0
0.011056528426706791	0.0
0.09835512936115265	0.0
0.21001680195331573	0.0
0.07390628010034561	0.0
0.05288152024149895	0.0
0.07304129749536514	0.0
0.04266437515616417	0.0
0.0067296987399458885	0.0
0.039238110184669495	0.0
0.011105641722679138	0.0
0.037758443504571915	1.0
0.058996669948101044	0.0
0.016711346805095673	0.0
0.010087714530527592	0.0
0.14533069729804993	0.0
0.10896624624729156	0.0
0.05349661782383919	0.0
0.04468357563018799	0.0
0.018688548356294632	0.0
0.014646027237176895	0.0
0.1572916954755783	0.0
0.0362938828766346	0.0
0.06905955821275711	0.0
0.2116885781288147	1.0
0.03798682987689972	0.0
0.004144769161939621	0.0
0.007448428776115179	0.0
0.03413338586688042	0.0
0.00459720753133297	0.0
0.10926004499197006	1.0
0.011037087067961693	0.0
0.02544216625392437	0.0
0.007430925499647856	0.0
0.0767875537276268	0.0
0.21144771575927734	0.0
0.06208587437868118	0.0
0.08029621094465256	0.0
0.11135651916265488	0.0
0.009658369235694408	0.0
0.01008785329759121	0.0
0.20329368114471436	0.0
0.02420603483915329	0.0
0.2116885781288147	0.0
0.1396186202764511	0.0
0.1165895015001297	0.0
0.00711788609623909	0.0
0.028827575966715813	0.0
0.007439018692821264	0.0
0.027679502964019775	0.0
0.10731053352355957	0.0
0.17500486969947815	0.0
0.06295564025640488	0.0
0.06949729472398758	0.0
0.00604906165972352	0.0
0.1525128036737442	1.0
0.0005344609962776303	0.0
0.01000255811959505	0.0
0.005516465753316879	0.0
0.054590195417404175	1.0
0.0315806083381176	0.0
0.06166992709040642	0.0
0.0012616160092875361	0.0
0.05413933843374252	0.0
0.041988618671894073	0.0
0.16273316740989685	0.0
0.10812558978796005	0.0
0.007943328469991684	0.0
0.09811779111623764	0.0
0.009228285402059555	0.0
0.07064717262983322	0.0
0.002883520210161805	0.0
0.06870035082101822	0.0
0.060564592480659485	0.0
0.1035028025507927	0.0
0.008058312349021435	0.0
0.10931477695703506	0.0
0.02198883704841137	0.0
0.025474166497588158	0.0
0.020377451553940773	0.0
0.005305479746311903	0.0
0.006999691016972065	0.0
0.21167881786823273	1.0
0.017516646534204483	0.0
0.003819391131401062	0.0
0.020539190620183945	0.0
0.06396864354610443	1.0
0.009347889572381973	0.0
0.001815677504055202	0.0
0.011954866349697113	0.0
0.14441406726837158	0.0
0.1471969485282898	0.0
0.09189095348119736	0.0
0.00874187983572483	0.0
0.091458760201931	0.0
0.1454479992389679	0.0
0.015558904968202114	0.0
0.023710215464234352	0.0
0.0763101875782013	0.0
0.016094187274575233	0.0
0.024799566715955734	0.0
0.023552818223834038	0.0
0.14711469411849976	0.0
0.06320208311080933	0.0
0.2116885781288147	0.0
0.0014756802702322602	0.0
0.05424800142645836	0.0
0.20355036854743958	0.0
0.11986561119556427	0.0
0.011428354308009148	0.0
0.02752741053700447	0.0
0.13581469655036926	0.0
0.06096582114696503	1.0
0.1348814070224762	0.0
0.0011949138715863228	0.0
0.047702524811029434	0.0
0.047604579478502274	0.0
0.14043496549129486	0.0
0.14416201412677765	0.0
0.17623035609722137	0.0
0.038744185119867325	0.0
0.05726629123091698	0.0
0.2116885781288147	0.0
0.0028957435861229897	0.0
0.06854650378227234	0.0
0.016957338899374008	0.0
0.012499820441007614	0.0
0.039459940046072006	0.0
0.06768479198217392	0.0
0.2116885781288147	0.0
0.030212923884391785	0.0
0.13030195236206055	0.0
0.05820249393582344	0.0
0.0013130920706316829	0.0
0.1660357117652893	1.0
0.0882854163646698	0.0
0.21162255108356476	0.0
0.024389708414673805	0.0
0.08769407123327255	0.0
0.038354720920324326	0.0
0.17913149297237396	1.0
0.003730975789949298	0.0
0.012915542349219322	0.0
0.023426968604326248	0.0
0.14826026558876038	0.0
0.027130339294672012	0.0
0.02423606812953949	0.0
0.2116885781288147	0.0
0.06306289881467819	0.0
0.13104018568992615	0.0
0.04900112375617027	0.0
0.04064112529158592	0.0
0.06643762439489365	0.0
0.013919725082814693	0.0
0.005584015045315027	0.0
0.012714852578938007	0.0
0.010179147124290466	0.0
0.03793347254395485	0.0
0.05063868314027786	0.0
0.1443290114402771	0.0
0.03191034495830536	0.0
0.015277267433702946	0.0
0.07015333324670792	0.0
0.04478701204061508	0.0
0.0064690010622143745	0.0
0.015037776902318	0.0
0.04872811585664749	0.0
0.17139899730682373	0.0
0.1984422504901886	0.0
0.002356852637603879	0.0
0.026400933042168617	0.0
0.007642264012247324	0.0
0.08033204078674316	1.0
0.0985804945230484	0.0
0.07286370545625687	1.0
0.04167770966887474	0.0
0.004700218793004751	0.0
0.002082053106278181	0.0
0.18250660598278046	0.0
0.006082493346184492	0.0
0.06479157507419586	0.0
0.017554713413119316	0.0
0.07345091551542282	0.0
0.03986619785428047	0.0
0.0014155780663713813	0.0
0.015042148530483246	0.0
0.07464706897735596	0.0
0.019310109317302704	0.0
0.0838121771812439	0.0
0.0020828954875469208	0.0
0.07209035009145737	0.0
0.01532679982483387	0.0
0.14296114444732666	0.0
0.05267322063446045	0.0
0.052447833120822906	0.0
0.0009941509924829006	0.0
0.10092274099588394	0.0
0.07012129575014114	0.0
0.004701961297541857	0.0
0.02079993300139904	0.0
0.003327402053400874	0.0
0.18519116938114166	0.0
0.050158265978097916	0.0
0.002891812939196825	0.0
0.10825853049755096	0.0
0.003809374989941716	0.0
0.020480355247855186	0.0
0.03230978548526764	0.0
0.05055615305900574	0.0
0.024776123464107513	0.0
0.20086044073104858	0.0
0.20447809994220734	0.0
0.031512416899204254	0.0
0.022385774180293083	0.0
0.04356500133872032	0.0
0.008789886720478535	0.0
0.2116885781288147	1.0
0.08453625440597534	0.0
0.13736869394779205	0.0
0.04694725573062897	0.0
0.13390874862670898	0.0
0.15527062118053436	0.0
0.0389028899371624	0.0
0.08937084674835205	0.0
0.08540602773427963	0.0
0.06675933301448822	0.0
0.04079560190439224	0.0
0.004140421748161316	0.0
0.045860957354307175	0.0
0.0737626850605011	0.0
0.015389441512525082	0.0
0.2114437371492386	0.0
0.014282988384366035	0.0
0.030571606010198593	0.0
0.05187498778104782	0.0
0.11258833110332489	0.0
0.2116885781288147	0.0
0.02573472261428833	0.0
0.030423186719417572	0.0
0.014742798171937466	0.0
0.04764857143163681	0.0
0.037905119359493256	0.0
0.019106529653072357	0.0
0.011892223730683327	0.0
0.130839005112648	0.0
0.20903104543685913	0.0
0.005203423090279102	0.0
0.2116885781288147	0.0
0.13956524431705475	1.0
0.04129740968346596	0.0
0.009594112634658813	0.0
0.20951364934444427	1.0
0.01904834248125553	0.0
0.013912076130509377	0.0
0.06934183090925217	0.0
0.0734093114733696	0.0
0.09510946273803711	0.0
0.026909582316875458	0.0
0.2116885781288147	1.0
0.0033108533825725317	0.0
0.0032686623744666576	0.0
0.016651956364512444	0.0
0.017496313899755478	0.0
0.03092244453728199	0.0
0.2116885781288147	1.0
0.05641493201255798	0.0
0.022705435752868652	0.0
0.0015899485442787409	0.0
0.0014178757555782795	0.0
0.03992123529314995	0.0
0.060314275324344635	0.0
0.017675427719950676	0.0
0.09676312655210495	0.0
0.03441246971487999	0.0
0.10520675778388977	0.0
0.05220036581158638	1.0
0.014257981441915035	0.0
0.0007647586171515286	0.0
0.017560454085469246	0.0
0.0009305589483119547	0.0
0.18602927029132843	0.0
0.0027483918238431215	0.0
0.1251150369644165	0.0
0.0529237762093544	0.0
0.004920607432723045	0.0
0.2116885781288147	0.0
0.020380603149533272	0.0
0.18768221139907837	0.0
0.0004465430392883718	0.0
0.005139459855854511	0.0
0.05297251418232918	0.0
0.061584942042827606	0.0
0.0008378108614124358	0.0
0.2116885781288147	1.0
0.004935417789965868	0.0
0.016935240477323532	0.0
0.042288001626729965	0.0
0.0973573699593544	0.0
0.0901980847120285	0.0
0.001150410738773644	0.0
0.006812168750911951	0.0
0.004437664523720741	0.0
0.17180980741977692	0.0
0.05425179749727249	0.0
0.03017352893948555	0.0
0.0035244079772382975	0.0
0.004602882545441389	0.0
0.007144828327000141	0.0
0.008214695379137993	0.0
0.008883895352482796	0.0
0.06816069036722183	0.0
0.0011980303097516298	0.0
0.05603495612740517	0.0
0.0407433807849884	0.0
0.10683637857437134	0.0
0.036695025861263275	0.0
0.2116885781288147	0.0
0.012992392294108868	0.0
0.2116885781288147	0.0
0.002280265325680375	0.0
0.16199970245361328	0.0
0.016072969883680344	0.0
0.006891634780913591	0.0
0.07426081597805023	0.0
0.2116885781288147	1.0
0.21168403327465057	0.0
0.009872562251985073	0.0
0.005708659067749977	0.0
0.037446774542331696	0.0
0.09509298950433731	0.0
0.05293886736035347	0.0
0.018589317798614502	0.0
0.1892935335636139	0.0
0.011099060997366905	0.0
0.01542244479060173	0.0
0.12033531814813614	0.0
0.08601603657007217	0.0
0.02563757263123989	0.0
0.17566387355327606	0.0
0.01064674835652113	0.0
0.2116885781288147	1.0
0.025365110486745834	0.0
0.01786310411989689	0.0
0.029943110421299934	0.0
0.09578073024749756	0.0
0.022374765947461128	0.0
0.0004187633458059281	0.0
0.025647329166531563	0.0
0.01890167035162449	0.0
0.047730952501297	0.0
0.009622585028409958	0.0
0.003422048408538103	0.0
0.039952997118234634	0.0
0.06765561550855637	0.0
0.02643577568233013	0.0
0.03869805485010147	0.0
0.002985304454341531	0.0
0.06636229157447815	0.0
0.15268434584140778	0.0
0.02887568064033985	0.0
0.010586244985461235	0.0
0.01775529980659485	0.0
0.20585137605667114	0.0
0.11100535094738007	0.0
0.01149829663336277	0.0
0.016834350302815437	0.0
0.053107116371393204	0.0
0.042901501059532166	0.0
0.0009978128364309669	0.0
0.012756521813571453	0.0
0.12012286484241486	0.0
0.04963512718677521	0.0
0.02484390139579773	0.0
0.0019242687849327922	0.0
0.011999168433248997	0.0
0.09197607636451721	0.0
0.16381150484085083	0.0
0.048467375338077545	0.0
0.011534949764609337	0.0
0.008818550035357475	0.0
0.1441887468099594	0.0
0.04317648708820343	0.0
0.045538801699876785	0.0
0.04251990094780922	0.0
0.04183436930179596	0.0
0.2048131227493286	0.0
0.04381536319851875	0.0
0.06800583750009537	0.0
0.006785894278436899	0.0
0.2116885781288147	0.0
0.02485680766403675	0.0
0.026506643742322922	0.0
0.15971265733242035	0.0
0.0028757296968251467	0.0
0.055838555097579956	0.0
0.027013398706912994	0.0
0.026920296251773834	0.0
0.002499416470527649	0.0
0.03220406919717789	0.0
0.007904497906565666	0.0
0.038975972682237625	0.0
0.04182243347167969	0.0
0.020507443696260452	0.0
0.0167987160384655	0.0
0.042472850531339645	0.0
0.0066215344704687595	0.0
0.003219768637791276	0.0
0.21042880415916443	1.0
0.21058520674705505	0.0
0.06348983198404312	0.0
0.019582698121666908	0.0
0.018850715830922127	0.0
0.05061323195695877	0.0
0.07624565809965134	0.0
0.13192924857139587	1.0
0.01753789559006691	0.0
0.02850561961531639	0.0
0.006722823716700077	0.0
0.0420629121363163	0.0
0.07698583602905273	0.0
0.002061716979369521	0.0
0.0379338376224041	0.0
0.047288041561841965	0.0
0.033963751047849655	0.0
0.07326832413673401	0.0
0.15484395623207092	0.0
0.0545792430639267	0.0
0.03433934599161148	0.0
0.005038754548877478	0.0
0.021687107160687447	0.0
0.16047248244285583	0.0
0.008758158423006535	0.0
0.16117121279239655	0.0
0.012973126955330372	0.0
0.02184375189244747	0.0
0.0076659079641103745	0.0
0.043290235102176666	0.0
0.007574431132525206	0.0
0.2116885781288147	1.0
0.2116885781288147	0.0
0.018142905086278915	0.0
0.006819244474172592	0.0
0.09160827100276947	0.0
0.03550763428211212	0.0
0.010237632319331169	0.0
0.05470989644527435	1.0
0.016378533095121384	0.0
0.01844676025211811	0.0
0.04332573711872101	0.0
0.023997681215405464	0.0
0.018084142357110977	0.0
0.022579191252589226	0.0
0.04983155429363251	0.0
0.04464274272322655	0.0
0.08763811737298965	0.0
0.013098753057420254	0.0
0.012403750792145729	0.0
0.016047395765781403	0.0
0.009723896160721779	0.0
0.2116885781288147	1.0
0.02408621460199356	0.0
0.21152672171592712	0.0
0.17975418269634247	1.0
0.08936197310686111	0.0
0.06005391106009483	0.0
0.01970553584396839	0.0
0.012742884457111359	0.0
0.10833415389060974	0.0
0.04832730069756508	0.0
0.05673704296350479	0.0
0.0057029700838029385	0.0
0.0346698984503746	0.0
0.06868881732225418	0.0
0.053008586168289185	0.0
0.051419392228126526	0.0
0.21134653687477112	0.0
0.022267118096351624	0.0
0.07972133159637451	0.0
0.024415696039795876	0.0
0.0015863374574109912	0.0
0.02642669714987278	0.0
0.0317181721329689	0.0
0.2116885781288147	0.0
0.00912182591855526	0.0
0.0318199023604393	0.0
0.029925048351287842	0.0
0.010804903693497181	0.0
0.2116885781288147	0.0
0.013798278756439686	0.0
0.0279091764241457	0.0
0.02650563418865204	0.0
0.046971578150987625	0.0
0.04992569610476494	0.0
0.15478385984897614	0.0
0.06525630503892899	0.0
0.21168075501918793	1.0
0.16730427742004395	1.0
0.010466068983078003	0.0
0.06114737689495087	0.0
0.0050420016050338745	0.0
0.030755145475268364	0.0
0.011889809742569923	0.0
0.07580627501010895	0.0
0.005141174420714378	0.0
0.01922682113945484	0.0
0.2116885781288147	1.0
0.04364251345396042	0.0
0.20105022192001343	0.0
0.0004350172239355743	0.0
0.0022863117046654224	0.0
0.065665103495121	0.0
0.20224347710609436	0.0
0.05502886325120926	0.0
0.10039544105529785	0.0
0.047001056373119354	0.0
0.015725983306765556	0.0
0.06839928030967712	0.0
0.11735504120588303	0.0
0.03604122996330261	0.0
0.020386649295687675	0.0
0.0009124742355197668	0.0
0.20592348277568817	1.0
0.044678568840026855	0.0
0.009366808459162712	0.0
0.09926070272922516	0.0
0.07323278486728668	0.0
0.211470365524292	0.0
0.046174194663763046	0.0
0.014704227447509766	0.0
0.04103141650557518	0.0
0.05069351941347122	1.0
0.06561191380023956	0.0
0.2116885781288147	1.0
0.007291865535080433	0.0
0.01379568874835968	0.0
0.0674671158194542	0.0
0.030706273391842842	0.0
0.05943475663661957	0.0
0.0005920902476646006	0.0
0.027383828535676003	0.0
0.008097654208540916	0.0
0.06469996273517609	0.0
0.007684287615120411	0.0
0.062206003814935684	0.0
0.00691484147682786	0.0
0.17167066037654877	0.0
0.021347230300307274	0.0
0.2115587294101715	0.0
0.003470929339528084	0.0
0.016203943639993668	0.0
0.026190171018242836	0.0
0.0019127648556604981	0.0
0.10129278153181076	1.0
0.18544605374336243	0.0
0.030935879796743393	0.0
0.023284081369638443	0.0
0.014473702758550644	0.0
0.012073295190930367	0.0
0.05177425593137741	0.0
0.0052706534042954445	0.0
0.0035743059124797583	0.0
0.03478788584470749	0.0
0.11877813935279846	0.0
0.024734390899538994	0.0
0.054387472569942474	0.0
0.18321667611598969	0.0
0.0016070298152044415	0.0
0.001715908758342266	0.0
0.03651057928800583	0.0
0.15617738664150238	1.0
0.1573367565870285	0.0
0.05314458906650543	0.0
0.05615721270442009	0.0
0.03217856585979462	0.0
0.0215506162494421	0.0
0.018235282972455025	0.0
0.21120312809944153	1.0
0.05770215392112732	0.0
0.0213882215321064	0.0
0.18664684891700745	0.0
0.04208739846944809	0.0
0.0031674406491219997	0.0
0.05725517123937607	0.0
0.055540718138217926	0.0
0.07384877651929855	1.0
0.07749146968126297	0.0
0.00035474752075970173	0.0
0.029335685074329376	0.0
0.2101799100637436	1.0
0.07277999818325043	0.0
0.21116459369659424	0.0
0.13214844465255737	0.0
0.03719809651374817	0.0
0.006328816991299391	0.0
0.03239629417657852	0.0
0.03118729591369629	0.0
0.008120774291455746	0.0
0.19163230061531067	1.0
0.19917768239974976	1.0
0.07446363568305969	0.0
0.005355027504265308	0.0
0.03001137636601925	0.0
0.15413251519203186	0.0
0.012645692564547062	0.0
0.05256662517786026	0.0
0.022887589409947395	0.0
0.020483149215579033	1.0
0.017313199117779732	0.0
0.010267469100654125	0.0
0.16511906683444977	0.0
0.004876129794865847	0.0
0.013306553475558758	0.0
0.06786151230335236	0.0
0.21127940714359283	0.0
0.018382126465439796	0.0
0.0058881258592009544	0.0
0.08443335443735123	0.0
0.04139052703976631	0.0
0.04024531692266464	0.0
0.013312790542840958	0.0
0.21162724494934082	0.0
0.04869598522782326	0.0
0.024794377386569977	0.0
0.0047431462444365025	0.0
0.04256352409720421	1.0
0.06662198156118393	0.0
0.021541811525821686	0.0
0.0035862461663782597	0.0
0.07927743345499039	0.0
0.025777066126465797	0.0
0.04452132806181908	0.0
0.04691062122583389	0.0
0.002169347135350108	0.0
0.017868919298052788	0.0
0.014760054647922516	0.0
0.0054109347984194756	0.0
0.029410401359200478	0.0
0.0026877259369939566	0.0
0.0005521478014998138	0.0
0.004134370479732752	0.0
0.08924739062786102	0.0
0.1263991892337799	0.0
0.012200993485748768	0.0
0.014282028190791607	0.0
0.05199681594967842	0.0
0.08582400530576706	0.0
0.20910616219043732	1.0
0.0707564651966095	0.0
0.020210301503539085	0.0
0.02417658641934395	0.0
0.01502108946442604	0.0
0.1127888411283493	0.0
0.006589999422430992	0.0
0.0304543599486351	0.0
0.2045404464006424	0.0
0.21102941036224365	0.0
0.003081639064475894	0.0
0.014925959520041943	0.0
0.04426678270101547	0.0
0.10774439573287964	0.0
0.060023777186870575	0.0
0.04091973975300789	0.0
0.0014775447780266404	0.0
0.15995043516159058	0.0
0.013984479941427708	0.0
0.031038569286465645	0.0
0.02128865197300911	0.0
0.0885874330997467	0.0
0.016586650162935257	0.0
0.07202790677547455	0.0
0.20358611643314362	0.0
0.08500096946954727	0.0
0.045598432421684265	0.0
0.0029648325871676207	0.0
0.06346090137958527	0.0
0.04283446818590164	0.0
0.1266661137342453	0.0
0.06862197071313858	0.0
0.03031938336789608	0.0
0.021422183141112328	0.0
0.0723407194018364	1.0
0.06703323125839233	0.0
0.005926941055804491	0.0
0.21139991283416748	0.0
0.006849085446447134	0.0
0.06827358156442642	1.0
0.06580793112516403	1.0
0.008517453446984291	0.0
0.21099212765693665	1.0
0.018129151314496994	0.0
0.21035470068454742	0.0
0.04741228371858597	0.0
0.2059592455625534	0.0
0.009716250002384186	0.0
0.00549890985712409	0.0
0.08088929951190948	0.0
0.19140784442424774	0.0
0.091952383518219	0.0
0.0663985162973404	0.0
0.015809189528226852	0.0
0.021816270425915718	0.0
0.14082218706607819	0.0
0.2116885781288147	0.0
0.02024860680103302	0.0
0.2116885781288147	0.0
0.10436262935400009	0.0
0.07011295855045319	0.0
0.05578156188130379	0.0
0.03647591546177864	0.0
0.006173557136207819	0.0
0.028377389535307884	0.0
0.09195692837238312	0.0
0.001979441847652197	0.0
0.009178134612739086	0.0
0.004274856299161911	0.0
0.2116885781288147	0.0
0.1852828711271286	0.0
0.02870706282556057	0.0
0.06756104528903961	0.0
0.09191901981830597	0.0
0.04677991569042206	0.0
0.0024404816795140505	0.0
0.001498156925663352	0.0
0.2116885781288147	1.0
0.2116885781288147	0.0
0.003438674146309495	0.0
0.1230509802699089	0.0
0.049624003469944	0.0
0.008858036249876022	0.0
0.04781322553753853	0.0
0.03638925030827522	0.0
0.011376759968698025	0.0
0.01440935768187046	0.0
0.05498794466257095	0.0
0.022501008585095406	0.0
4.8859368689591065e-05	0.0
0.08927152305841446	0.0
0.013002070598304272	0.0
0.013298485428094864	0.0
0.008581261150538921	0.0
0.006279595661908388	0.0
0.0025567852426320314	0.0
0.02417459525167942	0.0
0.05535171180963516	0.0
0.09548133611679077	0.0
0.06523571908473969	0.0
0.0033398864325135946	0.0
0.0015578994061797857	0.0
0.03209732845425606	0.0
0.02587703801691532	0.0
0.04775970056653023	0.0
0.051877379417419434	0.0
0.05668451637029648	0.0
0.021327843889594078	0.0
0.004334556870162487	0.0
0.022292524576187134	0.0
0.02834198996424675	0.0
0.007998437620699406	0.0
0.013845568522810936	0.0
0.007537233177572489	0.0
0.022045502439141273	0.0
0.033376168459653854	0.0
0.03720734640955925	0.0
0.026286648586392403	0.0
0.024656156077980995	0.0
0.001326037454418838	0.0
0.042098917067050934	0.0
0.0012528097722679377	0.0
0.06337394565343857	0.0
0.005352189298719168	0.0
0.04352085664868355	0.0
0.08809062838554382	0.0
0.2116885781288147	1.0
0.005898084957152605	0.0
0.04758622869849205	0.0
0.1505330353975296	0.0
0.009726720862090588	0.0
0.03936360403895378	0.0
0.15345706045627594	0.0
0.20105481147766113	1.0
0.013357806019484997	0.0
0.17182831466197968	0.0
0.20881317555904388	0.0
0.057598818093538284	0.0
0.006947103422135115	0.0
0.0342521071434021	0.0
0.0058762142434716225	0.0
0.10260893404483795	0.0
0.013289246708154678	0.0
0.2116885781288147	0.0
0.012851220555603504	0.0
0.06242697313427925	0.0
0.21155500411987305	1.0
0.1402146965265274	0.0
0.09290613979101181	0.0
0.018632322549819946	0.0
0.011438718996942043	0.0
0.11848779767751694	0.0
0.0018247319385409355	0.0
0.003263606457039714	0.0
0.05684846267104149	0.0
0.007698170840740204	0.0
0.01343751884996891	0.0
0.022034626454114914	0.0
0.02284041792154312	0.0
0.007755492813885212	0.0
0.03098902851343155	0.0
0.0005111933569423854	0.0
0.10776261240243912	0.0
0.03893643990159035	0.0
0.09164410829544067	0.0
0.019929707050323486	0.0
0.03499787300825119	0.0
0.006878628861159086	0.0
0.01127268373966217	0.0
0.2116885781288147	1.0
0.01294217724353075	0.0
0.12692345678806305	0.0
0.18888011574745178	1.0
0.019153621047735214	0.0
0.020466526970267296	0.0
0.010740125551819801	0.0
0.0162112507969141	0.0
0.11254522949457169	0.0
0.037049517035484314	0.0
0.021554507315158844	0.0
0.056236494332551956	0.0
0.014818464405834675	0.0
0.16813407838344574	0.0
0.1076752319931984	0.0
0.026385212317109108	0.0
0.07106398046016693	0.0
0.032137587666511536	0.0
0.03711223974823952	0.0
0.003519974648952484	0.0
0.0007580298115499318	0.0
0.024274539202451706	0.0
0.005226550158113241	0.0
0.015414852648973465	0.0
0.002163379918783903	0.0
0.04452148452401161	0.0
0.03941113501787186	0.0
0.017613554373383522	0.0
0.016749462112784386	0.0
0.0004181283002253622	0.0
0.015238214284181595	0.0
0.1075645238161087	0.0
0.0014742068015038967	0.0
0.008490524254739285	0.0
0.00999465212225914	0.0
0.21154902875423431	0.0
0.14474789798259735	0.0
0.020440084859728813	0.0
0.026849500834941864	0.0
0.06269241869449615	0.0
0.07270939648151398	0.0
0.030090173706412315	0.0
0.05370454490184784	0.0
0.14483784139156342	0.0
0.0212582815438509	0.0
0.1573707014322281	1.0
0.01816895231604576	0.0
0.039414722472429276	0.0
0.010061844252049923	0.0
0.20851550996303558	0.0
0.03731599077582359	0.0
0.11651354283094406	0.0
0.04593273252248764	0.0
0.0011381192598491907	0.0
0.17530067265033722	0.0
0.15785010159015656	1.0
0.00470381136983633	0.0
0.004745981190353632	0.0
0.1823112517595291	1.0
0.010140003636479378	0.0
0.07566185295581818	0.0
0.025909537449479103	0.0
0.033664967864751816	0.0
0.010854242369532585	0.0
0.11516496539115906	0.0
0.04843850061297417	0.0
0.0028255521319806576	0.0
0.2111525982618332	1.0
0.16268004477024078	0.0
0.048778507858514786	0.0
0.06288572400808334	0.0
0.2116885781288147	0.0
0.2116885781288147	0.0
0.005060703959316015	0.0
0.003425753442570567	0.0
0.21168768405914307	0.0
0.07016605883836746	0.0
0.028243442997336388	0.0
0.031230736523866653	0.0
0.03288739174604416	0.0
0.054282188415527344	0.0
0.08952510356903076	0.0
0.056075338274240494	0.0
0.0038747668731957674	0.0
0.023792793974280357	0.0
0.028915902599692345	0.0
0.027947694063186646	0.0
0.01608417183160782	0.0
0.00039017718518152833	0.0
0.03376329690217972	0.0
0.03451710194349289	0.0
0.013180295005440712	0.0
0.10561712086200714	0.0
0.14205975830554962	0.0
0.04222331568598747	0.0
0.1388508677482605	0.0
0.15006017684936523	0.0
0.0919521301984787	0.0
0.06398506462574005	0.0
0.055531665682792664	0.0
0.019158996641635895	0.0
0.1373239904642105	0.0
0.06488773971796036	0.0
0.004014418926090002	0.0
0.0053064231760799885	0.0
0.04790723696351051	0.0
0.008872302249073982	0.0
0.035581931471824646	0.0
0.01827254705131054	0.0
0.02426934614777565	0.0
0.02312547340989113	0.0
0.013328381814062595	0.0
0.03214957192540169	0.0
0.052224673330783844	0.0
0.001312703243456781	0.0
0.1039593368768692	0.0
0.01586105301976204	0.0
0.03773316740989685	0.0
0.0036794403567910194	0.0
0.003752104239538312	0.0
0.011668754741549492	0.0
0.022088760510087013	0.0
0.11694751679897308	0.0
0.006086391396820545	0.0
0.16849106550216675	0.0
0.14573948085308075	0.0
0.2115294188261032	0.0
0.0406552292406559	0.0
0.12270306795835495	0.0
0.04813007637858391	0.0
0.001964756054803729	0.0
0.031458571553230286	0.0
0.06616747379302979	0.0
0.18057358264923096	0.0
0.030336912721395493	0.0
0.0026217501144856215	0.0
0.06030471622943878	0.0
0.0746341422200203	0.0
0.08170778304338455	0.0
0.009183184243738651	0.0
0.014514952898025513	0.0
0.18699033558368683	0.0
0.0225868858397007	0.0
0.002507889410480857	0.0
0.21166782081127167	0.0
0.0024091042578220367	0.0
0.0077026705257594585	0.0
0.21164444088935852	0.0
0.002341300481930375	0.0
0.09213116765022278	0.0
0.027464769780635834	0.0
0.0026125519070774317	0.0
0.07611940056085587	0.0
0.17662620544433594	0.0
0.0983053669333458	0.0
0.004398640710860491	0.0
0.040404945611953735	0.0
0.006090514827519655	0.0
0.13029909133911133	0.0
0.0061149573884904385	0.0
0.022374264895915985	0.0
0.005303175188601017	0.0
0.002101113321259618	0.0
0.030680082738399506	0.0
0.04913758486509323	1.0
0.025998186320066452	0.0
0.052257996052503586	0.0
0.015252710320055485	0.0
0.0036206874065101147	0.0
0.01917191408574581	0.0
0.017898768186569214	0.0
0.04093417152762413	0.0
0.2116885781288147	1.0
0.0020102551206946373	0.0
0.11844205111265182	0.0
0.0173812173306942	0.0
0.007669452577829361	0.0
0.15796509385108948	0.0
0.03114069625735283	0.0
0.008586471900343895	0.0
0.08024723082780838	0.0
0.03416994586586952	0.0
0.0010447551030665636	0.0
0.025758644565939903	0.0
0.012139036320149899	0.0
0.09106183052062988	0.0
0.06921378523111343	0.0
0.04314151778817177	0.0
0.02215665765106678	0.0
0.06652546674013138	0.0
0.026503628119826317	0.0
0.017045438289642334	0.0
0.0027752539608627558	0.0
0.13656900823116302	0.0
0.20806100964546204	0.0
0.013813911005854607	0.0
0.014426427893340588	0.0
0.0470045804977417	0.0
0.009395700879395008	0.0
0.03761190548539162	0.0
0.10342899709939957	0.0
0.20899979770183563	0.0
0.2109823226928711	0.0
0.0075164660811424255	0.0
0.028820347040891647	1.0
0.08038806170225143	0.0
0.07597371935844421	0.0
0.007449155207723379	0.0
0.062285032123327255	0.0
0.20622603595256805	0.0
0.06019691750407219	0.0
0.029196936637163162	0.0
0.0066702296026051044	0.0
0.010093730874359608	0.0
0.17893213033676147	0.0
0.21132813394069672	0.0
0.007670639082789421	0.0
0.004520603455603123	0.0
0.011381709948182106	0.0
0.039471957832574844	0.0
0.07644792646169662	0.0
0.11303200572729111	0.0
0.05497892200946808	0.0
0.0008677180157974362	0.0
0.1489364057779312	0.0
0.02574150264263153	0.0
0.01104555930942297	0.0
0.01072126068174839	0.0
0.017731323838233948	0.0
0.1099884957075119	1.0
0.012958945706486702	0.0
0.0014447998255491257	0.0
0.09799335896968842	0.0
0.011622773483395576	0.0
0.05697657912969589	0.0
0.012496281415224075	0.0
0.05429118871688843	0.0
0.0019766788464039564	0.0
0.010797088034451008	0.0
0.001086884061805904	0.0
0.012736833654344082	0.0
0.008549482561647892	0.0
0.007896611467003822	0.0
0.005572894122451544	0.0
0.01458250917494297	0.0
0.01986750215291977	0.0
0.05836011841893196	0.0
0.03958951309323311	0.0
0.03972118720412254	0.0
0.013679012656211853	0.0
0.059698257595300674	0.0
0.027033530175685883	0.0
0.0029659601859748363	0.0
0.21110762655735016	0.0
0.20642076432704926	1.0
0.003459120634943247	0.0
0.029700394719839096	0.0
0.04269552603363991	0.0
0.012960677966475487	0.0
0.008358837105333805	0.0
0.0016186777502298355	0.0
0.04229360073804855	0.0
0.042948007583618164	0.0
0.022346653044223785	0.0
0.04786033555865288	0.0
0.0678267702460289	0.0
0.018773281946778297	0.0
0.017201634123921394	0.0
0.0039403410628438	0.0
0.012898623012006283	0.0
0.010099097155034542	0.0
0.13290636241436005	0.0
0.003293804358690977	0.0
0.02316880412399769	0.0
0.005273548886179924	0.0
0.017483606934547424	0.0
0.05591091513633728	0.0
0.08461348712444305	0.0
0.0021271221339702606	0.0
0.042333848774433136	0.0
0.21154238283634186	0.0
0.20990556478500366	1.0
0.035096291452646255	0.0
0.04121611639857292	0.0
0.011069163680076599	0.0
0.12558647990226746	0.0
0.004035660065710545	0.0
0.16016486287117004	0.0
0.07263066619634628	0.0
0.1549859642982483	1.0
0.007808282505720854	0.0
0.006568884011358023	0.0
0.08539359271526337	0.0
0.010691921226680279	0.0
0.015471228398382664	0.0
0.032318152487277985	0.0
0.008192692883312702	0.0
0.04998943582177162	0.0
0.008375216275453568	0.0
0.009885832667350769	0.0
0.08887390047311783	0.0
0.0035522019024938345	0.0
0.018596269190311432	0.0
0.026695985347032547	0.0
0.02071925811469555	0.0
0.03314287215471268	0.0
0.2116885781288147	0.0
0.07071611285209656	0.0
0.000749400700442493	0.0
0.016861822456121445	0.0
0.2052682489156723	1.0
0.04571358859539032	0.0
0.009118154644966125	0.0
0.011742032133042812	0.0
0.0522778257727623	0.0
0.006364325061440468	0.0
0.017265336588025093	0.0
0.052549026906490326	0.0
0.2003038227558136	1.0
0.2116885781288147	0.0
0.005164001137018204	0.0
0.027101857587695122	0.0
0.03790223225951195	0.0
0.002578404964879155	0.0
0.06098700314760208	0.0
0.03389890491962433	0.0
0.0016160436207428575	0.0
0.0936034545302391	0.0
0.0025351184885948896	0.0
0.02767193131148815	0.0
0.008090614341199398	0.0
0.019675154238939285	0.0
0.02838865853846073	0.0
0.022660700604319572	0.0
0.012416779063642025	0.0
0.05710368603467941	0.0
0.005848607514053583	0.0
0.0031723554711788893	0.0
0.051415398716926575	0.0
0.04338390380144119	0.0
0.0075117372907698154	0.0
0.0158572718501091	0.0
0.006317018996924162	0.0
0.0007459219777956605	0.0
0.04211399704217911	0.0
0.007711418438702822	0.0
0.017353909090161324	0.0
0.009035180322825909	0.0
0.007905092090368271	0.0
0.0004568255681078881	0.0
0.02334228903055191	0.0
0.06934862583875656	0.0
0.05423785373568535	0.0
0.014216610230505466	0.0
0.021218495443463326	0.0
0.039720259606838226	0.0
0.0036319191567599773	0.0
0.09377152472734451	1.0
0.03669839724898338	0.0
0.10949384421110153	0.0
0.06585121154785156	0.0
0.009387316182255745	0.0
0.006299452390521765	0.0
0.03118334338068962	0.0
0.014789477922022343	0.0
0.040726188570261	0.0
0.01499960757791996	0.0
0.2116885781288147	0.0
0.033045440912246704	0.0
0.059830278158187866	0.0
0.007490206975489855	0.0
0.01814776472747326	0.0
0.028507733717560768	0.0
0.04095829650759697	0.0
0.023516284301877022	0.0
0.012422007508575916	0.0
0.05858559533953667	0.0
0.02089007757604122	0.0
0.006502541247755289	0.0
0.19907131791114807	0.0
0.0037712673656642437	0.0
0.012461618520319462	0.0
0.0041637481190264225	0.0
0.015060528181493282	0.0
0.17718887329101562	1.0
0.0485592745244503	0.0
0.014278222806751728	0.0
0.06114617735147476	0.0
0.032604534178972244	0.0
0.1358417570590973	0.0
0.09681326895952225	0.0
0.009863887913525105	0.0
0.009470031596720219	0.0
0.04336980730295181	0.0
0.07436497509479523	0.0
0.002118203556165099	0.0
0.0799722746014595	0.0
0.1884131282567978	0.0
0.020612318068742752	0.0
0.030676815658807755	0.0
0.010427072644233704	0.0
0.09989961981773376	0.0
0.060029879212379456	0.0
0.15730421245098114	0.0
0.03525308147072792	0.0
0.016261640936136246	0.0
0.06515196710824966	1.0
0.0433962345123291	0.0
0.07107128947973251	0.0
0.011701310984790325	0.0
0.07417568564414978	0.0
0.007343764882534742	0.0
0.027128716930747032	0.0
0.038280751556158066	0.0
0.0008140221470966935	0.0
0.15165264904499054	0.0
0.012798565439879894	0.0
0.0075471056625247	0.0
0.00992691982537508	0.0
0.045046474784612656	0.0
0.20919962227344513	0.0
0.02330215647816658	0.0
0.018221141770482063	0.0
0.01992134563624859	0.0
0.005461840890347958	0.0
0.014631803147494793	0.0
0.031352005898952484	0.0
0.026573600247502327	0.0
0.026299649849534035	0.0
0.041644830256700516	0.0
0.0666746273636818	0.0
0.014898278750479221	0.0
0.11946138739585876	0.0
0.02925853803753853	0.0
0.03532148897647858	0.0
0.0189280416816473	0.0
0.012360623106360435	0.0
0.14926321804523468	0.0
0.02900214120745659	0.0
0.006185698788613081	0.0
0.01823444478213787	0.0
0.003050144063308835	0.0
0.05084428936243057	0.0
0.013074728660285473	0.0
0.0031814202666282654	0.0
0.02817697636783123	0.0
0.033542096614837646	0.0
0.2083430141210556	0.0
0.001555882627144456	0.0
0.01604430191218853	0.0
0.03843607008457184	0.0
0.09359762072563171	0.0
0.016775500029325485	0.0
0.0009870374342426658	0.0
0.0026538947131484747	0.0
0.030705299228429794	0.0
0.027018243446946144	0.0
0.014924846589565277	0.0
0.022342674434185028	0.0
0.029820920899510384	0.0
0.04386306181550026	0.0
0.0033463737927377224	0.0
0.14115090668201447	0.0
0.011525454930961132	0.0
0.1326032131910324	0.0
0.02475481666624546	0.0
0.07092402875423431	0.0
0.04034561291337013	0.0
0.01843540370464325	0.0
0.046414270997047424	0.0
0.0700518786907196	0.0
0.02538643218576908	0.0
0.013155603781342506	0.0
0.2116885781288147	0.0
0.1469346135854721	0.0
0.00932551920413971	0.0
0.0025985948741436005	0.0
0.06567900627851486	0.0
0.05590135231614113	0.0
0.04497719928622246	0.0
0.025218654423952103	0.0
0.053281668573617935	0.0
0.07453294098377228	0.0
0.001449195551685989	0.0
0.006086048670113087	0.0
0.2116347700357437	0.0
0.015115942806005478	0.0
0.1347891241312027	0.0
0.2116885781288147	1.0
0.06980494409799576	0.0
0.006021774839609861	0.0
0.04517681151628494	0.0
0.025039974600076675	0.0
0.01512858271598816	0.0
0.008359512314200401	0.0
0.047754645347595215	0.0
0.03087478131055832	0.0
0.054682135581970215	0.0
0.04606812819838524	0.0
0.008517236448824406	0.0
0.2116885781288147	0.0
0.02858913689851761	0.0
0.05707744508981705	0.0
0.2116885781288147	1.0
0.0035576424561440945	0.0
0.00516078295186162	0.0
0.0600992850959301	0.0
0.015286337584257126	0.0
0.07702270150184631	0.0
0.2112148255109787	0.0
0.0419599749147892	0.0
0.022606663405895233	0.0
0.07197707891464233	0.0
0.14996770024299622	0.0
0.004411074332892895	0.0
0.028552614152431488	0.0
0.05379229038953781	0.0
0.13233205676078796	0.0
0.021238943561911583	0.0
0.0207382682710886	0.0
0.04168658331036568	0.0
0.16744528710842133	1.0
0.2116885781288147	0.0
0.002900900552049279	0.0
0.19287993013858795	0.0
0.015708206221461296	0.0
0.013875034637749195	0.0
0.025691678747534752	0.0
0.014126298017799854	0.0
0.030340692028403282	0.0
0.0024439969565719366	0.0
0.09529949724674225	0.0
0.006781332194805145	0.0
0.12612369656562805	1.0
0.18269038200378418	0.0
0.018961364403367043	0.0
0.0026600814890116453	0.0
0.09867415577173233	0.0
0.0027359100058674812	0.0
0.003361376700922847	0.0
0.05101844295859337	0.0
0.029455188661813736	0.0
0.014673392288386822	0.0
0.00910478737205267	0.0
0.05598922073841095	0.0
0.00874030590057373	0.0
0.19317509233951569	0.0
0.0007134434417821467	0.0
0.021314309909939766	0.0
0.003731431206688285	0.0
0.002120973076671362	0.0
0.029731621965765953	1.0
0.0591718852519989	0.0
0.04157179221510887	0.0
0.07255542278289795	0.0
0.03717322275042534	0.0
0.21154890954494476	1.0
0.007553719449788332	0.0
0.01686721481382847	0.0
0.04282892867922783	0.0
0.01033614482730627	0.0
0.10894619673490524	0.0
0.033398836851119995	0.0
0.04443846642971039	0.0
0.034598588943481445	0.0
0.0971781313419342	1.0
0.2116885781288147	1.0
0.010940087027847767	0.0
0.022553812712430954	0.0
0.04547085985541344	0.0
0.02157522365450859	0.0
0.02796890027821064	0.0
0.2116885781288147	0.0
0.2116885781288147	1.0
0.2116885781288147	0.0
0.04368492215871811	0.0
0.009197360835969448	0.0
0.0036018365062773228	0.0
0.037733837962150574	0.0
0.03142867237329483	0.0
0.02176085114479065	0.0
0.0028218626976013184	0.0
0.028814515098929405	0.0
0.21040713787078857	0.0
0.02422301098704338	0.0
0.0005728370160795748	0.0
0.04135887697339058	0.0
0.0018889523344114423	0.0
0.15897834300994873	0.0
0.05981452390551567	0.0
0.010815050452947617	0.0
0.0010337313869968057	0.0
0.02672080136835575	0.0
0.13638857007026672	0.0
0.01088415551930666	0.0
0.05360135808587074	0.0
0.2116885781288147	1.0
0.0013239375548437238	0.0
0.04475000128149986	0.0
0.005556260235607624	0.0
0.03933000937104225	0.0
0.026839299127459526	0.0
0.0030540511943399906	0.0
0.169502854347229	0.0
0.04566021263599396	0.0
0.0013488784898072481	0.0
0.036783214658498764	0.0
0.031490568071603775	0.0
0.058425117284059525	0.0
0.002112098503857851	0.0
0.09317031502723694	0.0
0.03630821406841278	0.0
0.045664697885513306	0.0
0.21039435267448425	0.0
0.06517020612955093	0.0
0.21021081507205963	0.0
0.0060713323764503	0.0
0.03296647220849991	0.0
0.003753965487703681	0.0
0.19035868346691132	0.0
0.027718747034668922	0.0
0.010216738097369671	0.0
0.01801593229174614	0.0
0.02286241576075554	0.0
0.10417620092630386	0.0
0.0037359241396188736	0.0
0.20902232825756073	0.0
0.09826399385929108	0.0
0.1423760950565338	0.0
0.054997965693473816	0.0
0.043926287442445755	0.0
0.09711940586566925	0.0
0.07354091852903366	0.0
0.005587129388004541	0.0
0.11942898482084274	0.0
0.011540913954377174	0.0
0.021648524329066277	0.0
0.006247680634260178	0.0
0.21151995658874512	1.0
0.1052970439195633	0.0
0.006775903049856424	0.0
0.19113002717494965	0.0
0.002992020919919014	0.0
0.019984396174550056	0.0
0.001798937562853098	0.0
0.0755108967423439	0.0
0.06558317691087723	0.0
0.2116885781288147	0.0
0.09353391826152802	0.0
0.017474541440606117	0.0
0.06378040462732315	0.0
0.020086171105504036	0.0
0.10386454313993454	0.0
0.004323445726186037	0.0
0.04816937819123268	0.0
0.20893046259880066	1.0
0.0081790154799819	0.0
0.013169384561479092	0.0
0.021631866693496704	0.0
0.022988034412264824	0.0
0.21168842911720276	0.0
0.0014518130337819457	0.0
0.14216618239879608	0.0
0.010070587508380413	0.0
0.11686860769987106	0.0
0.06159183755517006	0.0
0.046765539795160294	0.0
0.08909625560045242	0.0
0.0027695996686816216	0.0
0.007094295229762793	0.0
0.1431286782026291	0.0
0.09865937381982803	0.0
0.19603630900382996	0.0
0.013325842097401619	0.0
0.04085361957550049	0.0
0.11070974171161652	0.0
0.03864692896604538	0.0
0.014650680124759674	0.0
0.0661751925945282	0.0
0.1660163253545761	0.0
0.04313860461115837	0.0
0.0030349958688020706	0.0
0.04499787464737892	0.0
0.004473447799682617	0.0
0.019296938553452492	0.0
0.008417676202952862	0.0
0.012410465627908707	0.0
0.03979748860001564	0.0
0.012024128809571266	0.0
0.03034270741045475	0.0
0.03532704338431358	0.0
0.0058827693574130535	0.0
0.021658627316355705	0.0
0.08554332703351974	0.0
0.2116885781288147	1.0
0.020850183442234993	0.0
0.04538572579622269	0.0
0.018604617565870285	0.0
0.05687134340405464	0.0
0.010278541594743729	0.0
0.007673655170947313	0.0
0.01642344705760479	0.0
0.13732363283634186	1.0
0.04159114882349968	0.0
0.017962340265512466	0.0
0.026057647541165352	0.0
0.06700362265110016	0.0
0.008320022374391556	0.0
0.0029511686880141497	0.0
0.10227081179618835	0.0
0.040691666305065155	0.0
0.041274797171354294	0.0
0.0863008201122284	0.0
0.004762598779052496	0.0
0.1876518428325653	1.0
0.05462329089641571	0.0
0.002002053428441286	0.0
0.0759144052863121	0.0
0.01894053816795349	0.0
0.06598703563213348	0.0
0.06682562083005905	0.0
0.2116885781288147	0.0
0.15044838190078735	0.0
0.03406167030334473	0.0
0.0017768550897017121	0.0
0.007909625768661499	0.0
0.024325016885995865	0.0
0.19396500289440155	1.0
0.06573069840669632	0.0
0.025761287659406662	0.0
0.010341808199882507	0.0
0.0019388193031772971	0.0
0.08624374121427536	0.0
0.008584280498325825	0.0
0.011381769552826881	0.0
0.0664389356970787	0.0
0.20113053917884827	0.0
0.21044860780239105	0.0
0.02773226425051689	1.0
0.012339162640273571	0.0
0.04753100872039795	0.0
0.11416218429803848	0.0
0.12878024578094482	0.0
0.009924857877194881	0.0
0.21031059324741364	0.0
0.006464819423854351	0.0
0.025432532653212547	0.0
0.0022933543659746647	0.0
0.2116885781288147	0.0
0.01944006234407425	0.0
0.20913158357143402	0.0
0.001752919633872807	0.0
0.03140467032790184	0.0
0.04766610264778137	0.0
0.0025489209219813347	0.0
0.015550700016319752	0.0
0.20746365189552307	0.0
0.11799758672714233	0.0
0.010839369148015976	0.0
0.11766741424798965	1.0
0.2116885781288147	0.0
0.13668286800384521	0.0
0.00855815690010786	0.0
0.007975802756845951	0.0
0.2116885781288147	0.0
0.0023585944436490536	0.0
0.1724100559949875	0.0
0.012003012001514435	0.0
0.02325885184109211	0.0
0.04352123290300369	0.0
0.1236887127161026	0.0
0.0014061098918318748	0.0
0.03244921937584877	0.0
0.01077964436262846	0.0
0.010639362968504429	0.0
0.2116885781288147	1.0
0.047901421785354614	0.0
0.012960773892700672	0.0
0.18018552660942078	0.0
0.006713213864713907	0.0
0.11340279877185822	0.0
0.06551830470561981	0.0
0.041102416813373566	0.0
0.18116028606891632	1.0
0.14387279748916626	1.0
0.0326850488781929	0.0
0.13345876336097717	1.0
0.04349559172987938	0.0
0.09172078222036362	0.0
0.17854726314544678	0.0
0.06892703473567963	0.0
0.16907179355621338	0.0
0.019139643758535385	0.0
0.019446715712547302	0.0
0.01687013916671276	0.0
0.03686146438121796	0.0
0.025805534794926643	0.0
0.0580187551677227	0.0
0.1522730588912964	0.0
0.09917698800563812	0.0
0.04482848197221756	0.0
0.11930624395608902	0.0
0.026340121403336525	0.0
0.12644854187965393	1.0
0.047173719853162766	0.0
0.0021896667312830687	0.0
0.11075940728187561	0.0
0.006414196919649839	0.0
0.04715871438384056	1.0
0.0632835328578949	0.0
0.14215317368507385	0.0
0.002235354157164693	0.0
0.022479338571429253	0.0
0.029632272198796272	0.0
0.05649308115243912	0.0
0.020464960485696793	0.0
0.08058087527751923	0.0
0.029713042080402374	0.0
0.0017410507425665855	0.0
0.2116885781288147	1.0
0.017991019412875175	0.0
0.02321515791118145	0.0
0.016431590542197227	0.0
0.040258683264255524	0.0
0.028252441436052322	0.0
0.0008438515942543745	0.0
0.002671806374564767	0.0
0.0271297600120306	0.0
0.01232044119387865	0.0
0.035009291023015976	0.0
0.02544602006673813	0.0
0.0024427801836282015	0.0
0.011555714532732964	0.0
0.02934669889509678	0.0
0.0030461810529232025	0.0
0.01930827647447586	0.0
0.0590214878320694	0.0
0.16221588850021362	0.0
0.05076853558421135	0.0
0.029251551255583763	0.0
0.009224548935890198	0.0
0.002407937776297331	0.0
0.05248028412461281	0.0
0.21125350892543793	0.0
0.009790424257516861	0.0
0.014275295659899712	0.0
0.0079445606097579	0.0
0.05526711419224739	0.0
0.06992047280073166	0.0
0.008838795125484467	0.0
0.019136475399136543	0.0
0.2115476429462433	0.0
0.0015828266041353345	0.0
0.17538829147815704	0.0
0.005523881409317255	0.0
0.20589284598827362	0.0
0.0037720680702477694	0.0
0.01093741599470377	0.0
0.0030948896892368793	0.0
0.013601994141936302	0.0
0.14762751758098602	0.0
0.00257831159979105	0.0
0.02598061040043831	0.0
0.013964544981718063	0.0
0.006650207098573446	0.0
0.015948176383972168	0.0
0.001461472362279892	0.0
0.015803715214133263	0.0
0.01892739348113537	0.0
0.13423316180706024	0.0
0.08975166827440262	0.0
0.0036453220527619123	0.0
0.004117624368518591	0.0
0.0004656502860598266	0.0
0.04379943758249283	0.0
0.06800831109285355	0.0
0.019841361790895462	0.0
0.04929859936237335	0.0
0.01674060709774494	0.0
0.009220611304044724	0.0
0.0025793921668082476	0.0
0.013094943016767502	0.0
0.2116885781288147	0.0
0.020023347809910774	0.0
0.11108275502920151	0.0
0.1303822100162506	0.0
0.0688491016626358	0.0
0.16213802993297577	0.0
0.03991974890232086	0.0
0.08631204068660736	0.0
0.15515196323394775	0.0
0.21162250638008118	0.0
0.06107427924871445	0.0
0.019700489938259125	0.0
0.025946207344532013	0.0
0.04638708755373955	0.0
0.04916272312402725	0.0
0.21162258088588715	0.0
0.10328326374292374	0.0
0.2116885781288147	1.0
0.07433649152517319	0.0
0.18809878826141357	0.0
0.04272172972559929	0.0
0.04342793673276901	0.0
0.2114066630601883	1.0
0.01598513498902321	0.0
0.046203501522541046	0.0
0.10540664196014404	0.0
0.04045417532324791	0.0
0.014090263284742832	0.0
0.06869611144065857	0.0
0.052653856575489044	0.0
0.05133505538105965	0.0
0.013139795511960983	0.0
0.002990487962961197	0.0
0.1566707044839859	1.0
0.004446538630872965	0.0
0.0030114641413092613	0.0
0.009782342240214348	0.0
0.023137863725423813	0.0
0.001388387754559517	0.0
0.023413294926285744	0.0
0.10130570083856583	0.0
0.07195430248975754	0.0
0.03139946237206459	0.0
0.014833641238510609	0.0
0.005737983621656895	0.0
0.0664304792881012	0.0
0.015795068815350533	0.0
0.053198907524347305	0.0
0.040077708661556244	0.0
0.024424931034445763	0.0
0.027547113597393036	0.0
0.00394022511318326	0.0
0.008831128478050232	0.0
0.02164665423333645	0.0
0.2103225290775299	0.0
0.029814280569553375	0.0
0.06007152050733566	0.0
0.08440088480710983	0.0
0.021314827725291252	0.0
0.022626500576734543	0.0
0.007819551043212414	0.0
0.07417058944702148	0.0
0.20940686762332916	0.0
0.01470306795090437	0.0
0.11819364875555038	0.0
0.0098983533680439	0.0
0.03233827278017998	0.0
0.2116885781288147	1.0
0.08022312819957733	1.0
0.011496573686599731	0.0
0.05241243168711662	0.0
0.1320894956588745	0.0
0.1383458971977234	0.0
0.051400717347860336	0.0
0.014068467542529106	0.0
0.03860229253768921	0.0
0.0026741987094283104	0.0
0.026116549968719482	0.0
0.0021406065206974745	0.0
0.004627130459994078	0.0
0.0032259493600577116	0.0
0.0008181020384654403	0.0
0.023544376716017723	0.0
0.17860029637813568	0.0
0.02925673872232437	0.0
0.05346059426665306	0.0
0.19752122461795807	0.0
0.05584908649325371	0.0
0.006376173812896013	0.0
0.03986668959259987	0.0
0.006025209091603756	0.0
0.11137811839580536	0.0
0.00398845924064517	0.0
0.03884967043995857	0.0
0.07297410815954208	0.0
0.005222629755735397	0.0
0.0504814088344574	0.0
0.03457130119204521	0.0
0.02150304988026619	0.0
0.15856283903121948	0.0
0.02977045066654682	0.0
0.010214158333837986	0.0
0.055787213146686554	0.0
0.00877139437943697	0.0
0.09302004426717758	0.0
0.08085126429796219	0.0
0.04991807043552399	0.0
0.059709418565034866	0.0
0.06444723904132843	0.0
0.02635946311056614	0.0
0.09852683544158936	0.0
0.04303606599569321	0.0
0.12819063663482666	0.0
0.023048793897032738	0.0
0.039507634937763214	0.0
0.07643278688192368	0.0
0.02805146761238575	0.0
0.006691345479339361	0.0
0.18116337060928345	0.0
0.014638018794357777	0.0
0.022704580798745155	0.0
0.07184702157974243	0.0
0.17930930852890015	0.0
0.005279162432998419	0.0
0.029315922409296036	0.0
0.18128441274166107	0.0
0.10497928410768509	0.0
0.02682086080312729	0.0
0.03528715670108795	0.0
0.04937303066253662	0.0
0.01290205866098404	0.0
0.022102700546383858	0.0
0.16963796317577362	0.0
0.007889766246080399	0.0
0.004590217024087906	0.0
0.21025492250919342	0.0
0.018128149211406708	0.0
0.0009083875920623541	0.0
0.15750183165073395	0.0
0.21111081540584564	1.0
0.007331684697419405	0.0
0.08309905230998993	0.0
0.026850471273064613	0.0
0.029865100979804993	0.0
0.046363603323698044	0.0
0.18298187851905823	0.0
0.12537246942520142	0.0
0.05751533433794975	0.0
0.0013983933022245765	0.0
0.014443609863519669	0.0
0.08696887642145157	0.0
0.010496874339878559	0.0
0.013708877377212048	0.0
0.01099454052746296	1.0
0.018447700887918472	0.0
0.052729129791259766	0.0
0.008979949168860912	0.0
0.007970801554620266	0.0
0.05014311522245407	0.0
0.0032327440567314625	0.0
0.17641165852546692	0.0
0.0049894279800355434	0.0
0.12803836166858673	0.0
0.010612472891807556	0.0
0.0897296592593193	0.0
0.010588496923446655	0.0
0.014061061665415764	0.0
0.07788164913654327	0.0
0.15552319586277008	0.0
0.21130195260047913	0.0
0.027778245508670807	0.0
0.021842611953616142	0.0
0.05552736669778824	0.0
0.016128793358802795	0.0
0.10247592628002167	0.0
0.2116885781288147	0.0
0.050025418400764465	0.0
0.0034202926326543093	0.0
0.11084330826997757	0.0
0.0508645735681057	0.0
0.08194135874509811	0.0
0.004450267646461725	0.0
0.0530986487865448	0.0
0.06710917502641678	0.0
0.007143019232898951	0.0
0.11405923962593079	0.0
0.038481056690216064	0.0
0.053969889879226685	0.0
0.008072675205767155	0.0
0.2116885781288147	1.0
0.026230309158563614	0.0
0.044025175273418427	0.0
0.020807510241866112	0.0
0.2116885781288147	1.0
0.08847354352474213	0.0
0.01600578986108303	0.0
0.024718429893255234	0.0
0.21163056790828705	1.0
0.06459761410951614	0.0
0.11476775258779526	0.0
0.04490797594189644	0.0
0.01456911489367485	0.0
0.008040363900363445	0.0
0.013407536782324314	0.0
0.12009454518556595	0.0
0.20615088939666748	0.0
0.0033450759947299957	0.0
0.06216443330049515	0.0
0.00574767030775547	0.0
0.11901065707206726	0.0
0.014542424120008945	0.0
0.2085248827934265	0.0
0.03012734279036522	0.0
0.03492987900972366	0.0
0.03886738792061806	0.0
0.14904393255710602	0.0
0.2108353227376938	1.0
0.055622391402721405	0.0
0.1675771176815033	1.0
0.014830862171947956	0.0
0.01819385588169098	0.0
0.014712817035615444	0.0
0.1047561764717102	0.0
0.1209033653140068	0.0
0.0033342025708407164	0.0
0.007269691675901413	0.0
0.02331271953880787	0.0
0.06685847789049149	0.0
0.001961470115929842	0.0
0.08008768409490585	0.0
0.02040940336883068	0.0
0.008085916750133038	0.0
0.00494909193366766	0.0
0.21166758239269257	0.0
0.09905996918678284	0.0
0.02137913927435875	0.0
0.001621501985937357	0.0
0.2116885781288147	1.0
0.09503859281539917	0.0
0.18806910514831543	0.0
0.06603348255157471	0.0
0.03911065682768822	0.0
0.06781294196844101	0.0
0.04059431701898575	0.0
0.004982577171176672	0.0
0.08081962913274765	0.0
0.20135076344013214	0.0
0.006649967283010483	0.0
0.2116716355085373	1.0
0.03141693025827408	0.0
0.03715314716100693	0.0
0.0580616369843483	0.0
0.025301460176706314	0.0
0.02104557864367962	0.0
0.07516184449195862	0.0
0.02692570723593235	0.0
0.02049204893410206	0.0
0.023640917614102364	0.0
0.009459486231207848	0.0
0.018609534949064255	0.0
0.029692916199564934	0.0
0.13225898146629333	0.0
0.0017282383050769567	0.0
0.1171068623661995	0.0
0.04268033057451248	0.0
0.03365680202841759	0.0
0.026999911293387413	0.0
0.1294623166322708	0.0
0.0077979303896427155	0.0
0.04764624685049057	0.0
0.0072800531052052975	0.0
0.05762232467532158	0.0
0.03803010284900665	0.0
0.03637552261352539	0.0
0.051633041352033615	0.0
0.005446282681077719	0.0
0.01867772452533245	0.0
0.13521981239318848	0.0
0.13727663457393646	0.0
0.04424791783094406	0.0
0.13609081506729126	1.0
0.010061901994049549	0.0
0.16033600270748138	0.0
0.10824223607778549	0.0
0.04223465174436569	0.0
0.06180136650800705	1.0
0.010919386520981789	0.0
0.2116885781288147	0.0
0.06451599299907684	0.0
0.2116885781288147	1.0
0.03788931295275688	0.0
0.06822267174720764	0.0
0.13919144868850708	0.0
0.037053290754556656	0.0
0.011603249236941338	0.0
0.009034301154315472	0.0
0.04972006008028984	0.0
0.2116885781288147	0.0
0.2116885781288147	0.0
0.011676313355565071	0.0
0.15360961854457855	0.0
0.009749574586749077	0.0
0.00892573967576027	0.0
0.014960094355046749	0.0
0.04684877023100853	0.0
0.049052413552999496	0.0
0.060274142771959305	0.0
0.0008322459761984646	0.0
0.08839794993400574	0.0
0.0160001739859581	0.0
0.0012298907386139035	0.0
0.004826264455914497	0.0
0.0230986550450325	0.0
0.06829746067523956	1.0
0.036456964910030365	0.0
0.122346892952919	0.0
0.07631804049015045	0.0
0.1967455893754959	0.0
0.034564170986413956	0.0
0.04669642075896263	0.0
0.041357919573783875	0.0
0.028659505769610405	0.0
0.07589258253574371	0.0
0.0623956136405468	0.0
0.037539042532444	0.0
0.11828607320785522	0.0
0.20815859735012054	0.0
0.039670709520578384	0.0
0.05141313746571541	0.0
0.016618141904473305	0.0
0.004831527825444937	0.0
0.0053489250130951405	0.0
0.2116885781288147	1.0
0.022259188815951347	0.0
0.008467553183436394	0.0
0.0027396634686738253	0.0
0.06392022222280502	0.0
0.05584368109703064	0.0
0.02998911403119564	0.0
0.057989396154880524	0.0
0.0016718069091439247	0.0
0.2116885781288147	0.0
0.012765911407768726	0.0
0.008438090793788433	0.0
0.009994510561227798	0.0
0.0010184975108131766	0.0
0.022460026666522026	0.0
0.003718636929988861	0.0
0.0018556619761511683	0.0
0.01014537550508976	0.0
0.15584364533424377	0.0
0.028904590755701065	0.0
0.02349078468978405	0.0
0.004190975334495306	0.0
0.028801094740629196	0.0
0.023847347125411034	0.0
0.09981738775968552	0.0
0.028813231736421585	0.0
0.1503155678510666	0.0
0.002439047209918499	0.0
0.002720566000789404	0.0
0.031762853264808655	0.0
0.0514339804649353	0.0
0.011588887311518192	0.0
0.0025795972906053066	0.0
0.0947672501206398	0.0
0.019273264333605766	0.0
0.13800986111164093	0.0
0.00438486086204648	0.0
0.05130568891763687	1.0
0.06562632322311401	0.0
0.2116885781288147	0.0
0.2116885781288147	0.0
0.04907539486885071	0.0
0.001965528354048729	0.0
0.1796877682209015	1.0
0.0011152579681947827	0.0
0.005637681111693382	0.0
0.14443252980709076	0.0
0.004162161145359278	0.0
0.008001896552741528	0.0
0.013231360353529453	0.0
0.11754653602838516	0.0
0.008628370240330696	0.0
0.013469547964632511	0.0
0.010677339509129524	0.0
0.2116885781288147	0.0
0.11910390108823776	0.0
0.03895900025963783	0.0
0.0023128539323806763	0.0
0.012911706231534481	0.0
0.020015256479382515	0.0
0.008927864953875542	0.0
0.06073039025068283	1.0
0.14112068712711334	0.0
0.17470189929008484	0.0
0.2114497274160385	0.0
0.024768060073256493	0.0
0.059723757207393646	0.0
0.003014681627973914	0.0
0.21085135638713837	0.0
0.03860422223806381	0.0
0.004975405056029558	0.0
0.02028796076774597	0.0
0.08762165158987045	1.0
0.14073286950588226	0.0
0.06993039697408676	0.0
0.027063872665166855	0.0
0.013262893073260784	0.0
0.033267706632614136	0.0
0.009037707932293415	0.0
0.04063357785344124	0.0
0.06150474771857262	0.0
0.004593929275870323	0.0
0.21158115565776825	0.0
0.05710219964385033	0.0
0.20474731922149658	1.0
0.0922144204378128	0.0
0.07216773927211761	0.0
0.09295326471328735	0.0
0.00521547207608819	0.0
0.10176167637109756	0.0
0.004566660150885582	0.0
0.005983800161629915	0.0
0.020539920777082443	0.0
0.015760933980345726	0.0
0.14338846504688263	0.0
0.034807056188583374	0.0
0.014053091406822205	0.0
0.16990837454795837	0.0
0.0025658912491053343	0.0
0.02050490491092205	0.0
0.024496788159012794	0.0
0.06631810963153839	0.0
0.012887152843177319	0.0
0.035312894731760025	0.0
0.004238645546138287	0.0
0.2116885781288147	0.0
0.015835341066122055	0.0
0.003991601523011923	0.0
0.02067587897181511	0.0
0.010363309644162655	0.0
0.10047374665737152	0.0
0.12036465853452682	0.0
0.030350467190146446	0.0
0.059834811836481094	0.0
0.01954134926199913	0.0
0.02332388050854206	0.0
0.13771210610866547	0.0
0.09158220142126083	0.0
0.027376540005207062	0.0
0.037907831370830536	0.0
0.2116885781288147	1.0
0.12380843609571457	0.0
0.05443764850497246	0.0
0.028891073539853096	0.0
0.0145152248442173	0.0
0.001816405332647264	0.0
0.04216635972261429	1.0
0.02951877936720848	0.0
0.0015255676116794348	0.0
0.013562958687543869	0.0
0.0013009196845814586	0.0
0.0045972601510584354	0.0
0.09240413457155228	0.0
0.0698058232665062	0.0
0.033843252807855606	0.0
0.0036910607013851404	0.0
0.002618861384689808	0.0
0.2116885781288147	1.0
0.055123988538980484	0.0
0.09911075979471207	0.0
0.07204342633485794	0.0
0.009279860183596611	0.0
0.017236152663826942	0.0
0.08269593119621277	1.0
0.08734188973903656	0.0
0.009841312654316425	0.0
0.2116885781288147	1.0
0.04607760161161423	0.0
0.03761117160320282	0.0
0.02824098989367485	0.0
0.013191084377467632	0.0
0.20612454414367676	0.0
0.17871002852916718	1.0
0.006207354366779327	0.0
0.03334427997469902	0.0
0.21051853895187378	0.0
0.04047485068440437	0.0
0.004193047061562538	0.0
0.10138595104217529	0.0
0.008712940849363804	0.0
0.0035367985256016254	0.0
0.03696083277463913	0.0
0.005285757128149271	0.0
0.052264004945755005	0.0
0.01733892783522606	0.0
0.14293350279331207	0.0
0.045528657734394073	0.0
0.01022728905081749	0.0
0.026344647631049156	0.0
0.10688600689172745	0.0
0.03407762572169304	0.0
0.0454016774892807	0.0
0.05228806287050247	0.0
0.05686584860086441	0.0
0.2116885781288147	0.0
0.02481064200401306	0.0
0.0027469440829008818	0.0
0.0391446128487587	0.0
0.0007811453542672098	0.0
0.10080590844154358	0.0
0.09881908446550369	0.0
0.005142505746334791	0.0
0.10426446050405502	1.0
0.004503930453211069	0.0
0.11775505542755127	0.0
0.2116885781288147	1.0
0.04526222124695778	0.0
0.005621427670121193	0.0
0.07006048411130905	0.0
0.057869985699653625	0.0
0.013159417547285557	0.0
0.009175356477499008	0.0
0.15207676589488983	0.0
0.008484072051942348	0.0
0.007844991981983185	0.0
0.03133547306060791	0.0
0.0357392355799675	0.0
0.007253929972648621	0.0
0.02815401181578636	0.0
0.0008482677512802184	0.0
0.0016149678267538548	0.0
0.024020107463002205	0.0
0.0021927799098193645	0.0
0.2116885781288147	0.0
0.11138308793306351	0.0
0.04695234075188637	0.0
0.007696433458477259	0.0
0.007452473510056734	0.0
0.17621314525604248	0.0
0.017814306542277336	0.0
0.14619292318820953	0.0
0.008639132604002953	0.0
0.054161928594112396	0.0
0.13253159821033478	1.0
0.006624395493417978	0.0
0.0015549014788120985	0.0
0.0057068816386163235	0.0
0.025361385196447372	0.0
0.03748145326972008	0.0
0.012276622466742992	0.0
0.0020394681487232447	0.0
0.022722680121660233	0.0
0.007678187917917967	0.0
0.010647078976035118	0.0
0.009383264929056168	0.0
0.011152975261211395	0.0
0.01828102581202984	0.0
0.07284611463546753	0.0
0.04366345703601837	0.0
0.012763602659106255	0.0
0.21128810942173004	1.0
0.0011583279119804502	0.0
0.026784878224134445	0.0
0.19575335085391998	0.0
0.03758930787444115	0.0
0.11752772331237793	0.0
0.028245752677321434	0.0
0.04270940646529198	0.0
0.002930388320237398	0.0
0.013914039358496666	0.0
0.0036005547735840082	0.0
0.0007489512790925801	0.0
0.006231359671801329	0.0
0.037559546530246735	0.0
0.2116791307926178	0.0
0.05322045460343361	0.0
0.0024088132195174694	0.0
0.0441233329474926	0.0
0.03141215816140175	0.0
0.0007740292930975556	0.0
0.005227536894381046	0.0
0.011264240369200706	0.0
0.013191997073590755	0.0
0.07597432285547256	0.0
0.2116885781288147	1.0
0.052148137241601944	0.0
0.10553089529275894	0.0
0.0215031486004591	0.0
0.21149402856826782	0.0
0.00241918140091002	0.0
0.001361175673082471	0.0
0.034421633929014206	0.0
0.10456185042858124	0.0
0.107098288834095	0.0
0.00675657344982028	0.0
0.011203927919268608	0.0
0.06377635151147842	1.0
0.031888727098703384	0.0
0.02698606438934803	0.0
0.0019667483866214752	0.0
0.1133061870932579	0.0
0.17099952697753906	0.0
0.0024137315340340137	0.0
0.0033018933609128	0.0
0.07962588220834732	0.0
0.05279581621289253	0.0
0.042894020676612854	0.0
0.021617520600557327	0.0
0.008895226754248142	0.0
0.0483863465487957	0.0
0.05853544548153877	0.0
0.043792594224214554	0.0
0.018479997292160988	0.0
0.0014069376047700644	0.0
0.0035445154644548893	0.0
0.05143309757113457	0.0
0.00026191523647867143	0.0
0.004794586915522814	0.0
0.025043096393346786	0.0
0.19464991986751556	1.0
0.04185285419225693	0.0
0.19765935838222504	1.0
0.005358612630516291	0.0
0.02239961549639702	0.0
0.012389338575303555	0.0
0.0697549432516098	0.0
0.21106640994548798	0.0
0.07343501597642899	0.0
0.008334323763847351	0.0
0.21055954694747925	0.0
0.005009770393371582	0.0
0.014342933893203735	0.0
0.08045465499162674	0.0
0.04856709763407707	0.0
0.026973934844136238	0.0
0.0025545181706547737	0.0
0.2116885781288147	0.0
0.031103983521461487	0.0
0.004514489322900772	0.0
0.0016617339570075274	0.0
0.023709837347269058	0.0
0.07990125566720963	0.0
0.08476869016885757	0.0
0.0575292594730854	0.0
0.008141722530126572	0.0
0.017147529870271683	0.0
0.0023115286603569984	0.0
0.010203462094068527	0.0
0.005987117066979408	0.0
0.17535093426704407	1.0
0.07926350086927414	0.0
0.15458451211452484	0.0
0.016856754198670387	0.0
0.03977367654442787	0.0
0.08439096808433533	0.0
0.008823598735034466	0.0
0.008436092175543308	0.0
0.08352213352918625	0.0
0.1337515115737915	0.0
0.0842234194278717	0.0
0.11740689724683762	0.0
0.14022409915924072	0.0
0.01642996445298195	0.0
0.036920271813869476	0.0
0.01103663444519043	0.0
0.02671980857849121	0.0
0.019220661371946335	0.0
0.046146754175424576	0.0
0.15150366723537445	0.0
0.14687848091125488	0.0
0.001953096129000187	0.0
0.06772485375404358	0.0
0.006700411904603243	0.0
0.029806219041347504	0.0
0.035482775419950485	0.0
0.009157772175967693	0.0
0.11305190622806549	0.0
0.016114801168441772	0.0
0.00917898491024971	0.0
0.00945444218814373	0.0
0.014964020811021328	0.0
0.016288481652736664	0.0
0.045915357768535614	0.0
0.060542624443769455	1.0
0.04775616526603699	0.0
0.1422709822654724	0.0
0.04419875144958496	0.0
0.0331144705414772	0.0
0.055135905742645264	1.0
0.0933225229382515	0.0
0.10836934298276901	0.0
0.019926706328988075	0.0
0.06084766611456871	0.0
0.19274282455444336	1.0
0.0027485028840601444	0.0
0.017013126984238625	0.0
0.043153662234544754	0.0
0.05652887746691704	0.0
0.007135059684514999	0.0
0.20016981661319733	0.0
0.004415914416313171	0.0
0.05782797932624817	0.0
0.08313971012830734	0.0
0.020223071798682213	0.0
0.053283825516700745	0.0
0.2116885781288147	1.0
0.0013502910733222961	0.0
0.004514153115451336	0.0
0.05673278123140335	0.0
0.026239298284053802	0.0
0.15610073506832123	0.0
0.02426263876259327	0.0
0.2116885781288147	1.0
0.2007843554019928	0.0
0.05400213226675987	0.0
0.08048444986343384	0.0
0.07173274457454681	0.0
0.06396009773015976	0.0
0.015021590515971184	0.0
0.08677326142787933	0.0
0.19390961527824402	0.0
0.19581006467342377	0.0
0.031249456107616425	0.0
0.1435323804616928	0.0
0.0563272163271904	0.0
0.13342803716659546	0.0
0.13434284925460815	0.0
0.21155014634132385	0.0
0.15989258885383606	1.0
0.0006533001433126628	0.0
0.0798252746462822	0.0
0.03950208052992821	0.0
0.15630267560482025	0.0
0.012727758847177029	0.0
0.030891524627804756	0.0
0.014731368981301785	0.0
0.003154178848490119	0.0
0.04022803530097008	0.0
0.04297948628664017	0.0
0.006068593822419643	0.0
0.06358497589826584	0.0
0.047968313097953796	0.0
0.2116885781288147	1.0
0.060030579566955566	0.0
0.1682705134153366	0.0
0.1385684609413147	0.0
0.2100675106048584	1.0
0.0461900494992733	0.0
0.013647454790771008	0.0
0.21165424585342407	0.0
0.2116885781288147	1.0
0.17707127332687378	1.0
0.01220447663217783	0.0
0.04486089572310448	0.0
0.015427789650857449	0.0
0.1174546331167221	0.0
0.2116885781288147	1.0
0.005366257391870022	0.0
0.04575326293706894	0.0
0.036738015711307526	0.0
0.209450364112854	1.0
0.19620218873023987	0.0
0.13485117256641388	0.0
0.19778423011302948	0.0
0.01333656720817089	0.0
0.044978197664022446	0.0
0.04932592809200287	0.0
0.19682547450065613	0.0
0.0038337872829288244	0.0
0.041098058223724365	0.0
0.02176085114479065	0.0
0.04878745228052139	0.0
0.06020090728998184	0.0
0.18623720109462738	0.0
0.01088237389922142	0.0
0.012417438440024853	0.0
0.06966589391231537	0.0
0.014996467158198357	0.0
0.009209617972373962	0.0
0.2116885781288147	0.0
0.047483962029218674	1.0
0.13858376443386078	0.0
0.0008962464635260403	0.0
0.13652834296226501	0.0
0.1383550763130188	0.0
0.084879070520401	1.0
0.12694695591926575	1.0
0.009508378803730011	0.0
0.022451087832450867	0.0
0.00038746025529690087	0.0
0.012464805506169796	0.0
0.01618734374642372	0.0
0.04965526983141899	0.0
0.008347351104021072	0.0
0.014927846379578114	0.0
0.017276909202337265	0.0
0.0021638781763613224	0.0
0.03839967027306557	0.0
0.015542049892246723	0.0
0.023565972223877907	0.0
0.0886223241686821	0.0
0.00963580422103405	0.0
0.1898546665906906	1.0
0.17054884135723114	0.0
0.038372673094272614	0.0
0.04929308593273163	0.0
0.10735174268484116	0.0
0.021499376744031906	0.0
0.04416995495557785	0.0
0.11119499057531357	0.0
0.02000720426440239	0.0
0.06232938542962074	0.0
0.08479958772659302	0.0
0.022479139268398285	0.0
0.2116885781288147	1.0
0.18832731246948242	1.0
0.01854359731078148	0.0
0.03594838082790375	0.0
0.027049636468291283	0.0
0.07803945988416672	0.0
0.06126832589507103	0.0
0.0010814699344336987	0.0
0.0023481538519263268	0.0
0.009807492606341839	0.0
0.07969348132610321	0.0
0.013236533850431442	0.0
0.011204958893358707	0.0
0.02523610182106495	0.0
0.11090110242366791	0.0
0.04248989745974541	0.0
0.00921203289180994	0.0
0.03639538958668709	0.0
0.0035905560944229364	0.0
0.006959948223084211	0.0
0.2116885781288147	1.0
0.2116885781288147	1.0
0.053787168115377426	0.0
0.009428020566701889	0.0
0.1632511168718338	1.0
0.14888255298137665	0.0
0.054321639239788055	0.0
0.17355644702911377	0.0
0.016197485849261284	0.0
0.04109303280711174	0.0
0.2107202559709549	0.0
0.0016525436658412218	0.0
0.003244347171857953	0.0
0.21163460612297058	1.0
0.011951679363846779	0.0
0.10374569147825241	1.0
0.01586044207215309	0.0
0.003054439090192318	0.0
0.011750358156859875	0.0
0.11929831653833389	0.0
0.2103687971830368	0.0
0.010581661015748978	0.0
0.022223403677344322	0.0
0.09713681042194366	0.0
0.032533686608076096	0.0
0.015669362619519234	0.0
0.06847140192985535	0.0
0.20940977334976196	0.0
0.044181305915117264	0.0
0.2116885781288147	0.0
0.18612588942050934	0.0
0.009602874517440796	0.0
0.017946070060133934	0.0
0.1882375031709671	0.0
0.03334169089794159	0.0
0.0032499064691364765	0.0
0.013687153346836567	0.0
0.06864508241415024	0.0
0.17283710837364197	0.0
0.2015209197998047	0.0
0.1924305260181427	0.0
0.04485248029232025	0.0
0.015485928393900394	0.0
0.022662803530693054	0.0
0.005995090585201979	0.0
0.13366654515266418	0.0
0.16787783801555634	0.0
0.21019025146961212	0.0
0.023707818239927292	0.0
0.01470660325139761	0.0
0.03680308908224106	0.0
0.10133861005306244	0.0
0.0032577873207628727	0.0
0.16505615413188934	0.0
0.14266176521778107	0.0
0.012909659184515476	0.0
0.006458604242652655	0.0
0.2116885781288147	1.0
0.007740344852209091	0.0
0.018602684140205383	0.0
0.019185833632946014	0.0
0.0170285627245903	0.0
0.01833854615688324	0.0
0.07679789513349533	0.0
0.04133114218711853	0.0
0.2093483805656433	0.0
0.003884277306497097	0.0
0.011577673256397247	0.0
0.0007732688100077212	0.0
0.17997421324253082	0.0
0.17731307446956635	0.0
0.016943244263529778	0.0
0.005902003031224012	0.0
0.06398165225982666	0.0
0.012870155274868011	0.0
0.0023892030585557222	0.0
0.18916630744934082	0.0
0.09858178347349167	0.0
0.09657992422580719	0.0
0.026377923786640167	0.0
0.00777801126241684	0.0
0.07721646130084991	0.0
0.062163978815078735	0.0
0.21124158799648285	0.0
0.0030543606262654066	0.0
0.014791709370911121	0.0
0.06893857568502426	1.0
0.004938521888107061	0.0
0.009222758933901787	0.0
0.03938908874988556	0.0
0.15113623440265656	0.0
0.0044950200244784355	0.0
0.011825851164758205	0.0
0.0011240660678595304	0.0
0.002319352701306343	0.0
0.0792158842086792	0.0
0.06314706802368164	0.0
0.0021765707060694695	0.0
0.03734234347939491	0.0
0.004581110086292028	0.0
0.06746576726436615	0.0
0.03118351474404335	0.0
0.0031637316569685936	0.0
0.028620025143027306	0.0
0.1175118088722229	0.0
0.027968181297183037	0.0
0.014206483028829098	0.0
0.046110644936561584	0.0
0.06622689217329025	0.0
0.009986134245991707	0.0
0.006767388433218002	0.0
0.006302217021584511	0.0
0.006250046659260988	0.0
0.0067108869552612305	0.0
0.15099631249904633	0.0
0.04513929784297943	0.0
0.14407606422901154	0.0
0.11661484837532043	1.0
0.012269403785467148	0.0
0.013395117595791817	0.0
0.05234900861978531	0.0
0.07138173282146454	0.0
0.04744892939925194	0.0
0.18534058332443237	1.0
0.06993498653173447	0.0
0.03037087991833687	0.0
0.03928661718964577	0.0
0.2116885781288147	1.0
0.013031831942498684	0.0
0.004886017646640539	0.0
0.122591532766819	0.0
0.005037824623286724	0.0
0.011978749185800552	0.0
0.03220677375793457	0.0
0.04975944384932518	0.0
0.032985568046569824	0.0
0.03373356908559799	0.0
0.02027139812707901	0.0
0.014185956679284573	0.0
0.003227515146136284	0.0
0.007271542679518461	0.0
0.055710528045892715	0.0
0.2116885781288147	0.0
0.1899482160806656	0.0
0.07272865623235703	1.0
0.08306483179330826	0.0
0.028429945930838585	0.0
0.21072448790073395	0.0
0.034872766584157944	0.0
0.008040452376008034	0.0
0.17318148910999298	0.0
0.2116450071334839	1.0
0.022452667355537415	0.0
0.17025946080684662	0.0
0.08783149719238281	0.0
0.013184376992285252	0.0
0.09491187334060669	0.0
0.03300708159804344	0.0
0.017308957874774933	0.0
0.08388415724039078	0.0
0.0370313823223114	0.0
0.07480312883853912	0.0
0.1666099578142166	0.0
0.03211749717593193	0.0
0.15893711149692535	0.0
0.10002383589744568	0.0
0.09413322806358337	0.0
0.023345595225691795	0.0
0.029109526425600052	0.0
0.07750711590051651	0.0
0.008485760539770126	0.0
0.0808502584695816	0.0
0.045019879937171936	0.0
0.03540213406085968	0.0
0.04533389210700989	0.0
0.1664310246706009	0.0
0.21119168400764465	1.0
0.02891489863395691	0.0
0.009632697328925133	0.0
0.0228923037648201	0.0
0.007486382499337196	0.0
0.022774456068873405	0.0
0.08241947740316391	0.0
0.1071370393037796	0.0
0.005558824632316828	0.0
0.018602047115564346	0.0
0.026697346940636635	0.0
0.013594229705631733	0.0
0.019489051774144173	0.0
0.040540341287851334	0.0
0.005320137366652489	0.0
0.08394692838191986	0.0
0.010684242472052574	0.0
0.017746111378073692	0.0
0.01792251318693161	0.0
0.03765379264950752	0.0
0.08550525456666946	0.0
0.05812216177582741	0.0
0.08872424811124802	0.0
0.18610446155071259	0.0
0.1184767410159111	0.0
0.02146928384900093	0.0
0.007598293013870716	0.0
0.008689817041158676	0.0
0.03978283330798149	0.0
0.009561436250805855	0.0
0.01181771233677864	0.0
0.13751259446144104	0.0
0.010790790431201458	0.0
0.08043469488620758	0.0
0.04223281145095825	0.0
0.009645633399486542	0.0
0.009549521841108799	0.0
0.01615520752966404	0.0
0.04041333869099617	0.0
0.16432680189609528	0.0
0.016634240746498108	0.0
0.14426900446414948	0.0
0.0034006969071924686	0.0
0.06432760506868362	0.0
0.022889520972967148	0.0
0.0011058537056669593	0.0
0.003748590825125575	0.0
0.053875453770160675	0.0
0.15332719683647156	0.0
0.02298027090728283	0.0
0.04230574890971184	0.0
0.006283855065703392	0.0
0.00985010713338852	0.0
0.044684331864118576	0.0
0.1259930282831192	0.0
0.005814626347273588	0.0
0.2116885781288147	1.0
0.0013919643824920058	0.0
0.11463848501443863	0.0
0.008423501625657082	0.0
0.030075635761022568	0.0
0.053241290152072906	0.0
0.0005156096303835511	0.0
0.12898416817188263	0.0
0.06931460648775101	0.0
0.211482435464859	1.0
0.008196387439966202	0.0
0.03934011608362198	0.0
0.2115284651517868	1.0
0.035951245576143265	0.0
0.11799977719783783	0.0
0.10938511788845062	0.0
0.02734074555337429	0.0
0.11960692703723907	0.0
0.04435305669903755	0.0
0.020245693624019623	0.0
0.05549931526184082	0.0
0.008666587062180042	0.0
0.21142812073230743	0.0
0.12648701667785645	1.0
0.03870956972241402	0.0
0.17162726819515228	0.0
0.00898678693920374	0.0
0.17523567378520966	1.0
0.01187086571007967	0.0
0.10644534230232239	0.0
0.013567094691097736	0.0
0.011893854476511478	0.0
0.05316825211048126	1.0
0.056130729615688324	0.0
0.02870558202266693	0.0
0.2116885781288147	1.0
0.05740812048316002	1.0
0.014919274486601353	0.0
0.12803596258163452	0.0
0.0454522967338562	0.0
0.12773001194000244	0.0
0.0416301004588604	0.0
0.03362005949020386	0.0
0.009867092594504356	0.0
0.10743807256221771	0.0
0.044246263802051544	0.0
0.2116885781288147	0.0
0.006181391421705484	0.0
0.024448620155453682	0.0
0.2116885781288147	1.0
0.17052911221981049	0.0
0.0020854014437645674	0.0
0.09001356363296509	0.0
0.0016547697596251965	0.0
0.0038471026346087456	0.0
0.0023290051613003016	0.0
0.002280502114444971	0.0
0.05791504681110382	0.0
0.023003634065389633	0.0
0.2116885781288147	1.0
0.01569303311407566	0.0
0.027617231011390686	0.0
0.14109373092651367	1.0
0.02668537013232708	0.0
0.02449694648385048	0.0
0.1288219690322876	0.0
0.10164808481931686	0.0
0.05548139289021492	0.0
0.04849857836961746	0.0
0.0016550832660868764	0.0
0.19535373151302338	0.0
0.08101888000965118	0.0
0.17039187252521515	0.0
0.006890202406793833	0.0
0.018328316509723663	0.0
0.020414084196090698	0.0
0.2116885781288147	1.0
0.08970371633768082	0.0
0.013862650841474533	0.0
0.14624668657779694	1.0
0.2116885781288147	0.0
0.002964387182146311	0.0
0.007058302406221628	0.0
0.051078204065561295	0.0
0.02440817840397358	0.0
0.002757740207016468	0.0
0.08523174375295639	0.0
0.15729059278964996	0.0
0.06393645703792572	0.0
0.004088784102350473	0.0
0.007482277229428291	0.0
0.02119254507124424	0.0
0.008050734177231789	0.0
0.027296967804431915	0.0
0.007235486060380936	0.0
0.021289724856615067	0.0
0.05059725418686867	0.0
0.008343463763594627	0.0
0.2116885781288147	0.0
0.16380144655704498	0.0
0.10955194383859634	0.0
0.003087709890678525	0.0
0.001162301399745047	0.0
0.030790431424975395	0.0
0.11344871670007706	0.0
0.08604113757610321	0.0
0.14304323494434357	0.0
0.0967954471707344	0.0
0.05755900591611862	0.0
0.05092046409845352	0.0
0.02006000094115734	0.0
0.015386059880256653	0.0
0.0002837396750692278	0.0
0.007245312910526991	0.0
0.05652396008372307	0.0
0.003960770554840565	0.0
0.016816215589642525	0.0
0.0788225531578064	0.0
0.10320265591144562	0.0
0.025433287024497986	0.0
0.21099607646465302	0.0
0.05546722933650017	0.0
0.018184004351496696	0.0
0.03804503008723259	0.0
0.0884915292263031	0.0
0.11496180295944214	0.0
0.20989736914634705	0.0
0.044855836778879166	0.0
0.04049203172326088	0.0
0.029660901054739952	0.0
0.21028709411621094	0.0
0.06455130875110626	0.0
0.00285813445225358	0.0
0.03575247526168823	0.0
0.005979865323752165	0.0
0.1095736026763916	0.0
0.09849520027637482	0.0
0.06133011728525162	0.0
0.0015748963924124837	0.0
0.04302303493022919	0.0
0.00519901467487216	0.0
0.1842591017484665	0.0
0.03809492662549019	0.0
0.008572414517402649	0.0
0.0013081221841275692	0.0
0.17784938216209412	0.0
0.012484589591622353	0.0
0.011347289197146893	0.0
0.006358064711093903	0.0
0.03571881726384163	0.0
0.00864699762314558	0.0
0.019241295754909515	0.0
0.07579355686903	0.0
0.01613664999604225	0.0
0.026444047689437866	0.0
0.035844702273607254	0.0
0.023961231112480164	0.0
0.015330981463193893	0.0
0.0024471008218824863	0.0
0.2040884792804718	0.0
0.07028701901435852	0.0
0.08463948965072632	0.0
0.1684105098247528	1.0
0.20830298960208893	0.0
0.029200052842497826	0.0
0.0031019093003124	0.0
0.048095930367708206	0.0
0.03842088207602501	0.0
0.16247142851352692	0.0
0.09179509431123734	0.0
0.06904236972332001	0.0
0.014158541336655617	0.0
0.008670778945088387	0.0
0.009792075492441654	0.0
0.0029657348059117794	0.0
0.045875184237957	0.0
0.0421258881688118	0.0
0.009632660076022148	0.0
0.014996634796261787	0.0
0.002635515294969082	0.0
0.0822257474064827	0.0
0.09293601661920547	0.0
0.02245616354048252	0.0
0.045547306537628174	0.0
0.14352135360240936	1.0
0.010346587747335434	0.0
0.2116885781288147	0.0
0.2059161365032196	0.0
0.056390438228845596	0.0
0.016712317243218422	0.0
0.003075732383877039	0.0
0.01950392685830593	0.0
0.008220248855650425	0.0
0.04342086613178253	1.0
0.05649130418896675	0.0
0.004410299938172102	0.0
0.2091694325208664	0.0
0.01114700362086296	0.0
0.02700759656727314	0.0
0.004435268230736256	0.0
0.2116885781288147	0.0
0.005687289871275425	0.0
0.023413097485899925	0.0
0.2116885781288147	1.0
0.028621617704629898	0.0
0.008818737231194973	0.0
0.12525039911270142	0.0
0.002825763076543808	0.0
0.033293839544057846	0.0
0.009635080583393574	0.0
0.012363470159471035	0.0
0.21167664229869843	1.0
0.08935204148292542	0.0
0.03694627061486244	0.0
0.0614362433552742	0.0
0.005188408307731152	0.0
0.017403073608875275	0.0
0.019090550020337105	0.0
0.08723355829715729	0.0
0.06686612963676453	0.0
0.0227399580180645	0.0
0.023412922397255898	0.0
0.11754997819662094	0.0
0.11801547557115555	0.0
0.05518287047743797	0.0
0.0070135025307536125	0.0
0.021057458594441414	0.0
0.07561208307743073	0.0
0.033856362104415894	0.0
0.018301954492926598	0.0
0.003781652543693781	0.0
0.12446729838848114	0.0
0.21140338480472565	0.0
0.009058884344995022	0.0
0.2116885781288147	0.0
0.1411006897687912	0.0
0.019286753609776497	0.0
0.036330610513687134	0.0
0.21005591750144958	0.0
0.0442747138440609	0.0
0.09272928535938263	0.0
0.013785137794911861	0.0
0.0991639494895935	0.0
0.1431855708360672	0.0
0.028329983353614807	0.0
0.0187978558242321	0.0
0.021700069308280945	0.0
0.023538095876574516	0.0
0.0160916056483984	0.0
0.2116885781288147	0.0
0.11260713636875153	0.0
0.20618534088134766	0.0
0.009567290544509888	0.0
0.006628768052905798	0.0
0.0602455660700798	0.0
0.02725818380713463	0.0
0.018338151276111603	0.0
0.13849115371704102	0.0
0.011808717623353004	0.0
0.08292053639888763	0.0
0.2116885781288147	0.0
0.06407617777585983	0.0
0.07406694442033768	0.0
0.06071102246642113	0.0
0.027274062857031822	0.0
0.11310327053070068	0.0
0.013573439791798592	0.0
0.21151845157146454	0.0
0.01409270241856575	0.0
0.15863560140132904	1.0
0.19063912332057953	0.0
0.028083663433790207	1.0
0.004499191418290138	0.0
0.005132016725838184	0.0
0.00983821414411068	0.0
0.0020498030353337526	0.0
0.030642570927739143	0.0
0.030405133962631226	0.0
0.06312378495931625	0.0
0.02078641951084137	0.0
0.2116885781288147	1.0
0.08675817400217056	0.0
0.08439106494188309	0.0
0.2116885781288147	0.0
0.03708018362522125	0.0
0.053549233824014664	0.0
0.19851668179035187	0.0
0.1309797316789627	1.0
0.012169602327048779	0.0
0.0036782294046133757	0.0
0.1072576493024826	1.0
0.007264913525432348	0.0
0.06569074094295502	0.0
0.017198046669363976	0.0
0.015418196097016335	0.0
0.019185584038496017	0.0
0.0696331262588501	0.0
0.03319907933473587	0.0
0.04007697105407715	0.0
0.029443329200148582	0.0
0.12850269675254822	0.0
0.08781033754348755	0.0
0.016716839745640755	0.0
0.08158621937036514	0.0
0.0359957292675972	0.0
0.08413498103618622	0.0
0.014022826217114925	0.0
0.0011007484281435609	0.0
0.03809415176510811	0.0
0.06726361066102982	0.0
0.055996596813201904	0.0
0.07497115433216095	0.0
0.2116885781288147	1.0
0.07612192630767822	0.0
0.0526442714035511	0.0
0.03881476819515228	0.0
0.21151991188526154	0.0
0.012795975431799889	0.0
0.011186977848410606	0.0
0.026186764240264893	0.0
0.01387185137718916	0.0
0.0022829780355095863	0.0
0.0380578488111496	0.0
0.00932607427239418	0.0
0.12065631151199341	0.0
0.028191056102514267	0.0
0.006280208006501198	0.0
0.1960373818874359	0.0
0.03660474717617035	0.0
0.06229088455438614	0.0
0.005740344990044832	0.0
0.1958654373884201	0.0
0.006180793512612581	0.0
0.007154241669923067	0.0
0.014520566910505295	0.0
0.2116456776857376	0.0
0.007541007362306118	0.0
0.12116733193397522	0.0
0.023480365052819252	0.0
0.002847338793799281	0.0
0.2116885781288147	1.0
0.1852836012840271	0.0
0.11297843605279922	0.0
0.20966050028800964	1.0
0.011855830438435078	0.0
0.01211161445826292	0.0
0.02059279754757881	0.0
0.10489530861377716	0.0
0.1281213015317917	0.0
0.05759056285023689	0.0
0.20136971771717072	0.0
0.05197000503540039	0.0
0.012282718904316425	0.0
0.11813005805015564	0.0
0.008640844374895096	0.0
0.0865178033709526	0.0
0.014268338680267334	0.0
0.2116885781288147	0.0
0.014178983867168427	0.0
0.07617171108722687	0.0
0.018646854907274246	0.0
0.0024799222592264414	0.0
0.0082674166187644	0.0
0.027638006955385208	0.0
0.015391068533062935	0.0
0.014188604429364204	0.0
0.015465853735804558	0.0
0.04250636324286461	0.0
0.0304958987981081	0.0
0.025038253515958786	0.0
0.10459806025028229	0.0
0.21097157895565033	0.0
0.01783999614417553	0.0
0.2116885781288147	0.0
0.019723422825336456	0.0
0.0359652079641819	0.0
0.0778716504573822	0.0
0.007599918637424707	0.0
0.044847067445516586	0.0
0.033193618059158325	0.0
0.00690719299018383	0.0
0.07140199840068817	0.0
0.02707132324576378	0.0
0.21163402497768402	0.0
0.007732804864645004	1.0
0.14010851085186005	0.0
0.2021281123161316	0.0
0.17503151297569275	1.0
0.03768392279744148	0.0
0.21025508642196655	0.0
0.03798095881938934	0.0
0.05702844634652138	0.0
0.10726968944072723	0.0
0.018651915714144707	0.0
0.05657663196325302	0.0
0.05600152537226677	0.0
0.2116885781288147	0.0
0.04811374843120575	0.0
0.06016670912504196	0.0
0.1549546867609024	0.0
0.0110021298751235	0.0
0.022293763235211372	0.0
0.0025713241193443537	0.0
0.15056179463863373	0.0
0.02631521038711071	0.0
0.0566943883895874	0.0
0.07612521946430206	0.0
0.006997602991759777	0.0
0.010233179666101933	0.0
0.0766117200255394	0.0
0.024327654391527176	0.0
0.004889844451099634	0.0
0.006881769746541977	0.0
0.02446792833507061	0.0
0.18143728375434875	0.0
0.026791080832481384	0.0
0.21119645237922668	0.0
0.016726264730095863	0.0
0.11422696709632874	0.0
0.21132175624370575	0.0
0.04098417982459068	0.0
0.004065008834004402	0.0
0.06493585556745529	0.0
0.015642203390598297	0.0
0.2114916890859604	1.0
0.05661839619278908	0.0
0.06560953706502914	1.0
0.03059995546936989	0.0
0.0584011934697628	0.0
0.18610048294067383	0.0
0.017502980306744576	0.0
0.007891999557614326	0.0
0.03771054372191429	0.0
0.025338413193821907	0.0
0.006760917603969574	0.0
0.004749203100800514	0.0
0.0382324680685997	0.0
0.009773491881787777	0.0
0.04798024892807007	0.0
0.06593204289674759	0.0
0.06027859076857567	1.0
0.0032077254727482796	0.0
0.01377413421869278	0.0
0.0005487424787133932	0.0
0.19202709197998047	1.0
0.021267689764499664	0.0
0.043121639639139175	0.0
0.06210926175117493	0.0
0.021870890632271767	0.0
0.044860243797302246	0.0
0.07977908849716187	0.0
0.007605660706758499	0.0
0.002931214403361082	0.0
0.03585026040673256	0.0
0.0480600968003273	0.0
0.020786264911293983	0.0
0.004003946669399738	0.0
0.21018877625465393	1.0
0.006296026986092329	0.0
0.06560975313186646	0.0
0.04486281797289848	0.0
0.09599622339010239	0.0
0.0668262392282486	0.0
0.060356706380844116	0.0
0.0028449920937418938	0.0
0.02448352426290512	0.0
0.07088059931993484	0.0
0.05273963510990143	0.0
0.2116885781288147	0.0
0.022099001333117485	0.0
0.05879383161664009	0.0
0.03351961076259613	0.0
0.1805947721004486	0.0
0.04010443389415741	0.0
0.12117452174425125	0.0
0.02119784615933895	0.0
0.008077307604253292	0.0
0.006552229169756174	0.0
0.12810760736465454	0.0
0.0004656864912249148	0.0
0.0105467913672328	0.0
0.0775827094912529	0.0
0.09104849398136139	0.0
0.0282917283475399	0.0
0.033629339188337326	0.0
0.016263334080576897	0.0
0.04179392755031586	0.0
0.002594148274511099	0.0
0.20402589440345764	1.0
0.040466465055942535	0.0
0.03032195009291172	0.0
0.006631914991885424	0.0
0.20902983844280243	0.0
0.06748700886964798	0.0
0.005075112916529179	0.0
0.007797920610755682	0.0
0.04209951311349869	0.0
0.0009230579598806798	0.0
0.0831834003329277	0.0
0.09272073954343796	0.0
0.027399593964219093	0.0
0.007526535540819168	0.0
0.024657268077135086	0.0
0.2044638693332672	1.0
0.001291622407734394	0.0
0.2116885781288147	0.0
0.17041650414466858	0.0
0.01371838990598917	0.0
0.007919742725789547	0.0
0.03636350482702255	0.0
0.10592895746231079	0.0
0.09211111068725586	0.0
0.0033923794981092215	0.0
0.022260619327425957	0.0
0.1179720014333725	0.0
0.010894859209656715	0.0
0.1394202709197998	0.0
0.02156733348965645	0.0
0.004375738091766834	0.0
0.03958883881568909	0.0
0.04610072448849678	0.0
0.0030950589571148157	0.0
0.10378306359052658	0.0
0.05508171766996384	0.0
0.028028706088662148	0.0
0.048362817615270615	0.0
0.005142186302691698	0.0
0.01512647420167923	0.0
0.16890080273151398	0.0
0.20495890080928802	0.0
0.0028356993570923805	0.0
0.025457801297307014	0.0
0.0535527803003788	0.0
0.1843959540128708	1.0
0.07419867813587189	0.0
0.17565856873989105	0.0
0.006198272109031677	0.0
0.03893139213323593	0.0
0.00037911790423095226	0.0
0.05798226594924927	0.0
0.03472048416733742	0.0
0.07086563855409622	0.0
0.03603602573275566	0.0
0.04107808694243431	0.0
0.06360980123281479	0.0
0.0124900471419096	0.0
0.007581950630992651	0.0
0.025820594280958176	0.0
0.013801704160869122	0.0
0.0011019585654139519	0.0
0.09461145102977753	0.0
0.03807099908590317	0.0
0.16656681895256042	0.0
0.010212418623268604	0.0
0.039531249552965164	0.0
0.05033683031797409	0.0
0.0037729856558144093	0.0
0.03395218774676323	1.0
0.03277439624071121	0.0
0.07446753233671188	0.0
0.023310145363211632	0.0
0.09927593916654587	0.0
0.0030609641689807177	0.0
0.07092136889696121	0.0
0.15917961299419403	0.0
0.2078702300786972	0.0
0.005537115037441254	0.0
0.006613800767809153	0.0
0.01766030676662922	0.0
0.015112526714801788	0.0
0.019464081153273582	0.0
0.0043393149971961975	0.0
0.017809759825468063	0.0
0.002179522067308426	0.0
0.04016655310988426	0.0
0.031757667660713196	0.0
0.038306064903736115	0.0
0.1130170226097107	0.0
0.050174690783023834	0.0
0.00438839104026556	0.0
0.09992741048336029	0.0
0.033453989773988724	0.0
0.21069219708442688	0.0
0.0493360236287117	0.0
0.13679522275924683	0.0
0.006730588153004646	0.0
0.09805190563201904	0.0
0.00494155939668417	0.0
0.03300187736749649	0.0
0.10923098027706146	0.0
0.012341707944869995	0.0
0.07989891618490219	0.0
0.06158950552344322	0.0
0.06991463899612427	0.0
0.14840728044509888	0.0
0.13356533646583557	0.0
0.07967985421419144	0.0
0.10033591836690903	0.0
0.03449057415127754	0.0
0.20112499594688416	0.0
0.016612330451607704	0.0
0.030165109783411026	0.0
0.03555136173963547	0.0
0.04991758614778519	0.0
0.16299523413181305	0.0
0.06447924673557281	0.0
0.04535419121384621	0.0
0.002073002513498068	0.0
0.013075189664959908	0.0
0.17976601421833038	0.0
0.10715767741203308	0.0
0.006154179107397795	0.0
0.09668340533971786	0.0
0.12483496218919754	0.0
0.0347151979804039	0.0
0.006877765525132418	0.0
0.10510831326246262	0.0
0.009583733044564724	0.0
0.0634516105055809	1.0
0.011186567135155201	0.0
0.011770296841859818	0.0
0.023691853508353233	0.0
0.028888966888189316	0.0
0.03599211946129799	0.0
0.01856689527630806	0.0
0.003466021502390504	0.0
0.07876905053853989	0.0
0.008350674994289875	0.0
0.0011406890116631985	0.0
0.011040539480745792	0.0
0.022470634430646896	0.0
0.011861876584589481	0.0
0.006287491414695978	0.0
0.06428935378789902	0.0
0.02329222671687603	0.0
0.08302361518144608	0.0
0.07965020090341568	0.0
0.059785448014736176	0.0
0.0377248115837574	0.0
0.009064887650310993	0.0
0.0024080949369817972	0.0
0.0009491090313531458	0.0
0.06718556582927704	0.0
0.07483028620481491	0.0
0.18252427875995636	0.0
0.005712262354791164	0.0
0.06547829508781433	0.0
0.1503390520811081	0.0
0.09863734990358353	0.0
0.18689876794815063	0.0
0.12442437559366226	0.0
0.09483478963375092	0.0
0.05013401061296463	0.0
0.2116885781288147	0.0
0.023196006193757057	0.0
0.018638182431459427	0.0
0.006059959996491671	0.0
0.05175492540001869	0.0
0.003548339242115617	0.0
0.02421998232603073	0.0
0.0897083654999733	0.0
0.009425905533134937	0.0
0.0014124633744359016	0.0
0.04640868678689003	0.0
0.08420673757791519	0.0
0.20983539521694183	0.0
0.006290435791015625	0.0
0.0018344414420425892	0.0
0.14348529279232025	0.0
0.033021144568920135	0.0
0.08891501277685165	0.0
0.002017269842326641	0.0
0.03278838098049164	0.0
0.02845502272248268	0.0
0.015336562879383564	0.0
0.07009578496217728	0.0
0.016372118145227432	0.0
0.026918161660432816	0.0
0.007934990338981152	0.0
0.18289731442928314	0.0
0.1438148468732834	0.0
0.023498617112636566	0.0
0.06836551427841187	0.0
0.03406436741352081	0.0
0.1207699328660965	0.0
0.03615400940179825	0.0
0.03937520459294319	0.0
0.09938947856426239	0.0
0.14885973930358887	0.0
0.029709607362747192	0.0
0.1259477585554123	0.0
0.10599101334810257	0.0
0.0585189089179039	0.0
0.04217655584216118	0.0
0.05599360913038254	0.0
0.0011342840734869242	0.0
0.005937397945672274	0.0
0.12286391109228134	0.0
0.06359362602233887	0.0
0.08237039297819138	0.0
0.0071205319836735725	0.0
0.1129450798034668	0.0
0.005635524168610573	0.0
0.12406493723392487	0.0
0.08597909659147263	0.0
0.021640809252858162	0.0
0.020438918843865395	0.0
0.1314769983291626	1.0
0.031727634370326996	0.0
0.0013751403894275427	0.0
0.005771927069872618	0.0
0.1937682181596756	0.0
0.025316482409834862	0.0
0.06398721784353256	0.0
0.010198223404586315	1.0
0.023286284878849983	0.0
0.011697947047650814	0.0
0.027324317023158073	0.0
0.026773417368531227	0.0
0.12187009304761887	1.0
0.03154618293046951	0.0
0.19190488755702972	0.0
0.034510787576436996	0.0
0.04099177196621895	0.0
0.13829171657562256	0.0
0.03585531935095787	0.0
0.04660533741116524	0.0
0.01293193455785513	0.0
0.0011898339726030827	0.0
0.006860044319182634	0.0
0.013194382190704346	1.0
0.05542505159974098	0.0
0.07727682590484619	0.0
0.0006999365868978202	0.0
0.028446653857827187	0.0
0.0293806791305542	0.0
0.2116885781288147	0.0
0.024162933230400085	0.0
0.006122899707406759	0.0
0.10193890333175659	0.0
0.0026132441125810146	0.0
0.01112372800707817	0.0
0.1885000318288803	0.0
0.015716079622507095	0.0
0.07655005902051926	1.0
0.2116885781288147	1.0
0.015408115461468697	0.0
0.20992282032966614	0.0
0.12374444305896759	0.0
0.00974856223911047	0.0
0.20496313273906708	0.0
0.06662265956401825	0.0
0.14442628622055054	0.0
0.002559096785262227	0.0
0.08036355674266815	0.0
0.001781955361366272	0.0
0.010702771134674549	0.0
0.12455436587333679	0.0
0.016786199063062668	0.0
0.01927131786942482	0.0
0.2100081592798233	1.0
0.014958520419895649	0.0
0.04595627635717392	0.0
0.09120514243841171	0.0
0.02716616913676262	0.0
0.2116885781288147	0.0
0.044057510793209076	0.0
0.050599467009305954	0.0
0.009638949297368526	0.0
0.14603056013584137	0.0
0.013500923290848732	0.0
0.08289451897144318	0.0
0.054452862590551376	0.0
0.09429429471492767	0.0
0.057907458394765854	0.0
0.03347700089216232	1.0
0.06127754598855972	0.0
0.2116885781288147	1.0
0.1812606304883957	0.0
0.01560326386243105	0.0
0.016728248447179794	0.0
0.011798528023064137	0.0
0.10317857563495636	0.0
0.005759568884968758	0.0
0.03506339341402054	0.0
0.023908663541078568	0.0
0.005406861659139395	0.0
0.005081417970359325	0.0
0.026441127061843872	0.0
0.00026209536008536816	0.0
0.0113012520596385	0.0
0.10628661513328552	0.0
0.02542148344218731	0.0
0.009306678548455238	0.0
0.05226055160164833	0.0
0.04664824903011322	0.0
0.13467159867286682	0.0
0.16150103509426117	1.0
0.007046177983283997	0.0
0.10772708058357239	0.0
0.037953734397888184	0.0
0.0021648399997502565	0.0
0.05714280158281326	0.0
0.005761483684182167	0.0
0.12625768780708313	0.0
0.006002750247716904	0.0
0.1142088994383812	0.0
0.0007034584414213896	0.0
0.017499184235930443	0.0
0.0033622391056269407	0.0
0.09098844975233078	1.0
0.1860388070344925	0.0
0.0006575866136699915	0.0
0.006984054576605558	0.0
0.08475872129201889	1.0
0.009053077548742294	0.0
0.021454332396388054	0.0
0.18468056619167328	0.0
0.013584457337856293	0.0
0.02930159494280815	0.0
0.07134892791509628	0.0
0.1627839207649231	0.0
0.003855610964819789	0.0
0.0024595861323177814	0.0
0.004796923603862524	0.0
0.0623319149017334	0.0
0.0017740154871717095	0.0
0.12704096734523773	0.0
0.08116243779659271	0.0
0.021712860092520714	0.0
0.06461387872695923	0.0
0.1283426135778427	0.0
0.03161311894655228	0.0
0.08178956806659698	0.0
0.2116885781288147	0.0
0.1612977236509323	0.0
0.0031968075782060623	0.0
0.11744873970746994	0.0
0.0749073177576065	0.0
0.06172330677509308	0.0
0.03508014604449272	0.0
0.08839041739702225	0.0
0.2113436609506607	0.0
0.04995551332831383	0.0
0.009817342273890972	0.0
0.07159243524074554	1.0
0.1562773436307907	0.0
0.028963269665837288	0.0
0.005444240290671587	0.0
0.026465797796845436	0.0
0.04114801436662674	0.0
0.013000485487282276	0.0
0.014452645555138588	0.0
0.028256062418222427	0.0
0.08127280324697495	0.0
0.09448037296533585	0.0
0.06460471451282501	0.0
0.005442985333502293	0.0
0.0013308909256011248	0.0
0.21141216158866882	0.0
0.17658352851867676	0.0
0.0186416357755661	0.0
0.2116885781288147	1.0
0.19511212408542633	0.0
0.0047218347899615765	0.0
0.0638483390212059	0.0
0.21125978231430054	1.0
0.023168956860899925	0.0
0.06262245774269104	0.0
0.016542591154575348	0.0
0.07418971508741379	0.0
0.049865927547216415	0.0
0.01303264033049345	0.0
0.02964257262647152	0.0
0.019388552755117416	0.0
0.1156480461359024	0.0
0.08218115568161011	0.0
0.12234857678413391	0.0
0.01763121969997883	0.0
0.011783970519900322	0.0
0.2116885781288147	1.0
0.038621533662080765	0.0
0.07825291156768799	0.0
0.006969456095248461	0.0
0.0026426766999065876	0.0
0.001557105453684926	0.0
0.0005554966628551483	0.0
0.012428296729922295	0.0
0.013625558465719223	0.0
0.2115260809659958	1.0
0.005759708117693663	0.0
0.2074391394853592	0.0
0.10513408482074738	0.0
0.04869081452488899	0.0
0.2095319926738739	0.0
0.06282305717468262	0.0
0.013854660093784332	0.0
0.2116885781288147	1.0
0.21119853854179382	0.0
0.06675990670919418	0.0
0.09276879578828812	0.0
0.09968023747205734	0.0
0.008608756586909294	0.0
0.007404689211398363	0.0
0.03125060349702835	0.0
0.005614723078906536	0.0
0.14947761595249176	0.0
0.03174156695604324	0.0
0.0010510418796911836	0.0
0.001169266295619309	0.0
0.1625872403383255	0.0
0.0007151066674850881	0.0
0.04254341498017311	0.0
0.0014808810083195567	0.0
0.14553998410701752	0.0
0.0023248507641255856	0.0
0.08372163772583008	0.0
0.027093904092907906	0.0
0.1452421396970749	0.0
0.0498633049428463	0.0
0.001385690295137465	0.0
0.18649546802043915	0.0
0.011324805207550526	0.0
0.014418326318264008	0.0
0.10875514149665833	0.0
0.051961664110422134	0.0
0.022077392786741257	0.0
0.023243732750415802	0.0
0.2116706520318985	0.0
0.13192704319953918	0.0
0.02252073399722576	0.0
0.1762988567352295	0.0
0.02267829142510891	0.0
0.006922177039086819	0.0
0.14334514737129211	0.0
0.009976993314921856	0.0
0.013318672776222229	0.0
0.03448730334639549	0.0
0.05391009896993637	0.0
0.02755325473845005	0.0
0.003021005541086197	0.0
0.012273847125470638	0.0
0.0024585274513810873	0.0
0.005504763685166836	0.0
0.03796547278761864	0.0
0.012515733018517494	0.0
0.006156868766993284	0.0
0.035607948899269104	0.0
0.1234956905245781	0.0
0.0709388479590416	0.0
0.06716883182525635	0.0
0.015464113093912601	0.0
0.024453580379486084	0.0
0.09129159897565842	0.0
0.019607000052928925	0.0
0.16816915571689606	0.0
0.025606466457247734	0.0
0.17873013019561768	1.0
0.0870460569858551	0.0
0.01422378234565258	0.0
0.001350014703348279	0.0
0.03599042817950249	0.0
0.026441557332873344	0.0
0.09184969961643219	0.0
0.07334527373313904	0.0
0.20493926107883453	0.0
0.020224131643772125	0.0
0.01524374634027481	0.0
0.09416962414979935	0.0
0.04655686393380165	0.0
0.014223695732653141	0.0
0.013493134640157223	0.0
0.0351470448076725	0.0
0.06574075669050217	0.0
0.009985082782804966	0.0
0.018233872950077057	0.0
0.017902422696352005	0.0
0.036978285759687424	0.0
0.0057313088327646255	0.0
0.015305102802813053	0.0
0.013554872944951057	0.0
0.018807427957654	0.0
0.211030051112175	0.0
0.027929702773690224	0.0
0.1285925656557083	0.0
0.2116885781288147	1.0
0.06213942915201187	1.0
0.04644375666975975	0.0
0.21165262162685394	0.0
0.0037410869263112545	0.0
0.019872089847922325	0.0
0.010037665255367756	0.0
0.0013782037422060966	0.0
0.001247333362698555	0.0
0.005564993247389793	0.0
0.07847552746534348	1.0
0.2116885781288147	1.0
0.014073019847273827	0.0
0.08760236203670502	0.0
0.18518055975437164	0.0
0.08699273318052292	0.0
0.08240759372711182	0.0
0.034581176936626434	0.0
0.0665808916091919	1.0
0.2113431990146637	0.0
0.11108136922121048	1.0
0.2116885781288147	0.0
0.09512967616319656	0.0
0.02018909528851509	0.0
0.08763795346021652	0.0
0.09097312390804291	0.0
0.004157648887485266	0.0
0.2005614936351776	0.0
0.020326437428593636	0.0
0.1902201920747757	1.0
0.009469723328948021	0.0
0.014942227862775326	0.0
0.0016663412097841501	0.0
0.1432524472475052	0.0
0.007913289591670036	0.0
0.11945561319589615	0.0
0.02910005860030651	0.0
0.006244117394089699	0.0
0.053605202585458755	0.0
0.0063570463098585606	0.0
0.1038479283452034	0.0
0.04902724176645279	0.0
0.18954576551914215	0.0
0.01224630419164896	0.0
0.004403460305184126	0.0
0.009552634321153164	0.0
0.07834124565124512	0.0
0.1819261908531189	0.0
0.025003133341670036	0.0
0.029106415808200836	0.0
0.06841066479682922	0.0
0.0025710072368383408	0.0
0.18435700237751007	0.0
0.004079887177795172	0.0
0.015109376981854439	0.0
0.016234416514635086	0.0
0.014125081710517406	0.0
0.2116885781288147	0.0
0.02472566068172455	0.0
0.006677404977381229	0.0
0.030803825706243515	0.0
0.032270025461912155	0.0
0.059109289199113846	0.0
0.014712105505168438	0.0
0.002392625669017434	0.0
0.08478352427482605	0.0
0.05310631915926933	0.0
0.21147817373275757	1.0
0.10942214727401733	0.0
0.04122784361243248	0.0
0.04935897886753082	0.0
0.006762377452105284	0.0
0.020300425589084625	0.0
0.019633790478110313	0.0
0.030615132302045822	0.0
0.025476856157183647	0.0
0.0049514262937009335	0.0
0.14322079718112946	1.0
0.03449180722236633	0.0
0.018775099888443947	0.0
0.004174309782683849	0.0
0.008339385502040386	0.0
0.06083769351243973	0.0
0.00787502620369196	0.0
0.07296401262283325	0.0
0.04896221682429314	0.0
0.2054082751274109	0.0
0.13285356760025024	1.0
0.005749804899096489	0.0
0.027897048741579056	0.0
0.0061692786403000355	0.0
0.001798652345314622	0.0
0.020448286086320877	0.0
0.05923353508114815	0.0
0.02164633385837078	0.0
0.011394674889743328	0.0
0.007321093697100878	0.0
0.21167097985744476	1.0
0.01843258924782276	0.0
0.13585689663887024	0.0
0.014574386179447174	0.0
0.19673213362693787	0.0
0.15493369102478027	0.0
0.05240607261657715	0.0
0.011817222461104393	0.0
0.04914921522140503	0.0
0.047458380460739136	0.0
0.0680420845746994	0.0
0.09736684709787369	0.0
0.10133691132068634	0.0
0.11961353570222855	0.0
0.15945111215114594	1.0
0.02008138597011566	1.0
0.02709783799946308	0.0
0.039374757558107376	0.0
0.0009576104348525405	0.0
0.024883104488253593	0.0
0.030943913385272026	0.0
0.0005845827981829643	0.0
0.03628871589899063	0.0
0.012207488529384136	0.0
0.04545062407851219	0.0
0.07133407145738602	0.0
0.0012221925426274538	0.0
0.035816699266433716	0.0
0.20123475790023804	0.0
0.02909126691520214	0.0
0.08751629292964935	0.0
0.023874010890722275	0.0
0.02559252455830574	0.0
0.08808298408985138	0.0
0.03212876245379448	0.0
0.03655845671892166	0.0
0.0044002109207212925	0.0
0.211643248796463	0.0
0.11041326075792313	0.0
0.015404528006911278	0.0
0.004015406593680382	0.0
0.0033037925604730844	0.0
0.20058824121952057	0.0
0.03360963612794876	0.0
0.006539531052112579	0.0
0.008129955269396305	0.0
0.12807422876358032	0.0
0.031052209436893463	0.0
0.011199803091585636	0.0
0.016103683039546013	0.0
0.21150599420070648	0.0
0.011352130211889744	0.0
0.048124779015779495	0.0
0.05501652881503105	0.0
0.026546478271484375	0.0
0.17538750171661377	0.0
0.11651059240102768	0.0
0.008695274591445923	0.0
0.20923346281051636	0.0
0.006806329358369112	0.0
0.04364679008722305	0.0
0.10526104271411896	0.0
0.02505088411271572	0.0
0.0016659365501254797	0.0
0.012959007173776627	0.0
0.19253818690776825	0.0
0.06353317201137543	0.0
0.017605658620595932	0.0
0.04926064610481262	0.0
0.02725965529680252	0.0
0.040845535695552826	0.0
0.06379172205924988	0.0
0.024687986820936203	0.0
0.003976110834628344	0.0
0.1601148396730423	0.0
0.0018095357809215784	0.0
0.04673083871603012	0.0
0.06896685808897018	0.0
0.15025068819522858	0.0
0.015822453424334526	0.0
0.027351297438144684	0.0
0.2116885781288147	1.0
0.028098082169890404	0.0
0.0025879594031721354	0.0
0.13068275153636932	0.0
0.028091173619031906	0.0
0.020916366949677467	0.0
0.1908387541770935	1.0
0.033259861171245575	0.0
0.07499925047159195	0.0
0.03393913432955742	0.0
0.026234086602926254	0.0
0.005383421201258898	0.0
0.12018267065286636	0.0
0.031025102362036705	1.0
0.08252554386854172	0.0
0.004857426509261131	0.0
0.03225092589855194	0.0
0.057991623878479004	0.0
0.1157330572605133	0.0
0.022081172093749046	0.0
0.036773256957530975	0.0
0.03268051892518997	0.0
0.047915179282426834	0.0
0.026947077363729477	0.0
0.10272455215454102	0.0
0.023204898461699486	0.0
0.08690275251865387	0.0
0.03420048579573631	0.0
0.05915351212024689	0.0
0.1895686388015747	0.0
0.17886069416999817	0.0
0.048659682273864746	0.0
0.03872014954686165	0.0
0.02683955989778042	0.0
0.023958956822752953	0.0
0.025388721376657486	0.0
0.11480534821748734	0.0
0.0398116260766983	0.0
0.2116885781288147	1.0
0.007204046007245779	0.0
0.012624669820070267	0.0
0.004928493406623602	0.0
0.016353169456124306	0.0
0.061436135321855545	0.0
0.009088046848773956	0.0
0.014522060751914978	0.0
0.05078897625207901	0.0
0.0005062060663476586	0.0
0.014199666678905487	0.0
0.024359501898288727	0.0
0.015139030292630196	0.0
0.03810333088040352	0.0
0.1865626722574234	0.0
0.014805390499532223	0.0
0.011921552009880543	0.0
0.05807515233755112	0.0
0.011163783259689808	0.0
0.11615036427974701	0.0
0.1935921609401703	1.0
0.02288016863167286	0.0
0.2116885781288147	1.0
0.0907863900065422	0.0
0.016433024778962135	0.0
0.006818324327468872	0.0
0.036507681012153625	0.0
0.09065596759319305	1.0
0.03274792432785034	0.0
0.02545573003590107	0.0
0.03987240418791771	0.0
0.09134319424629211	1.0
0.016384609043598175	0.0
0.06168229132890701	0.0
0.004413948394358158	0.0
0.01876869611442089	0.0
0.007262857165187597	0.0
0.0006151340785436332	0.0
0.2116885781288147	0.0
0.00439247814938426	0.0
0.17437587678432465	0.0
0.010940959677100182	0.0
0.008097405545413494	0.0
0.030505632981657982	0.0
0.08017636090517044	1.0
0.0056229871697723866	0.0
0.2116408795118332	0.0
0.029916655272245407	0.0
0.21090716123580933	0.0
0.05685485899448395	1.0
0.10530421882867813	0.0
0.01649245247244835	0.0
0.01730312779545784	0.0
0.059217605739831924	0.0
0.21160803735256195	0.0
0.003126181196421385	0.0
0.008464095182716846	0.0
0.020022431388497353	0.0
0.10679101943969727	0.0
0.020285723730921745	0.0
0.2115166187286377	0.0
0.032409317791461945	0.0
0.007773519493639469	0.0
0.02128024958074093	0.0
0.024866044521331787	0.0
0.11551690101623535	0.0
0.001491093309596181	0.0
0.015401245094835758	0.0
0.05710216239094734	0.0
0.00959756039083004	0.0
0.003568848595023155	0.0
0.09443654865026474	0.0
0.1236206442117691	0.0
0.04390081390738487	0.0
0.052420780062675476	0.0
0.06571990251541138	0.0
0.06088444963097572	0.0
0.1029338464140892	0.0
0.008274395018815994	0.0
0.07217592746019363	0.0
0.00785495899617672	0.0
0.01161171868443489	0.0
0.01423790492117405	0.0
0.021891333162784576	0.0
0.04771376773715019	0.0
0.14760346710681915	0.0
0.038517583161592484	0.0
0.017141567543148994	0.0
0.0866849422454834	0.0
0.028893979266285896	0.0
0.0959295853972435	0.0
0.0005945150624029338	0.0
0.21092286705970764	1.0
0.02211475372314453	0.0
0.13913848996162415	1.0
0.0493505634367466	0.0
0.18403102457523346	1.0
0.2116885781288147	1.0
0.06340090930461884	0.0
0.03382989391684532	0.0
0.17105117440223694	0.0
0.14891888201236725	0.0
0.13025783002376556	1.0
0.06335386633872986	0.0
0.15676969289779663	1.0
0.15841460227966309	0.0
0.21158909797668457	0.0
0.21158181130886078	0.0
0.005267369095236063	0.0
0.013236042112112045	0.0
0.07378599792718887	0.0
0.07323727756738663	0.0
0.0019845417700707912	0.0
0.017912184819579124	0.0
0.007316074799746275	0.0
0.07730970531702042	0.0
0.056846488267183304	0.0
0.012658374384045601	0.0
0.17617960274219513	0.0
0.11058035492897034	0.0
0.015258950181305408	0.0
0.017549583688378334	0.0
0.013220183551311493	0.0
0.07401356101036072	0.0
0.027549732476472855	0.0
0.0017653199611231685	0.0
0.004364971537142992	0.0
0.021907664835453033	0.0
0.043089933693408966	0.0
0.06355761736631393	0.0
0.2116885781288147	0.0
0.09511170536279678	0.0
0.024026881903409958	0.0
0.00867898017168045	0.0
0.01638120599091053	0.0
0.029972508549690247	0.0
0.04925711825489998	0.0
0.013621367514133453	0.0
0.06200001388788223	0.0
0.15205851197242737	0.0
0.09775397181510925	0.0
0.024308353662490845	0.0
0.0044024051167070866	0.0
0.08431611210107803	0.0
0.0440644845366478	0.0
0.0023091721814125776	0.0
0.05818955600261688	0.0
0.17209860682487488	0.0
0.013329372741281986	0.0
0.010982094332575798	0.0
0.006503474432975054	0.0
0.03604712337255478	0.0
0.020832231268286705	0.0
0.06721964478492737	0.0
0.0035319689195603132	0.0
0.026410482823848724	0.0
0.009946509264409542	0.0
0.09257350862026215	0.0
0.015384738333523273	0.0
0.2116885781288147	0.0
0.012498142197728157	0.0
0.11099870502948761	0.0
0.2116885781288147	1.0
0.008566170930862427	0.0
0.036321260035037994	0.0
0.07074663788080215	0.0
0.05304418131709099	0.0
0.03919227421283722	0.0
0.006165169645100832	0.0
0.19483256340026855	0.0
0.12010955810546875	0.0
0.08491671085357666	0.0
0.007265986409038305	0.0
0.012099056504666805	0.0
0.015134836547076702	0.0
0.12340132892131805	0.0
0.1648050993680954	0.0
0.2116885781288147	0.0
0.21088722348213196	0.0
0.01512199081480503	0.0
0.21154174208641052	1.0
0.014949999749660492	0.0
0.18074996769428253	0.0
0.04697619751095772	0.0
0.2116563469171524	0.0
0.027765486389398575	0.0
0.2116885781288147	1.0
0.021868331357836723	0.0
0.2116885781288147	1.0
0.0022914381697773933	0.0
0.028825005516409874	0.0
0.006054246798157692	0.0
0.08096927404403687	0.0
0.031802620738744736	0.0
0.055744148790836334	0.0
0.006883800029754639	0.0
0.02429981715977192	0.0
0.09513776749372482	0.0
0.023133521899580956	0.0
0.024561375379562378	0.0
0.15720783174037933	0.0
0.04550640657544136	0.0
0.21048030257225037	1.0
0.08170760422945023	0.0
0.013772671110928059	0.0
0.024029353633522987	0.0
0.07270262390375137	0.0
0.20040015876293182	0.0
0.007851348258554935	0.0
0.03620433807373047	0.0
0.007816653698682785	0.0
0.0602077916264534	0.0
0.013590400107204914	0.0
0.06124517694115639	0.0
0.04185014218091965	0.0
0.038766566663980484	0.0
0.01949286088347435	0.0
0.10485817492008209	0.0
0.2116885781288147	0.0
0.03833172842860222	0.0
0.03531502187252045	0.0
0.04597616195678711	0.0
0.14227871596813202	1.0
0.12010879814624786	0.0
0.1889186054468155	0.0
0.018925482407212257	0.0
0.032646890729665756	0.0
0.0761793777346611	0.0
0.0538606271147728	0.0
0.05183956027030945	0.0
0.18215148150920868	0.0
0.02376253344118595	0.0
0.03776820749044418	0.0
0.002825087169185281	0.0
0.0790347158908844	0.0
0.015532349236309528	0.0
0.02808932587504387	0.0
0.030409200116991997	0.0
0.00028702779673039913	0.0
0.01659400388598442	0.0
0.04161195829510689	0.0
0.0029772992711514235	0.0
0.21163421869277954	0.0
0.014459555968642235	0.0
0.07814991474151611	0.0
0.2116885781288147	0.0
0.019469004124403	0.0
0.014261889271438122	0.0
0.0580478236079216	0.0
0.04384790360927582	0.0
0.011324089951813221	0.0
0.089156374335289	0.0
0.10950823128223419	0.0
0.001803528517484665	0.0
0.00865255855023861	0.0
0.08420673757791519	0.0
0.00657498836517334	0.0
0.029401881620287895	0.0
0.015164274722337723	0.0
0.03627514839172363	0.0
0.10119783133268356	1.0
0.07260845601558685	0.0
0.018504220992326736	0.0
0.0005555564421229064	0.0
0.0134518938139081	0.0
0.05041681230068207	0.0
0.0012973721604794264	0.0
0.008923887275159359	0.0
0.021214604377746582	0.0
0.027230223640799522	0.0
0.004208138678222895	0.0
0.026084987446665764	0.0
0.16228951513767242	1.0
0.00045790913281962276	0.0
0.036480195820331573	0.0
0.034137826412916183	0.0
0.01681179367005825	0.0
0.021566780284047127	0.0
0.017194757238030434	0.0
0.015370427630841732	0.0
0.047781769186258316	1.0
0.0033985627815127373	0.0
0.017187120392918587	0.0
0.0015119531890377402	0.0
0.0009436835534870625	0.0
0.08008970320224762	0.0
0.01001792587339878	0.0
0.11049814522266388	0.0
0.024727847427129745	0.0
0.016658712178468704	0.0
0.05109100788831711	0.0
0.02412865310907364	0.0
0.08244740962982178	0.0
0.05765923112630844	0.0
0.1641303300857544	0.0
0.0006110187387093902	0.0
0.006803277414292097	0.0
0.10100652277469635	0.0
0.04032032564282417	0.0
0.05573837831616402	0.0
0.008317316882312298	0.0
0.010203534737229347	0.0
0.19358862936496735	0.0
0.10387936979532242	1.0
0.034520965069532394	0.0
0.0045129042118787766	0.0
0.04410630092024803	0.0
0.009338479489088058	0.0
0.2116885781288147	1.0
0.16162462532520294	1.0
0.036654796451330185	0.0
0.10344839841127396	0.0
0.01329994946718216	0.0
0.17044630646705627	0.0
0.19157181680202484	0.0
0.010878787375986576	0.0
0.011350397020578384	0.0
0.03069126047194004	0.0
0.17798779904842377	0.0
0.04869123548269272	0.0
0.013528954237699509	0.0
0.04525680094957352	0.0
0.0668402761220932	0.0
0.026120562106370926	0.0
0.057021189481019974	0.0
0.04587835818529129	0.0
0.21152472496032715	0.0
0.006381318438798189	0.0
0.033252060413360596	0.0
0.006600687280297279	0.0
0.06136562302708626	0.0
0.13257679343223572	0.0
0.11397983878850937	0.0
0.005731767974793911	0.0
0.029766302555799484	0.0
0.02636755257844925	0.0
0.01662636548280716	0.0
0.05886513739824295	0.0
0.08856260776519775	0.0
0.08258262276649475	0.0
0.2116885781288147	0.0
0.06397171318531036	1.0
0.19885766506195068	1.0
0.03955012559890747	0.0
0.2115868479013443	0.0
0.05884014070034027	0.0
0.034542664885520935	0.0
0.0037264765705913305	0.0
0.056789580732584	0.0
0.007981044240295887	0.0
0.07453149557113647	1.0
0.0209361519664526	0.0
0.009518470615148544	0.0
0.08542218059301376	0.0
0.0037588642444461584	0.0
0.07349409908056259	0.0
0.0214471947401762	0.0
0.2116885781288147	1.0
0.2100493609905243	0.0
0.004132366273552179	0.0
0.08150415122509003	0.0
0.2090599238872528	0.0
0.05001429468393326	0.0
0.21010418236255646	0.0
0.21168769896030426	0.0
0.117947518825531	1.0
0.032642070204019547	1.0
0.05038873478770256	0.0
0.015197218395769596	0.0
0.07931743562221527	0.0
0.045958008617162704	0.0
0.05142339691519737	0.0
0.2116885781288147	0.0
0.21089328825473785	1.0
0.02161690592765808	0.0
0.046531323343515396	0.0
0.14524836838245392	0.0
0.20926469564437866	0.0
0.2116512805223465	1.0
0.03570082038640976	0.0
0.15372192859649658	0.0
0.07478540390729904	0.0
0.01855393499135971	0.0
0.031624142080545425	0.0
0.15315139293670654	0.0
0.0034779910929501057	0.0
0.0019251811318099499	0.0
0.05523573234677315	0.0
0.0010454605799168348	0.0
0.006470579653978348	0.0
0.007269436493515968	0.0
0.006096706725656986	0.0
0.0010762551100924611	0.0
0.015650780871510506	0.0
0.03210371360182762	0.0
0.20500726997852325	0.0
0.0006531479302793741	0.0
0.2116885781288147	0.0
0.014683771878480911	0.0
0.0103475796058774	0.0
0.03645319864153862	0.0
0.09191422909498215	0.0
0.04172442480921745	0.0
0.2116885781288147	1.0
0.21149098873138428	0.0
0.003774868091568351	0.0
0.002952367067337036	0.0
0.030354401096701622	0.0
0.10713991522789001	0.0
0.03593321144580841	0.0
0.018853221088647842	0.0
0.0362078920006752	0.0
0.06258703023195267	0.0
0.0012173412833362818	0.0
0.028280390426516533	0.0
0.022099221125245094	0.0
0.08748474717140198	0.0
0.019795797765254974	0.0
0.05816614627838135	0.0
0.012262915261089802	0.0
0.026858985424041748	0.0
0.20932869613170624	0.0
0.08500923216342926	0.0
0.014913689345121384	0.0
0.1000773161649704	0.0
0.021665263921022415	0.0
0.02003513090312481	0.0
0.13020466268062592	0.0
0.035556912422180176	0.0
0.009578547440469265	0.0
0.05018151178956032	0.0
0.025188663974404335	0.0
0.07840930670499802	0.0
0.06079001724720001	0.0
0.013128423132002354	0.0
0.03047293797135353	0.0
0.03518396243453026	0.0
0.07404246926307678	0.0
0.005037473049014807	0.0
0.181065171957016	1.0
0.04141296073794365	0.0
0.05457296594977379	0.0
0.21155621111392975	0.0
0.00854057539254427	0.0
0.01776643842458725	0.0
0.025880537927150726	0.0
0.018494652584195137	0.0
0.008143466897308826	0.0
0.02643492817878723	0.0
0.08290274441242218	0.0
0.012475674971938133	0.0
0.07295023649930954	0.0
0.034153152257204056	0.0
0.018026571720838547	0.0
0.04438358545303345	0.0
0.2109409123659134	0.0
0.018960323184728622	0.0
0.002301233122125268	0.0
0.015700282528996468	0.0
0.05010762810707092	0.0
0.1036621481180191	1.0
0.03863212466239929	0.0
0.0012018638662993908	0.0
0.043893467634916306	0.0
0.030622925609350204	0.0
0.010251746512949467	0.0
0.11787845194339752	0.0
0.005276211071759462	0.0
0.022650470957159996	0.0
0.04549923911690712	0.0
0.04867270588874817	0.0
0.10812986642122269	0.0
0.020902780815958977	0.0
0.057037871330976486	0.0
0.003742148168385029	0.0
0.19312044978141785	0.0
0.13093745708465576	0.0
0.06948301941156387	0.0
0.024340854957699776	0.0
0.033414240926504135	0.0
0.007159316912293434	0.0
0.03588434308767319	0.0
0.11248225718736649	0.0
0.0034135105088353157	0.0
0.002790093654766679	0.0
0.053041644394397736	0.0
0.005815742537379265	0.0
0.011349251493811607	0.0
0.012674683704972267	0.0
0.2116885781288147	0.0
0.0053509376011788845	0.0
0.07657282054424286	0.0
0.016045724973082542	0.0
0.2114107608795166	0.0
0.034257832914590836	0.0
0.00693312706425786	0.0
0.14508666098117828	0.0
0.023967847228050232	0.0
0.020685788244009018	0.0
0.07750241458415985	0.0
0.05276954919099808	0.0
0.03627271577715874	0.0
0.03424444422125816	0.0
0.04723860323429108	0.0
0.016069645062088966	0.0
0.002429292071610689	0.0
0.027255255728960037	0.0
0.06881637126207352	0.0
0.00378744350746274	0.0
0.041071683168411255	0.0
0.04105551913380623	0.0
0.005295375362038612	0.0
0.16066524386405945	1.0
0.011774213053286076	0.0
0.08986980468034744	0.0
0.03399283066391945	0.0
0.0034996301401406527	0.0
0.019038116559386253	0.0
0.006987249478697777	0.0
0.03967823088169098	0.0
0.03303058072924614	0.0
0.019388064742088318	0.0
0.031105035915970802	0.0
0.2110135704278946	1.0
0.04311554133892059	0.0
0.001770485076121986	0.0
0.1437915712594986	0.0
0.18910975754261017	0.0
0.031196417286992073	0.0
0.008028564974665642	0.0
0.0003547657688613981	0.0
0.07958000898361206	0.0
0.010922868736088276	0.0
0.01022209133952856	0.0
0.052051469683647156	0.0
0.05380549281835556	0.0
0.0035134211648255587	0.0
0.0095441285520792	0.0
0.0010613787453621626	0.0
0.04410259798169136	0.0
0.2116885781288147	0.0
0.05218098685145378	0.0
0.09881404042243958	0.0
0.02490270882844925	0.0
0.04120967537164688	0.0
0.2116885781288147	0.0
0.05929282307624817	0.0
0.008951688185334206	0.0
0.003615525085479021	0.0
0.003833592403680086	0.0
0.006929884199053049	0.0
0.0565950870513916	0.0
0.026574166491627693	0.0
0.11102601885795593	0.0
0.005790421739220619	0.0
0.026725564152002335	0.0
0.030352571979165077	1.0
0.07749293744564056	0.0
0.01317798811942339	0.0
0.001978535670787096	0.0
0.11785076558589935	0.0
0.029014894738793373	0.0
0.030974701046943665	0.0
0.058591775596141815	0.0
0.15997569262981415	0.0
0.18356862664222717	0.0
0.08679017424583435	0.0
0.03333893045783043	0.0
0.11317551136016846	1.0
0.14665549993515015	0.0
0.09520632773637772	0.0
0.05089614912867546	0.0
0.018750887364149094	0.0
0.005923733115196228	0.0
0.11151157319545746	0.0
0.21075567603111267	0.0
0.031070822849869728	0.0
0.06605295836925507	0.0
0.020696822553873062	0.0
0.07274537533521652	0.0
0.06686174869537354	0.0
0.04838654398918152	0.0
0.05250181257724762	0.0
0.023034140467643738	0.0
0.050457462668418884	0.0
0.0036819970700889826	0.0
0.047912273555994034	0.0
0.001479758182540536	0.0
0.08255677670240402	0.0
0.002461184747517109	0.0
0.10127434879541397	1.0
0.16890884935855865	0.0
0.007872027345001698	0.0
0.09613195806741714	0.0
0.03853439912199974	0.0
0.019457703456282616	0.0
0.0032702491153031588	0.0
0.008534826338291168	0.0
0.1572829633951187	1.0
0.02857661433517933	0.0
0.03541436418890953	0.0
0.02725893445312977	0.0
0.05057547613978386	0.0
0.005423469468951225	0.0
0.015289803966879845	0.0
0.011093780398368835	0.0
0.004452194552868605	0.0
0.02527475729584694	0.0
0.0039864652790129185	0.0
0.013726618140935898	0.0
0.0007815738790668547	0.0
0.19467267394065857	0.0
0.0006282984977588058	0.0
0.0006797405076213181	0.0
0.03830099478363991	0.0
0.028305772691965103	0.0
0.016432516276836395	0.0
0.009029226377606392	0.0
0.013109390623867512	0.0
0.021573381498456	0.0
0.007477087434381247	0.0
0.1551358550786972	0.0
0.21164773404598236	0.0
0.10416179150342941	0.0
0.06342817842960358	0.0
0.08460713177919388	0.0
0.16948343813419342	0.0
0.003530415240675211	0.0
0.004133186768740416	0.0
0.06473805755376816	0.0
0.06626400351524353	0.0
0.0564514622092247	0.0
0.013436304405331612	0.0
0.0030353881884366274	0.0
0.048749227076768875	0.0
0.030630335211753845	0.0
0.001718234154395759	0.0
0.009446095675230026	0.0
0.026656316593289375	0.0
0.021355928853154182	0.0
0.2104334533214569	1.0
0.053379807621240616	0.0
0.05273880437016487	0.0
0.009958767332136631	0.0
0.0017767449608072639	0.0
0.11038468033075333	0.0
0.019678601995110512	0.0
0.05455498769879341	0.0
0.21161110699176788	0.0
0.2116885781288147	0.0
0.03810273855924606	0.0
0.030866965651512146	0.0
0.0031228098087012768	0.0
0.022573688998818398	0.0
0.02620515786111355	0.0
0.026399143040180206	0.0
0.03318241611123085	0.0
0.07012540847063065	0.0
0.029866356402635574	0.0
0.012828855775296688	0.0
0.04568387195467949	1.0
0.09611866623163223	0.0
0.008485584519803524	0.0
0.0782226100564003	0.0
0.03939519450068474	0.0
0.02335100993514061	0.0
0.04814824461936951	0.0
0.2095683515071869	1.0
0.019718417897820473	0.0
0.00036463997093960643	0.0
0.06523961573839188	0.0
0.18827489018440247	0.0
0.031867559999227524	0.0
0.15758749842643738	0.0
0.21158693730831146	1.0
0.04860837757587433	0.0
0.01787923276424408	0.0
0.07274308055639267	0.0
0.014074912294745445	0.0
0.008553768508136272	0.0
0.007926102727651596	0.0
0.06015770509839058	0.0
0.05065757781267166	0.0
0.026038039475679398	0.0
0.07244226336479187	0.0
0.06775180250406265	0.0
0.0490519218146801	0.0
0.00045400465023703873	0.0
0.0050003244541585445	0.0
0.025614365935325623	0.0
0.15913288295269012	0.0
0.04742089658975601	0.0
0.0055255163460969925	0.0
0.1660378873348236	0.0
0.022928576916456223	0.0
0.012560843490064144	0.0
0.01940305531024933	0.0
0.0018757382640615106	0.0
0.04058409109711647	0.0
0.025147482752799988	0.0
0.12428925931453705	0.0
0.012451089918613434	0.0
0.10168244689702988	0.0
0.14293500781059265	0.0
0.003949353005737066	0.0
0.08969515562057495	0.0
0.21146108210086823	0.0
0.0619405098259449	0.0
0.05385591834783554	0.0
0.046139996498823166	0.0
0.06365914642810822	0.0
0.009106938727200031	0.0
0.1666620373725891	0.0
0.2116885781288147	0.0
0.0013581564417108893	0.0
0.03557702526450157	0.0
0.06497262418270111	0.0
0.022456718608736992	0.0
0.008713298477232456	0.0
0.2116885781288147	0.0
0.00409203814342618	0.0
0.0014140669954940677	0.0
0.045863233506679535	0.0
0.008519366383552551	0.0
0.09829598665237427	0.0
0.054221026599407196	0.0
0.21045313775539398	0.0
0.17747114598751068	0.0
0.04296649247407913	0.0
0.03359100595116615	0.0
0.024936752393841743	0.0
0.009356181137263775	0.0
0.018685687333345413	0.0
0.002541212597861886	0.0
0.007513475138694048	0.0
0.2116885781288147	0.0
0.009858723729848862	0.0
0.0053747850470244884	0.0
0.05769284442067146	0.0
0.0014134618686512113	0.0
0.05031786859035492	0.0
0.0012191125424578786	0.0
0.06260734796524048	0.0
0.0020928741432726383	0.0
0.015610508620738983	0.0
0.16072699427604675	0.0
0.07120316475629807	0.0
0.026606392115354538	0.0
0.00303694698959589	0.0
0.2116885781288147	0.0
0.11453095078468323	0.0
0.09974665194749832	0.0
0.015429369173943996	0.0
0.019970187917351723	0.0
0.004440570715814829	0.0
0.0022125556133687496	0.0
0.0062144361436367035	0.0
0.015063697472214699	0.0
0.12653115391731262	0.0
0.024537624791264534	0.0
0.09525901824235916	0.0
0.0614297017455101	0.0
0.13915333151817322	0.0
0.027481520548462868	0.0
0.005148258525878191	0.0
0.0033522373996675014	0.0
0.01845877431333065	0.0
0.035225700587034225	0.0
0.02596544846892357	0.0
0.0417213998734951	0.0
0.12730522453784943	0.0
0.2116885781288147	1.0
0.011427508667111397	0.0
0.1465650498867035	0.0
0.06141746789216995	0.0
0.0018694112077355385	0.0
0.01465574186295271	0.0
0.0029830201528966427	0.0
0.016393180936574936	0.0
0.2116885781288147	1.0
0.026199160143733025	0.0
0.04618794843554497	0.0
0.004166250117123127	0.0
0.08063812553882599	0.0
0.03409380465745926	0.0
0.0021199588663876057	0.0
0.03808433935046196	0.0
0.029061557725071907	0.0
0.009409450925886631	0.0
0.0027755163609981537	0.0
0.03031998686492443	0.0
0.015603285282850266	0.0
0.04155101627111435	0.0
0.02049245871603489	0.0
0.06640370190143585	0.0
0.14624162018299103	1.0
0.03580084443092346	0.0
0.007866030558943748	0.0
0.00020122449495829642	0.0
0.12245617061853409	0.0
0.0005597944254986942	0.0
0.06956847012042999	0.0
0.05101434141397476	0.0
0.020493529736995697	0.0
0.0037273988127708435	0.0
0.1099385991692543	1.0
0.017764383926987648	0.0
0.005270950496196747	0.0
0.013763678260147572	0.0
0.0523223802447319	0.0
0.048494547605514526	0.0
0.030114246532320976	0.0
0.13709835708141327	0.0
0.000252624973654747	0.0
0.016139738261699677	0.0
0.059872087091207504	0.0
0.004868484102189541	0.0
0.0034367451444268227	0.0
0.008085835725069046	0.0
0.019681647419929504	0.0
0.10990580171346664	0.0
0.03169882297515869	0.0
0.12240570783615112	0.0
0.030232589691877365	0.0
0.003903354750946164	0.0
0.015872808173298836	0.0
0.023132722824811935	0.0
0.024254590272903442	0.0
0.06102767214179039	0.0
0.0024270997382700443	0.0
0.03631221875548363	0.0
0.009339976124465466	0.0
0.0068289428018033504	0.0
0.06182629242539406	0.0
0.01985962875187397	0.0
0.010312158614397049	0.0
0.09210173785686493	0.0
0.004107418470084667	0.0
0.007247020956128836	0.0
0.03925643861293793	1.0
0.04596274718642235	0.0
0.11399275064468384	0.0
0.0433851033449173	0.0
0.002014018129557371	0.0
0.07402712106704712	0.0
0.05679543316364288	1.0
0.004744528792798519	0.0
0.009794266894459724	0.0
0.21167996525764465	0.0
0.013945037499070168	0.0
0.018575124442577362	0.0
0.006819987203925848	0.0
0.05662566050887108	1.0
0.008999856188893318	0.0
0.006124049425125122	0.0
0.07751306891441345	0.0
0.0835636556148529	0.0
0.0014701756881549954	0.0
0.038057293742895126	0.0
0.019606899470090866	0.0
0.011204789392650127	0.0
0.02774699777364731	0.0
0.2116885781288147	0.0
0.022857343778014183	0.0
0.2116885781288147	1.0
0.045951616019010544	0.0
0.04854641109704971	0.0
0.020884227007627487	0.0
0.05327777564525604	0.0
0.01344037614762783	0.0
0.038885295391082764	0.0
0.03345571830868721	0.0
0.025042932480573654	0.0
0.0046525695361196995	0.0
0.04094245657324791	0.0
0.06796254217624664	0.0
0.004640044178813696	0.0
0.0004049491253681481	0.0
0.11624972522258759	0.0
0.03597583621740341	0.0
0.03778963163495064	0.0
0.06733299046754837	1.0
0.048713747411966324	0.0
0.005915155168622732	0.0
0.050569552928209305	0.0
0.014349697157740593	0.0
0.006716292817145586	0.0
0.21143889427185059	0.0
0.2116885781288147	1.0
0.037648990750312805	1.0
0.04205463454127312	0.0
0.03309380263090134	0.0
0.004160000942647457	0.0
0.021306969225406647	0.0
0.04890571907162666	0.0
0.04051310196518898	0.0
0.0843273177742958	0.0
0.06730122119188309	0.0
0.03858579322695732	0.0
0.0053830198012292385	0.0
0.09864544868469238	0.0
0.01310428325086832	0.0
0.21129778027534485	0.0
0.041831597685813904	0.0
0.16544409096240997	0.0
0.020254377275705338	0.0
0.2116602659225464	0.0
0.0029350577387958765	0.0
0.0057200160808861256	0.0
0.21023432910442352	0.0
0.15338429808616638	0.0
0.010311171412467957	0.0
0.06433264911174774	0.0
0.16360220313072205	0.0
0.002265406074002385	0.0
0.011359411291778088	1.0
0.04308213293552399	0.0
0.00924720335751772	0.0
0.02310006506741047	0.0
0.0038948466535657644	0.0
0.004182848148047924	0.0
0.11686378717422485	0.0
0.002270693192258477	0.0
0.09398717433214188	0.0
0.027829769998788834	0.0
0.003925581928342581	0.0
0.019214488565921783	0.0
0.009501290507614613	0.0
0.03251116722822189	0.0
0.02257545478641987	0.0
0.0005192946991883218	0.0
0.007142805960029364	0.0
0.005498585756868124	0.0
0.032019708305597305	0.0
0.019571559503674507	0.0
0.029294924810528755	0.0
0.013774413615465164	0.0
0.0032692761160433292	0.0
0.015047221444547176	0.0
0.003190777963027358	0.0
0.012466666288673878	0.0
0.1271248310804367	0.0
0.03771042078733444	0.0
0.011162878014147282	0.0
0.15474191308021545	1.0
0.05657584220170975	0.0
0.040902167558670044	0.0
0.01733037456870079	0.0
0.020540717989206314	0.0
0.12916859984397888	0.0
0.011011929251253605	0.0
0.0044465446844697	0.0
0.1455184668302536	0.0
0.00446872366592288	0.0
0.010468143038451672	0.0
0.1268964260816574	0.0
0.05615989491343498	0.0
0.02596079371869564	0.0
0.0063153100199997425	0.0
0.024215642362833023	0.0
0.033069219440221786	0.0
0.21117016673088074	0.0
0.0793660432100296	0.0
0.024602238088846207	0.0
0.02220318652689457	0.0
0.07327340543270111	0.0
0.03900228440761566	0.0
0.038283154368400574	0.0
0.14409677684307098	0.0
0.003719163592904806	0.0
0.013645780272781849	0.0
0.00965479388833046	0.0
0.02957278862595558	0.0
0.020743349567055702	0.0
0.2116885781288147	1.0
0.10292642563581467	0.0
0.008674493059515953	0.0
0.047765057533979416	0.0
0.12796391546726227	0.0
0.013253923505544662	0.0
0.016165100038051605	0.0
0.015322993509471416	0.0
0.019561514258384705	0.0
0.09616917371749878	0.0
0.013064585626125336	0.0
0.019590534269809723	0.0
0.005135090555995703	0.0
0.1880865842103958	0.0
0.012914934195578098	0.0
0.0052144755609333515	0.0
0.001127777504734695	0.0
0.14820218086242676	0.0
0.1690613329410553	0.0
0.01858316734433174	0.0
0.04233655706048012	0.0
0.2116885781288147	1.0
0.1450849175453186	0.0
0.024269502609968185	0.0
0.005713123828172684	0.0
0.012190520763397217	0.0
0.05445335432887077	0.0
0.06711050868034363	0.0
0.003980647772550583	0.0
0.04230428487062454	0.0
0.16836820542812347	0.0
0.16036555171012878	0.0
0.00493205850943923	0.0
0.013716151937842369	0.0
0.03435990586876869	0.0
0.07099878042936325	0.0
0.028560400009155273	0.0
0.01074091624468565	0.0
0.031876858323812485	0.0
0.06555113196372986	0.0
0.2116885781288147	0.0
0.050324443727731705	0.0
0.09052971005439758	0.0
0.008311186917126179	0.0
0.029348168522119522	0.0
0.0695728212594986	0.0
0.0274571031332016	0.0
0.02488544024527073	0.0
0.09812996536493301	0.0
0.001438412698917091	0.0
0.0014236810384318233	0.0
0.029362378641963005	0.0
0.004966975189745426	0.0
0.06155477464199066	0.0
0.07386144250631332	0.0
0.01655295118689537	0.0
0.007868897169828415	0.0
0.002702191239222884	0.0
0.005662949755787849	0.0
0.14985722303390503	0.0
0.029149925336241722	0.0
0.014713888987898827	0.0
0.0014694094425067306	0.0
0.2116885781288147	1.0
0.1652057021856308	0.0
0.02813042514026165	0.0
0.15372763574123383	0.0
0.03553323447704315	0.0
0.03140844404697418	0.0
0.013392501510679722	0.0
0.019252896308898926	0.0
0.011801553890109062	0.0
0.2116863876581192	0.0
0.007243018597364426	0.0
0.09582534432411194	0.0
0.010441780090332031	0.0
0.08251068741083145	0.0
0.07362568378448486	1.0
0.00041767675429582596	0.0
0.07565651834011078	0.0
0.0006620358908548951	0.0
0.06478802114725113	0.0
0.01014291774481535	0.0
0.011441366747021675	0.0
0.012733829207718372	0.0
0.021359525620937347	0.0
0.13912802934646606	0.0
0.21165098249912262	1.0
0.04280051589012146	0.0
0.2116885781288147	1.0
0.1981721967458725	0.0
0.08020623028278351	0.0
0.0365765318274498	0.0
0.03634447976946831	0.0
0.0318949855864048	0.0
0.20535984635353088	0.0
0.03559456765651703	1.0
0.014369086362421513	0.0
0.01838352158665657	0.0
0.017375551164150238	0.0
0.005204018205404282	0.0
0.032365381717681885	0.0
0.015710165724158287	0.0
0.001904578530229628	0.0
0.00087629264453426	0.0
0.02285580150783062	0.0
0.03976711630821228	0.0
0.0055313995108008385	0.0
0.10512131452560425	0.0
0.1957550048828125	0.0
0.00035529618617147207	0.0
0.0623231939971447	0.0
0.05341959372162819	0.0
0.028999939560890198	0.0
0.2116885781288147	1.0
0.008002945221960545	0.0
0.03291643410921097	0.0
0.004026132635772228	0.0
0.03926391154527664	0.0
0.00944233126938343	0.0
0.008090101182460785	0.0
0.029605519026517868	0.0
0.06587163358926773	0.0
0.06326229870319366	0.0
0.19030122458934784	0.0
0.004086154047399759	0.0
0.021920716390013695	0.0
0.2116885781288147	1.0
0.13175426423549652	0.0
0.0013655947986990213	0.0
0.024036342278122902	0.0
0.0005578256095759571	0.0
0.004147557076066732	0.0
0.006378551945090294	0.0
0.03934819996356964	0.0
0.03962945565581322	0.0
0.05257335677742958	0.0
0.06083115190267563	0.0
0.06388931721448898	0.0
0.023886561393737793	0.0
0.01594013348221779	0.0
0.02107279747724533	0.0
0.002240277361124754	0.0
0.018118111416697502	0.0
0.023132894188165665	0.0
0.02501448057591915	0.0
0.012534192763268948	0.0
0.10388358682394028	0.0
0.2086556851863861	1.0
0.06200224533677101	0.0
0.007172058802098036	0.0
0.005555983632802963	0.0
0.027749041095376015	0.0
0.002385743660852313	0.0
0.036939773708581924	0.0
0.043439704924821854	0.0
0.07300472259521484	0.0
0.01954009011387825	0.0
0.18572480976581573	1.0
0.019357718527317047	0.0
0.045882876962423325	0.0
0.003044666489586234	0.0
0.01277186069637537	0.0
0.0033625911455601454	0.0
0.012596040032804012	0.0
