Sn	Sp	Acc	MCC	<<Cutoff
0	1	0.940995	-nan	1000
0.25426	0.97929	0.936509	0.301571	0.211689
0.25426	0.979208	0.936432	0.301139	0.211688
0.25426	0.979126	0.936354	0.300709	0.211688
0.25426	0.979043	0.936277	0.30028	0.211688
0.25426	0.978961	0.9362	0.299853	0.211688
0.25426	0.978879	0.936122	0.299427	0.211688
0.25426	0.978797	0.936045	0.299002	0.211688
0.25426	0.978715	0.935968	0.298578	0.211688
0.25426	0.978632	0.93589	0.298156	0.211688
0.25557	0.978632	0.935968	0.299516	0.211687
0.25557	0.97855	0.93589	0.299095	0.211686
0.256881	0.97855	0.935968	0.300452	0.211685
0.256881	0.978468	0.93589	0.300031	0.211684
0.256881	0.978386	0.935813	0.299611	0.211684
0.258191	0.978386	0.93589	0.300965	0.211683
0.259502	0.978386	0.935968	0.302316	0.211681
0.259502	0.978304	0.93589	0.301896	0.21168
0.259502	0.978222	0.935813	0.301478	0.21168
0.259502	0.978139	0.935736	0.301061	0.211679
0.260813	0.978139	0.935813	0.302407	0.211679
0.260813	0.978057	0.935736	0.301991	0.211678
0.260813	0.977975	0.935658	0.301576	0.211678
0.262123	0.977975	0.935736	0.302919	0.211677
0.263434	0.977975	0.935813	0.30426	0.211677
0.263434	0.977893	0.935736	0.303845	0.211677
0.263434	0.977811	0.935658	0.303431	0.211674
0.263434	0.977728	0.935581	0.303018	0.211674
0.264744	0.977646	0.935581	0.303943	0.211673
0.264744	0.977564	0.935504	0.303532	0.211672
0.266055	0.977564	0.935581	0.304865	0.211672
0.267366	0.977564	0.935658	0.306196	0.211671
0.267366	0.977482	0.935581	0.305785	0.211671
0.268676	0.977482	0.935658	0.307113	0.211669
0.268676	0.9774	0.935581	0.306703	0.211668
0.268676	0.977318	0.935504	0.306294	0.211668
0.268676	0.977235	0.935426	0.305886	0.211667
0.268676	0.977153	0.935349	0.30548	0.211665
0.268676	0.977071	0.935272	0.305074	0.211664
0.268676	0.976989	0.935194	0.30467	0.211663
0.268676	0.976907	0.935117	0.304267	0.211663
0.268676	0.976824	0.93504	0.303865	0.211661
0.268676	0.976742	0.934962	0.303464	0.21166
0.268676	0.97666	0.934885	0.303064	0.211659
0.269987	0.97666	0.934962	0.304384	0.211659
0.269987	0.976578	0.934885	0.303985	0.211657
0.269987	0.976496	0.934808	0.303587	0.211657
0.271298	0.976496	0.934885	0.304904	0.211657
0.271298	0.976414	0.934808	0.304506	0.211656
0.271298	0.976331	0.93473	0.30411	0.211654
0.272608	0.976331	0.934808	0.305423	0.211654
0.272608	0.976249	0.93473	0.305027	0.211653
0.273919	0.976249	0.934808	0.306338	0.211653
0.273919	0.976167	0.93473	0.305943	0.211653
0.273919	0.976085	0.934653	0.305548	0.211653
0.275229	0.976085	0.93473	0.306856	0.211651
0.27654	0.976085	0.934808	0.308161	0.211651
0.277851	0.976085	0.934885	0.309464	0.211651
0.277851	0.976003	0.934808	0.309069	0.211649
0.277851	0.97592	0.93473	0.308676	0.211648
0.279161	0.97592	0.934808	0.309976	0.211648
0.279161	0.975838	0.93473	0.309583	0.211648
0.280472	0.975838	0.934808	0.31088	0.211647
0.281782	0.975838	0.934885	0.312175	0.211646
0.281782	0.975756	0.934808	0.311782	0.211646
0.283093	0.975756	0.934885	0.313074	0.211645
0.283093	0.975674	0.934808	0.312682	0.211644
0.283093	0.975592	0.93473	0.31229	0.211644
0.283093	0.97551	0.934653	0.3119	0.211643
0.283093	0.975427	0.934576	0.31151	0.211642
0.283093	0.975345	0.934498	0.311122	0.211642
0.283093	0.975263	0.934421	0.310734	0.211642
0.283093	0.975181	0.934344	0.310348	0.211641
0.283093	0.975099	0.934266	0.309963	0.211638
0.284404	0.975099	0.934344	0.311249	0.211638
0.284404	0.975016	0.934266	0.310864	0.211637
0.285714	0.975016	0.934344	0.312148	0.211635
0.285714	0.974934	0.934266	0.311764	0.211635
0.287025	0.974934	0.934344	0.313045	0.211635
0.287025	0.974852	0.934266	0.312661	0.211634
0.287025	0.97477	0.934189	0.312278	0.211634
0.287025	0.974688	0.934112	0.311896	0.211633
0.287025	0.974606	0.934034	0.311516	0.211633
0.287025	0.974523	0.933957	0.311136	0.211632
0.288336	0.974523	0.934034	0.312412	0.211631
0.288336	0.974441	0.933957	0.312033	0.211629
0.288336	0.974359	0.93388	0.311655	0.211627
0.288336	0.974277	0.933802	0.311277	0.211627
0.288336	0.974195	0.933725	0.310901	0.211626
0.288336	0.974112	0.933648	0.310526	0.211626
0.288336	0.97403	0.93357	0.310151	0.211624
0.288336	0.973948	0.933493	0.309778	0.211623
0.288336	0.973866	0.933416	0.309405	0.211623
0.288336	0.973784	0.933338	0.309034	0.211623
0.288336	0.973702	0.933261	0.308663	0.211621
0.288336	0.973619	0.933184	0.308293	0.211621
0.288336	0.973537	0.933106	0.307925	0.21162
0.288336	0.973455	0.933029	0.307557	0.21162
0.288336	0.973373	0.932952	0.30719	0.211618
0.289646	0.973373	0.933029	0.308457	0.211616
0.290957	0.973373	0.933106	0.309723	0.211616
0.290957	0.973291	0.933029	0.309356	0.211613
0.292267	0.973291	0.933106	0.310619	0.211613
0.292267	0.973208	0.933029	0.310252	0.211611
0.293578	0.973208	0.933106	0.311513	0.211609
0.293578	0.973126	0.933029	0.311147	0.211608
0.294889	0.973126	0.933106	0.312405	0.211604
0.296199	0.973126	0.933184	0.313662	0.2116
0.29751	0.973126	0.933261	0.314916	0.211599
0.29751	0.973044	0.933184	0.314549	0.211598
0.29882	0.973044	0.933261	0.315802	0.211596
0.29882	0.972962	0.933184	0.315435	0.211593
0.29882	0.97288	0.933106	0.31507	0.211589
0.300131	0.972798	0.933106	0.315954	0.211587
0.300131	0.972715	0.933029	0.31559	0.211587
0.301442	0.972715	0.933106	0.316837	0.211587
0.302752	0.972715	0.933184	0.318082	0.211583
0.302752	0.972633	0.933106	0.317717	0.211583
0.302752	0.972551	0.933029	0.317354	0.211582
0.302752	0.972469	0.932952	0.316992	0.211581
0.304063	0.972469	0.933029	0.318233	0.211575
0.304063	0.972387	0.932952	0.317871	0.211571
0.305374	0.972387	0.933029	0.319111	0.211571
0.306684	0.972387	0.933106	0.320348	0.21157
0.306684	0.972304	0.933029	0.319986	0.211565
0.306684	0.972222	0.932952	0.319625	0.211559
0.306684	0.97214	0.932874	0.319265	0.211559
0.306684	0.972058	0.932797	0.318905	0.211557
0.306684	0.971976	0.93272	0.318547	0.211556
0.307995	0.971976	0.932797	0.31978	0.211555
0.307995	0.971893	0.93272	0.319422	0.211552
0.307995	0.971811	0.932642	0.319065	0.21155
0.307995	0.971729	0.932565	0.318708	0.211549
0.309305	0.971729	0.932642	0.319938	0.211549
0.309305	0.971647	0.932565	0.319582	0.211548
0.309305	0.971565	0.932488	0.319227	0.211548
0.309305	0.971483	0.93241	0.318873	0.211542
0.310616	0.971483	0.932488	0.3201	0.211542
0.311927	0.971483	0.932565	0.321325	0.211539
0.313237	0.971483	0.932642	0.322549	0.211538
0.313237	0.9714	0.932565	0.322194	0.211537
0.313237	0.971318	0.932488	0.32184	0.211536
0.313237	0.971236	0.93241	0.321487	0.211535
0.313237	0.971154	0.932333	0.321134	0.211531
0.313237	0.971072	0.932256	0.320783	0.211531
0.314548	0.971072	0.932333	0.322002	0.21153
0.314548	0.970989	0.932256	0.321651	0.211529
0.315858	0.970989	0.932333	0.322868	0.211528
0.315858	0.970907	0.932256	0.322518	0.211527
0.317169	0.970907	0.932333	0.323733	0.211526
0.317169	0.970825	0.932256	0.323382	0.211525
0.31848	0.970825	0.932333	0.324596	0.21152
0.31848	0.970743	0.932256	0.324245	0.21152
0.31848	0.970661	0.932178	0.323896	0.211518
0.31848	0.970579	0.932101	0.323548	0.211517
0.31848	0.970496	0.932024	0.3232	0.211516
0.31848	0.970414	0.931946	0.322853	0.211512
0.31848	0.970332	0.931869	0.322507	0.211512
0.31848	0.97025	0.931792	0.322162	0.211512
0.31848	0.970168	0.931714	0.321817	0.211511
0.31848	0.970085	0.931637	0.321474	0.211506
0.31848	0.970003	0.93156	0.321131	0.211499
0.31848	0.969921	0.931482	0.320789	0.211497
0.31848	0.969839	0.931405	0.320447	0.211496
0.31848	0.969757	0.931328	0.320107	0.211494
0.31979	0.969757	0.931405	0.321312	0.211492
0.31979	0.969675	0.931328	0.320972	0.211491
0.321101	0.969675	0.931405	0.322176	0.211482
0.322412	0.969675	0.931482	0.323378	0.211478
0.323722	0.969675	0.93156	0.324578	0.211477
0.325033	0.969675	0.931637	0.325777	0.211477
0.326343	0.969675	0.931714	0.326974	0.211476
0.326343	0.969592	0.931637	0.326633	0.211472
0.326343	0.96951	0.93156	0.326292	0.21147
0.326343	0.969428	0.931482	0.325952	0.211461
0.326343	0.969346	0.931405	0.325612	0.21145
0.326343	0.969264	0.931328	0.325274	0.211448
0.326343	0.969181	0.93125	0.324936	0.211444
0.326343	0.969099	0.931173	0.324599	0.211439
0.326343	0.969017	0.931096	0.324262	0.211428
0.326343	0.968935	0.931018	0.323926	0.211428
0.327654	0.968935	0.931096	0.325118	0.211417
0.327654	0.968853	0.931018	0.324783	0.211412
0.327654	0.968771	0.930941	0.324448	0.211411
0.328965	0.968771	0.931018	0.325638	0.211407
0.328965	0.968688	0.930941	0.325303	0.211403
0.328965	0.968606	0.930864	0.32497	0.2114
0.328965	0.968524	0.930786	0.324637	0.211395
0.328965	0.968442	0.930709	0.324305	0.211393
0.328965	0.96836	0.930632	0.323973	0.211365
0.328965	0.968277	0.930554	0.323643	0.211347
0.328965	0.968195	0.930477	0.323313	0.211344
0.328965	0.968113	0.9304	0.322983	0.211343
0.328965	0.968031	0.930322	0.322655	0.21134
0.328965	0.967949	0.930245	0.322327	0.211339
0.328965	0.967867	0.930168	0.322	0.211328
0.328965	0.967784	0.93009	0.321673	0.211322
0.328965	0.967702	0.930013	0.321348	0.211312
0.328965	0.96762	0.929936	0.321022	0.211302
0.328965	0.967538	0.929858	0.320698	0.211298
0.330275	0.967538	0.929936	0.32188	0.211295
0.331586	0.967538	0.930013	0.32306	0.211288
0.331586	0.967456	0.929936	0.322735	0.211279
0.332896	0.967456	0.930013	0.323913	0.21126
0.332896	0.967373	0.929936	0.323589	0.211254
0.332896	0.967291	0.929858	0.323266	0.211246
0.332896	0.967209	0.929781	0.322943	0.211242
0.332896	0.967127	0.929704	0.32262	0.211215
0.332896	0.967045	0.929626	0.322299	0.211205
0.334207	0.967045	0.929704	0.323474	0.211203
0.334207	0.966963	0.929626	0.323152	0.211203
0.334207	0.96688	0.929549	0.322832	0.211201
0.334207	0.966798	0.929472	0.322512	0.211199
0.334207	0.966716	0.929394	0.322192	0.211196
0.335518	0.966716	0.929472	0.323364	0.211193
0.336828	0.966716	0.929549	0.324534	0.211192
0.336828	0.966634	0.929472	0.324215	0.211187
0.336828	0.966552	0.929394	0.323896	0.211185
0.336828	0.966469	0.929317	0.323578	0.21117
0.338139	0.966469	0.929394	0.324745	0.211169
0.338139	0.966387	0.929317	0.324427	0.211165
0.33945	0.966387	0.929394	0.325593	0.211153
0.34076	0.966387	0.929472	0.326757	0.211146
0.34076	0.966305	0.929394	0.326439	0.211132
0.34076	0.966223	0.929317	0.326122	0.211132
0.34076	0.966141	0.92924	0.325805	0.211123
0.34076	0.966059	0.929162	0.325489	0.211123
0.342071	0.966059	0.92924	0.32665	0.211115
0.343381	0.966059	0.929317	0.32781	0.211111
0.343381	0.965976	0.92924	0.327494	0.211108
0.344692	0.965976	0.929317	0.328651	0.211103
0.344692	0.965894	0.92924	0.328336	0.211099
0.346003	0.965894	0.929317	0.329492	0.211093
0.347313	0.965894	0.929394	0.330646	0.211086
0.347313	0.965812	0.929317	0.33033	0.21107
0.347313	0.96573	0.92924	0.330015	0.211066
0.348624	0.96573	0.929317	0.331167	0.211065
0.348624	0.965648	0.92924	0.330852	0.211049
0.349934	0.965648	0.929317	0.332003	0.211036
0.349934	0.965565	0.92924	0.331688	0.21103
0.349934	0.965483	0.929162	0.331374	0.211029
0.349934	0.965401	0.929085	0.33106	0.211025
0.351245	0.965401	0.929162	0.332208	0.211014
0.351245	0.965319	0.929085	0.331895	0.210999
0.351245	0.965237	0.929008	0.331582	0.210999
0.351245	0.965155	0.92893	0.33127	0.210996
0.352556	0.965155	0.929008	0.332415	0.210996
0.353866	0.965155	0.929085	0.33356	0.210992
0.353866	0.965072	0.929008	0.333247	0.210992
0.353866	0.96499	0.92893	0.332936	0.210982
0.353866	0.964908	0.928853	0.332625	0.210982
0.353866	0.964826	0.928776	0.332314	0.210978
0.353866	0.964744	0.928698	0.332004	0.210973
0.353866	0.964661	0.928621	0.331695	0.210972
0.353866	0.964579	0.928544	0.331386	0.210969
0.353866	0.964497	0.928466	0.331078	0.210962
0.353866	0.964415	0.928389	0.330771	0.210959
0.353866	0.964333	0.928312	0.330464	0.210941
0.355177	0.964333	0.928389	0.331603	0.210923
0.355177	0.96425	0.928312	0.331297	0.210916
0.355177	0.964168	0.928234	0.330991	0.210907
0.355177	0.964086	0.928157	0.330685	0.210901
0.356488	0.964086	0.928234	0.331822	0.210893
0.356488	0.964004	0.928157	0.331517	0.210887
0.357798	0.964004	0.928234	0.332652	0.210886
0.357798	0.963922	0.928157	0.332347	0.21088
0.357798	0.96384	0.92808	0.332043	0.210872
0.357798	0.963757	0.928002	0.331739	0.21087
0.357798	0.963675	0.927925	0.331436	0.210865
0.357798	0.963593	0.927848	0.331133	0.210859
0.357798	0.963511	0.92777	0.330831	0.210858
0.357798	0.963429	0.927693	0.33053	0.210851
0.359109	0.963429	0.92777	0.331661	0.21085
0.360419	0.963429	0.927848	0.332791	0.210835
0.36173	0.963429	0.927925	0.333919	0.210817
0.36173	0.963346	0.927848	0.333617	0.2108
0.36173	0.963264	0.92777	0.333316	0.210779
0.36173	0.963182	0.927693	0.333015	0.210779
0.36173	0.9631	0.927616	0.332715	0.210778
0.36173	0.963018	0.927538	0.332415	0.210756
0.36173	0.962936	0.927461	0.332116	0.210724
0.36173	0.962853	0.927384	0.331817	0.21072
0.36173	0.962771	0.927306	0.331519	0.210707
0.36173	0.962689	0.927229	0.331222	0.210702
0.36173	0.962607	0.927152	0.330925	0.210692
0.36173	0.962525	0.927074	0.330629	0.210689
0.363041	0.962525	0.927152	0.331752	0.210687
0.363041	0.962442	0.927074	0.331456	0.210651
0.363041	0.96236	0.926997	0.33116	0.210641
0.363041	0.962278	0.92692	0.330865	0.210618
0.363041	0.962196	0.926842	0.330571	0.21061
0.364351	0.962196	0.92692	0.331691	0.210606
0.365662	0.962196	0.926997	0.332811	0.210597
0.365662	0.962114	0.92692	0.332516	0.210585
0.365662	0.962032	0.926842	0.332222	0.210564
0.365662	0.961949	0.926765	0.331929	0.21056
0.365662	0.961867	0.926688	0.331636	0.210555
0.365662	0.961785	0.92661	0.331343	0.210554
0.366972	0.961785	0.926688	0.33246	0.210523
0.366972	0.961703	0.92661	0.332167	0.210519
0.366972	0.961621	0.926533	0.331875	0.210517
0.366972	0.961538	0.926456	0.331584	0.2105
0.366972	0.961456	0.926378	0.331293	0.210492
0.368283	0.961456	0.926456	0.332407	0.210484
0.369594	0.961456	0.926533	0.33352	0.21048
0.369594	0.961374	0.926456	0.333229	0.210479
0.369594	0.961292	0.926378	0.332939	0.210453
0.369594	0.96121	0.926301	0.332649	0.210449
0.370904	0.96121	0.926378	0.333759	0.210446
0.370904	0.961128	0.926301	0.33347	0.210443
0.372215	0.961128	0.926378	0.334578	0.210433
0.373526	0.961128	0.926456	0.335686	0.210429
0.373526	0.961045	0.926378	0.335396	0.210412
0.373526	0.960963	0.926301	0.335107	0.210407
0.373526	0.960881	0.926224	0.334818	0.210394
0.373526	0.960799	0.926146	0.33453	0.210369
0.373526	0.960717	0.926069	0.334242	0.210355
0.373526	0.960634	0.925992	0.333955	0.210328
0.373526	0.960552	0.925914	0.333668	0.210323
0.373526	0.96047	0.925837	0.333382	0.210311
0.373526	0.960388	0.92576	0.333096	0.210308
0.373526	0.960306	0.925682	0.332811	0.210304
0.374836	0.960306	0.92576	0.333914	0.210304
0.374836	0.960224	0.925682	0.333629	0.210287
0.374836	0.960141	0.925605	0.333345	0.210255
0.374836	0.960059	0.925528	0.333061	0.210255
0.374836	0.959977	0.92545	0.332777	0.210241
0.374836	0.959895	0.925373	0.332494	0.210234
0.374836	0.959813	0.925296	0.332212	0.210223
0.374836	0.95973	0.925218	0.33193	0.210211
0.376147	0.95973	0.925296	0.333029	0.210209
0.377457	0.95973	0.925373	0.334128	0.210204
0.377457	0.959648	0.925296	0.333845	0.21019
0.378768	0.959648	0.925373	0.334942	0.210189
0.380079	0.959648	0.92545	0.336038	0.21018
0.380079	0.959566	0.925373	0.335755	0.210104
0.381389	0.959566	0.92545	0.33685	0.210075
0.381389	0.959484	0.925373	0.336567	0.210074
0.3827	0.959484	0.92545	0.33766	0.210068
0.3827	0.959402	0.925373	0.337378	0.210065
0.3827	0.95932	0.925296	0.337097	0.210056
0.3827	0.959237	0.925218	0.336816	0.210049
0.38401	0.959237	0.925296	0.337906	0.210023
0.38401	0.959155	0.925218	0.337625	0.210017
0.385321	0.959155	0.925296	0.338714	0.210008
0.385321	0.959073	0.925218	0.338434	0.209986
0.385321	0.958991	0.925141	0.338153	0.209937
0.385321	0.958909	0.925064	0.337874	0.209923
0.385321	0.958826	0.924986	0.337594	0.209917
0.386632	0.958826	0.925064	0.338681	0.209911
0.387942	0.958826	0.925141	0.339767	0.209906
0.387942	0.958744	0.925064	0.339487	0.209897
0.387942	0.958662	0.924986	0.339208	0.209888
0.387942	0.95858	0.924909	0.33893	0.209881
0.387942	0.958498	0.924832	0.338652	0.20988
0.387942	0.958416	0.924754	0.338374	0.209865
0.389253	0.958416	0.924832	0.339457	0.209852
0.389253	0.958333	0.924754	0.33918	0.209835
0.389253	0.958251	0.924677	0.338903	0.209747
0.389253	0.958169	0.9246	0.338626	0.209709
0.389253	0.958087	0.924522	0.33835	0.209686
0.390564	0.958087	0.9246	0.339431	0.209677
0.391874	0.958087	0.924677	0.34051	0.209661
0.391874	0.958005	0.9246	0.340234	0.209618
0.391874	0.957922	0.924522	0.339958	0.209598
0.391874	0.95784	0.924445	0.339683	0.209583
0.393185	0.95784	0.924522	0.34076	0.209572
0.394495	0.95784	0.9246	0.341837	0.209568
0.395806	0.95784	0.924677	0.342912	0.209565
0.395806	0.957758	0.9246	0.342636	0.209557
0.395806	0.957676	0.924522	0.342361	0.209532
0.397117	0.957676	0.9246	0.343434	0.209529
0.397117	0.957594	0.924522	0.343159	0.209529
0.398427	0.957594	0.9246	0.344231	0.209514
0.398427	0.957512	0.924522	0.343956	0.209496
0.398427	0.957429	0.924445	0.343682	0.209479
0.398427	0.957347	0.924368	0.343408	0.20947
0.399738	0.957347	0.924445	0.344478	0.20945
0.399738	0.957265	0.924368	0.344204	0.209422
0.399738	0.957183	0.92429	0.343931	0.20941
0.399738	0.957101	0.924213	0.343658	0.209407
0.399738	0.957018	0.924136	0.343385	0.209393
0.399738	0.956936	0.924058	0.343113	0.209392
0.399738	0.956854	0.923981	0.342842	0.209365
0.399738	0.956772	0.923904	0.342571	0.209348
0.399738	0.95669	0.923826	0.3423	0.209329
0.399738	0.956607	0.923749	0.34203	0.209292
0.399738	0.956525	0.923672	0.34176	0.209283
0.399738	0.956443	0.923594	0.34149	0.209265
0.399738	0.956361	0.923517	0.341221	0.209254
0.399738	0.956279	0.92344	0.340953	0.209254
0.399738	0.956197	0.923362	0.340685	0.209233
0.399738	0.956114	0.923285	0.340417	0.2092
0.399738	0.956032	0.923208	0.34015	0.209192
0.401048	0.956032	0.923285	0.341214	0.20919
0.401048	0.95595	0.923208	0.340947	0.209169
0.401048	0.955868	0.92313	0.340681	0.209167
0.401048	0.955786	0.923053	0.340414	0.209132
0.402359	0.955786	0.92313	0.341477	0.209106
0.402359	0.955703	0.923053	0.34121	0.209094
0.402359	0.955621	0.922976	0.340945	0.209094
0.402359	0.955539	0.922898	0.34068	0.20906
0.402359	0.955457	0.922821	0.340415	0.209058
0.402359	0.955375	0.922744	0.34015	0.209057
0.40367	0.955375	0.922821	0.34121	0.209046
0.40367	0.955293	0.922744	0.340946	0.209031
0.40367	0.95521	0.922666	0.340682	0.20903
0.40367	0.955128	0.922589	0.340419	0.209022
0.40498	0.955128	0.922666	0.341476	0.209013
0.40498	0.955046	0.922589	0.341213	0.209
0.40498	0.954964	0.922512	0.34095	0.208993
0.40498	0.954882	0.922434	0.340688	0.20896
0.406291	0.954882	0.922512	0.341744	0.20893
0.406291	0.954799	0.922434	0.341481	0.208813
0.406291	0.954717	0.922357	0.341219	0.20869
0.406291	0.954635	0.92228	0.340958	0.208686
0.407602	0.954635	0.922357	0.342012	0.208656
0.407602	0.954553	0.92228	0.341751	0.208544
0.407602	0.954471	0.922202	0.34149	0.208525
0.407602	0.954389	0.922125	0.341229	0.208516
0.407602	0.954306	0.922048	0.340969	0.208474
0.407602	0.954224	0.92197	0.340709	0.208442
0.407602	0.954142	0.921893	0.34045	0.208356
0.407602	0.95406	0.921816	0.340191	0.208343
0.407602	0.953978	0.921738	0.339932	0.208342
0.407602	0.953895	0.921661	0.339674	0.208303
0.407602	0.953813	0.921584	0.339417	0.208245
0.407602	0.953731	0.921506	0.339159	0.208236
0.407602	0.953649	0.921429	0.338902	0.208159
0.407602	0.953567	0.921352	0.338646	0.208061
0.407602	0.953485	0.921274	0.33839	0.207976
0.407602	0.953402	0.921197	0.338134	0.207956
0.407602	0.95332	0.92112	0.337879	0.20788
0.407602	0.953238	0.921042	0.337624	0.20787
0.408912	0.953238	0.92112	0.338672	0.207796
0.408912	0.953156	0.921042	0.338417	0.207611
0.408912	0.953074	0.920965	0.338163	0.207464
0.408912	0.952991	0.920888	0.337909	0.207439
0.410223	0.952991	0.920965	0.338955	0.207407
0.411533	0.952991	0.921042	0.34	0.207384
0.411533	0.952909	0.920965	0.339746	0.207344
0.412844	0.952909	0.921042	0.34079	0.207309
0.412844	0.952827	0.920965	0.340535	0.207292
0.412844	0.952745	0.920888	0.340282	0.207201
0.412844	0.952663	0.92081	0.340028	0.207069
0.412844	0.952581	0.920733	0.339775	0.206914
0.412844	0.952498	0.920656	0.339523	0.206824
0.412844	0.952416	0.920578	0.339271	0.206771
0.412844	0.952334	0.920501	0.339019	0.20644
0.414155	0.952334	0.920578	0.34006	0.206421
0.414155	0.952252	0.920501	0.339808	0.206312
0.414155	0.95217	0.920424	0.339557	0.206226
0.415465	0.95217	0.920501	0.340596	0.206188
0.415465	0.952087	0.920424	0.340345	0.206185
0.415465	0.952005	0.920346	0.340094	0.206151
0.415465	0.951923	0.920269	0.339844	0.206125
0.415465	0.951841	0.920192	0.339594	0.206036
0.415465	0.951759	0.920114	0.339344	0.206009
0.415465	0.951677	0.920037	0.339095	0.205959
0.416776	0.951677	0.920114	0.340131	0.205923
0.416776	0.951594	0.920037	0.339882	0.205916
0.416776	0.951512	0.91996	0.339633	0.205893
0.416776	0.95143	0.919882	0.339385	0.205851
0.416776	0.951348	0.919805	0.339137	0.205408
0.416776	0.951266	0.919728	0.338889	0.20536
0.418087	0.951266	0.919805	0.339923	0.205268
0.418087	0.951183	0.919728	0.339676	0.205099
0.418087	0.951101	0.91965	0.339428	0.205007
0.418087	0.951019	0.919573	0.339181	0.204994
0.418087	0.950937	0.919496	0.338935	0.204963
0.418087	0.950855	0.919418	0.338689	0.204959
0.418087	0.950773	0.919341	0.338443	0.204939
0.418087	0.95069	0.919264	0.338197	0.204934
0.418087	0.950608	0.919186	0.337952	0.204813
0.419397	0.950608	0.919264	0.338983	0.204784
0.420708	0.950608	0.919341	0.340014	0.204747
0.420708	0.950526	0.919264	0.339768	0.204743
0.422018	0.950526	0.919341	0.340798	0.204723
0.422018	0.950444	0.919264	0.340552	0.20462
0.422018	0.950362	0.919186	0.340308	0.204588
0.422018	0.950279	0.919109	0.340063	0.20454
0.423329	0.950279	0.919186	0.34109	0.204506
0.423329	0.950197	0.919109	0.340846	0.204478
0.42464	0.950197	0.919186	0.341872	0.204464
0.42464	0.950115	0.919109	0.341628	0.204099
0.42464	0.950033	0.919032	0.341384	0.204088
0.42595	0.950033	0.919109	0.342409	0.204026
0.42595	0.949951	0.919032	0.342165	0.203639
0.42595	0.949869	0.918954	0.341921	0.203586
0.42595	0.949786	0.918877	0.341678	0.20355
0.42595	0.949704	0.9188	0.341435	0.203523
0.42595	0.949622	0.918722	0.341193	0.203455
0.427261	0.949622	0.9188	0.342215	0.203389
0.427261	0.94954	0.918722	0.341973	0.203375
0.427261	0.949458	0.918645	0.341731	0.203294
0.427261	0.949375	0.918568	0.341489	0.203262
0.427261	0.949293	0.91849	0.341248	0.203102
0.427261	0.949211	0.918413	0.341007	0.203058
0.427261	0.949129	0.918336	0.340766	0.202889
0.428571	0.949129	0.918413	0.341786	0.202869
0.428571	0.949047	0.918336	0.341546	0.202248
0.428571	0.948964	0.918258	0.341305	0.202243
0.428571	0.948882	0.918181	0.341066	0.202128
0.428571	0.9488	0.918104	0.340826	0.201989
0.428571	0.948718	0.918026	0.340587	0.201521
0.429882	0.948718	0.918104	0.341605	0.201471
0.429882	0.948636	0.918026	0.341365	0.20142
0.429882	0.948554	0.917949	0.341127	0.20141
0.429882	0.948471	0.917872	0.340888	0.20138
0.429882	0.948389	0.917794	0.34065	0.20137
0.429882	0.948307	0.917717	0.340412	0.201362
0.429882	0.948225	0.91764	0.340175	0.201351
0.429882	0.948143	0.917562	0.339938	0.201235
0.429882	0.94806	0.917485	0.339701	0.201131
0.431193	0.94806	0.917562	0.340716	0.201127
0.431193	0.947978	0.917485	0.340479	0.201125
0.431193	0.947896	0.917408	0.340243	0.201114
0.432503	0.947896	0.917485	0.341256	0.201055
0.432503	0.947814	0.917408	0.34102	0.20105
0.432503	0.947732	0.91733	0.340784	0.20086
0.433814	0.947732	0.917408	0.341796	0.200853
0.433814	0.94765	0.91733	0.34156	0.200838
0.433814	0.947567	0.917253	0.341324	0.200834
0.433814	0.947485	0.917176	0.341089	0.200784
0.433814	0.947403	0.917098	0.340854	0.200715
0.433814	0.947321	0.917021	0.34062	0.200626
0.433814	0.947239	0.916944	0.340385	0.200588
0.433814	0.947156	0.916866	0.340152	0.200561
0.433814	0.947074	0.916789	0.339918	0.200426
0.433814	0.946992	0.916712	0.339685	0.2004
0.435125	0.946992	0.916789	0.340694	0.200304
0.435125	0.94691	0.916712	0.34046	0.200258
0.435125	0.946828	0.916634	0.340227	0.20017
0.435125	0.946746	0.916557	0.339995	0.200166
0.435125	0.946663	0.91648	0.339763	0.199857
0.435125	0.946581	0.916402	0.339531	0.199816
0.436435	0.946581	0.91648	0.340537	0.199738
0.436435	0.946499	0.916402	0.340306	0.19946
0.436435	0.946417	0.916325	0.340074	0.199428
0.437746	0.946417	0.916402	0.341079	0.199178
0.437746	0.946335	0.916325	0.340848	0.199071
0.437746	0.946252	0.916248	0.340617	0.199034
0.439056	0.946252	0.916325	0.341621	0.198858
0.440367	0.946252	0.916402	0.342624	0.198851
0.441678	0.946252	0.91648	0.343626	0.198756
0.441678	0.94617	0.916402	0.343395	0.198707
0.441678	0.946088	0.916325	0.343163	0.198697
0.441678	0.946006	0.916248	0.342932	0.198625
0.442988	0.946006	0.916325	0.343933	0.198558
0.442988	0.945924	0.916248	0.343702	0.198517
0.442988	0.945842	0.91617	0.343472	0.198442
0.442988	0.945759	0.916093	0.343241	0.198172
0.442988	0.945677	0.916016	0.343011	0.198021
0.442988	0.945595	0.915938	0.342782	0.19799
0.442988	0.945513	0.915861	0.342552	0.197897
0.442988	0.945431	0.915784	0.342323	0.197784
0.444299	0.945431	0.915861	0.343321	0.197659
0.444299	0.945348	0.915784	0.343092	0.197579
0.444299	0.945266	0.915706	0.342864	0.197572
0.444299	0.945184	0.915629	0.342635	0.19757
0.444299	0.945102	0.915552	0.342407	0.197521
0.444299	0.94502	0.915474	0.342179	0.197129
0.444299	0.944938	0.915397	0.341952	0.196825
0.444299	0.944855	0.91532	0.341725	0.196746
0.444299	0.944773	0.915242	0.341498	0.196732
0.444299	0.944691	0.915165	0.341271	0.196594
0.444299	0.944609	0.915088	0.341045	0.196497
0.444299	0.944527	0.91501	0.340819	0.196445
0.444299	0.944444	0.914933	0.340594	0.196285
0.445609	0.944444	0.91501	0.341588	0.196227
0.445609	0.944362	0.914933	0.341362	0.196202
0.445609	0.94428	0.914856	0.341137	0.196163
0.445609	0.944198	0.914778	0.340912	0.196118
0.445609	0.944116	0.914701	0.340687	0.196048
0.445609	0.944034	0.914624	0.340463	0.196037
0.445609	0.943951	0.914546	0.340239	0.196036
0.44692	0.943951	0.914624	0.341231	0.195983
0.44692	0.943869	0.914546	0.341007	0.195865
0.44692	0.943787	0.914469	0.340783	0.195854
0.44692	0.943705	0.914392	0.34056	0.195836
0.44692	0.943623	0.914314	0.340337	0.19581
0.44692	0.94354	0.914237	0.340114	0.195755
0.44692	0.943458	0.91416	0.339891	0.195754
0.44692	0.943376	0.914082	0.339669	0.195753
0.448231	0.943376	0.91416	0.340658	0.195693
0.448231	0.943294	0.914082	0.340436	0.19561
0.448231	0.943212	0.914005	0.340214	0.195524
0.448231	0.94313	0.913928	0.339993	0.195468
0.448231	0.943047	0.91385	0.339771	0.195458
0.448231	0.942965	0.913773	0.33955	0.195354
0.448231	0.942883	0.913696	0.339329	0.195253
0.449541	0.942883	0.913773	0.340317	0.195245
0.449541	0.942801	0.913696	0.340096	0.195245
0.450852	0.942801	0.913773	0.341082	0.195239
0.450852	0.942719	0.913696	0.340862	0.195224
0.452163	0.942719	0.913773	0.341847	0.195221
0.452163	0.942636	0.913696	0.341626	0.195112
0.452163	0.942554	0.913618	0.341406	0.195094
0.453473	0.942554	0.913696	0.34239	0.195035
0.454784	0.942554	0.913773	0.343373	0.194879
0.454784	0.942472	0.913696	0.343153	0.194833
0.454784	0.94239	0.913618	0.342932	0.194786
0.454784	0.942308	0.913541	0.342712	0.194673
0.456094	0.942308	0.913618	0.343694	0.19465
0.456094	0.942226	0.913541	0.343474	0.194501
0.457405	0.942226	0.913618	0.344455	0.194343
0.458716	0.942226	0.913696	0.345435	0.193965
0.458716	0.942143	0.913618	0.345215	0.19391
0.458716	0.942061	0.913541	0.344995	0.193819
0.458716	0.941979	0.913464	0.344776	0.193814
0.458716	0.941897	0.913386	0.344556	0.193785
0.458716	0.941815	0.913309	0.344337	0.193768
0.458716	0.941732	0.913232	0.344119	0.193767
0.458716	0.94165	0.913154	0.3439	0.19374
0.458716	0.941568	0.913077	0.343682	0.193731
0.458716	0.941486	0.913	0.343464	0.193731
0.458716	0.941404	0.912922	0.343246	0.193665
0.460026	0.941404	0.913	0.344223	0.193592
0.460026	0.941321	0.912922	0.344006	0.193589
0.460026	0.941239	0.912845	0.343788	0.193425
0.460026	0.941157	0.912768	0.343571	0.193175
0.460026	0.941075	0.91269	0.343355	0.193169
0.460026	0.940993	0.912613	0.343138	0.19312
0.460026	0.940911	0.912536	0.342922	0.193104
0.460026	0.940828	0.912458	0.342706	0.1931
0.460026	0.940746	0.912381	0.34249	0.192903
0.460026	0.940664	0.912304	0.342275	0.19288
0.461337	0.940664	0.912381	0.343249	0.192743
0.462647	0.940664	0.912458	0.344222	0.192585
0.462647	0.940582	0.912381	0.344007	0.192538
0.462647	0.9405	0.912304	0.343791	0.192431
0.462647	0.940417	0.912226	0.343576	0.192277
0.462647	0.940335	0.912149	0.343362	0.192236
0.463958	0.940335	0.912226	0.344333	0.192164
0.465269	0.940335	0.912304	0.345304	0.192027
0.465269	0.940253	0.912226	0.345089	0.191905
0.465269	0.940171	0.912149	0.344875	0.191847
0.465269	0.940089	0.912072	0.34466	0.191784
0.466579	0.940089	0.912149	0.34563	0.191632
0.466579	0.940007	0.912072	0.345415	0.191572
0.46789	0.940007	0.912149	0.346384	0.191482
0.46789	0.939924	0.912072	0.34617	0.191408
0.469201	0.939924	0.912149	0.347137	0.19113
0.469201	0.939842	0.912072	0.346923	0.19113
0.469201	0.93976	0.911994	0.346709	0.190869
0.470511	0.93976	0.912072	0.347675	0.190839
0.470511	0.939678	0.911994	0.347461	0.190812
0.470511	0.939596	0.911917	0.347248	0.190743
0.470511	0.939513	0.91184	0.347034	0.190707
0.470511	0.939431	0.911762	0.346821	0.190639
0.470511	0.939349	0.911685	0.346608	0.190523
0.470511	0.939267	0.911608	0.346395	0.190367
0.470511	0.939185	0.91153	0.346183	0.190359
0.470511	0.939103	0.911453	0.345971	0.190301
0.471822	0.939103	0.91153	0.346935	0.19022
0.471822	0.93902	0.911453	0.346723	0.189948
0.471822	0.938938	0.911376	0.346511	0.189919
0.473132	0.938938	0.911453	0.347473	0.189855
0.473132	0.938856	0.911376	0.347262	0.189814
0.473132	0.938774	0.911298	0.34705	0.189644
0.473132	0.938692	0.911221	0.346839	0.189619
0.474443	0.938692	0.911298	0.3478	0.189608
0.474443	0.938609	0.911221	0.347589	0.189595
0.474443	0.938527	0.911144	0.347378	0.18959
0.474443	0.938445	0.911066	0.347167	0.189569
0.474443	0.938363	0.910989	0.346956	0.189546
0.475754	0.938363	0.911066	0.347916	0.189519
0.475754	0.938281	0.910989	0.347706	0.189369
0.475754	0.938199	0.910912	0.347496	0.189294
0.477064	0.938199	0.910989	0.348454	0.189264
0.477064	0.938116	0.910912	0.348244	0.189247
0.477064	0.938034	0.910834	0.348034	0.189225
0.477064	0.937952	0.910757	0.347825	0.189166
0.477064	0.93787	0.91068	0.347615	0.189147
0.477064	0.937788	0.910602	0.347406	0.18911
0.477064	0.937705	0.910525	0.347197	0.188919
0.478375	0.937705	0.910602	0.348154	0.188909
0.479685	0.937705	0.91068	0.34911	0.18888
0.479685	0.937623	0.910602	0.348901	0.18875
0.479685	0.937541	0.910525	0.348692	0.188609
0.479685	0.937459	0.910448	0.348483	0.1885
0.479685	0.937377	0.91037	0.348275	0.188478
0.479685	0.937295	0.910293	0.348067	0.188421
0.479685	0.937212	0.910216	0.347859	0.188413
0.480996	0.937212	0.910293	0.348813	0.188327
0.480996	0.93713	0.910216	0.348605	0.188283
0.480996	0.937048	0.910138	0.348397	0.188275
0.480996	0.936966	0.910061	0.34819	0.188238
0.480996	0.936884	0.909984	0.347983	0.188099
0.480996	0.936801	0.909906	0.347776	0.188087
0.480996	0.936719	0.909829	0.347569	0.188069
0.482307	0.936719	0.909906	0.348521	0.188051
0.483617	0.936719	0.909984	0.349473	0.187904
0.484928	0.936719	0.910061	0.350424	0.187757
0.484928	0.936637	0.909984	0.350217	0.187682
0.486239	0.936637	0.910061	0.351166	0.187652
0.486239	0.936555	0.909984	0.350959	0.187639
0.486239	0.936473	0.909906	0.350753	0.187636
0.486239	0.936391	0.909829	0.350546	0.187582
0.486239	0.936308	0.909752	0.35034	0.187501
0.486239	0.936226	0.909674	0.350134	0.187041
0.486239	0.936144	0.909597	0.349928	0.187024
0.486239	0.936062	0.90952	0.349723	0.187001
0.486239	0.93598	0.909442	0.349517	0.18699
0.486239	0.935897	0.909365	0.349312	0.186899
0.486239	0.935815	0.909288	0.349108	0.186714
0.486239	0.935733	0.90921	0.348903	0.186647
0.486239	0.935651	0.909133	0.348699	0.186563
0.486239	0.935569	0.909056	0.348495	0.186495
0.486239	0.935487	0.908978	0.348291	0.18643
0.486239	0.935404	0.908901	0.348087	0.186421
0.486239	0.935322	0.908824	0.347884	0.186406
0.486239	0.93524	0.908746	0.347681	0.186308
0.486239	0.935158	0.908669	0.347478	0.186296
0.486239	0.935076	0.908592	0.347275	0.186237
0.486239	0.934993	0.908514	0.347073	0.186169
0.486239	0.934911	0.908437	0.34687	0.186126
0.486239	0.934829	0.90836	0.346668	0.186104
0.486239	0.934747	0.908282	0.346467	0.1861
0.486239	0.934665	0.908205	0.346265	0.186039
0.486239	0.934583	0.908128	0.346064	0.186029
0.486239	0.9345	0.90805	0.345863	0.185975
0.486239	0.934418	0.907973	0.345662	0.185947
0.486239	0.934336	0.907896	0.345462	0.185916
0.486239	0.934254	0.907818	0.345261	0.185759
0.487549	0.934254	0.907896	0.346204	0.185725
0.487549	0.934172	0.907818	0.346004	0.185717
0.487549	0.934089	0.907741	0.345804	0.185446
0.48886	0.934089	0.907818	0.346746	0.185341
0.48886	0.934007	0.907741	0.346546	0.185284
0.48886	0.933925	0.907664	0.346346	0.185283
0.48886	0.933843	0.907586	0.346146	0.185191
0.48886	0.933761	0.907509	0.345947	0.185181
0.48886	0.933679	0.907432	0.345748	0.185162
0.48886	0.933596	0.907354	0.345549	0.185159
0.48886	0.933514	0.907277	0.34535	0.184935
0.49017	0.933514	0.907354	0.34629	0.184847
0.49017	0.933432	0.907277	0.346091	0.184844
0.49017	0.93335	0.9072	0.345893	0.184681
0.49017	0.933268	0.907122	0.345695	0.184635
0.49017	0.933185	0.907045	0.345497	0.184517
0.49017	0.933103	0.906968	0.345299	0.184498
0.491481	0.933103	0.907045	0.346237	0.184396
0.491481	0.933021	0.906968	0.346039	0.184357
0.491481	0.932939	0.90689	0.345842	0.18432
0.491481	0.932857	0.906813	0.345645	0.184301
0.491481	0.932774	0.906736	0.345448	0.184259
0.491481	0.932692	0.906658	0.345251	0.184072
0.492792	0.932692	0.906736	0.346187	0.184031
0.492792	0.93261	0.906658	0.34599	0.183934
0.492792	0.932528	0.906581	0.345794	0.183883
0.492792	0.932446	0.906504	0.345597	0.183569
0.492792	0.932364	0.906426	0.345401	0.183546
0.492792	0.932281	0.906349	0.345205	0.18347
0.492792	0.932199	0.906272	0.345009	0.183333
0.492792	0.932117	0.906194	0.344814	0.183329
0.492792	0.932035	0.906117	0.344619	0.183217
0.492792	0.931953	0.90604	0.344423	0.182982
0.492792	0.93187	0.905962	0.344229	0.182897
0.492792	0.931788	0.905885	0.344034	0.18269
0.492792	0.931706	0.905808	0.343839	0.182587
0.492792	0.931624	0.90573	0.343645	0.182524
0.492792	0.931542	0.905653	0.343451	0.182507
0.492792	0.93146	0.905576	0.343257	0.182361
0.494102	0.93146	0.905653	0.34419	0.182311
0.494102	0.931377	0.905576	0.343997	0.182151
0.494102	0.931295	0.905498	0.343803	0.18208
0.494102	0.931213	0.905421	0.34361	0.182032
0.494102	0.931131	0.905344	0.343416	0.181926
0.494102	0.931049	0.905266	0.343224	0.181795
0.495413	0.931049	0.905344	0.344155	0.181729
0.495413	0.930966	0.905266	0.343962	0.181546
0.495413	0.930884	0.905189	0.343769	0.181437
0.496723	0.930884	0.905266	0.344699	0.181371
0.496723	0.930802	0.905189	0.344507	0.181296
0.496723	0.93072	0.905112	0.344314	0.181284
0.496723	0.930638	0.905034	0.344122	0.181265
0.496723	0.930556	0.904957	0.34393	0.181261
0.496723	0.930473	0.90488	0.343738	0.181195
0.498034	0.930473	0.904957	0.344667	0.181165
0.498034	0.930391	0.90488	0.344475	0.181163
0.499345	0.930391	0.904957	0.345403	0.18116
0.500655	0.930391	0.905034	0.34633	0.181133
0.501966	0.930391	0.905112	0.347257	0.181065
0.503277	0.930391	0.905189	0.348183	0.181035
0.503277	0.930309	0.905112	0.34799	0.180974
0.504587	0.930309	0.905189	0.348915	0.180902
0.504587	0.930227	0.905112	0.348723	0.180897
0.504587	0.930145	0.905034	0.348531	0.18075
0.504587	0.930062	0.904957	0.348339	0.180705
0.504587	0.92998	0.90488	0.348147	0.180595
0.504587	0.929898	0.904802	0.347955	0.180575
0.504587	0.929816	0.904725	0.347764	0.180574
0.504587	0.929734	0.904648	0.347573	0.180572
0.504587	0.929652	0.90457	0.347382	0.180381
0.504587	0.929569	0.904493	0.347191	0.180353
0.504587	0.929487	0.904416	0.347001	0.180334
0.504587	0.929405	0.904338	0.34681	0.180186
0.505898	0.929405	0.904416	0.347733	0.180115
0.505898	0.929323	0.904338	0.347542	0.180053
0.505898	0.929241	0.904261	0.347352	0.180036
0.505898	0.929158	0.904184	0.347162	0.180022
0.505898	0.929076	0.904106	0.346973	0.179974
0.505898	0.928994	0.904029	0.346783	0.179957
0.505898	0.928912	0.903952	0.346594	0.179766
0.507208	0.928912	0.904029	0.347515	0.179754
0.508519	0.928912	0.904106	0.348435	0.179688
0.508519	0.92883	0.904029	0.348245	0.17965
0.50983	0.92883	0.904106	0.349165	0.179592
0.51114	0.92883	0.904184	0.350083	0.17947
0.51114	0.928748	0.904106	0.349894	0.179384
0.51114	0.928665	0.904029	0.349704	0.179309
0.512451	0.928665	0.904106	0.350622	0.179131
0.512451	0.928583	0.904029	0.350433	0.178932
0.512451	0.928501	0.903952	0.350243	0.178861
0.513761	0.928501	0.904029	0.35116	0.17873
0.515072	0.928501	0.904106	0.352077	0.17871
0.515072	0.928419	0.904029	0.351887	0.178709
0.515072	0.928337	0.903952	0.351698	0.178704
0.515072	0.928254	0.903874	0.351509	0.1786
0.515072	0.928172	0.903797	0.35132	0.178547
0.515072	0.92809	0.90372	0.351131	0.178498
0.515072	0.928008	0.903642	0.350943	0.178402
0.515072	0.927926	0.903565	0.350755	0.178371
0.515072	0.927844	0.903488	0.350567	0.178243
0.515072	0.927761	0.90341	0.350379	0.177988
0.515072	0.927679	0.903333	0.350191	0.17796
0.515072	0.927597	0.903256	0.350004	0.177849
0.515072	0.927515	0.903178	0.349817	0.177833
0.515072	0.927433	0.903101	0.34963	0.177517
0.515072	0.92735	0.903024	0.349443	0.177482
0.515072	0.927268	0.902946	0.349256	0.177471
0.515072	0.927186	0.902869	0.34907	0.177361
0.515072	0.927104	0.902792	0.348883	0.177313
0.515072	0.927022	0.902714	0.348697	0.177309
0.516383	0.927022	0.902792	0.34961	0.177189
0.516383	0.92694	0.902714	0.349424	0.17717
0.517693	0.92694	0.902792	0.350335	0.177071
0.517693	0.926857	0.902714	0.350149	0.17687
0.517693	0.926775	0.902637	0.349963	0.176857
0.517693	0.926693	0.90256	0.349778	0.176698
0.517693	0.926611	0.902482	0.349592	0.176695
0.517693	0.926529	0.902405	0.349407	0.176648
0.517693	0.926446	0.902328	0.349222	0.176641
0.517693	0.926364	0.90225	0.349037	0.176626
0.517693	0.926282	0.902173	0.348852	0.176584
0.517693	0.9262	0.902096	0.348668	0.176443
0.517693	0.926118	0.902018	0.348484	0.176412
0.517693	0.926036	0.901941	0.348299	0.176343
0.517693	0.925953	0.901864	0.348116	0.176299
0.517693	0.925871	0.901786	0.347932	0.17623
0.517693	0.925789	0.901709	0.347748	0.176213
0.517693	0.925707	0.901632	0.347565	0.17618
0.517693	0.925625	0.901554	0.347382	0.176097
0.517693	0.925542	0.901477	0.347199	0.176081
0.517693	0.92546	0.9014	0.347016	0.175972
0.517693	0.925378	0.901322	0.346833	0.175925
0.517693	0.925296	0.901245	0.346651	0.17588
0.519004	0.925296	0.901322	0.347558	0.175862
0.519004	0.925214	0.901245	0.347376	0.175801
0.519004	0.925131	0.901168	0.347194	0.175706
0.519004	0.925049	0.90109	0.347012	0.175664
0.519004	0.924967	0.901013	0.34683	0.175659
0.519004	0.924885	0.900936	0.346648	0.175656
0.519004	0.924803	0.900858	0.346467	0.175566
0.519004	0.924721	0.900781	0.346285	0.175523
0.519004	0.924638	0.900704	0.346104	0.175388
0.519004	0.924556	0.900626	0.345923	0.175388
0.520315	0.924556	0.900704	0.346828	0.175351
0.520315	0.924474	0.900626	0.346647	0.175301
0.520315	0.924392	0.900549	0.346467	0.175291
0.521625	0.924392	0.900626	0.347371	0.175236
0.521625	0.92431	0.900549	0.34719	0.175206
0.522936	0.92431	0.900626	0.348094	0.175032
0.522936	0.924227	0.900549	0.347913	0.175005
0.522936	0.924145	0.900472	0.347732	0.174973
0.522936	0.924063	0.900394	0.347552	0.174777
0.522936	0.923981	0.900317	0.347372	0.174757
0.522936	0.923899	0.90024	0.347192	0.174702
0.522936	0.923817	0.900162	0.347012	0.174376
0.522936	0.923734	0.900085	0.346832	0.174319
0.522936	0.923652	0.900008	0.346653	0.17403
0.522936	0.92357	0.89993	0.346474	0.17389
0.522936	0.923488	0.899853	0.346294	0.173872
0.522936	0.923406	0.899776	0.346116	0.173562
0.522936	0.923323	0.899698	0.345937	0.173556
0.522936	0.923241	0.899621	0.345758	0.173465
0.522936	0.923159	0.899544	0.34558	0.173431
0.522936	0.923077	0.899466	0.345402	0.173408
0.524246	0.923077	0.899544	0.346302	0.173226
0.524246	0.922995	0.899466	0.346124	0.173185
0.524246	0.922913	0.899389	0.345946	0.173181
0.525557	0.922913	0.899466	0.346845	0.173043
0.525557	0.92283	0.899389	0.346667	0.173032
0.526868	0.92283	0.899466	0.347566	0.172956
0.526868	0.922748	0.899389	0.347388	0.172924
0.526868	0.922666	0.899312	0.34721	0.172837
0.526868	0.922584	0.899234	0.347032	0.172666
0.526868	0.922502	0.899157	0.346855	0.172519
0.526868	0.922419	0.89908	0.346677	0.172516
0.526868	0.922337	0.899002	0.3465	0.17241
0.526868	0.922255	0.898925	0.346323	0.172227
0.526868	0.922173	0.898848	0.346146	0.172099
0.526868	0.922091	0.89877	0.34597	0.171927
0.526868	0.922009	0.898693	0.345793	0.171847
0.526868	0.921926	0.898616	0.345617	0.171828
0.526868	0.921844	0.898538	0.345441	0.17181
0.526868	0.921762	0.898461	0.345265	0.171671
0.526868	0.92168	0.898384	0.345089	0.171627
0.526868	0.921598	0.898306	0.344914	0.171429
0.526868	0.921515	0.898229	0.344738	0.171399
0.528178	0.921515	0.898306	0.345633	0.171381
0.528178	0.921433	0.898229	0.345458	0.171051
0.528178	0.921351	0.898152	0.345283	0.171028
0.528178	0.921269	0.898074	0.345108	0.171
0.528178	0.921187	0.897997	0.344933	0.170894
0.528178	0.921105	0.89792	0.344758	0.170549
0.528178	0.921022	0.897842	0.344584	0.170529
0.528178	0.92094	0.897765	0.344409	0.170499
0.529489	0.92094	0.897842	0.345303	0.170454
0.529489	0.920858	0.897765	0.345128	0.170446
0.529489	0.920776	0.897688	0.344954	0.170417
0.529489	0.920694	0.89761	0.34478	0.170401
0.529489	0.920611	0.897533	0.344606	0.170392
0.529489	0.920529	0.897456	0.344433	0.170375
0.529489	0.920447	0.897378	0.344259	0.170259
0.529489	0.920365	0.897301	0.344086	0.170158
0.529489	0.920283	0.897224	0.343912	0.170149
0.529489	0.920201	0.897146	0.343739	0.169908
0.530799	0.920201	0.897224	0.344631	0.16987
0.530799	0.920118	0.897146	0.344458	0.169726
0.530799	0.920036	0.897069	0.344285	0.169638
0.53211	0.920036	0.897146	0.345176	0.169528
0.53211	0.919954	0.897069	0.345003	0.169503
0.53211	0.919872	0.896992	0.34483	0.169483
0.53211	0.91979	0.896914	0.344657	0.169469
0.533421	0.91979	0.896992	0.345547	0.169322
0.533421	0.919707	0.896914	0.345375	0.169311
0.533421	0.919625	0.896837	0.345202	0.169283
0.533421	0.919543	0.89676	0.34503	0.169072
0.533421	0.919461	0.896682	0.344858	0.169061
0.533421	0.919379	0.896605	0.344686	0.169009
0.533421	0.919297	0.896528	0.344514	0.16897
0.533421	0.919214	0.89645	0.344343	0.168909
0.533421	0.919132	0.896373	0.344171	0.168901
0.533421	0.91905	0.896296	0.344	0.168827
0.533421	0.918968	0.896218	0.343829	0.168672
0.533421	0.918886	0.896141	0.343658	0.168596
0.533421	0.918803	0.896064	0.343487	0.168491
0.534731	0.918803	0.896141	0.344374	0.168411
0.534731	0.918721	0.896064	0.344204	0.168368
0.534731	0.918639	0.895986	0.344033	0.168292
0.534731	0.918557	0.895909	0.343863	0.168271
0.536042	0.918557	0.895986	0.344749	0.168247
0.536042	0.918475	0.895909	0.344578	0.168169
0.536042	0.918393	0.895832	0.344408	0.168134
0.536042	0.91831	0.895754	0.344238	0.168046
0.536042	0.918228	0.895677	0.344068	0.168034
0.537353	0.918228	0.895754	0.344953	0.167951
0.537353	0.918146	0.895677	0.344783	0.1679
0.537353	0.918064	0.8956	0.344613	0.167878
0.537353	0.917982	0.895522	0.344443	0.167864
0.538663	0.917982	0.8956	0.345327	0.167854
0.538663	0.917899	0.895522	0.345158	0.167626
0.538663	0.917817	0.895445	0.344988	0.167612
0.539974	0.917817	0.895522	0.345871	0.167577
0.539974	0.917735	0.895445	0.345702	0.167517
0.539974	0.917653	0.895368	0.345532	0.167507
0.539974	0.917571	0.89529	0.345363	0.167507
0.541284	0.917571	0.895368	0.346245	0.167445
0.542595	0.917571	0.895445	0.347127	0.167304
0.542595	0.917488	0.895368	0.346957	0.16718
0.542595	0.917406	0.89529	0.346788	0.167106
0.542595	0.917324	0.895213	0.346619	0.167027
0.542595	0.917242	0.895136	0.34645	0.166882
0.542595	0.91716	0.895058	0.346282	0.166822
0.542595	0.917078	0.894981	0.346113	0.166696
0.543906	0.917078	0.895058	0.346993	0.166671
0.543906	0.916995	0.894981	0.346825	0.166662
0.543906	0.916913	0.894904	0.346656	0.166662
0.543906	0.916831	0.894826	0.346488	0.16661
0.543906	0.916749	0.894749	0.34632	0.166567
0.543906	0.916667	0.894672	0.346152	0.16656
0.543906	0.916584	0.894594	0.345984	0.166511
0.543906	0.916502	0.894517	0.345817	0.166431
0.543906	0.91642	0.89444	0.345649	0.166226
0.543906	0.916338	0.894362	0.345482	0.166146
0.543906	0.916256	0.894285	0.345315	0.166038
0.545216	0.916256	0.894362	0.346193	0.166036
0.545216	0.916174	0.894285	0.346026	0.166016
0.546527	0.916174	0.894362	0.346903	0.165757
0.546527	0.916091	0.894285	0.346736	0.165749
0.546527	0.916009	0.894208	0.346569	0.165714
0.546527	0.915927	0.89413	0.346402	0.165677
0.546527	0.915845	0.894053	0.346235	0.165444
0.546527	0.915763	0.893976	0.346069	0.16524
0.546527	0.91568	0.893898	0.345902	0.165206
0.546527	0.915598	0.893821	0.345736	0.165204
0.546527	0.915516	0.893744	0.34557	0.165119
0.547837	0.915516	0.893821	0.346445	0.165098
0.547837	0.915434	0.893744	0.346279	0.165056
0.547837	0.915352	0.893666	0.346113	0.164805
0.547837	0.91527	0.893589	0.345948	0.164767
0.549148	0.91527	0.893666	0.346822	0.164721
0.549148	0.915187	0.893589	0.346656	0.164527
0.549148	0.915105	0.893512	0.346491	0.164327
0.549148	0.915023	0.893434	0.346325	0.164246
0.549148	0.914941	0.893357	0.34616	0.16413
0.549148	0.914859	0.89328	0.345995	0.163921
0.549148	0.914776	0.893202	0.34583	0.163812
0.550459	0.914776	0.89328	0.346703	0.16381
0.550459	0.914694	0.893202	0.346538	0.163801
0.551769	0.914694	0.89328	0.34741	0.163645
0.551769	0.914612	0.893202	0.347245	0.163602
0.551769	0.91453	0.893125	0.34708	0.163416
0.551769	0.914448	0.893048	0.346915	0.163361
0.551769	0.914366	0.89297	0.346751	0.163278
0.55308	0.914366	0.893048	0.347622	0.163251
0.55308	0.914283	0.89297	0.347458	0.16322
0.55308	0.914201	0.892893	0.347293	0.163173
0.55308	0.914119	0.892816	0.347129	0.162995
0.55308	0.914037	0.892738	0.346965	0.16293
0.55308	0.913955	0.892661	0.346801	0.162909
0.55308	0.913872	0.892584	0.346637	0.162784
0.55308	0.91379	0.892506	0.346473	0.162758
0.55308	0.913708	0.892429	0.346309	0.162733
0.55308	0.913626	0.892352	0.346146	0.16268
0.55308	0.913544	0.892274	0.345983	0.162617
0.55308	0.913462	0.892197	0.34582	0.162598
0.55308	0.913379	0.89212	0.345657	0.162587
0.55308	0.913297	0.892042	0.345494	0.162471
0.55308	0.913215	0.891965	0.345331	0.162341
0.55308	0.913133	0.891888	0.345169	0.162326
0.554391	0.913133	0.891965	0.346037	0.16229
0.554391	0.913051	0.891888	0.345875	0.162245
0.554391	0.912968	0.89181	0.345712	0.162216
0.554391	0.912886	0.891733	0.34555	0.162138
0.554391	0.912804	0.891656	0.345388	0.162035
0.554391	0.912722	0.891578	0.345226	0.162
0.554391	0.91264	0.891501	0.345064	0.16177
0.555701	0.91264	0.891578	0.345931	0.161625
0.557012	0.91264	0.891656	0.346798	0.161501
0.557012	0.912558	0.891578	0.346636	0.161298
0.557012	0.912475	0.891501	0.346474	0.161171
0.557012	0.912393	0.891424	0.346312	0.161145
0.557012	0.912311	0.891346	0.346151	0.161078
0.557012	0.912229	0.891269	0.345989	0.1609
0.557012	0.912147	0.891192	0.345828	0.16089
0.557012	0.912064	0.891114	0.345667	0.160803
0.557012	0.911982	0.891037	0.345506	0.160727
0.558322	0.911982	0.891114	0.346371	0.160665
0.558322	0.9119	0.891037	0.34621	0.160472
0.558322	0.911818	0.89096	0.346049	0.160366
0.558322	0.911736	0.890882	0.345888	0.160336
0.558322	0.911654	0.890805	0.345728	0.160165
0.558322	0.911571	0.890728	0.345567	0.160115
0.558322	0.911489	0.89065	0.345407	0.160056
0.558322	0.911407	0.890573	0.345247	0.159976
0.558322	0.911325	0.890496	0.345087	0.15995
0.559633	0.911325	0.890573	0.34595	0.159893
0.559633	0.911243	0.890496	0.34579	0.159717
0.559633	0.91116	0.890418	0.34563	0.159713
0.559633	0.911078	0.890341	0.34547	0.15966
0.559633	0.910996	0.890264	0.345311	0.159643
0.559633	0.910914	0.890186	0.345151	0.159595
0.559633	0.910832	0.890109	0.344992	0.159549
0.560944	0.910832	0.890186	0.345854	0.159451
0.560944	0.91075	0.890109	0.345695	0.159445
0.560944	0.910667	0.890032	0.345535	0.15944
0.560944	0.910585	0.889954	0.345376	0.159437
0.560944	0.910503	0.889877	0.345217	0.159428
0.562254	0.910503	0.889954	0.346078	0.159425
0.562254	0.910421	0.889877	0.345919	0.159382
0.562254	0.910339	0.8898	0.34576	0.15918
0.562254	0.910256	0.889722	0.345602	0.159133
0.562254	0.910174	0.889645	0.345443	0.158978
0.562254	0.910092	0.889568	0.345285	0.158937
0.562254	0.91001	0.88949	0.345127	0.15893
0.562254	0.909928	0.889413	0.344969	0.158889
0.562254	0.909845	0.889336	0.344811	0.158797
0.562254	0.909763	0.889258	0.344653	0.158795
0.562254	0.909681	0.889181	0.344495	0.158725
0.563565	0.909681	0.889258	0.345354	0.158636
0.563565	0.909599	0.889181	0.345196	0.158567
0.563565	0.909517	0.889104	0.345039	0.158563
0.563565	0.909435	0.889026	0.344881	0.158415
0.563565	0.909352	0.888949	0.344724	0.158351
0.563565	0.90927	0.888872	0.344567	0.157965
0.564875	0.90927	0.888949	0.345425	0.15785
0.564875	0.909188	0.888872	0.345267	0.15771
0.564875	0.909106	0.888794	0.34511	0.157587
0.564875	0.909024	0.888717	0.344954	0.157502
0.566186	0.909024	0.888794	0.34581	0.157371
0.566186	0.908941	0.888717	0.345653	0.157337
0.566186	0.908859	0.88864	0.345497	0.157304
0.566186	0.908777	0.888562	0.34534	0.157292
0.566186	0.908695	0.888485	0.345183	0.157291
0.567497	0.908695	0.888562	0.346039	0.157283
0.567497	0.908613	0.888485	0.345883	0.15726
0.567497	0.908531	0.888408	0.345726	0.157208
0.567497	0.908448	0.88833	0.34557	0.157205
0.568807	0.908448	0.888408	0.346425	0.156906
0.568807	0.908366	0.88833	0.346269	0.156853
0.570118	0.908366	0.888408	0.347123	0.15677
0.570118	0.908284	0.88833	0.346967	0.156761
0.570118	0.908202	0.888253	0.346811	0.156731
0.570118	0.90812	0.888176	0.346655	0.156697
0.571429	0.90812	0.888253	0.347508	0.15668
0.572739	0.90812	0.88833	0.348361	0.156671
0.572739	0.908037	0.888253	0.348205	0.156632
0.57405	0.908037	0.88833	0.349057	0.156544
0.57405	0.907955	0.888253	0.348901	0.156352
0.57536	0.907955	0.88833	0.349753	0.156332
0.57536	0.907873	0.888253	0.349597	0.156303
0.57536	0.907791	0.888176	0.349441	0.156277
0.57536	0.907709	0.888098	0.349285	0.156215
0.57536	0.907627	0.888021	0.349129	0.1562
0.576671	0.907627	0.888098	0.34998	0.156177
0.576671	0.907544	0.888021	0.349824	0.156136
0.576671	0.907462	0.887944	0.349668	0.156101
0.577982	0.907462	0.888021	0.350518	0.156054
0.577982	0.90738	0.887944	0.350363	0.155865
0.577982	0.907298	0.887866	0.350207	0.155844
0.577982	0.907216	0.887789	0.350052	0.15571
0.577982	0.907133	0.887712	0.349896	0.155662
0.579292	0.907133	0.887789	0.350745	0.155648
0.579292	0.907051	0.887712	0.35059	0.155523
0.579292	0.906969	0.887634	0.350435	0.155491
0.579292	0.906887	0.887557	0.35028	0.155436
0.579292	0.906805	0.88748	0.350125	0.155271
0.579292	0.906723	0.887402	0.34997	0.155271
0.579292	0.90664	0.887325	0.349816	0.155152
0.579292	0.906558	0.887248	0.349661	0.155136
0.579292	0.906476	0.88717	0.349507	0.155006
0.580603	0.906476	0.887248	0.350354	0.154986
0.580603	0.906394	0.88717	0.3502	0.15498
0.580603	0.906312	0.887093	0.350045	0.154979
0.580603	0.906229	0.887016	0.349891	0.154964
0.580603	0.906147	0.886938	0.349737	0.154955
0.580603	0.906065	0.886861	0.349583	0.154934
0.580603	0.905983	0.886784	0.34943	0.154926
0.580603	0.905901	0.886706	0.349276	0.154844
0.580603	0.905819	0.886629	0.349122	0.154784
0.581913	0.905819	0.886706	0.349968	0.154742
0.581913	0.905736	0.886629	0.349815	0.154675
0.581913	0.905654	0.886552	0.349662	0.154592
0.581913	0.905572	0.886474	0.349508	0.154585
0.581913	0.90549	0.886397	0.349355	0.154344
0.581913	0.905408	0.88632	0.349202	0.154135
0.581913	0.905325	0.886242	0.349049	0.154133
0.581913	0.905243	0.886165	0.348896	0.154049
0.581913	0.905161	0.886088	0.348744	0.15399
0.581913	0.905079	0.88601	0.348591	0.153755
0.581913	0.904997	0.885933	0.348439	0.153728
0.581913	0.904915	0.885856	0.348287	0.153723
0.581913	0.904832	0.885778	0.348135	0.153722
0.581913	0.90475	0.885701	0.347983	0.153684
0.581913	0.904668	0.885624	0.347831	0.15361
0.583224	0.904668	0.885701	0.348674	0.153485
0.583224	0.904586	0.885624	0.348522	0.153457
0.583224	0.904504	0.885546	0.348371	0.153384
0.583224	0.904421	0.885469	0.348219	0.15334
0.583224	0.904339	0.885392	0.348067	0.153327
0.583224	0.904257	0.885314	0.347916	0.153264
0.583224	0.904175	0.885237	0.347765	0.153151
0.583224	0.904093	0.88516	0.347614	0.15304
0.583224	0.904011	0.885082	0.347463	0.152953
0.583224	0.903928	0.885005	0.347312	0.152867
0.583224	0.903846	0.884928	0.347161	0.152811
0.583224	0.903764	0.88485	0.34701	0.152724
0.583224	0.903682	0.884773	0.34686	0.152684
0.583224	0.9036	0.884696	0.346709	0.15266
0.584535	0.9036	0.884773	0.347551	0.152513
0.584535	0.903517	0.884696	0.3474	0.152478
0.584535	0.903435	0.884618	0.34725	0.152453
0.584535	0.903353	0.884541	0.3471	0.152273
0.584535	0.903271	0.884464	0.34695	0.152179
0.584535	0.903189	0.884386	0.3468	0.152077
0.584535	0.903107	0.884309	0.34665	0.152059
0.584535	0.903024	0.884232	0.3465	0.152003
0.584535	0.902942	0.884154	0.346351	0.151989
0.584535	0.90286	0.884077	0.346201	0.151955
0.584535	0.902778	0.884	0.346052	0.151876
0.584535	0.902696	0.883922	0.345903	0.151818
0.584535	0.902613	0.883845	0.345754	0.151802
0.584535	0.902531	0.883768	0.345605	0.151728
0.585845	0.902531	0.883845	0.346444	0.151727
0.585845	0.902449	0.883768	0.346295	0.151668
0.585845	0.902367	0.88369	0.346146	0.151653
0.585845	0.902285	0.883613	0.345997	0.151649
0.585845	0.902202	0.883536	0.345849	0.151642
0.585845	0.90212	0.883458	0.3457	0.151504
0.585845	0.902038	0.883381	0.345552	0.15148
0.585845	0.901956	0.883304	0.345403	0.151432
0.585845	0.901874	0.883226	0.345255	0.151248
0.585845	0.901792	0.883149	0.345107	0.151136
0.585845	0.901709	0.883072	0.344959	0.150996
0.585845	0.901627	0.882994	0.344812	0.150562
0.585845	0.901545	0.882917	0.344664	0.150533
0.585845	0.901463	0.88284	0.344516	0.150448
0.585845	0.901381	0.882762	0.344369	0.150382
0.585845	0.901298	0.882685	0.344222	0.150339
0.585845	0.901216	0.882608	0.344074	0.150316
0.585845	0.901134	0.88253	0.343927	0.150251
0.585845	0.901052	0.882453	0.34378	0.150099
0.585845	0.90097	0.882376	0.343634	0.15006
0.585845	0.900888	0.882298	0.343487	0.150048
0.585845	0.900805	0.882221	0.34334	0.150023
0.585845	0.900723	0.882144	0.343194	0.149968
0.585845	0.900641	0.882066	0.343047	0.149938
0.587156	0.900641	0.882144	0.343883	0.149913
0.587156	0.900559	0.882066	0.343737	0.149857
0.588467	0.900559	0.882144	0.344572	0.149761
0.589777	0.900559	0.882221	0.345406	0.149686
0.589777	0.900477	0.882144	0.34526	0.149478
0.589777	0.900394	0.882066	0.345113	0.149378
0.589777	0.900312	0.881989	0.344967	0.1493
0.589777	0.90023	0.881912	0.344821	0.149263
0.589777	0.900148	0.881834	0.344675	0.149207
0.589777	0.900066	0.881757	0.344529	0.149185
0.591088	0.900066	0.881834	0.345362	0.149113
0.591088	0.899984	0.881757	0.345216	0.14906
0.591088	0.899901	0.88168	0.345071	0.149044
0.591088	0.899819	0.881602	0.344925	0.148994
0.591088	0.899737	0.881525	0.344779	0.148968
0.591088	0.899655	0.881448	0.344634	0.148936
0.591088	0.899573	0.88137	0.344488	0.148919
0.591088	0.89949	0.881293	0.344343	0.148883
0.591088	0.899408	0.881216	0.344198	0.14886
0.592398	0.899408	0.881293	0.34503	0.148832
0.592398	0.899326	0.881216	0.344885	0.148656
0.592398	0.899244	0.881138	0.344739	0.148512
0.592398	0.899162	0.881061	0.344594	0.148502
0.592398	0.89908	0.880984	0.34445	0.148487
0.592398	0.898997	0.880906	0.344305	0.148432
0.592398	0.898915	0.880829	0.34416	0.148409
0.592398	0.898833	0.880752	0.344016	0.148407
0.592398	0.898751	0.880674	0.343871	0.148262
0.592398	0.898669	0.880597	0.343727	0.14826
0.592398	0.898586	0.88052	0.343583	0.148202
0.592398	0.898504	0.880442	0.343439	0.148177
0.593709	0.898504	0.88052	0.344269	0.148134
0.593709	0.898422	0.880442	0.344125	0.148065
0.593709	0.89834	0.880365	0.343981	0.148018
0.593709	0.898258	0.880288	0.343837	0.147832
0.593709	0.898176	0.88021	0.343693	0.147791
0.593709	0.898093	0.880133	0.34355	0.147781
0.593709	0.898011	0.880056	0.343406	0.147751
0.593709	0.897929	0.879978	0.343263	0.147637
0.593709	0.897847	0.879901	0.343119	0.147628
0.593709	0.897765	0.879824	0.342976	0.147603
0.593709	0.897682	0.879746	0.342833	0.147591
0.593709	0.8976	0.879669	0.34269	0.14735
0.593709	0.897518	0.879592	0.342547	0.147342
0.593709	0.897436	0.879514	0.342405	0.147338
0.59502	0.897436	0.879592	0.343233	0.14724
0.59502	0.897354	0.879514	0.34309	0.147197
0.59502	0.897272	0.879437	0.342947	0.147194
0.59502	0.897189	0.87936	0.342805	0.147133
0.59502	0.897107	0.879282	0.342662	0.147116
0.59502	0.897025	0.879205	0.34252	0.147115
0.59502	0.896943	0.879128	0.342378	0.147072
0.59502	0.896861	0.87905	0.342236	0.146935
0.59502	0.896778	0.878973	0.342094	0.146929
0.59502	0.896696	0.878896	0.341952	0.146878
0.59502	0.896614	0.878818	0.34181	0.146655
0.59502	0.896532	0.878741	0.341668	0.146565
0.59502	0.89645	0.878664	0.341527	0.146561
0.59502	0.896368	0.878586	0.341385	0.146553
0.59502	0.896285	0.878509	0.341244	0.146436
0.59633	0.896285	0.878586	0.34207	0.146247
0.597641	0.896285	0.878664	0.342895	0.146242
0.597641	0.896203	0.878586	0.342754	0.146199
0.597641	0.896121	0.878509	0.342612	0.146193
0.597641	0.896039	0.878432	0.342471	0.146164
0.597641	0.895957	0.878354	0.34233	0.146031
0.597641	0.895874	0.878277	0.342189	0.145965
0.597641	0.895792	0.8782	0.342048	0.145739
0.597641	0.89571	0.878122	0.341907	0.145704
0.598952	0.89571	0.8782	0.342731	0.145702
0.598952	0.895628	0.878122	0.34259	0.145671
0.598952	0.895546	0.878045	0.34245	0.14554
0.598952	0.895464	0.877968	0.342309	0.145518
0.598952	0.895381	0.87789	0.342168	0.145459
0.598952	0.895299	0.877813	0.342028	0.145448
0.598952	0.895217	0.877736	0.341888	0.145362
0.598952	0.895135	0.877658	0.341747	0.145338
0.598952	0.895053	0.877581	0.341607	0.145331
0.600262	0.895053	0.877658	0.34243	0.145306
0.600262	0.89497	0.877581	0.34229	0.145248
0.600262	0.894888	0.877504	0.34215	0.145242
0.600262	0.894806	0.877426	0.34201	0.145087
0.600262	0.894724	0.877349	0.34187	0.145085
0.600262	0.894642	0.877272	0.34173	0.144851
0.600262	0.89456	0.877194	0.341591	0.144838
0.600262	0.894477	0.877117	0.341451	0.144748
0.600262	0.894395	0.87704	0.341312	0.144694
0.600262	0.894313	0.876962	0.341173	0.144672
0.600262	0.894231	0.876885	0.341033	0.144467
0.600262	0.894149	0.876808	0.340894	0.144433
0.600262	0.894066	0.87673	0.340755	0.144427
0.600262	0.893984	0.876653	0.340616	0.144426
0.600262	0.893902	0.876576	0.340478	0.144414
0.600262	0.89382	0.876498	0.340339	0.144332
0.600262	0.893738	0.876421	0.3402	0.144329
0.601573	0.893738	0.876498	0.341021	0.144277
0.601573	0.893655	0.876421	0.340882	0.144269
0.601573	0.893573	0.876344	0.340744	0.144231
0.601573	0.893491	0.876266	0.340605	0.144189
0.601573	0.893409	0.876189	0.340467	0.144162
0.601573	0.893327	0.876112	0.340329	0.144144
0.601573	0.893245	0.876034	0.340191	0.144128
0.601573	0.893162	0.875957	0.340053	0.144097
0.601573	0.89308	0.87588	0.339915	0.144076
0.601573	0.892998	0.875802	0.339777	0.14403
0.601573	0.892916	0.875725	0.339639	0.14391
0.602883	0.892916	0.875802	0.340458	0.143873
0.602883	0.892834	0.875725	0.340321	0.143815
0.602883	0.892751	0.875648	0.340183	0.143805
0.602883	0.892669	0.87557	0.340045	0.143792
0.602883	0.892587	0.875493	0.339908	0.143771
0.602883	0.892505	0.875416	0.339771	0.143734
0.602883	0.892423	0.875338	0.339634	0.143554
0.602883	0.892341	0.875261	0.339496	0.143532
0.604194	0.892341	0.875338	0.340314	0.143521
0.604194	0.892258	0.875261	0.340177	0.143485
0.604194	0.892176	0.875184	0.34004	0.143388
0.604194	0.892094	0.875106	0.339903	0.143345
0.604194	0.892012	0.875029	0.339766	0.14326
0.604194	0.89193	0.874952	0.33963	0.143252
0.604194	0.891847	0.874874	0.339493	0.143234
0.605505	0.891847	0.874952	0.340309	0.143221
0.605505	0.891765	0.874874	0.340173	0.143186
0.605505	0.891683	0.874797	0.340036	0.143129
0.605505	0.891601	0.87472	0.3399	0.143053
0.605505	0.891519	0.874642	0.339764	0.143043
0.605505	0.891437	0.874565	0.339627	0.142961
0.605505	0.891354	0.874488	0.339491	0.14295
0.605505	0.891272	0.87441	0.339355	0.142935
0.605505	0.89119	0.874333	0.339219	0.142934
0.605505	0.891108	0.874256	0.339083	0.14288
0.605505	0.891026	0.874178	0.338948	0.142677
0.605505	0.890943	0.874101	0.338812	0.142662
0.605505	0.890861	0.874024	0.338677	0.142591
0.605505	0.890779	0.873946	0.338541	0.142565
0.605505	0.890697	0.873869	0.338406	0.142402
0.605505	0.890615	0.873792	0.338271	0.142376
0.605505	0.890533	0.873714	0.338135	0.142304
0.606815	0.890533	0.873792	0.33895	0.142279
0.606815	0.89045	0.873714	0.338814	0.142271
0.606815	0.890368	0.873637	0.338679	0.142232
0.606815	0.890286	0.87356	0.338544	0.142219
0.606815	0.890204	0.873482	0.33841	0.142199
0.606815	0.890122	0.873405	0.338275	0.142166
0.606815	0.890039	0.873328	0.33814	0.142153
0.606815	0.889957	0.87325	0.338006	0.14206
0.606815	0.889875	0.873173	0.337871	0.141892
0.606815	0.889793	0.873096	0.337737	0.141795
0.606815	0.889711	0.873018	0.337603	0.141784
0.606815	0.889629	0.872941	0.337468	0.141695
0.606815	0.889546	0.872864	0.337334	0.141691
0.606815	0.889464	0.872786	0.3372	0.141681
0.606815	0.889382	0.872709	0.337066	0.141631
0.608126	0.889382	0.872786	0.337879	0.14141
0.608126	0.8893	0.872709	0.337745	0.141151
0.608126	0.889218	0.872632	0.337611	0.141121
0.608126	0.889135	0.872554	0.337477	0.141101
0.609436	0.889135	0.872632	0.338288	0.141094
0.609436	0.889053	0.872554	0.338155	0.141064
0.609436	0.888971	0.872477	0.338021	0.141051
0.609436	0.888889	0.8724	0.337888	0.141008
0.609436	0.888807	0.872322	0.337754	0.140993
0.609436	0.888725	0.872245	0.337621	0.140822
0.609436	0.888642	0.872168	0.337487	0.140733
0.609436	0.88856	0.87209	0.337354	0.140637
0.609436	0.888478	0.872013	0.337221	0.140483
0.609436	0.888396	0.871936	0.337088	0.140435
0.609436	0.888314	0.871858	0.336955	0.140387
0.609436	0.888231	0.871781	0.336823	0.140267
0.609436	0.888149	0.871704	0.33669	0.140236
0.609436	0.888067	0.871626	0.336557	0.140224
0.609436	0.887985	0.871549	0.336425	0.140215
0.609436	0.887903	0.871472	0.336292	0.14018
0.609436	0.887821	0.871394	0.33616	0.140179
0.609436	0.887738	0.871317	0.336028	0.140109
0.609436	0.887656	0.87124	0.335896	0.140017
0.609436	0.887574	0.871162	0.335764	0.139881
0.609436	0.887492	0.871085	0.335632	0.139675
0.609436	0.88741	0.871008	0.3355	0.139646
0.609436	0.887327	0.87093	0.335368	0.139619
0.609436	0.887245	0.870853	0.335237	0.139612
0.610747	0.887245	0.87093	0.336045	0.139565
0.610747	0.887163	0.870853	0.335913	0.139455
0.610747	0.887081	0.870776	0.335782	0.13942
0.610747	0.886999	0.870698	0.33565	0.139237
0.610747	0.886917	0.870621	0.335519	0.139191
0.610747	0.886834	0.870544	0.335387	0.139153
0.612058	0.886834	0.870621	0.336195	0.139138
0.612058	0.886752	0.870544	0.336063	0.139128
0.612058	0.88667	0.870466	0.335932	0.138998
0.612058	0.886588	0.870389	0.335801	0.138923
0.612058	0.886506	0.870312	0.33567	0.138912
0.612058	0.886423	0.870234	0.335539	0.138887
0.612058	0.886341	0.870157	0.335408	0.138851
0.612058	0.886259	0.87008	0.335277	0.138584
0.612058	0.886177	0.870002	0.335147	0.138568
0.612058	0.886095	0.869925	0.335016	0.138533
0.612058	0.886012	0.869848	0.334886	0.138491
0.612058	0.88593	0.86977	0.334755	0.138469
0.612058	0.885848	0.869693	0.334625	0.13841
0.612058	0.885766	0.869616	0.334495	0.138355
0.612058	0.885684	0.869538	0.334364	0.138346
0.613368	0.885684	0.869616	0.33517	0.138302
0.613368	0.885602	0.869538	0.33504	0.138292
0.613368	0.885519	0.869461	0.33491	0.138252
0.613368	0.885437	0.869384	0.33478	0.138099
0.613368	0.885355	0.869306	0.33465	0.13801
0.613368	0.885273	0.869229	0.33452	0.137981
0.613368	0.885191	0.869152	0.33439	0.137872
0.613368	0.885108	0.869074	0.334261	0.137712
0.613368	0.885026	0.868997	0.334131	0.137519
0.613368	0.884944	0.86892	0.334002	0.137513
0.613368	0.884862	0.868842	0.333872	0.137413
0.613368	0.88478	0.868765	0.333743	0.137403
0.613368	0.884698	0.868688	0.333614	0.137369
0.613368	0.884615	0.86861	0.333485	0.137324
0.614679	0.884615	0.868688	0.334288	0.137324
0.614679	0.884533	0.86861	0.334159	0.137296
0.614679	0.884451	0.868533	0.33403	0.137277
0.61599	0.884451	0.86861	0.334833	0.137199
0.61599	0.884369	0.868533	0.334704	0.137098
0.61599	0.884287	0.868456	0.334575	0.137085
0.61599	0.884204	0.868378	0.334446	0.136959
0.6173	0.884204	0.868456	0.335249	0.136816
0.6173	0.884122	0.868378	0.33512	0.136795
0.6173	0.88404	0.868301	0.334991	0.136683
0.6173	0.883958	0.868224	0.334862	0.136674
0.6173	0.883876	0.868146	0.334734	0.136596
0.6173	0.883794	0.868069	0.334605	0.136569
0.6173	0.883711	0.867992	0.334477	0.136528
0.6173	0.883629	0.867914	0.334348	0.136518
0.6173	0.883547	0.867837	0.33422	0.136389
0.618611	0.883547	0.867914	0.335021	0.136269
0.618611	0.883465	0.867837	0.334893	0.136244
0.618611	0.883383	0.86776	0.334765	0.136094
0.619921	0.883383	0.867837	0.335565	0.136091
0.619921	0.8833	0.86776	0.335437	0.136022
0.619921	0.883218	0.867682	0.335309	0.136
0.619921	0.883136	0.867605	0.335181	0.135998
0.619921	0.883054	0.867528	0.335053	0.135936
0.619921	0.882972	0.86745	0.334925	0.135857
0.619921	0.88289	0.867373	0.334797	0.135842
0.619921	0.882807	0.867296	0.334669	0.135838
0.619921	0.882725	0.867218	0.334542	0.135825
0.619921	0.882643	0.867141	0.334414	0.135815
0.621232	0.882643	0.867218	0.335213	0.135663
0.621232	0.882561	0.867141	0.335086	0.135601
0.622543	0.882561	0.867218	0.335885	0.135573
0.622543	0.882479	0.867141	0.335757	0.135533
0.622543	0.882396	0.867064	0.335629	0.135367
0.623853	0.882396	0.867141	0.336428	0.135271
0.623853	0.882314	0.867064	0.3363	0.13522
0.623853	0.882232	0.866986	0.336173	0.13508
0.623853	0.88215	0.866909	0.336045	0.134926
0.623853	0.882068	0.866832	0.335918	0.134881
0.623853	0.881986	0.866754	0.335791	0.134861
0.623853	0.881903	0.866677	0.335664	0.134851
0.623853	0.881821	0.8666	0.335537	0.134789
0.623853	0.881739	0.866522	0.33541	0.134746
0.623853	0.881657	0.866445	0.335283	0.134741
0.623853	0.881575	0.866368	0.335156	0.134719
0.623853	0.881492	0.86629	0.33503	0.134703
0.623853	0.88141	0.866213	0.334903	0.134672
0.623853	0.881328	0.866136	0.334777	0.134596
0.623853	0.881246	0.866058	0.33465	0.134535
0.623853	0.881164	0.865981	0.334524	0.134343
0.623853	0.881082	0.865904	0.334398	0.134233
0.623853	0.880999	0.865826	0.334272	0.134107
0.623853	0.880917	0.865749	0.334145	0.134004
0.623853	0.880835	0.865672	0.33402	0.13399
0.623853	0.880753	0.865594	0.333894	0.133966
0.623853	0.880671	0.865517	0.333768	0.133909
0.623853	0.880588	0.86544	0.333642	0.133903
0.625164	0.880588	0.865517	0.334437	0.13384
0.626474	0.880588	0.865594	0.335233	0.133786
0.626474	0.880506	0.865517	0.335107	0.133752
0.626474	0.880424	0.86544	0.334981	0.133667
0.626474	0.880342	0.865362	0.334855	0.133565
0.626474	0.88026	0.865285	0.33473	0.133542
0.627785	0.88026	0.865362	0.335524	0.133459
0.627785	0.880178	0.865285	0.335398	0.133428
0.627785	0.880095	0.865208	0.335273	0.133329
0.627785	0.880013	0.86513	0.335147	0.133295
0.627785	0.879931	0.865053	0.335022	0.133216
0.627785	0.879849	0.864976	0.334897	0.133163
0.627785	0.879767	0.864898	0.334771	0.133073
0.627785	0.879684	0.864821	0.334646	0.133003
0.627785	0.879602	0.864744	0.334521	0.132947
0.627785	0.87952	0.864666	0.334396	0.132906
0.629096	0.87952	0.864744	0.335189	0.132854
0.629096	0.879438	0.864666	0.335064	0.132656
0.629096	0.879356	0.864589	0.334939	0.132603
0.629096	0.879274	0.864512	0.334815	0.132577
0.629096	0.879191	0.864434	0.33469	0.132561
0.630406	0.879191	0.864512	0.335482	0.132532
0.630406	0.879109	0.864434	0.335357	0.132527
0.630406	0.879027	0.864357	0.335233	0.132332
0.631717	0.879027	0.864434	0.336024	0.132318
0.631717	0.878945	0.864357	0.3359	0.132259
0.631717	0.878863	0.86428	0.335775	0.132226
0.631717	0.87878	0.864202	0.335651	0.132148
0.631717	0.878698	0.864125	0.335526	0.132103
0.631717	0.878616	0.864048	0.335402	0.132098
0.631717	0.878534	0.86397	0.335277	0.132089
0.633028	0.878534	0.864048	0.336068	0.131929
0.633028	0.878452	0.86397	0.335944	0.131927
0.633028	0.878369	0.863893	0.33582	0.131755
0.633028	0.878287	0.863816	0.335696	0.131754
0.633028	0.878205	0.863738	0.335571	0.131714
0.634338	0.878205	0.863816	0.336362	0.131477
0.634338	0.878123	0.863738	0.336237	0.131406
0.634338	0.878041	0.863661	0.336113	0.131314
0.634338	0.877959	0.863584	0.335989	0.131249
0.634338	0.877876	0.863506	0.335866	0.131245
0.634338	0.877794	0.863429	0.335742	0.131156
0.635649	0.877794	0.863506	0.336531	0.131125
0.635649	0.877712	0.863429	0.336407	0.1311
0.635649	0.87763	0.863352	0.336284	0.13108
0.635649	0.877548	0.863274	0.33616	0.131063
0.635649	0.877465	0.863197	0.336036	0.13104
0.635649	0.877383	0.86312	0.335913	0.131016
0.636959	0.877383	0.863197	0.336701	0.13098
0.636959	0.877301	0.86312	0.336578	0.130972
0.636959	0.877219	0.863042	0.336454	0.130937
0.636959	0.877137	0.862965	0.336331	0.130928
0.636959	0.877055	0.862888	0.336208	0.130888
0.636959	0.876972	0.86281	0.336085	0.130878
0.636959	0.87689	0.862733	0.335961	0.130839
0.636959	0.876808	0.862656	0.335838	0.130835
0.636959	0.876726	0.862578	0.335716	0.130683
0.63827	0.876726	0.862656	0.336503	0.130401
0.63827	0.876644	0.862578	0.33638	0.13039
0.63827	0.876561	0.862501	0.336257	0.130382
0.639581	0.876561	0.862578	0.337044	0.130357
0.639581	0.876479	0.862501	0.336921	0.130302
0.639581	0.876397	0.862424	0.336798	0.130299
0.640891	0.876397	0.862501	0.337584	0.130258
0.640891	0.876315	0.862424	0.337461	0.130205
0.640891	0.876233	0.862346	0.337338	0.129962
0.642202	0.876233	0.862424	0.338124	0.129868
0.642202	0.876151	0.862346	0.338001	0.129828
0.642202	0.876068	0.862269	0.337879	0.129801
0.642202	0.875986	0.862192	0.337756	0.129732
0.642202	0.875904	0.862114	0.337633	0.129634
0.642202	0.875822	0.862037	0.337511	0.129582
0.642202	0.87574	0.86196	0.337389	0.129566
0.642202	0.875657	0.861882	0.337266	0.129462
0.643512	0.875657	0.86196	0.338051	0.129281
0.644823	0.875657	0.862037	0.338835	0.129277
0.644823	0.875575	0.86196	0.338713	0.129272
0.644823	0.875493	0.861882	0.33859	0.129235
0.646134	0.875493	0.86196	0.339374	0.129216
0.646134	0.875411	0.861882	0.339252	0.129169
0.646134	0.875329	0.861805	0.33913	0.129121
0.646134	0.875247	0.861728	0.339007	0.129079
0.646134	0.875164	0.86165	0.338885	0.129004
0.646134	0.875082	0.861573	0.338763	0.128998
0.646134	0.875	0.861496	0.338641	0.128984
0.646134	0.874918	0.861418	0.338519	0.128943
0.647444	0.874918	0.861496	0.339302	0.128928
0.647444	0.874836	0.861418	0.33918	0.128822
0.647444	0.874753	0.861341	0.339058	0.128784
0.647444	0.874671	0.861264	0.338936	0.12878
0.647444	0.874589	0.861186	0.338815	0.12878
0.647444	0.874507	0.861109	0.338693	0.128757
0.648755	0.874507	0.861186	0.339475	0.128675
0.648755	0.874425	0.861109	0.339353	0.128599
0.648755	0.874343	0.861032	0.339232	0.128593
0.648755	0.87426	0.860954	0.33911	0.128503
0.648755	0.874178	0.860877	0.338989	0.128431
0.648755	0.874096	0.8608	0.338868	0.128343
0.648755	0.874014	0.860722	0.338746	0.128271
0.648755	0.873932	0.860645	0.338625	0.128191
0.648755	0.873849	0.860568	0.338504	0.128191
0.648755	0.873767	0.86049	0.338383	0.128132
0.648755	0.873685	0.860413	0.338262	0.128121
0.648755	0.873603	0.860336	0.338141	0.128108
0.648755	0.873521	0.860258	0.33802	0.128098
0.648755	0.873439	0.860181	0.337899	0.128074
0.648755	0.873356	0.860104	0.337779	0.128038
0.648755	0.873274	0.860026	0.337658	0.128036
0.648755	0.873192	0.859949	0.337538	0.127982
0.648755	0.87311	0.859872	0.337417	0.127964
0.648755	0.873028	0.859794	0.337297	0.127831
0.648755	0.872945	0.859717	0.337177	0.12773
0.648755	0.872863	0.85964	0.337057	0.127591
0.650066	0.872863	0.859717	0.337836	0.127548
0.650066	0.872781	0.85964	0.337716	0.127545
0.650066	0.872699	0.859562	0.337596	0.127528
0.650066	0.872617	0.859485	0.337476	0.127364
0.650066	0.872535	0.859408	0.337356	0.127305
0.650066	0.872452	0.85933	0.337236	0.127132
0.650066	0.87237	0.859253	0.337116	0.127125
0.650066	0.872288	0.859176	0.336996	0.127062
0.650066	0.872206	0.859098	0.336877	0.127041
0.651376	0.872206	0.859176	0.337655	0.127011
0.651376	0.872124	0.859098	0.337535	0.127007
0.651376	0.872041	0.859021	0.337416	0.126999
0.652687	0.872041	0.859098	0.338194	0.126947
0.652687	0.871959	0.859021	0.338074	0.126923
0.652687	0.871877	0.858944	0.337955	0.126913
0.652687	0.871795	0.858866	0.337835	0.126896
0.652687	0.871713	0.858789	0.337716	0.126844
0.652687	0.871631	0.858712	0.337596	0.126828
0.652687	0.871548	0.858634	0.337477	0.126818
0.653997	0.871548	0.858712	0.338254	0.126784
0.653997	0.871466	0.858634	0.338135	0.126666
0.653997	0.871384	0.858557	0.338016	0.126583
0.653997	0.871302	0.85848	0.337896	0.126535
0.653997	0.87122	0.858402	0.337777	0.126531
0.655308	0.87122	0.85848	0.338554	0.126487
0.656619	0.87122	0.858557	0.33933	0.126449
0.656619	0.871137	0.85848	0.339211	0.126399
0.656619	0.871055	0.858402	0.339092	0.126258
0.656619	0.870973	0.858325	0.338973	0.126249
0.657929	0.870973	0.858402	0.339748	0.126124
0.657929	0.870891	0.858325	0.339629	0.126089
0.657929	0.870809	0.858248	0.33951	0.126054
0.657929	0.870726	0.85817	0.339391	0.125993
0.657929	0.870644	0.858093	0.339273	0.125948
0.657929	0.870562	0.858016	0.339154	0.125882
0.657929	0.87048	0.857938	0.339035	0.125778
0.657929	0.870398	0.857861	0.338916	0.125586
0.65924	0.870398	0.857938	0.339691	0.125582
0.65924	0.870316	0.857861	0.339572	0.125508
0.65924	0.870233	0.857784	0.339454	0.125455
0.65924	0.870151	0.857706	0.339335	0.125373
0.65924	0.870069	0.857629	0.339217	0.125372
0.65924	0.869987	0.857552	0.339098	0.12536
0.65924	0.869905	0.857474	0.33898	0.125356
0.65924	0.869822	0.857397	0.338862	0.12535
0.65924	0.86974	0.85732	0.338744	0.125339
0.66055	0.86974	0.857397	0.339517	0.125283
0.66055	0.869658	0.85732	0.339399	0.125281
0.66055	0.869576	0.857242	0.339281	0.12528
0.66055	0.869494	0.857165	0.339163	0.12525
0.66055	0.869412	0.857088	0.339045	0.125247
0.66055	0.869329	0.85701	0.338927	0.125205
0.66055	0.869247	0.856933	0.338809	0.125177
0.66055	0.869165	0.856856	0.338692	0.125127
0.66055	0.869083	0.856778	0.338574	0.125115
0.66055	0.869001	0.856701	0.338456	0.125086
0.66055	0.868918	0.856624	0.338339	0.124835
0.66055	0.868836	0.856546	0.338221	0.124777
0.661861	0.868836	0.856624	0.338994	0.124752
0.661861	0.868754	0.856546	0.338876	0.124691
0.661861	0.868672	0.856469	0.338759	0.124609
0.661861	0.86859	0.856392	0.338641	0.124554
0.661861	0.868508	0.856314	0.338524	0.124467
0.661861	0.868425	0.856237	0.338407	0.124424
0.661861	0.868343	0.85616	0.33829	0.124399
0.661861	0.868261	0.856082	0.338173	0.124379
0.661861	0.868179	0.856005	0.338056	0.124289
0.661861	0.868097	0.855928	0.337939	0.124065
0.661861	0.868014	0.85585	0.337822	0.124037
0.661861	0.867932	0.855773	0.337705	0.123983
0.661861	0.86785	0.855696	0.337589	0.123919
0.661861	0.867768	0.855618	0.337472	0.123915
0.661861	0.867686	0.855541	0.337355	0.123839
0.661861	0.867604	0.855464	0.337239	0.123829
0.661861	0.867521	0.855386	0.337123	0.123811
0.661861	0.867439	0.855309	0.337006	0.123808
0.661861	0.867357	0.855232	0.33689	0.123744
0.661861	0.867275	0.855154	0.336774	0.123693
0.661861	0.867193	0.855077	0.336658	0.123689
0.661861	0.86711	0.855	0.336542	0.123643
0.661861	0.867028	0.854922	0.336426	0.123621
0.661861	0.866946	0.854845	0.33631	0.123554
0.661861	0.866864	0.854768	0.336194	0.123496
0.661861	0.866782	0.85469	0.336078	0.123401
0.661861	0.8667	0.854613	0.335962	0.123319
0.661861	0.866617	0.854536	0.335847	0.123175
0.661861	0.866535	0.854458	0.335731	0.123173
0.661861	0.866453	0.854381	0.335616	0.12314
0.661861	0.866371	0.854304	0.3355	0.123122
0.661861	0.866289	0.854226	0.335385	0.123111
0.661861	0.866206	0.854149	0.33527	0.123051
0.661861	0.866124	0.854072	0.335154	0.12303
0.661861	0.866042	0.853994	0.335039	0.122915
0.661861	0.86596	0.853917	0.334924	0.122864
0.663172	0.86596	0.853994	0.335693	0.122816
0.663172	0.865878	0.853917	0.335578	0.122703
0.663172	0.865796	0.85384	0.335463	0.12267
0.663172	0.865713	0.853762	0.335348	0.122592
0.663172	0.865631	0.853685	0.335233	0.122543
0.663172	0.865549	0.853608	0.335118	0.122481
0.663172	0.865467	0.85353	0.335003	0.122456
0.663172	0.865385	0.853453	0.334889	0.122421
0.663172	0.865302	0.853376	0.334774	0.122406
0.663172	0.86522	0.853298	0.334659	0.122349
0.663172	0.865138	0.853221	0.334545	0.122347
0.663172	0.865056	0.853144	0.334431	0.122204
0.663172	0.864974	0.853066	0.334316	0.122199
0.663172	0.864892	0.852989	0.334202	0.122169
0.663172	0.864809	0.852912	0.334088	0.121947
0.663172	0.864727	0.852834	0.333974	0.121939
0.663172	0.864645	0.852757	0.33386	0.121879
0.664482	0.864645	0.852834	0.334626	0.12187
0.664482	0.864563	0.852757	0.334512	0.121653
0.664482	0.864481	0.85268	0.334398	0.121553
0.664482	0.864398	0.852602	0.334284	0.121508
0.665793	0.864398	0.85268	0.335051	0.121309
0.665793	0.864316	0.852602	0.334937	0.121267
0.665793	0.864234	0.852525	0.334823	0.121175
0.665793	0.864152	0.852448	0.334709	0.121167
0.665793	0.86407	0.85237	0.334595	0.121159
0.665793	0.863988	0.852293	0.334481	0.121142
0.665793	0.863905	0.852216	0.334368	0.121019
0.665793	0.863823	0.852138	0.334254	0.121012
0.665793	0.863741	0.852061	0.334141	0.120969
0.665793	0.863659	0.851984	0.334027	0.120911
0.665793	0.863577	0.851906	0.333914	0.120903
0.665793	0.863494	0.851829	0.333801	0.120894
0.665793	0.863412	0.851752	0.333687	0.12089
0.665793	0.86333	0.851674	0.333574	0.120858
0.665793	0.863248	0.851597	0.333461	0.120845
0.665793	0.863166	0.85152	0.333348	0.12077
0.665793	0.863083	0.851442	0.333235	0.120656
0.665793	0.863001	0.851365	0.333122	0.120616
0.665793	0.862919	0.851288	0.333009	0.120365
0.665793	0.862837	0.85121	0.332897	0.120337
0.665793	0.862755	0.851133	0.332784	0.120335
0.665793	0.862673	0.851056	0.332671	0.120183
0.665793	0.86259	0.850978	0.332559	0.120123
0.665793	0.862508	0.850901	0.332446	0.12011
0.665793	0.862426	0.850824	0.332334	0.120109
0.665793	0.862344	0.850746	0.332221	0.120095
0.665793	0.862262	0.850669	0.332109	0.120075
0.665793	0.862179	0.850592	0.331997	0.120006
0.665793	0.862097	0.850514	0.331885	0.119996
0.665793	0.862015	0.850437	0.331773	0.119879
0.665793	0.861933	0.85036	0.331661	0.119866
0.665793	0.861851	0.850282	0.331549	0.119736
0.665793	0.861769	0.850205	0.331437	0.119622
0.665793	0.861686	0.850128	0.331325	0.119614
0.665793	0.861604	0.85005	0.331213	0.119607
0.665793	0.861522	0.849973	0.331101	0.119602
0.665793	0.86144	0.849896	0.33099	0.119473
0.665793	0.861358	0.849818	0.330878	0.119461
0.665793	0.861275	0.849741	0.330767	0.119456
0.665793	0.861193	0.849664	0.330655	0.119429
0.665793	0.861111	0.849586	0.330544	0.119378
0.665793	0.861029	0.849509	0.330432	0.119306
0.665793	0.860947	0.849432	0.330321	0.119298
0.665793	0.860865	0.849354	0.33021	0.119229
0.665793	0.860782	0.849277	0.330099	0.119104
0.665793	0.8607	0.8492	0.329988	0.119085
0.665793	0.860618	0.849122	0.329877	0.119055
0.665793	0.860536	0.849045	0.329766	0.119011
0.665793	0.860454	0.848968	0.329655	0.11899
0.665793	0.860371	0.84889	0.329544	0.118985
0.665793	0.860289	0.848813	0.329434	0.118971
0.665793	0.860207	0.848736	0.329323	0.118971
0.665793	0.860125	0.848658	0.329212	0.11885
0.665793	0.860043	0.848581	0.329102	0.118843
0.665793	0.859961	0.848504	0.328991	0.118778
0.665793	0.859878	0.848426	0.328881	0.11876
0.665793	0.859796	0.848349	0.32877	0.118728
0.667104	0.859796	0.848426	0.329531	0.118674
0.667104	0.859714	0.848349	0.329421	0.118594
0.668414	0.859714	0.848426	0.330181	0.118519
0.668414	0.859632	0.848349	0.330071	0.118488
0.668414	0.85955	0.848272	0.329961	0.118477
0.668414	0.859467	0.848194	0.32985	0.118442
0.668414	0.859385	0.848117	0.32974	0.118406
0.668414	0.859303	0.84804	0.32963	0.118333
0.668414	0.859221	0.847962	0.32952	0.118309
0.668414	0.859139	0.847885	0.32941	0.118286
0.668414	0.859057	0.847808	0.3293	0.118194
0.668414	0.858974	0.84773	0.32919	0.118151
0.668414	0.858892	0.847653	0.32908	0.118145
0.668414	0.85881	0.847576	0.32897	0.11813
0.668414	0.858728	0.847498	0.328861	0.118065
0.668414	0.858646	0.847421	0.328751	0.118015
0.668414	0.858563	0.847344	0.328641	0.118
0.668414	0.858481	0.847266	0.328532	0.117998
0.668414	0.858399	0.847189	0.328422	0.117985
0.668414	0.858317	0.847112	0.328313	0.117979
0.668414	0.858235	0.847034	0.328204	0.117972
0.669725	0.858235	0.847112	0.328962	0.117948
0.669725	0.858153	0.847034	0.328853	0.117878
0.669725	0.85807	0.846957	0.328744	0.117851
0.669725	0.857988	0.84688	0.328634	0.117755
0.671035	0.857988	0.846957	0.329392	0.117667
0.671035	0.857906	0.84688	0.329283	0.117562
0.671035	0.857824	0.846802	0.329174	0.11755
0.671035	0.857742	0.846725	0.329065	0.117547
0.671035	0.857659	0.846648	0.328956	0.117528
0.671035	0.857577	0.84657	0.328847	0.117519
0.671035	0.857495	0.846493	0.328738	0.117512
0.671035	0.857413	0.846416	0.328629	0.117498
0.671035	0.857331	0.846338	0.32852	0.117455
0.671035	0.857249	0.846261	0.328411	0.117449
0.671035	0.857166	0.846184	0.328303	0.117407
0.671035	0.857084	0.846106	0.328194	0.117355
0.671035	0.857002	0.846029	0.328085	0.117335
0.671035	0.85692	0.845952	0.327977	0.117216
0.671035	0.856838	0.845874	0.327869	0.117193
0.671035	0.856755	0.845797	0.32776	0.117107
0.671035	0.856673	0.84572	0.327652	0.116948
0.671035	0.856591	0.845642	0.327544	0.116891
0.671035	0.856509	0.845565	0.327435	0.116888
0.671035	0.856427	0.845488	0.327327	0.116869
0.671035	0.856345	0.84541	0.327219	0.116864
0.671035	0.856262	0.845333	0.327111	0.116837
0.671035	0.85618	0.845256	0.327003	0.116712
0.671035	0.856098	0.845178	0.326895	0.116673
0.671035	0.856016	0.845101	0.326787	0.116656
0.672346	0.856016	0.845178	0.327543	0.116615
0.672346	0.855934	0.845101	0.327435	0.11659
0.672346	0.855851	0.845024	0.327327	0.116514
0.672346	0.855769	0.844946	0.32722	0.116511
0.672346	0.855687	0.844869	0.327112	0.116485
0.672346	0.855605	0.844792	0.327004	0.116476
0.672346	0.855523	0.844714	0.326897	0.116441
0.672346	0.85544	0.844637	0.326789	0.116393
0.672346	0.855358	0.84456	0.326682	0.116275
0.672346	0.855276	0.844482	0.326574	0.116267
0.672346	0.855194	0.844405	0.326467	0.11625
0.672346	0.855112	0.844328	0.32636	0.11615
0.672346	0.85503	0.84425	0.326253	0.115986
0.672346	0.854947	0.844173	0.326145	0.115871
0.672346	0.854865	0.844096	0.326038	0.115869
0.672346	0.854783	0.844018	0.325931	0.115842
0.672346	0.854701	0.843941	0.325824	0.115818
0.672346	0.854619	0.843864	0.325718	0.115752
0.672346	0.854536	0.843786	0.325611	0.115733
0.672346	0.854454	0.843709	0.325504	0.115651
0.672346	0.854372	0.843632	0.325397	0.115648
0.672346	0.85429	0.843554	0.325291	0.115635
0.673657	0.85429	0.843632	0.326044	0.115625
0.673657	0.854208	0.843554	0.325937	0.115568
0.673657	0.854126	0.843477	0.325831	0.115517
0.673657	0.854043	0.8434	0.325724	0.115496
0.673657	0.853961	0.843322	0.325618	0.115416
0.673657	0.853879	0.843245	0.325511	0.115379
0.673657	0.853797	0.843168	0.325405	0.115359
0.674967	0.853797	0.843245	0.326158	0.115329
0.674967	0.853715	0.843168	0.326051	0.115238
0.674967	0.853632	0.84309	0.325945	0.115233
0.674967	0.85355	0.843013	0.325839	0.115165
0.676278	0.85355	0.84309	0.326591	0.115135
0.676278	0.853468	0.843013	0.326484	0.115118
0.676278	0.853386	0.842936	0.326378	0.115109
0.676278	0.853304	0.842858	0.326272	0.115052
0.676278	0.853222	0.842781	0.326166	0.114962
0.676278	0.853139	0.842704	0.32606	0.114805
0.676278	0.853057	0.842626	0.325954	0.114768
0.676278	0.852975	0.842549	0.325848	0.11474
0.676278	0.852893	0.842472	0.325742	0.114655
0.676278	0.852811	0.842394	0.325636	0.114638
0.676278	0.852728	0.842317	0.32553	0.114606
0.676278	0.852646	0.84224	0.325424	0.114579
0.676278	0.852564	0.842162	0.325319	0.114547
0.676278	0.852482	0.842085	0.325213	0.114531
0.676278	0.8524	0.842008	0.325108	0.114493
0.676278	0.852318	0.84193	0.325002	0.114453
0.676278	0.852235	0.841853	0.324897	0.114451
0.676278	0.852153	0.841776	0.324791	0.114386
0.676278	0.852071	0.841698	0.324686	0.114337
0.676278	0.851989	0.841621	0.324581	0.114227
0.676278	0.851907	0.841544	0.324475	0.114209
0.676278	0.851824	0.841466	0.32437	0.114166
0.676278	0.851742	0.841389	0.324265	0.114162
0.676278	0.85166	0.841312	0.32416	0.114059
0.676278	0.851578	0.841234	0.324055	0.113993
0.676278	0.851496	0.841157	0.32395	0.11398
0.676278	0.851414	0.84108	0.323845	0.113947
0.676278	0.851331	0.841002	0.32374	0.113922
0.676278	0.851249	0.840925	0.323636	0.113879
0.676278	0.851167	0.840848	0.323531	0.113836
0.676278	0.851085	0.84077	0.323426	0.113758
0.676278	0.851003	0.840693	0.323322	0.113743
0.676278	0.85092	0.840616	0.323217	0.113742
0.676278	0.850838	0.840538	0.323113	0.113557
0.676278	0.850756	0.840461	0.323008	0.113449
0.676278	0.850674	0.840384	0.322904	0.113428
0.676278	0.850592	0.840306	0.3228	0.113403
0.677588	0.850592	0.840384	0.323549	0.113335
0.677588	0.85051	0.840306	0.323444	0.113306
0.678899	0.85051	0.840384	0.324193	0.113281
0.68021	0.85051	0.840461	0.324941	0.113176
0.68021	0.850427	0.840384	0.324837	0.113103
0.68021	0.850345	0.840306	0.324733	0.113075
0.68021	0.850263	0.840229	0.324628	0.113068
0.68021	0.850181	0.840152	0.324524	0.113052
0.68021	0.850099	0.840074	0.32442	0.113032
0.68021	0.850016	0.839997	0.324316	0.113017
0.68021	0.849934	0.83992	0.324211	0.112978
0.68021	0.849852	0.839842	0.324107	0.112945
0.68021	0.84977	0.839765	0.324003	0.112929
0.68021	0.849688	0.839688	0.323899	0.112889
0.68021	0.849606	0.83961	0.323796	0.112789
0.68021	0.849523	0.839533	0.323692	0.112717
0.68021	0.849441	0.839456	0.323588	0.112665
0.68021	0.849359	0.839378	0.323484	0.112636
0.68021	0.849277	0.839301	0.323381	0.112607
0.68021	0.849195	0.839224	0.323277	0.112588
0.68152	0.849195	0.839301	0.324024	0.112563
0.68152	0.849112	0.839224	0.32392	0.112545
0.68152	0.84903	0.839146	0.323817	0.112499
0.68152	0.848948	0.839069	0.323713	0.112482
0.68152	0.848866	0.838992	0.32361	0.112354
0.68152	0.848784	0.838914	0.323506	0.112269
0.68152	0.848702	0.838837	0.323403	0.112235
0.68152	0.848619	0.83876	0.3233	0.112115
0.68152	0.848537	0.838682	0.323196	0.111948
0.68152	0.848455	0.838605	0.323093	0.111936
0.68152	0.848373	0.838528	0.32299	0.111833
0.68152	0.848291	0.83845	0.322887	0.11182
0.68152	0.848208	0.838373	0.322784	0.111708
0.682831	0.848208	0.83845	0.32353	0.111686
0.682831	0.848126	0.838373	0.323427	0.111676
0.684142	0.848126	0.83845	0.324172	0.111652
0.684142	0.848044	0.838373	0.324069	0.11157
0.684142	0.847962	0.838296	0.323966	0.111548
0.684142	0.84788	0.838218	0.323863	0.111512
0.684142	0.847798	0.838141	0.32376	0.111404
0.684142	0.847715	0.838064	0.323657	0.111383
0.684142	0.847633	0.837986	0.323554	0.111378
0.684142	0.847551	0.837909	0.323452	0.111357
0.684142	0.847469	0.837832	0.323349	0.111329
0.684142	0.847387	0.837754	0.323246	0.111195
0.684142	0.847304	0.837677	0.323144	0.111083
0.685452	0.847304	0.837754	0.323888	0.111081
0.685452	0.847222	0.837677	0.323785	0.111057
0.685452	0.84714	0.8376	0.323683	0.111026
0.685452	0.847058	0.837522	0.32358	0.111018
0.685452	0.846976	0.837445	0.323478	0.111005
0.685452	0.846893	0.837368	0.323375	0.110999
0.685452	0.846811	0.83729	0.323273	0.110905
0.685452	0.846729	0.837213	0.323171	0.110901
0.685452	0.846647	0.837136	0.323069	0.1109
0.685452	0.846565	0.837058	0.322966	0.110886
0.685452	0.846483	0.836981	0.322864	0.110859
0.685452	0.8464	0.836904	0.322762	0.110843
0.685452	0.846318	0.836826	0.32266	0.110814
0.685452	0.846236	0.836749	0.322558	0.110765
0.685452	0.846154	0.836672	0.322456	0.110759
0.685452	0.846072	0.836594	0.322355	0.110749
0.685452	0.845989	0.836517	0.322253	0.110718
0.685452	0.845907	0.83644	0.322151	0.11071
0.685452	0.845825	0.836362	0.322049	0.11069
0.686763	0.845825	0.83644	0.322792	0.110633
0.686763	0.845743	0.836362	0.32269	0.110612
0.686763	0.845661	0.836285	0.322589	0.11058
0.686763	0.845579	0.836208	0.322487	0.110567
0.686763	0.845496	0.83613	0.322385	0.110541
0.686763	0.845414	0.836053	0.322284	0.110523
0.686763	0.845332	0.835976	0.322183	0.110498
0.686763	0.84525	0.835898	0.322081	0.110467
0.686763	0.845168	0.835821	0.32198	0.110413
0.686763	0.845085	0.835744	0.321879	0.110411
0.686763	0.845003	0.835666	0.321777	0.110385
0.686763	0.844921	0.835589	0.321676	0.110216
0.686763	0.844839	0.835512	0.321575	0.110214
0.686763	0.844757	0.835434	0.321474	0.110174
0.686763	0.844675	0.835357	0.321373	0.110157
0.686763	0.844592	0.83528	0.321272	0.110153
0.688073	0.844592	0.835357	0.322013	0.109988
0.688073	0.84451	0.83528	0.321912	0.10994
0.689384	0.84451	0.835357	0.322653	0.109939
0.689384	0.844428	0.83528	0.322552	0.109906
0.690695	0.844428	0.835357	0.323292	0.109597
0.690695	0.844346	0.83528	0.323191	0.109574
0.690695	0.844264	0.835202	0.32309	0.109552
0.690695	0.844181	0.835125	0.322989	0.109514
0.690695	0.844099	0.835048	0.322889	0.109508
0.690695	0.844017	0.83497	0.322788	0.109494
0.690695	0.843935	0.834893	0.322687	0.109476
0.690695	0.843853	0.834816	0.322586	0.109422
0.690695	0.843771	0.834738	0.322486	0.109385
0.690695	0.843688	0.834661	0.322385	0.109349
0.690695	0.843606	0.834584	0.322284	0.109315
0.692005	0.843606	0.834661	0.323024	0.10926
0.692005	0.843524	0.834584	0.322923	0.109231
0.692005	0.843442	0.834506	0.322823	0.10914
0.692005	0.84336	0.834429	0.322722	0.109064
0.692005	0.843277	0.834352	0.322622	0.109009
0.692005	0.843195	0.834274	0.322521	0.108984
0.692005	0.843113	0.834197	0.322421	0.108966
0.692005	0.843031	0.83412	0.322321	0.108946
0.692005	0.842949	0.834042	0.322221	0.108755
0.692005	0.842867	0.833965	0.32212	0.108593
0.692005	0.842784	0.833888	0.32202	0.108498
0.692005	0.842702	0.83381	0.32192	0.10841
0.692005	0.84262	0.833733	0.32182	0.108398
0.692005	0.842538	0.833656	0.32172	0.108386
0.692005	0.842456	0.833578	0.32162	0.108369
0.692005	0.842373	0.833501	0.32152	0.108355
0.693316	0.842373	0.833578	0.322258	0.108349
0.694626	0.842373	0.833656	0.322996	0.108341
0.694626	0.842291	0.833578	0.322896	0.108334
0.694626	0.842209	0.833501	0.322796	0.108289
0.694626	0.842127	0.833424	0.322697	0.108259
0.694626	0.842045	0.833346	0.322597	0.108242
0.694626	0.841963	0.833269	0.322497	0.108237
0.695937	0.841963	0.833346	0.323234	0.108221
0.695937	0.84188	0.833269	0.323134	0.108211
0.695937	0.841798	0.833192	0.323035	0.108194
0.695937	0.841716	0.833114	0.322935	0.108185
0.695937	0.841634	0.833037	0.322835	0.108133
0.695937	0.841552	0.83296	0.322736	0.10813
0.695937	0.841469	0.832882	0.322636	0.108126
0.697248	0.841469	0.83296	0.323373	0.108125
0.697248	0.841387	0.832882	0.323273	0.108094
0.697248	0.841305	0.832805	0.323174	0.108082
0.697248	0.841223	0.832728	0.323074	0.108001
0.697248	0.841141	0.83265	0.322975	0.107968
0.697248	0.841059	0.832573	0.322876	0.107916
0.697248	0.840976	0.832496	0.322776	0.1078
0.697248	0.840894	0.832418	0.322677	0.107763
0.697248	0.840812	0.832341	0.322578	0.107744
0.697248	0.84073	0.832264	0.322479	0.107727
0.697248	0.840648	0.832186	0.322379	0.107707
0.697248	0.840565	0.832109	0.32228	0.107675
0.697248	0.840483	0.832032	0.322181	0.107565
0.698558	0.840483	0.832109	0.322917	0.107563
0.698558	0.840401	0.832032	0.322818	0.107514
0.698558	0.840319	0.831954	0.322719	0.107496
0.698558	0.840237	0.831877	0.32262	0.107438
0.698558	0.840155	0.8318	0.322521	0.107429
0.698558	0.840072	0.831722	0.322422	0.107352
0.698558	0.83999	0.831645	0.322323	0.107311
0.698558	0.839908	0.831568	0.322225	0.107299
0.698558	0.839826	0.83149	0.322126	0.107294
0.698558	0.839744	0.831413	0.322027	0.10728
0.698558	0.839661	0.831336	0.321929	0.10727
0.699869	0.839661	0.831413	0.322663	0.107258
0.699869	0.839579	0.831336	0.322565	0.107158
0.699869	0.839497	0.831258	0.322466	0.10714
0.699869	0.839415	0.831181	0.322368	0.107137
0.699869	0.839333	0.831104	0.322269	0.107126
0.699869	0.83925	0.831026	0.322171	0.107098
0.699869	0.839168	0.830949	0.322072	0.107075
0.699869	0.839086	0.830872	0.321974	0.106982
0.699869	0.839004	0.830794	0.321876	0.10691
0.699869	0.838922	0.830717	0.321778	0.106886
0.699869	0.83884	0.83064	0.32168	0.106855
0.699869	0.838757	0.830562	0.321581	0.106836
0.699869	0.838675	0.830485	0.321483	0.106791
0.699869	0.838593	0.830408	0.321385	0.106656
0.699869	0.838511	0.83033	0.321287	0.10655
0.699869	0.838429	0.830253	0.321189	0.106506
0.699869	0.838346	0.830176	0.321092	0.106445
0.699869	0.838264	0.830098	0.320994	0.106344
0.699869	0.838182	0.830021	0.320896	0.10634
0.699869	0.8381	0.829944	0.320798	0.106287
0.699869	0.838018	0.829866	0.320701	0.10617
0.699869	0.837936	0.829789	0.320603	0.106093
0.699869	0.837853	0.829712	0.320506	0.10605
0.699869	0.837771	0.829634	0.320408	0.106013
0.699869	0.837689	0.829557	0.320311	0.105991
0.699869	0.837607	0.82948	0.320213	0.105929
0.699869	0.837525	0.829402	0.320116	0.105916
0.699869	0.837442	0.829325	0.320019	0.105728
0.699869	0.83736	0.829248	0.319921	0.105724
0.699869	0.837278	0.82917	0.319824	0.105692
0.699869	0.837196	0.829093	0.319727	0.105617
0.699869	0.837114	0.829016	0.31963	0.105577
0.699869	0.837032	0.828938	0.319533	0.105531
0.699869	0.836949	0.828861	0.319436	0.105407
0.699869	0.836867	0.828784	0.319339	0.105337
0.699869	0.836785	0.828706	0.319242	0.105304
0.699869	0.836703	0.828629	0.319145	0.105297
0.699869	0.836621	0.828552	0.319048	0.105261
0.699869	0.836538	0.828474	0.318951	0.105207
0.699869	0.836456	0.828397	0.318855	0.105134
0.699869	0.836374	0.82832	0.318758	0.105121
0.699869	0.836292	0.828242	0.318661	0.105108
0.699869	0.83621	0.828165	0.318565	0.105062
0.699869	0.836128	0.828088	0.318468	0.105023
0.699869	0.836045	0.82801	0.318372	0.104979
0.699869	0.835963	0.827933	0.318275	0.104942
0.70118	0.835963	0.82801	0.319006	0.104935
0.70118	0.835881	0.827933	0.31891	0.104905
0.70118	0.835799	0.827856	0.318813	0.104895
0.70118	0.835717	0.827778	0.318717	0.104858
0.70118	0.835634	0.827701	0.31862	0.104857
0.70118	0.835552	0.827624	0.318524	0.104824
0.70118	0.83547	0.827546	0.318428	0.104822
0.70118	0.835388	0.827469	0.318332	0.104756
0.70118	0.835306	0.827392	0.318236	0.104741
0.70118	0.835224	0.827314	0.31814	0.104734
0.70118	0.835141	0.827237	0.318043	0.104716
0.70118	0.835059	0.82716	0.317947	0.104656
0.70118	0.834977	0.827082	0.317852	0.104598
0.70118	0.834895	0.827005	0.317756	0.104562
0.70118	0.834813	0.826928	0.31766	0.104555
0.70118	0.83473	0.82685	0.317564	0.104521
0.70249	0.83473	0.826928	0.318293	0.104392
0.70249	0.834648	0.82685	0.318198	0.104391
0.70249	0.834566	0.826773	0.318102	0.104363
0.70249	0.834484	0.826696	0.318006	0.10429
0.703801	0.834484	0.826773	0.318735	0.104264
0.703801	0.834402	0.826696	0.318639	0.104242
0.703801	0.83432	0.826618	0.318544	0.104176
0.703801	0.834237	0.826541	0.318448	0.104162
0.703801	0.834155	0.826464	0.318352	0.104127
0.703801	0.834073	0.826386	0.318257	0.104095
0.703801	0.833991	0.826309	0.318161	0.104002
0.703801	0.833909	0.826232	0.318066	0.103966
0.703801	0.833826	0.826154	0.31797	0.103959
0.703801	0.833744	0.826077	0.317875	0.103959
0.703801	0.833662	0.826	0.31778	0.103952
0.703801	0.83358	0.825922	0.317684	0.103884
0.705111	0.83358	0.826	0.318412	0.103879
0.705111	0.833498	0.825922	0.318317	0.103865
0.705111	0.833416	0.825845	0.318222	0.103848
0.705111	0.833333	0.825768	0.318127	0.103783
0.706422	0.833333	0.825845	0.318854	0.103746
0.707733	0.833333	0.825922	0.319582	0.103662
0.707733	0.833251	0.825845	0.319486	0.103654
0.707733	0.833169	0.825768	0.319391	0.103616
0.707733	0.833087	0.82569	0.319296	0.103503
0.707733	0.833005	0.825613	0.319201	0.10346
0.707733	0.832922	0.825536	0.319106	0.103448
0.707733	0.83284	0.825458	0.31901	0.10343
0.707733	0.832758	0.825381	0.318915	0.103429
0.707733	0.832676	0.825304	0.31882	0.103413
0.707733	0.832594	0.825226	0.318725	0.103392
0.707733	0.832512	0.825149	0.318631	0.103362
0.707733	0.832429	0.825072	0.318536	0.103349
0.707733	0.832347	0.824994	0.318441	0.103347
0.707733	0.832265	0.824917	0.318346	0.103283
0.707733	0.832183	0.82484	0.318251	0.103203
0.707733	0.832101	0.824762	0.318157	0.103179
0.707733	0.832018	0.824685	0.318062	0.103145
0.707733	0.831936	0.824608	0.317967	0.10307
0.707733	0.831854	0.82453	0.317873	0.103053
0.707733	0.831772	0.824453	0.317778	0.102964
0.707733	0.83169	0.824376	0.317684	0.102945
0.707733	0.831607	0.824298	0.31759	0.102934
0.707733	0.831525	0.824221	0.317495	0.102926
0.707733	0.831443	0.824144	0.317401	0.102885
0.707733	0.831361	0.824066	0.317307	0.102725
0.707733	0.831279	0.823989	0.317213	0.102697
0.707733	0.831197	0.823912	0.317118	0.102609
0.707733	0.831114	0.823834	0.317024	0.102498
0.707733	0.831032	0.823757	0.31693	0.102476
0.707733	0.83095	0.82368	0.316836	0.102271
0.707733	0.830868	0.823602	0.316742	0.102265
0.707733	0.830786	0.823525	0.316648	0.102148
0.707733	0.830703	0.823448	0.316554	0.102063
0.707733	0.830621	0.82337	0.31646	0.101939
0.707733	0.830539	0.823293	0.316367	0.101906
0.707733	0.830457	0.823216	0.316273	0.101902
0.707733	0.830375	0.823138	0.316179	0.101897
0.709043	0.830375	0.823216	0.316904	0.10187
0.709043	0.830293	0.823138	0.31681	0.101853
0.709043	0.83021	0.823061	0.316716	0.101801
0.709043	0.830128	0.822984	0.316623	0.101762
0.709043	0.830046	0.822906	0.316529	0.101747
0.709043	0.829964	0.822829	0.316436	0.101682
0.710354	0.829964	0.822906	0.31716	0.101668
0.710354	0.829882	0.822829	0.317066	0.101648
0.710354	0.829799	0.822752	0.316972	0.1015
0.710354	0.829717	0.822674	0.316879	0.101461
0.710354	0.829635	0.822597	0.316785	0.101395
0.710354	0.829553	0.82252	0.316692	0.101386
0.710354	0.829471	0.822442	0.316599	0.101339
0.710354	0.829389	0.822365	0.316505	0.101337
0.710354	0.829306	0.822288	0.316412	0.101306
0.711664	0.829306	0.822365	0.317135	0.101293
0.712975	0.829306	0.822442	0.317858	0.101274
0.714286	0.829306	0.82252	0.318581	0.101198
0.714286	0.829224	0.822442	0.318488	0.10108
0.715596	0.829224	0.82252	0.319211	0.101056
0.715596	0.829142	0.822442	0.319117	0.101007
0.715596	0.82906	0.822365	0.319024	0.100923
0.715596	0.828978	0.822288	0.31893	0.100894
0.715596	0.828895	0.82221	0.318837	0.100885
0.715596	0.828813	0.822133	0.318744	0.100861
0.715596	0.828731	0.822056	0.31865	0.100858
0.715596	0.828649	0.821978	0.318557	0.100806
0.715596	0.828567	0.821901	0.318464	0.100796
0.715596	0.828485	0.821824	0.318371	0.100747
0.716907	0.828485	0.821901	0.319093	0.100746
0.716907	0.828402	0.821824	0.319	0.100733
0.716907	0.82832	0.821746	0.318907	0.100691
0.716907	0.828238	0.821669	0.318814	0.100635
0.716907	0.828156	0.821592	0.318721	0.100591
0.716907	0.828074	0.821514	0.318628	0.100474
0.716907	0.827991	0.821437	0.318535	0.100395
0.716907	0.827909	0.82136	0.318442	0.100336
0.716907	0.827827	0.821282	0.318349	0.100245
0.716907	0.827745	0.821205	0.318256	0.100237
0.718218	0.827745	0.821282	0.318977	0.100202
0.718218	0.827663	0.821205	0.318884	0.100169
0.718218	0.827581	0.821128	0.318792	0.100126
0.718218	0.827498	0.82105	0.318699	0.100077
0.718218	0.827416	0.820973	0.318606	0.100024
0.718218	0.827334	0.820896	0.318514	0.100008
0.718218	0.827252	0.820818	0.318421	0.0999794
0.718218	0.82717	0.820741	0.318328	0.0999766
0.718218	0.827087	0.820664	0.318236	0.0999549
0.718218	0.827005	0.820586	0.318143	0.0999535
0.718218	0.826923	0.820509	0.318051	0.0999274
0.718218	0.826841	0.820432	0.317959	0.0998996
0.718218	0.826759	0.820354	0.317866	0.0998617
0.719528	0.826759	0.820432	0.318586	0.099837
0.719528	0.826677	0.820354	0.318494	0.0998368
0.719528	0.826594	0.820277	0.318402	0.0998174
0.719528	0.826512	0.8202	0.318309	0.0997608
0.719528	0.82643	0.820122	0.318217	0.0997467
0.719528	0.826348	0.820045	0.318125	0.0996802
0.719528	0.826266	0.819968	0.318033	0.099651
0.719528	0.826183	0.81989	0.317941	0.0996445
0.719528	0.826101	0.819813	0.317849	0.0995844
0.719528	0.826019	0.819736	0.317757	0.0995767
0.720839	0.826019	0.819813	0.318476	0.0995755
0.720839	0.825937	0.819736	0.318384	0.0995716
0.720839	0.825855	0.819658	0.318292	0.0995446
0.720839	0.825773	0.819581	0.3182	0.0995375
0.720839	0.82569	0.819504	0.318108	0.0995091
0.720839	0.825608	0.819426	0.318016	0.0995043
0.720839	0.825526	0.819349	0.317924	0.0994985
0.720839	0.825444	0.819272	0.317833	0.0994378
0.722149	0.825444	0.819349	0.318551	0.099434
0.722149	0.825362	0.819272	0.318459	0.099416
0.722149	0.825279	0.819194	0.318367	0.0994151
0.722149	0.825197	0.819117	0.318276	0.0993895
0.722149	0.825115	0.81904	0.318184	0.0993814
0.722149	0.825033	0.818962	0.318092	0.0993355
0.722149	0.824951	0.818885	0.318001	0.0993203
0.722149	0.824869	0.818808	0.317909	0.0992759
0.722149	0.824786	0.81873	0.317818	0.0992607
0.722149	0.824704	0.818653	0.317726	0.099177
0.722149	0.824622	0.818576	0.317635	0.0991639
0.722149	0.82454	0.818498	0.317544	0.0991255
0.722149	0.824458	0.818421	0.317452	0.0991108
0.722149	0.824375	0.818344	0.317361	0.0990745
0.722149	0.824293	0.818266	0.31727	0.09906
0.72346	0.824293	0.818344	0.317987	0.0990597
0.72346	0.824211	0.818266	0.317896	0.0990326
0.72346	0.824129	0.818189	0.317805	0.0989722
0.724771	0.824129	0.818266	0.318522	0.0989435
0.724771	0.824047	0.818189	0.31843	0.0988408
0.726081	0.824047	0.818266	0.319147	0.0988304
0.726081	0.823964	0.818189	0.319056	0.0988191
0.726081	0.823882	0.818112	0.318965	0.098814
0.726081	0.8238	0.818034	0.318874	0.098793
0.726081	0.823718	0.817957	0.318782	0.0987609
0.726081	0.823636	0.81788	0.318691	0.0987343
0.726081	0.823554	0.817802	0.3186	0.0987239
0.726081	0.823471	0.817725	0.318509	0.0987085
0.726081	0.823389	0.817648	0.318418	0.0986769
0.726081	0.823307	0.81757	0.318327	0.0986742
0.726081	0.823225	0.817493	0.318236	0.0986594
0.726081	0.823143	0.817416	0.318145	0.0986454
0.726081	0.82306	0.817338	0.318055	0.0986373
0.726081	0.822978	0.817261	0.317964	0.0985818
0.726081	0.822896	0.817184	0.317873	0.0985805
0.726081	0.822814	0.817106	0.317782	0.0985268
0.726081	0.822732	0.817029	0.317692	0.0985261
0.726081	0.82265	0.816952	0.317601	0.0985137
0.726081	0.822567	0.816874	0.317511	0.0985124
0.726081	0.822485	0.816797	0.31742	0.0984952
0.726081	0.822403	0.81672	0.31733	0.0984908
0.726081	0.822321	0.816642	0.317239	0.0984495
0.726081	0.822239	0.816565	0.317149	0.0983573
0.726081	0.822156	0.816488	0.317059	0.0983551
0.727392	0.822156	0.816565	0.317774	0.0983136
0.727392	0.822074	0.816488	0.317683	0.0983059
0.727392	0.821992	0.81641	0.317593	0.0983054
0.727392	0.82191	0.816333	0.317503	0.098296
0.727392	0.821828	0.816256	0.317412	0.098264
0.727392	0.821746	0.816178	0.317322	0.0982263
0.727392	0.821663	0.816101	0.317232	0.09813
0.727392	0.821581	0.816024	0.317142	0.0981178
0.727392	0.821499	0.815946	0.317052	0.0980731
0.727392	0.821417	0.815869	0.316962	0.0980519
0.727392	0.821335	0.815792	0.316872	0.0979934
0.727392	0.821252	0.815714	0.316782	0.097754
0.727392	0.82117	0.815637	0.316692	0.0976624
0.728702	0.82117	0.815714	0.317406	0.0976302
0.728702	0.821088	0.815637	0.317316	0.0975703
0.728702	0.821006	0.81556	0.317226	0.0975493
0.728702	0.820924	0.815482	0.317136	0.0975286
0.728702	0.820842	0.815405	0.317046	0.0973976
0.728702	0.820759	0.815328	0.316957	0.0973668
0.728702	0.820677	0.81525	0.316867	0.0973574
0.728702	0.820595	0.815173	0.316777	0.0973572
0.728702	0.820513	0.815096	0.316687	0.0972748
0.730013	0.820513	0.815173	0.317401	0.0971781
0.730013	0.820431	0.815096	0.317311	0.0971368
0.730013	0.820348	0.815018	0.317221	0.0971194
0.730013	0.820266	0.814941	0.317132	0.0970932
0.730013	0.820184	0.814864	0.317042	0.0969303
0.731324	0.820184	0.814941	0.317755	0.0969077
0.731324	0.820102	0.814864	0.317666	0.0968682
0.731324	0.82002	0.814786	0.317576	0.0968133
0.731324	0.819938	0.814709	0.317487	0.0968107
0.731324	0.819855	0.814632	0.317397	0.0967954
0.731324	0.819773	0.814554	0.317308	0.0967631
0.731324	0.819691	0.814477	0.317218	0.0967342
0.731324	0.819609	0.8144	0.317129	0.0966959
0.731324	0.819527	0.814322	0.31704	0.0966834
0.731324	0.819444	0.814245	0.31695	0.0965799
0.731324	0.819362	0.814168	0.316861	0.0965532
0.731324	0.81928	0.81409	0.316772	0.0965208
0.731324	0.819198	0.814013	0.316683	0.0963716
0.731324	0.819116	0.813936	0.316594	0.0962594
0.731324	0.819034	0.813858	0.316505	0.09623
0.731324	0.818951	0.813781	0.316416	0.0961941
0.731324	0.818869	0.813704	0.316327	0.0961937
0.731324	0.818787	0.813626	0.316238	0.0961692
0.731324	0.818705	0.813549	0.316149	0.0961687
0.731324	0.818623	0.813472	0.31606	0.096154
0.731324	0.81854	0.813394	0.315971	0.0961356
0.731324	0.818458	0.813317	0.315882	0.096132
0.731324	0.818376	0.81324	0.315794	0.0961187
0.731324	0.818294	0.813162	0.315705	0.096115
0.731324	0.818212	0.813085	0.315616	0.0960207
0.731324	0.81813	0.813008	0.315528	0.0959962
0.731324	0.818047	0.81293	0.315439	0.0959515
0.731324	0.817965	0.812853	0.315351	0.0959512
0.731324	0.817883	0.812776	0.315262	0.0959296
0.731324	0.817801	0.812698	0.315174	0.095907
0.731324	0.817719	0.812621	0.315085	0.0959028
0.732634	0.817719	0.812698	0.315796	0.0958417
0.732634	0.817636	0.812621	0.315708	0.0958253
0.732634	0.817554	0.812544	0.315619	0.0957989
0.732634	0.817472	0.812466	0.315531	0.0957807
0.732634	0.81739	0.812389	0.315442	0.0956056
0.733945	0.81739	0.812466	0.316153	0.0955753
0.735256	0.81739	0.812544	0.316863	0.0955357
0.735256	0.817308	0.812466	0.316775	0.0954813
0.736566	0.817308	0.812544	0.317485	0.095438
0.736566	0.817226	0.812466	0.317396	0.0954275
0.736566	0.817143	0.812389	0.317308	0.0954112
0.736566	0.817061	0.812311	0.317219	0.0953878
0.736566	0.816979	0.812234	0.317131	0.095382
0.736566	0.816897	0.812157	0.317043	0.0953713
0.736566	0.816815	0.812079	0.316955	0.0953647
0.736566	0.816732	0.812002	0.316866	0.0953493
0.736566	0.81665	0.811925	0.316778	0.0952995
0.736566	0.816568	0.811847	0.31669	0.0952944
0.736566	0.816486	0.81177	0.316602	0.095259
0.736566	0.816404	0.811693	0.316514	0.0952252
0.736566	0.816321	0.811615	0.316426	0.0952063
0.736566	0.816239	0.811538	0.316338	0.095185
0.736566	0.816157	0.811461	0.31625	0.0951541
0.736566	0.816075	0.811383	0.316162	0.0951461
0.736566	0.815993	0.811306	0.316074	0.0951378
0.736566	0.815911	0.811229	0.315987	0.0951297
0.736566	0.815828	0.811151	0.315899	0.0951117
0.736566	0.815746	0.811074	0.315811	0.0951095
0.736566	0.815664	0.810997	0.315723	0.0951041
0.736566	0.815582	0.810919	0.315636	0.0950948
0.736566	0.8155	0.810842	0.315548	0.0950943
0.736566	0.815417	0.810765	0.31546	0.095093
0.736566	0.815335	0.810687	0.315373	0.0950386
0.736566	0.815253	0.81061	0.315285	0.0949801
0.736566	0.815171	0.810533	0.315198	0.0949703
0.736566	0.815089	0.810455	0.315111	0.0949119
0.736566	0.815007	0.810378	0.315023	0.0948348
0.736566	0.814924	0.810301	0.314936	0.0947673
0.736566	0.814842	0.810223	0.314849	0.0947667
0.736566	0.81476	0.810146	0.314761	0.094752
0.736566	0.814678	0.810069	0.314674	0.0947473
0.736566	0.814596	0.809991	0.314587	0.0946844
0.736566	0.814513	0.809914	0.3145	0.0946213
0.736566	0.814431	0.809837	0.314413	0.0946115
0.736566	0.814349	0.809759	0.314325	0.0945339
0.736566	0.814267	0.809682	0.314238	0.0945055
0.736566	0.814185	0.809605	0.314151	0.0944804
0.736566	0.814103	0.809527	0.314064	0.0944365
0.736566	0.81402	0.80945	0.313978	0.094308
0.736566	0.813938	0.809373	0.313891	0.0942943
0.736566	0.813856	0.809295	0.313804	0.0942187
0.736566	0.813774	0.809218	0.313717	0.0941696
0.736566	0.813692	0.809141	0.31363	0.0941332
0.736566	0.813609	0.809063	0.313544	0.094124
0.736566	0.813527	0.808986	0.313457	0.0940023
0.736566	0.813445	0.808909	0.31337	0.0939996
0.736566	0.813363	0.808831	0.313284	0.0939872
0.736566	0.813281	0.808754	0.313197	0.0939487
0.736566	0.813199	0.808677	0.31311	0.0939157
0.736566	0.813116	0.808599	0.313024	0.0939087
0.736566	0.813034	0.808522	0.312937	0.093855
0.736566	0.812952	0.808445	0.312851	0.0938396
0.737877	0.812952	0.808522	0.313558	0.0937715
0.737877	0.81287	0.808445	0.313471	0.0937693
0.737877	0.812788	0.808367	0.313385	0.0936617
0.737877	0.812705	0.80829	0.313298	0.0936035
0.737877	0.812623	0.808213	0.313212	0.0935976
0.737877	0.812541	0.808135	0.313126	0.093587
0.737877	0.812459	0.808058	0.313039	0.0935339
0.737877	0.812377	0.807981	0.312953	0.0935037
0.737877	0.812295	0.807903	0.312867	0.0934847
0.737877	0.812212	0.807826	0.312781	0.093465
0.737877	0.81213	0.807749	0.312695	0.0934635
0.737877	0.812048	0.807671	0.312609	0.0933992
0.737877	0.811966	0.807594	0.312523	0.0933225
0.739187	0.811966	0.807671	0.313228	0.0931705
0.739187	0.811884	0.807594	0.313142	0.0931703
0.739187	0.811801	0.807517	0.313056	0.0931686
0.739187	0.811719	0.807439	0.31297	0.09302
0.739187	0.811637	0.807362	0.312884	0.0929533
0.739187	0.811555	0.807285	0.312798	0.092936
0.740498	0.811555	0.807362	0.313503	0.0929074
0.740498	0.811473	0.807285	0.313417	0.0929061
0.740498	0.811391	0.807207	0.313331	0.0928937
0.740498	0.811308	0.80713	0.313246	0.0928294
0.740498	0.811226	0.807053	0.31316	0.0928211
0.740498	0.811144	0.806975	0.313074	0.0927833
0.740498	0.811062	0.806898	0.312988	0.0927752
0.740498	0.81098	0.806821	0.312902	0.0927688
0.740498	0.810897	0.806743	0.312817	0.0927293
0.740498	0.810815	0.806666	0.312731	0.0927207
0.740498	0.810733	0.806589	0.312646	0.0926957
0.740498	0.810651	0.806511	0.31256	0.092667
0.740498	0.810569	0.806434	0.312474	0.0925763
0.740498	0.810487	0.806357	0.312389	0.0925735
0.740498	0.810404	0.806279	0.312304	0.0924956
0.740498	0.810322	0.806202	0.312218	0.0924441
0.740498	0.81024	0.806125	0.312133	0.0924041
0.740498	0.810158	0.806047	0.312047	0.0923783
0.740498	0.810076	0.80597	0.311962	0.0922144
0.740498	0.809993	0.805893	0.311877	0.0921912
0.740498	0.809911	0.805815	0.311792	0.0921467
0.740498	0.809829	0.805738	0.311706	0.0921312
0.740498	0.809747	0.805661	0.311621	0.0921111
0.740498	0.809665	0.805583	0.311536	0.0921017
0.740498	0.809583	0.805506	0.311451	0.0920471
0.740498	0.8095	0.805429	0.311366	0.0920004
0.740498	0.809418	0.805351	0.311281	0.0919761
0.740498	0.809336	0.805274	0.311196	0.0919569
0.740498	0.809254	0.805197	0.311111	0.0919524
0.740498	0.809172	0.805119	0.311026	0.0919521
0.740498	0.809089	0.805042	0.310941	0.091919
0.740498	0.809007	0.804965	0.310856	0.0919142
0.740498	0.808925	0.804887	0.310772	0.0918966
0.740498	0.808843	0.80481	0.310687	0.091891
0.740498	0.808761	0.804733	0.310602	0.0918907
0.740498	0.808679	0.804655	0.310517	0.0918792
0.740498	0.808596	0.804578	0.310433	0.0918497
0.740498	0.808514	0.804501	0.310348	0.0917951
0.740498	0.808432	0.804423	0.310264	0.091775
0.741809	0.808432	0.804501	0.310966	0.0917228
0.741809	0.80835	0.804423	0.310882	0.0917208
0.741809	0.808268	0.804346	0.310797	0.0916861
0.741809	0.808185	0.804269	0.310713	0.0916441
0.741809	0.808103	0.804191	0.310628	0.0916083
0.741809	0.808021	0.804114	0.310544	0.0915905
0.741809	0.807939	0.804037	0.310459	0.0915822
0.741809	0.807857	0.803959	0.310375	0.0915425
0.741809	0.807774	0.803882	0.31029	0.0914788
0.741809	0.807692	0.803805	0.310206	0.0914642
0.741809	0.80761	0.803727	0.310122	0.0914588
0.741809	0.807528	0.80365	0.310038	0.0914517
0.741809	0.807446	0.803573	0.309953	0.0914458
0.743119	0.807446	0.80365	0.310655	0.0914174
0.74443	0.807446	0.803727	0.311357	0.0913432
0.74443	0.807364	0.80365	0.311272	0.0913172
0.74443	0.807281	0.803573	0.311188	0.0913028
0.74443	0.807199	0.803495	0.311104	0.0912916
0.74443	0.807117	0.803418	0.31102	0.0912531
0.74443	0.807035	0.803341	0.310936	0.0912417
0.74443	0.806953	0.803263	0.310851	0.0912051
0.74443	0.80687	0.803186	0.310767	0.0911726
0.74443	0.806788	0.803109	0.310683	0.0910618
0.74443	0.806706	0.803031	0.310599	0.0910485
0.74443	0.806624	0.802954	0.310515	0.0910425
0.74574	0.806624	0.803031	0.311216	0.0909884
0.74574	0.806542	0.802954	0.311132	0.0909839
0.74574	0.80646	0.802877	0.311048	0.0909731
0.74574	0.806377	0.802799	0.310964	0.0909722
0.74574	0.806295	0.802722	0.31088	0.0909196
0.74574	0.806213	0.802645	0.310797	0.0908671
0.74574	0.806131	0.802567	0.310713	0.0908395
0.74574	0.806049	0.80249	0.310629	0.0907864
0.74574	0.805966	0.802413	0.310545	0.0907517
0.74574	0.805884	0.802335	0.310461	0.0906868
0.747051	0.805884	0.802413	0.311162	0.090656
0.747051	0.805802	0.802335	0.311078	0.090653
0.747051	0.80572	0.802258	0.310994	0.090652
0.747051	0.805638	0.802181	0.310911	0.0905857
0.747051	0.805556	0.802103	0.310827	0.0905685
0.747051	0.805473	0.802026	0.310743	0.0905297
0.747051	0.805391	0.801949	0.31066	0.0904541
0.747051	0.805309	0.801871	0.310576	0.0903398
0.747051	0.805227	0.801794	0.310493	0.0903218
0.747051	0.805145	0.801717	0.310409	0.0903215
0.747051	0.805062	0.801639	0.310326	0.0902656
0.747051	0.80498	0.801562	0.310242	0.0902433
0.747051	0.804898	0.801485	0.310159	0.0901981
0.748362	0.804898	0.801562	0.310858	0.0901456
0.748362	0.804816	0.801485	0.310775	0.0901197
0.748362	0.804734	0.801407	0.310692	0.090021
0.748362	0.804652	0.80133	0.310608	0.0900136
0.749672	0.804652	0.801407	0.311307	0.0899354
0.749672	0.804569	0.80133	0.311224	0.0899147
0.749672	0.804487	0.801253	0.311141	0.0898698
0.749672	0.804405	0.801175	0.311057	0.0897865
0.749672	0.804323	0.801098	0.310974	0.0897517
0.749672	0.804241	0.801021	0.310891	0.0897297
0.749672	0.804158	0.800943	0.310808	0.0897084
0.749672	0.804076	0.800866	0.310725	0.0897065
0.749672	0.803994	0.800789	0.310642	0.0897037
0.749672	0.803912	0.800711	0.310559	0.0896952
0.749672	0.80383	0.800634	0.310476	0.0896693
0.749672	0.803748	0.800557	0.310393	0.08966
0.750983	0.803748	0.800634	0.311091	0.0896214
0.750983	0.803665	0.800557	0.311008	0.0896168
0.750983	0.803583	0.800479	0.310925	0.0895251
0.750983	0.803501	0.800402	0.310842	0.0894474
0.752294	0.803501	0.800479	0.31154	0.0894183
0.752294	0.803419	0.800402	0.311457	0.0893708
0.752294	0.803337	0.800325	0.311374	0.089362
0.752294	0.803254	0.800247	0.311291	0.089352
0.752294	0.803172	0.80017	0.311208	0.0892735
0.752294	0.80309	0.800093	0.311125	0.0892715
0.753604	0.80309	0.80017	0.311823	0.0892507
0.753604	0.803008	0.800093	0.31174	0.0892474
0.753604	0.802926	0.800015	0.311657	0.0891564
0.753604	0.802844	0.799938	0.311574	0.0891539
0.753604	0.802761	0.799861	0.311491	0.0891506
0.753604	0.802679	0.799783	0.311409	0.0890963
0.753604	0.802597	0.799706	0.311326	0.0890432
0.753604	0.802515	0.799629	0.311243	0.0890326
0.753604	0.802433	0.799551	0.311161	0.0889519
0.753604	0.80235	0.799474	0.311078	0.088915
0.753604	0.802268	0.799397	0.310996	0.0888739
0.753604	0.802186	0.799319	0.310913	0.0887242
0.753604	0.802104	0.799242	0.310831	0.0886934
0.753604	0.802022	0.799165	0.310748	0.0886564
0.753604	0.80194	0.799087	0.310666	0.0886223
0.753604	0.801857	0.79901	0.310584	0.0885874
0.753604	0.801775	0.798933	0.310501	0.0885866
0.753604	0.801693	0.798855	0.310419	0.0885818
0.753604	0.801611	0.798778	0.310337	0.088575
0.753604	0.801529	0.798701	0.310255	0.0885626
0.753604	0.801446	0.798623	0.310172	0.0885493
0.753604	0.801364	0.798546	0.31009	0.0885202
0.753604	0.801282	0.798469	0.310008	0.0885144
0.753604	0.8012	0.798391	0.309926	0.0884915
0.753604	0.801118	0.798314	0.309844	0.0884735
0.753604	0.801036	0.798237	0.309762	0.0884475
0.753604	0.800953	0.798159	0.30968	0.0883979
0.753604	0.800871	0.798082	0.309598	0.0883904
0.753604	0.800789	0.798005	0.309516	0.0883747
0.753604	0.800707	0.797927	0.309434	0.0882946
0.753604	0.800625	0.79785	0.309352	0.0882854
0.753604	0.800542	0.797773	0.30927	0.0882716
0.753604	0.80046	0.797695	0.309189	0.0881794
0.753604	0.800378	0.797618	0.309107	0.0880906
0.753604	0.800296	0.797541	0.309025	0.088083
0.753604	0.800214	0.797463	0.308944	0.0880424
0.753604	0.800131	0.797386	0.308862	0.088027
0.753604	0.800049	0.797309	0.30878	0.0878315
0.753604	0.799967	0.797231	0.308699	0.0878103
0.754915	0.799967	0.797309	0.309394	0.0877633
0.754915	0.799885	0.797231	0.309312	0.0876941
0.754915	0.799803	0.797154	0.309231	0.0876381
0.754915	0.799721	0.797077	0.309149	0.087638
0.756225	0.799721	0.797154	0.309844	0.0876217
0.756225	0.799638	0.797077	0.309762	0.0876024
0.756225	0.799556	0.796999	0.309681	0.0875471
0.756225	0.799474	0.796922	0.309599	0.0875163
0.756225	0.799392	0.796845	0.309518	0.0875032
0.756225	0.79931	0.796767	0.309436	0.0874847
0.756225	0.799227	0.79669	0.309355	0.0874843
0.756225	0.799145	0.796613	0.309273	0.0874755
0.756225	0.799063	0.796535	0.309192	0.0873695
0.756225	0.798981	0.796458	0.309111	0.0873419
0.756225	0.798899	0.796381	0.30903	0.0873277
0.756225	0.798817	0.796303	0.308948	0.0873179
0.756225	0.798734	0.796226	0.308867	0.0872679
0.756225	0.798652	0.796149	0.308786	0.0872336
0.756225	0.79857	0.796071	0.308705	0.0872325
0.756225	0.798488	0.795994	0.308624	0.0872002
0.756225	0.798406	0.795917	0.308543	0.0871952
0.756225	0.798323	0.795839	0.308462	0.0871891
0.756225	0.798241	0.795762	0.308381	0.0871054
0.756225	0.798159	0.795685	0.3083	0.0870832
0.756225	0.798077	0.795607	0.308219	0.0870461
0.756225	0.797995	0.79553	0.308138	0.0869927
0.756225	0.797913	0.795453	0.308057	0.0869689
0.756225	0.79783	0.795375	0.307976	0.0869629
0.756225	0.797748	0.795298	0.307895	0.0869034
0.756225	0.797666	0.795221	0.307815	0.0869028
0.756225	0.797584	0.795143	0.307734	0.086859
0.756225	0.797502	0.795066	0.307653	0.0868307
0.756225	0.797419	0.794989	0.307572	0.0867921
0.756225	0.797337	0.794911	0.307492	0.0867902
0.756225	0.797255	0.794834	0.307411	0.0867812
0.756225	0.797173	0.794757	0.307331	0.0867733
0.756225	0.797091	0.794679	0.30725	0.086766
0.756225	0.797009	0.794602	0.30717	0.0867603
0.756225	0.796926	0.794525	0.307089	0.0867582
0.757536	0.796926	0.794602	0.307782	0.0867321
0.757536	0.796844	0.794525	0.307701	0.0867163
0.757536	0.796762	0.794447	0.307621	0.086694
0.757536	0.79668	0.79437	0.30754	0.0866849
0.757536	0.796598	0.794293	0.30746	0.0866167
0.757536	0.796515	0.794215	0.30738	0.0866108
0.757536	0.796433	0.794138	0.307299	0.0865178
0.757536	0.796351	0.794061	0.307219	0.086481
0.757536	0.796269	0.793983	0.307139	0.0863683
0.757536	0.796187	0.793906	0.307058	0.086312
0.757536	0.796105	0.793829	0.306978	0.0863008
0.757536	0.796022	0.793751	0.306898	0.0862603
0.757536	0.79594	0.793674	0.306818	0.0862437
0.757536	0.795858	0.793597	0.306738	0.0862435
0.757536	0.795776	0.793519	0.306658	0.0860493
0.757536	0.795694	0.793442	0.306578	0.0860411
0.757536	0.795611	0.793365	0.306498	0.086016
0.757536	0.795529	0.793287	0.306418	0.0859791
0.758847	0.795529	0.793365	0.307109	0.0859485
0.758847	0.795447	0.793287	0.307029	0.085913
0.760157	0.795447	0.793365	0.307721	0.0858755
0.760157	0.795365	0.793287	0.307641	0.0858416
0.760157	0.795283	0.79321	0.307561	0.0858271
0.760157	0.795201	0.793133	0.307481	0.085824
0.760157	0.795118	0.793055	0.307401	0.0857699
0.760157	0.795036	0.792978	0.307321	0.0855588
0.760157	0.794954	0.792901	0.307241	0.0855433
0.760157	0.794872	0.792823	0.307161	0.0855053
0.760157	0.79479	0.792746	0.307081	0.0854248
0.760157	0.794707	0.792669	0.307001	0.0854222
0.760157	0.794625	0.792591	0.306922	0.085406
0.760157	0.794543	0.792514	0.306842	0.0853936
0.760157	0.794461	0.792437	0.306762	0.0853785
0.760157	0.794379	0.792359	0.306683	0.0853617
0.761468	0.794379	0.792437	0.307373	0.08534
0.761468	0.794297	0.792359	0.307294	0.0852953
0.761468	0.794214	0.792282	0.307214	0.0852769
0.761468	0.794132	0.792205	0.307134	0.0852663
0.761468	0.79405	0.792127	0.307055	0.0852317
0.761468	0.793968	0.79205	0.306975	0.0851145
0.761468	0.793886	0.791973	0.306896	0.0850092
0.761468	0.793803	0.791895	0.306816	0.0850085
0.761468	0.793721	0.791818	0.306737	0.085001
0.761468	0.793639	0.791741	0.306657	0.0849167
0.762779	0.793639	0.791818	0.307347	0.0848791
0.762779	0.793557	0.791741	0.307268	0.0847996
0.762779	0.793475	0.791663	0.307188	0.0847835
0.762779	0.793393	0.791586	0.307109	0.0847687
0.764089	0.793393	0.791663	0.307799	0.0847587
0.764089	0.79331	0.791586	0.307719	0.0847315
0.764089	0.793228	0.791509	0.30764	0.0847092
0.764089	0.793146	0.791431	0.307561	0.0846581
0.764089	0.793064	0.791354	0.307481	0.0846447
0.764089	0.792982	0.791277	0.307402	0.0846395
0.764089	0.792899	0.791199	0.307323	0.0846135
0.764089	0.792817	0.791122	0.307243	0.0846071
0.764089	0.792735	0.791045	0.307164	0.0845777
0.764089	0.792653	0.790967	0.307085	0.0845544
0.764089	0.792571	0.79089	0.307006	0.0845363
0.764089	0.792488	0.790813	0.306927	0.0845199
0.764089	0.792406	0.790735	0.306848	0.0845106
0.764089	0.792324	0.790658	0.306769	0.0844832
0.764089	0.792242	0.790581	0.30669	0.0844413
0.764089	0.79216	0.790503	0.306611	0.0844334
0.764089	0.792078	0.790426	0.306532	0.0844098
0.764089	0.791995	0.790349	0.306453	0.0844009
0.764089	0.791913	0.790271	0.306374	0.0843951
0.764089	0.791831	0.790194	0.306295	0.0843911
0.764089	0.791749	0.790117	0.306217	0.084391
0.764089	0.791667	0.790039	0.306138	0.0843549
0.764089	0.791584	0.789962	0.306059	0.0843521
0.764089	0.791502	0.789885	0.30598	0.0843506
0.764089	0.79142	0.789807	0.305902	0.0843273
0.764089	0.791338	0.78973	0.305823	0.0843161
0.764089	0.791256	0.789653	0.305744	0.0842908
0.764089	0.791174	0.789575	0.305666	0.0842756
0.764089	0.791091	0.789498	0.305587	0.0842468
0.764089	0.791009	0.789421	0.305509	0.0842251
0.764089	0.790927	0.789343	0.30543	0.0842234
0.764089	0.790763	0.789189	0.305273	0.0842067
0.764089	0.79068	0.789111	0.305195	0.0842016
0.764089	0.790598	0.789034	0.305116	0.084135
0.764089	0.790516	0.788957	0.305038	0.0840994
0.764089	0.790434	0.788879	0.30496	0.084057
0.7654	0.790434	0.788957	0.305647	0.0840471
0.7654	0.790352	0.788879	0.305569	0.0840387
0.7654	0.79027	0.788802	0.305491	0.0840235
0.7654	0.790187	0.788725	0.305412	0.0839469
0.7654	0.790105	0.788647	0.305334	0.0838884
0.7654	0.790023	0.78857	0.305256	0.0838842
0.7654	0.789941	0.788493	0.305178	0.0838679
0.7654	0.789859	0.788415	0.3051	0.0838623
0.7654	0.789776	0.788338	0.305022	0.0838265
0.7654	0.789694	0.788261	0.304943	0.0838122
0.7654	0.789612	0.788183	0.304865	0.0837801
0.7654	0.78953	0.788106	0.304787	0.0837216
0.7654	0.789448	0.788029	0.304709	0.0837147
0.7654	0.789366	0.787951	0.304631	0.0836152
0.7654	0.789283	0.787874	0.304553	0.0835637
0.7654	0.789201	0.787797	0.304475	0.0835498
0.7654	0.789119	0.787719	0.304398	0.0835389
0.7654	0.789037	0.787642	0.30432	0.0835335
0.7654	0.788955	0.787565	0.304242	0.0835221
0.76671	0.788955	0.787642	0.304928	0.0834998
0.76671	0.788872	0.787565	0.304851	0.0834485
0.76671	0.78879	0.787487	0.304773	0.0833916
0.76671	0.788708	0.78741	0.304695	0.0833733
0.76671	0.788626	0.787333	0.304617	0.0833283
0.76671	0.788544	0.787255	0.304539	0.0832489
0.76671	0.788462	0.787178	0.304462	0.0832046
0.76671	0.788379	0.787101	0.304384	0.0831834
0.76671	0.788297	0.787023	0.304306	0.0831397
0.76671	0.788215	0.786946	0.304229	0.0831046
0.76671	0.788133	0.786869	0.304151	0.0830991
0.76671	0.788051	0.786791	0.304074	0.0830648
0.76671	0.787968	0.786714	0.303996	0.0830236
0.76671	0.787886	0.786637	0.303919	0.0829205
0.76671	0.787804	0.786559	0.303841	0.0829027
0.76671	0.787722	0.786482	0.303764	0.0828945
0.76671	0.78764	0.786405	0.303686	0.0828699
0.76671	0.787558	0.786327	0.303609	0.0828683
0.76671	0.787475	0.78625	0.303532	0.0828409
0.76671	0.787393	0.786173	0.303454	0.0828148
0.76671	0.787311	0.786095	0.303377	0.0827943
0.76671	0.787229	0.786018	0.3033	0.0827565
0.768021	0.787229	0.786095	0.303985	0.0827217
0.769332	0.787229	0.786173	0.30467	0.0826959
0.770642	0.787229	0.78625	0.305355	0.082643
0.770642	0.787147	0.786173	0.305278	0.0826038
0.770642	0.787064	0.786095	0.305201	0.0825826
0.770642	0.786982	0.786018	0.305123	0.0825568
0.770642	0.7869	0.785941	0.305046	0.0825255
0.770642	0.786818	0.785863	0.304969	0.0825123
0.771953	0.786818	0.785941	0.305654	0.0825109
0.771953	0.786736	0.785863	0.305576	0.0825107
0.771953	0.786654	0.785786	0.305499	0.0824474
0.771953	0.786571	0.785709	0.305422	0.0824195
0.771953	0.786489	0.785631	0.305345	0.0824156
0.771953	0.786407	0.785554	0.305267	0.0824076
0.771953	0.786325	0.785477	0.30519	0.0823983
0.771953	0.786243	0.785399	0.305113	0.0823704
0.771953	0.78616	0.785322	0.305036	0.082363
0.771953	0.786078	0.785245	0.304959	0.082317
0.771953	0.785996	0.785167	0.304882	0.0822971
0.771953	0.785914	0.78509	0.304805	0.0822286
0.771953	0.785832	0.785013	0.304728	0.0822257
0.771953	0.78575	0.784935	0.304651	0.082214
0.771953	0.785667	0.784858	0.304574	0.0821812
0.771953	0.785585	0.784781	0.304497	0.0821774
0.771953	0.785503	0.784703	0.304421	0.0821738
0.771953	0.785421	0.784626	0.304344	0.0821573
0.771953	0.785339	0.784549	0.304267	0.0821103
0.771953	0.785256	0.784471	0.30419	0.0819944
0.771953	0.785174	0.784394	0.304114	0.0819414
0.771953	0.785092	0.784317	0.304037	0.0819001
0.771953	0.78501	0.784239	0.30396	0.0817977
0.771953	0.784928	0.784162	0.303884	0.0817944
0.771953	0.784845	0.784085	0.303807	0.0817896
0.771953	0.784763	0.784007	0.30373	0.0817078
0.771953	0.784681	0.78393	0.303654	0.0817076
0.771953	0.784599	0.783853	0.303577	0.0816347
0.771953	0.784517	0.783775	0.303501	0.0816334
0.773263	0.784517	0.783853	0.304184	0.0815897
0.773263	0.784435	0.783775	0.304108	0.0815862
0.773263	0.784352	0.783698	0.304031	0.0815824
0.773263	0.78427	0.783621	0.303955	0.0815224
0.773263	0.784188	0.783543	0.303878	0.0815206
0.773263	0.784106	0.783466	0.303802	0.0815042
0.773263	0.784024	0.783389	0.303725	0.0814954
0.773263	0.783941	0.783311	0.303649	0.0814264
0.773263	0.783859	0.783234	0.303573	0.0813416
0.773263	0.783777	0.783157	0.303497	0.0813176
0.773263	0.783695	0.783079	0.30342	0.0813006
0.773263	0.783613	0.783002	0.303344	0.0812826
0.773263	0.783531	0.782925	0.303268	0.0812728
0.773263	0.783448	0.782847	0.303192	0.081197
0.773263	0.783366	0.78277	0.303116	0.0811624
0.773263	0.783284	0.782693	0.303039	0.0810504
0.773263	0.783202	0.782615	0.302963	0.0810189
0.773263	0.78312	0.782538	0.302887	0.0810108
0.773263	0.783037	0.782461	0.302811	0.0809693
0.773263	0.782955	0.782383	0.302735	0.0809627
0.773263	0.782873	0.782306	0.302659	0.0809227
0.773263	0.782791	0.782229	0.302583	0.0808893
0.773263	0.782709	0.782151	0.302508	0.0808513
0.773263	0.782627	0.782074	0.302432	0.0808503
0.773263	0.782544	0.781997	0.302356	0.0808196
0.773263	0.782462	0.781919	0.30228	0.0807428
0.773263	0.78238	0.781842	0.302204	0.080736
0.773263	0.782298	0.781765	0.302128	0.0806602
0.773263	0.782216	0.781687	0.302053	0.0806381
0.773263	0.782133	0.78161	0.301977	0.0805847
0.773263	0.782051	0.781533	0.301901	0.0805809
0.773263	0.781969	0.781455	0.301826	0.0805703
0.774574	0.781969	0.781533	0.302507	0.0805274
0.774574	0.781887	0.781455	0.302431	0.080508
0.774574	0.781805	0.781378	0.302356	0.0804844
0.774574	0.781723	0.781301	0.30228	0.0804547
0.774574	0.78164	0.781223	0.302205	0.0804347
0.774574	0.781558	0.781146	0.302129	0.0803881
0.774574	0.781476	0.781069	0.302054	0.0803636
0.775885	0.781476	0.781146	0.302735	0.080332
0.775885	0.781394	0.781069	0.302659	0.0802962
0.777195	0.781394	0.781146	0.30334	0.0802588
0.777195	0.781312	0.781069	0.303264	0.0802502
0.777195	0.781229	0.780991	0.303189	0.0802472
0.777195	0.781147	0.780914	0.303113	0.0802305
0.778506	0.781147	0.780991	0.303794	0.0802231
0.778506	0.781065	0.780914	0.303718	0.0802062
0.779817	0.781065	0.780991	0.304399	0.0801764
0.779817	0.780983	0.780914	0.304323	0.0801591
0.779817	0.780901	0.780837	0.304248	0.0801275
0.779817	0.780819	0.780759	0.304172	0.0801202
0.779817	0.780736	0.780682	0.304097	0.0801032
0.779817	0.780654	0.780605	0.304021	0.0800897
0.779817	0.780572	0.780527	0.303946	0.0800877
0.779817	0.78049	0.78045	0.30387	0.0800817
0.779817	0.780408	0.780373	0.303795	0.0800629
0.779817	0.780325	0.780295	0.30372	0.0800254
0.779817	0.780243	0.780218	0.303644	0.0799996
0.779817	0.780161	0.780141	0.303569	0.0799823
0.779817	0.780079	0.780063	0.303494	0.0799723
0.779817	0.779997	0.779986	0.303419	0.0799058
0.779817	0.779915	0.779909	0.303343	0.0799013
0.779817	0.779832	0.779831	0.303268	0.0798989
0.779817	0.77975	0.779754	0.303193	0.079881
0.779817	0.779668	0.779677	0.303118	0.0798253
0.779817	0.779586	0.779599	0.303043	0.0797791
0.779817	0.779504	0.779522	0.302968	0.0797499
0.779817	0.779421	0.779445	0.302893	0.0797213
0.779817	0.779339	0.779367	0.302818	0.0796935
0.779817	0.779257	0.77929	0.302743	0.0796799
0.779817	0.779175	0.779213	0.302668	0.0796621
0.779817	0.779093	0.779135	0.302593	0.0796502
0.779817	0.779011	0.779058	0.302518	0.0796456
0.779817	0.778928	0.778981	0.302443	0.0796259
0.779817	0.778846	0.778903	0.302369	0.0795922
0.779817	0.778764	0.778826	0.302294	0.07958
0.779817	0.778682	0.778749	0.302219	0.0795777
0.779817	0.7786	0.778671	0.302144	0.0795704
0.779817	0.778517	0.778594	0.30207	0.0795664
0.779817	0.778435	0.778517	0.301995	0.0795564
0.779817	0.778353	0.778439	0.30192	0.0795294
0.779817	0.778271	0.778362	0.301846	0.0795215
0.779817	0.778189	0.778285	0.301771	0.0794431
0.779817	0.778107	0.778207	0.301696	0.0793964
0.779817	0.778024	0.77813	0.301622	0.079396
0.779817	0.777942	0.778053	0.301547	0.0793735
0.779817	0.77786	0.777975	0.301473	0.0793709
0.779817	0.777778	0.777898	0.301398	0.079366
0.779817	0.777696	0.777821	0.301324	0.0793174
0.779817	0.777613	0.777743	0.301249	0.0792774
0.779817	0.777531	0.777666	0.301175	0.0792692
0.779817	0.777449	0.777589	0.301101	0.0792635
0.779817	0.777367	0.777511	0.301026	0.0792159
0.779817	0.777285	0.777434	0.300952	0.0791836
0.779817	0.777202	0.777357	0.300878	0.0791482
0.779817	0.77712	0.777279	0.300804	0.0791439
0.779817	0.777038	0.777202	0.300729	0.0791315
0.781127	0.777038	0.777279	0.301407	0.0791029
0.781127	0.776956	0.777202	0.301333	0.0791004
0.781127	0.776874	0.777125	0.301259	0.0790347
0.781127	0.776792	0.777047	0.301185	0.0790207
0.781127	0.776709	0.77697	0.30111	0.0789375
0.781127	0.776627	0.776893	0.301036	0.0789238
0.781127	0.776545	0.776815	0.300962	0.0789146
0.781127	0.776463	0.776738	0.300888	0.0788957
0.781127	0.776381	0.776661	0.300814	0.0788345
0.781127	0.776298	0.776583	0.30074	0.0788226
0.781127	0.776216	0.776506	0.300666	0.0787926
0.781127	0.776134	0.776429	0.300592	0.0787691
0.781127	0.776052	0.776351	0.300518	0.0787089
0.781127	0.77597	0.776274	0.300444	0.0787065
0.781127	0.775888	0.776197	0.30037	0.078662
0.781127	0.775805	0.776119	0.300296	0.0786536
0.781127	0.775723	0.776042	0.300223	0.0785169
0.782438	0.775723	0.776119	0.3009	0.0784755
0.782438	0.775641	0.776042	0.300826	0.0784335
0.782438	0.775559	0.775965	0.300752	0.0784093
0.782438	0.775477	0.775887	0.300678	0.0783826
0.782438	0.775394	0.77581	0.300604	0.0783764
0.782438	0.775312	0.775733	0.30053	0.0783693
0.782438	0.77523	0.775655	0.300457	0.0783412
0.782438	0.775148	0.775578	0.300383	0.0782529
0.782438	0.775066	0.775501	0.300309	0.0782226
0.782438	0.774984	0.775423	0.300236	0.0782114
0.782438	0.774901	0.775346	0.300162	0.0782056
0.782438	0.774819	0.775269	0.300089	0.0781499
0.782438	0.774737	0.775191	0.300015	0.0780395
0.782438	0.774655	0.775114	0.299941	0.077994
0.782438	0.774573	0.775037	0.299868	0.0778816
0.782438	0.77449	0.774959	0.299794	0.0778717
0.782438	0.774408	0.774882	0.299721	0.0778371
0.782438	0.774326	0.774805	0.299648	0.0778337
0.782438	0.774244	0.774727	0.299574	0.0777736
0.782438	0.774162	0.77465	0.299501	0.0777619
0.782438	0.77408	0.774573	0.299427	0.0776852
0.782438	0.773997	0.774495	0.299354	0.0776673
0.782438	0.773915	0.774418	0.299281	0.0776449
0.782438	0.773833	0.774341	0.299207	0.0775827
0.782438	0.773751	0.774263	0.299134	0.0775813
0.782438	0.773669	0.774186	0.299061	0.0775379
0.782438	0.773586	0.774109	0.298988	0.0775235
0.782438	0.773504	0.774031	0.298915	0.0775131
0.782438	0.773422	0.773954	0.298841	0.0775071
0.782438	0.77334	0.773877	0.298768	0.0775024
0.782438	0.773258	0.773799	0.298695	0.0774939
0.782438	0.773176	0.773722	0.298622	0.0774929
0.782438	0.773093	0.773645	0.298549	0.0774915
0.782438	0.773011	0.773567	0.298476	0.0774799
0.782438	0.772929	0.77349	0.298403	0.0774292
0.782438	0.772847	0.773413	0.29833	0.0773954
0.782438	0.772765	0.773335	0.298257	0.0773097
0.782438	0.772682	0.773258	0.298184	0.0772768
0.782438	0.7726	0.773181	0.298111	0.077272
0.782438	0.772518	0.773103	0.298039	0.0772634
0.782438	0.772436	0.773026	0.297966	0.0772165
0.782438	0.772354	0.772949	0.297893	0.0771809
0.782438	0.772272	0.772871	0.29782	0.0771369
0.782438	0.772189	0.772794	0.297747	0.0771313
0.782438	0.772107	0.772717	0.297675	0.0770997
0.782438	0.772025	0.772639	0.297602	0.0770981
0.782438	0.771943	0.772562	0.297529	0.077061
0.782438	0.771861	0.772485	0.297457	0.0770343
0.782438	0.771778	0.772407	0.297384	0.0770227
0.782438	0.771696	0.77233	0.297311	0.0769858
0.782438	0.771614	0.772253	0.297239	0.0769532
0.782438	0.771532	0.772175	0.297166	0.0769262
0.782438	0.77145	0.772098	0.297094	0.0768848
0.782438	0.771368	0.772021	0.297021	0.0768364
0.782438	0.771285	0.771943	0.296949	0.0768043
0.782438	0.771203	0.771866	0.296876	0.0767979
0.782438	0.771121	0.771789	0.296804	0.0767876
0.782438	0.771039	0.771711	0.296732	0.0767353
0.782438	0.770957	0.771634	0.296659	0.076691
0.782438	0.770874	0.771557	0.296587	0.0766787
0.782438	0.770792	0.771479	0.296515	0.076612
0.782438	0.77071	0.771402	0.296442	0.0766117
0.782438	0.770628	0.771325	0.29637	0.07659
0.782438	0.770546	0.771247	0.296298	0.0765728
0.783748	0.770546	0.771325	0.296972	0.0765501
0.783748	0.770464	0.771247	0.2969	0.076547
0.783748	0.770381	0.77117	0.296827	0.0765429
0.783748	0.770299	0.771093	0.296755	0.076541
0.783748	0.770217	0.771015	0.296683	0.0765028
0.783748	0.770135	0.770938	0.296611	0.0764587
0.783748	0.770053	0.770861	0.296539	0.0764479
0.783748	0.76997	0.770783	0.296467	0.0764472
0.783748	0.769888	0.770706	0.296395	0.0764328
0.783748	0.769806	0.770629	0.296322	0.076318
0.783748	0.769724	0.770551	0.29625	0.0763102
0.783748	0.769642	0.770474	0.296178	0.0762545
0.783748	0.76956	0.770397	0.296106	0.0762457
0.783748	0.769477	0.770319	0.296035	0.0762196
0.783748	0.769395	0.770242	0.295963	0.0761794
0.783748	0.769313	0.770165	0.295891	0.0761717
0.783748	0.769231	0.770087	0.295819	0.0761252
0.783748	0.769149	0.77001	0.295747	0.0761219
0.783748	0.769066	0.769933	0.295675	0.0761194
0.783748	0.768984	0.769855	0.295603	0.0760933
0.783748	0.768902	0.769778	0.295532	0.0760773
0.783748	0.76882	0.769701	0.29546	0.0760268
0.783748	0.768738	0.769623	0.295388	0.0759743
0.783748	0.768655	0.769546	0.295316	0.0759737
0.783748	0.768573	0.769469	0.295245	0.0759144
0.783748	0.768491	0.769391	0.295173	0.0758926
0.783748	0.768409	0.769314	0.295101	0.0758656
0.783748	0.768327	0.769237	0.29503	0.0758063
0.783748	0.768245	0.769159	0.294958	0.0757936
0.783748	0.768162	0.769082	0.294887	0.0756943
0.783748	0.76808	0.769005	0.294815	0.0756913
0.783748	0.767998	0.768927	0.294744	0.07567
0.783748	0.767916	0.76885	0.294672	0.0756619
0.783748	0.767834	0.768773	0.294601	0.0756565
0.783748	0.767751	0.768695	0.294529	0.0756121
0.785059	0.767751	0.768773	0.295202	0.0755953
0.785059	0.767669	0.768695	0.29513	0.0755924
0.785059	0.767587	0.768618	0.295059	0.0755109
0.785059	0.767505	0.768541	0.294988	0.0754833
0.785059	0.767423	0.768463	0.294916	0.0754522
0.785059	0.767341	0.768386	0.294845	0.0754359
0.785059	0.767258	0.768309	0.294773	0.0752806
0.785059	0.767176	0.768231	0.294702	0.0752753
0.785059	0.767094	0.768154	0.294631	0.0752552
0.785059	0.767012	0.768077	0.29456	0.0752449
0.785059	0.76693	0.767999	0.294488	0.0752308
0.785059	0.766847	0.767922	0.294417	0.0751849
0.785059	0.766765	0.767845	0.294346	0.07517
0.785059	0.766683	0.767767	0.294275	0.0751618
0.785059	0.766601	0.76769	0.294204	0.0750679
0.785059	0.766519	0.767613	0.294133	0.0749993
0.785059	0.766437	0.767535	0.294062	0.0749842
0.785059	0.766354	0.767458	0.293991	0.0749712
0.785059	0.766272	0.767381	0.29392	0.0749421
0.785059	0.76619	0.767303	0.293849	0.0749147
0.785059	0.766108	0.767226	0.293778	0.0749073
0.785059	0.766026	0.767149	0.293707	0.0748827
0.78637	0.766026	0.767226	0.294378	0.0748544
0.78637	0.765943	0.767149	0.294307	0.0748303
0.78637	0.765861	0.767071	0.294236	0.0748031
0.78637	0.765779	0.766994	0.294165	0.0747854
0.78637	0.765697	0.766917	0.294094	0.0747831
0.78637	0.765615	0.766839	0.294023	0.0747079
0.78637	0.765533	0.766762	0.293953	0.0747017
0.78637	0.76545	0.766685	0.293882	0.0747007
0.78637	0.765368	0.766607	0.293811	0.0746996
0.78768	0.765368	0.766685	0.294482	0.0746556
0.78768	0.765286	0.766607	0.294411	0.0746471
0.78768	0.765204	0.76653	0.29434	0.0746341
0.78768	0.765122	0.766453	0.294269	0.0746144
0.788991	0.765122	0.76653	0.29494	0.0745775
0.788991	0.765039	0.766453	0.294869	0.0745329
0.790301	0.765039	0.76653	0.29554	0.0745315
0.790301	0.764957	0.766453	0.295469	0.074525
0.790301	0.764875	0.766375	0.295398	0.0745118
0.790301	0.764793	0.766298	0.295327	0.0745081
0.790301	0.764711	0.766221	0.295257	0.0744675
0.790301	0.764629	0.766143	0.295186	0.0744636
0.790301	0.764546	0.766066	0.295115	0.0744242
0.790301	0.764464	0.765989	0.295045	0.074365
0.790301	0.764382	0.765911	0.294974	0.0743448
0.790301	0.7643	0.765834	0.294903	0.0743365
0.791612	0.7643	0.765911	0.295573	0.0742611
0.791612	0.764218	0.765834	0.295503	0.0742608
0.791612	0.764135	0.765757	0.295432	0.0742344
0.791612	0.764053	0.765679	0.295362	0.0741987
0.791612	0.763971	0.765602	0.295291	0.0741928
0.791612	0.763889	0.765525	0.295221	0.074191
0.791612	0.763807	0.765447	0.29515	0.0741907
0.791612	0.763725	0.76537	0.29508	0.0741897
0.791612	0.763642	0.765293	0.295009	0.0741757
0.791612	0.76356	0.765215	0.294939	0.0741706
0.791612	0.763478	0.765138	0.294868	0.0741654
0.791612	0.763396	0.765061	0.294798	0.0740947
0.791612	0.763314	0.764983	0.294727	0.0740669
0.791612	0.763231	0.764906	0.294657	0.0740623
0.791612	0.763149	0.764829	0.294587	0.0740425
0.791612	0.763067	0.764751	0.294517	0.0740271
0.791612	0.762985	0.764674	0.294446	0.0740136
0.791612	0.762903	0.764597	0.294376	0.0740008
0.792923	0.762903	0.764674	0.295045	0.0739653
0.792923	0.762821	0.764597	0.294975	0.0739266
0.792923	0.762738	0.764519	0.294905	0.0739063
0.792923	0.762656	0.764442	0.294834	0.0738614
0.794233	0.762656	0.764519	0.295503	0.0738558
0.795544	0.762656	0.764597	0.296172	0.0738488
0.795544	0.762574	0.764519	0.296102	0.0738208
0.795544	0.762492	0.764442	0.296032	0.073786
0.795544	0.76241	0.764365	0.295961	0.0737627
0.795544	0.762327	0.764287	0.295891	0.0737414
0.795544	0.762245	0.76421	0.295821	0.0737343
0.795544	0.762163	0.764133	0.295751	0.0736821
0.795544	0.762081	0.764055	0.295681	0.0736763
0.795544	0.761999	0.763978	0.295611	0.0736636
0.796855	0.761999	0.764055	0.296279	0.0736257
0.796855	0.761917	0.763978	0.296209	0.0736231
0.796855	0.761834	0.763901	0.296139	0.0736081
0.796855	0.761752	0.763823	0.296069	0.0735679
0.796855	0.76167	0.763746	0.295999	0.0735486
0.796855	0.761588	0.763669	0.295929	0.0735409
0.796855	0.761506	0.763591	0.295859	0.073525
0.796855	0.761423	0.763514	0.295789	0.0734941
0.796855	0.761341	0.763437	0.295719	0.0734509
0.796855	0.761259	0.763359	0.295649	0.073435
0.796855	0.761177	0.763282	0.295579	0.0734287
0.798165	0.761177	0.763359	0.296247	0.0734285
0.798165	0.761095	0.763282	0.296177	0.0734093
0.798165	0.761012	0.763205	0.296107	0.0733453
0.798165	0.76093	0.763127	0.296037	0.0733396
0.798165	0.760848	0.76305	0.295967	0.0733287
0.798165	0.760766	0.762973	0.295897	0.0732734
0.798165	0.760684	0.762895	0.295827	0.0732683
0.798165	0.760602	0.762818	0.295758	0.0732682
0.798165	0.760519	0.762741	0.295688	0.0732445
0.798165	0.760437	0.762663	0.295618	0.0732373
0.798165	0.760355	0.762586	0.295548	0.0732328
0.799476	0.760355	0.762663	0.296216	0.0732178
0.799476	0.760273	0.762586	0.296146	0.0732043
0.799476	0.760191	0.762509	0.296076	0.0731933
0.799476	0.760108	0.762431	0.296007	0.073175
0.800786	0.760108	0.762509	0.296674	0.0731336
0.800786	0.760026	0.762431	0.296604	0.0731156
0.800786	0.759944	0.762354	0.296534	0.0731106
0.800786	0.759862	0.762277	0.296465	0.0731042
0.800786	0.75978	0.762199	0.296395	0.0730779
0.800786	0.759698	0.762122	0.296325	0.0730741
0.800786	0.759615	0.762045	0.296256	0.0730413
0.800786	0.759533	0.761967	0.296186	0.0730294
0.800786	0.759451	0.76189	0.296117	0.0730047
0.800786	0.759369	0.761813	0.296047	0.0729797
0.800786	0.759287	0.761735	0.295978	0.0729741
0.800786	0.759204	0.761658	0.295908	0.072964
0.800786	0.759122	0.761581	0.295839	0.0729502
0.800786	0.75904	0.761503	0.295769	0.0728785
0.802097	0.75904	0.761581	0.296436	0.0728637
0.802097	0.758958	0.761503	0.296366	0.0728461
0.802097	0.758876	0.761426	0.296297	0.0728155
0.802097	0.758794	0.761349	0.296228	0.07278
0.802097	0.758711	0.761271	0.296158	0.0727764
0.802097	0.758629	0.761194	0.296089	0.0727454
0.802097	0.758547	0.761117	0.296019	0.0727431
0.803408	0.758547	0.761194	0.296686	0.0727287
0.803408	0.758465	0.761117	0.296616	0.0727094
0.803408	0.758383	0.761039	0.296547	0.0727045
0.803408	0.7583	0.760962	0.296478	0.0727026
0.803408	0.758218	0.760885	0.296408	0.0726771
0.803408	0.758136	0.760807	0.296339	0.0726627
0.803408	0.758054	0.76073	0.29627	0.0726307
0.803408	0.757972	0.760653	0.296201	0.072621
0.803408	0.75789	0.760575	0.296131	0.0726085
0.803408	0.757807	0.760498	0.296062	0.0725699
0.803408	0.757725	0.760421	0.295993	0.0725554
0.803408	0.757643	0.760343	0.295924	0.0725295
0.803408	0.757561	0.760266	0.295855	0.0725207
0.803408	0.757479	0.760189	0.295786	0.0725116
0.803408	0.757396	0.760111	0.295717	0.0724812
0.803408	0.757314	0.760034	0.295648	0.0724646
0.803408	0.757232	0.759957	0.295579	0.0724423
0.803408	0.75715	0.759879	0.29551	0.0724325
0.804718	0.75715	0.759957	0.296175	0.0723882
0.804718	0.757068	0.759879	0.296106	0.0723819
0.804718	0.756986	0.759802	0.296037	0.0723549
0.806029	0.756986	0.759879	0.296702	0.0723407
0.806029	0.756903	0.759802	0.296633	0.072304
0.806029	0.756821	0.759725	0.296564	0.0722934
0.806029	0.756739	0.759647	0.296495	0.0722364
0.806029	0.756657	0.75957	0.296427	0.0722092
0.806029	0.756575	0.759493	0.296358	0.0721977
0.806029	0.756492	0.759415	0.296289	0.0721847
0.806029	0.75641	0.759338	0.29622	0.0721759
0.806029	0.756328	0.759261	0.296151	0.0721677
0.806029	0.756246	0.759183	0.296082	0.0721648
0.806029	0.756164	0.759106	0.296014	0.0721622
0.806029	0.756082	0.759029	0.295945	0.0721196
0.806029	0.755999	0.758951	0.295876	0.072096
0.806029	0.755917	0.758874	0.295807	0.0720904
0.806029	0.755835	0.758797	0.295739	0.0720692
0.806029	0.755753	0.758719	0.29567	0.0720434
0.806029	0.755671	0.758642	0.295601	0.0720279
0.807339	0.755671	0.758719	0.296266	0.0719956
0.807339	0.755588	0.758642	0.296197	0.0719771
0.807339	0.755506	0.758565	0.296128	0.0719769
0.807339	0.755424	0.758487	0.29606	0.0719543
0.807339	0.755342	0.75841	0.295991	0.0718984
0.807339	0.75526	0.758333	0.295923	0.0718924
0.807339	0.755178	0.758255	0.295854	0.0718664
0.807339	0.755095	0.758178	0.295786	0.071847
0.807339	0.755013	0.758101	0.295717	0.0718404
0.807339	0.754931	0.758023	0.295649	0.0718337
0.807339	0.754849	0.757946	0.29558	0.0718313
0.807339	0.754767	0.757869	0.295512	0.0717906
0.807339	0.754684	0.757791	0.295443	0.0717327
0.807339	0.754602	0.757714	0.295375	0.0716936
0.807339	0.75452	0.757637	0.295307	0.0716096
0.80865	0.75452	0.757714	0.29597	0.0715924
0.80865	0.754438	0.757637	0.295902	0.0715845
0.80865	0.754356	0.757559	0.295834	0.0715624
0.80865	0.754274	0.757482	0.295765	0.0714604
0.80865	0.754191	0.757405	0.295697	0.0714542
0.809961	0.754191	0.757482	0.29636	0.0714268
0.809961	0.754109	0.757405	0.296292	0.071402
0.809961	0.754027	0.757327	0.296224	0.0713927
0.809961	0.753945	0.75725	0.296155	0.0713817
0.809961	0.753863	0.757173	0.296087	0.0713489
0.809961	0.75378	0.757095	0.296019	0.0713476
0.809961	0.753698	0.757018	0.295951	0.0713428
0.809961	0.753616	0.756941	0.295882	0.0713341
0.811271	0.753616	0.757018	0.296546	0.0713177
0.812582	0.753616	0.757095	0.297208	0.0712735
0.812582	0.753534	0.757018	0.29714	0.0712579
0.812582	0.753452	0.756941	0.297072	0.0712032
0.812582	0.753369	0.756863	0.297004	0.0712
0.812582	0.753287	0.756786	0.296936	0.0711876
0.812582	0.753205	0.756709	0.296867	0.0711629
0.812582	0.753123	0.756631	0.296799	0.0711383
0.812582	0.753041	0.756554	0.296731	0.0711164
0.812582	0.752959	0.756477	0.296663	0.0711076
0.812582	0.752876	0.756399	0.296595	0.071078
0.812582	0.752794	0.756322	0.296527	0.0710713
0.812582	0.752712	0.756245	0.296459	0.071064
0.812582	0.75263	0.756167	0.296391	0.0710318
0.812582	0.752548	0.75609	0.296323	0.0709988
0.812582	0.752465	0.756013	0.296255	0.0709879
0.812582	0.752383	0.755935	0.296187	0.0709388
0.812582	0.752301	0.755858	0.296119	0.070924
0.812582	0.752219	0.755781	0.296051	0.0709214
0.812582	0.752137	0.755703	0.295983	0.0708956
0.812582	0.752055	0.755626	0.295916	0.0708806
0.812582	0.751972	0.755549	0.295848	0.0708792
0.812582	0.75189	0.755471	0.29578	0.0708656
0.812582	0.751808	0.755394	0.295712	0.0708418
0.812582	0.751726	0.755317	0.295644	0.0708241
0.812582	0.751644	0.755239	0.295577	0.070791
0.812582	0.751561	0.755162	0.295509	0.0707826
0.812582	0.751479	0.755085	0.295441	0.0707821
0.812582	0.751397	0.755007	0.295374	0.0707565
0.812582	0.751315	0.75493	0.295306	0.0707533
0.812582	0.751233	0.754853	0.295238	0.0707466
0.812582	0.751151	0.754775	0.295171	0.070745
0.812582	0.751068	0.754698	0.295103	0.0707161
0.812582	0.750986	0.754621	0.295036	0.0706863
0.812582	0.750904	0.754543	0.294968	0.0706472
0.812582	0.750822	0.754466	0.294901	0.0706028
0.812582	0.75074	0.754389	0.294833	0.0705999
0.813893	0.75074	0.754466	0.295495	0.0705349
0.813893	0.750657	0.754389	0.295427	0.0705147
0.813893	0.750575	0.754311	0.29536	0.0705077
0.813893	0.750493	0.754234	0.295292	0.0704919
0.813893	0.750411	0.754157	0.295225	0.0704682
0.813893	0.750329	0.754079	0.295157	0.0704556
0.813893	0.750247	0.754002	0.29509	0.0704394
0.813893	0.750164	0.753925	0.295022	0.0703833
0.813893	0.750082	0.753847	0.294955	0.0703796
0.815203	0.750082	0.753925	0.295616	0.0703119
0.815203	0.75	0.753847	0.295549	0.0703106
0.815203	0.749918	0.75377	0.295481	0.070287
0.815203	0.749836	0.753693	0.295414	0.0702695
0.815203	0.749753	0.753615	0.295347	0.0702608
0.815203	0.749671	0.753538	0.295279	0.0702558
0.815203	0.749589	0.753461	0.295212	0.0702536
0.815203	0.749507	0.753383	0.295145	0.070247
0.815203	0.749425	0.753306	0.295078	0.0701661
0.815203	0.749343	0.753229	0.295011	0.0701533
0.815203	0.74926	0.753151	0.294943	0.0701437
0.815203	0.749178	0.753074	0.294876	0.070126
0.815203	0.749096	0.752997	0.294809	0.0701254
0.815203	0.749014	0.752919	0.294742	0.0701213
0.815203	0.748932	0.752842	0.294675	0.070113
0.815203	0.748849	0.752765	0.294608	0.0700967
0.815203	0.748767	0.752687	0.294541	0.0700958
0.815203	0.748685	0.75261	0.294474	0.0700826
0.815203	0.748603	0.752533	0.294407	0.0700678
0.815203	0.748521	0.752455	0.29434	0.0700605
0.815203	0.748439	0.752378	0.294273	0.0700519
0.815203	0.748356	0.752301	0.294206	0.0700227
0.815203	0.748274	0.752223	0.294139	0.0699492
0.815203	0.748192	0.752146	0.294072	0.0699485
0.815203	0.74811	0.752069	0.294005	0.0699399
0.815203	0.748028	0.751991	0.293938	0.069935
0.815203	0.747945	0.751914	0.293872	0.0699304
0.815203	0.747863	0.751837	0.293805	0.0699205
0.815203	0.747781	0.751759	0.293738	0.0699146
0.815203	0.747699	0.751682	0.293671	0.0698283
0.815203	0.747617	0.751605	0.293604	0.0698058
0.815203	0.747535	0.751527	0.293538	0.0698049
0.815203	0.747452	0.75145	0.293471	0.0697842
0.815203	0.74737	0.751373	0.293404	0.069771
0.815203	0.747288	0.751295	0.293338	0.0697549
0.815203	0.747206	0.751218	0.293271	0.0697411
0.815203	0.747124	0.751141	0.293204	0.0697082
0.815203	0.747041	0.751063	0.293138	0.06968
0.815203	0.746959	0.750986	0.293071	0.0696704
0.815203	0.746877	0.750909	0.293005	0.069667
0.815203	0.746795	0.750831	0.292938	0.0696659
0.815203	0.746713	0.750754	0.292872	0.0696625
0.815203	0.746631	0.750677	0.292805	0.0696408
0.815203	0.746548	0.750599	0.292739	0.0696341
0.815203	0.746466	0.750522	0.292672	0.0696331
0.815203	0.746384	0.750445	0.292606	0.0695975
0.815203	0.746302	0.750367	0.292539	0.0695765
0.815203	0.74622	0.75029	0.292473	0.0695742
0.815203	0.746137	0.750213	0.292407	0.0695728
0.815203	0.746055	0.750135	0.29234	0.0695685
0.815203	0.745973	0.750058	0.292274	0.0695527
0.815203	0.745891	0.749981	0.292208	0.0695162
0.815203	0.745809	0.749903	0.292141	0.0694973
0.816514	0.745809	0.749981	0.2928	0.0694896
0.816514	0.745726	0.749903	0.292734	0.069483
0.816514	0.745644	0.749826	0.292668	0.0694488
0.816514	0.745562	0.749749	0.292602	0.0694397
0.816514	0.74548	0.749671	0.292535	0.0694287
0.816514	0.745398	0.749594	0.292469	0.0693486
0.816514	0.745316	0.749517	0.292403	0.0693418
0.816514	0.745233	0.749439	0.292337	0.0693192
0.816514	0.745151	0.749362	0.292271	0.0693146
0.816514	0.745069	0.749285	0.292205	0.0693108
0.816514	0.744987	0.749207	0.292138	0.0692138
0.816514	0.744905	0.74913	0.292072	0.0691912
0.816514	0.744822	0.749053	0.292006	0.0691628
0.816514	0.74474	0.748975	0.29194	0.069129
0.816514	0.744658	0.748898	0.291874	0.0690596
0.816514	0.744576	0.748821	0.291808	0.0690424
0.816514	0.744494	0.748743	0.291742	0.0690395
0.816514	0.744412	0.748666	0.291676	0.068984
0.816514	0.744329	0.748589	0.29161	0.0689759
0.816514	0.744247	0.748511	0.291545	0.0689669
0.816514	0.744165	0.748434	0.291479	0.0689407
0.817824	0.744165	0.748511	0.292137	0.0689386
0.817824	0.744083	0.748434	0.292071	0.0689332
0.817824	0.744001	0.748357	0.292005	0.068927
0.817824	0.743918	0.748279	0.291939	0.0688938
0.817824	0.743836	0.748202	0.291873	0.0688491
0.817824	0.743754	0.748125	0.291807	0.0688414
0.817824	0.743672	0.748047	0.291742	0.0688164
0.817824	0.74359	0.74797	0.291676	0.0687921
0.819135	0.74359	0.748047	0.292334	0.0687867
0.819135	0.743508	0.74797	0.292268	0.0687776
0.819135	0.743425	0.747893	0.292202	0.0687707
0.819135	0.743343	0.747815	0.292136	0.0687684
0.820446	0.743343	0.747893	0.292794	0.0687009
0.820446	0.743261	0.747815	0.292728	0.0687004
0.820446	0.743179	0.747738	0.292662	0.0686961
0.820446	0.743097	0.747661	0.292597	0.0686948
0.820446	0.743014	0.747583	0.292531	0.0686888
0.820446	0.742932	0.747506	0.292465	0.068655
0.820446	0.74285	0.747429	0.2924	0.0686504
0.820446	0.742768	0.747351	0.292334	0.0686451
0.820446	0.742686	0.747274	0.292268	0.068622
0.820446	0.742604	0.747197	0.292203	0.0685814
0.820446	0.742521	0.747119	0.292137	0.0685558
0.820446	0.742439	0.747042	0.292071	0.068555
0.820446	0.742357	0.746965	0.292006	0.0685465
0.820446	0.742275	0.746887	0.29194	0.0685308
0.820446	0.742193	0.74681	0.291875	0.0685144
0.820446	0.74211	0.746733	0.291809	0.0684743
0.820446	0.742028	0.746655	0.291744	0.0684714
0.820446	0.741946	0.746578	0.291678	0.0684665
0.820446	0.741864	0.746501	0.291613	0.0684484
0.820446	0.741782	0.746423	0.291548	0.0684454
0.820446	0.7417	0.746346	0.291482	0.0684351
0.820446	0.741617	0.746269	0.291417	0.0684107
0.820446	0.741535	0.746191	0.291352	0.0684004
0.820446	0.741453	0.746114	0.291286	0.0683993
0.820446	0.741371	0.746037	0.291221	0.068387
0.820446	0.741289	0.745959	0.291156	0.0683655
0.820446	0.741206	0.745882	0.29109	0.0683617
0.820446	0.741124	0.745805	0.291025	0.0683393
0.820446	0.741042	0.745727	0.29096	0.0683191
0.821756	0.741042	0.745805	0.291616	0.0683087
0.823067	0.741042	0.745882	0.292273	0.0682975
0.824377	0.741042	0.745959	0.292929	0.0682736
0.824377	0.74096	0.745882	0.292864	0.0682685
0.824377	0.740878	0.745805	0.292798	0.0682549
0.824377	0.740796	0.745727	0.292733	0.0682227
0.824377	0.740713	0.74565	0.292668	0.0681648
0.824377	0.740631	0.745573	0.292603	0.0681607
0.824377	0.740549	0.745495	0.292538	0.0681491
0.824377	0.740467	0.745418	0.292472	0.0681464
0.824377	0.740385	0.745341	0.292407	0.068117
0.824377	0.740302	0.745263	0.292342	0.0680504
0.824377	0.74022	0.745186	0.292277	0.0680421
0.824377	0.740138	0.745109	0.292212	0.0680327
0.824377	0.740056	0.745031	0.292147	0.0680225
0.824377	0.739974	0.744954	0.292082	0.0680175
0.824377	0.739892	0.744877	0.292017	0.0680083
0.824377	0.739809	0.744799	0.291952	0.0680058
0.824377	0.739727	0.744722	0.291887	0.0679991
0.824377	0.739645	0.744645	0.291822	0.0679625
0.824377	0.739563	0.744567	0.291757	0.0679457
0.824377	0.739481	0.74449	0.291692	0.0678615
0.824377	0.739398	0.744413	0.291627	0.0678348
0.824377	0.739316	0.744335	0.291562	0.0678286
0.824377	0.739234	0.744258	0.291497	0.0678268
0.824377	0.739152	0.744181	0.291432	0.0678129
0.824377	0.73907	0.744103	0.291367	0.0677974
0.824377	0.738988	0.744026	0.291302	0.0677518
0.824377	0.738905	0.743949	0.291238	0.0677301
0.824377	0.738823	0.743871	0.291173	0.0677255
0.824377	0.738741	0.743794	0.291108	0.0677249
0.824377	0.738659	0.743717	0.291043	0.0676848
0.824377	0.738577	0.743639	0.290979	0.0676638
0.824377	0.738494	0.743562	0.290914	0.0676556
0.824377	0.738412	0.743485	0.290849	0.0676361
0.824377	0.73833	0.743407	0.290785	0.0675902
0.824377	0.738248	0.74333	0.29072	0.067561
0.824377	0.738166	0.743253	0.290655	0.0675543
0.824377	0.738083	0.743175	0.290591	0.0675327
0.824377	0.738001	0.743098	0.290526	0.0675198
0.824377	0.737919	0.743021	0.290462	0.0675
0.824377	0.737837	0.742943	0.290397	0.067487
0.824377	0.737755	0.742866	0.290332	0.0674836
0.824377	0.737673	0.742789	0.290268	0.0674798
0.824377	0.73759	0.742711	0.290204	0.0674671
0.824377	0.737508	0.742634	0.290139	0.0674658
0.824377	0.737426	0.742557	0.290075	0.0674438
0.824377	0.737344	0.742479	0.29001	0.0674402
0.824377	0.737262	0.742402	0.289946	0.0674399
0.824377	0.737179	0.742325	0.289881	0.0674304
0.824377	0.737097	0.742247	0.289817	0.0674092
0.824377	0.737015	0.74217	0.289753	0.0673783
0.824377	0.736933	0.742093	0.289688	0.0673616
0.824377	0.736851	0.742015	0.289624	0.0673542
0.825688	0.736851	0.742093	0.290278	0.067333
0.825688	0.736769	0.742015	0.290214	0.0673233
0.825688	0.736686	0.741938	0.29015	0.0673178
0.825688	0.736604	0.741861	0.290086	0.0673052
0.825688	0.736522	0.741783	0.290021	0.0673012
0.826999	0.736522	0.741861	0.290675	0.0672681
0.826999	0.73644	0.741783	0.290611	0.0672636
0.826999	0.736358	0.741706	0.290547	0.0672543
0.826999	0.736275	0.741629	0.290483	0.0672364
0.826999	0.736193	0.741551	0.290418	0.0672196
0.826999	0.736111	0.741474	0.290354	0.0672164
0.826999	0.736029	0.741397	0.29029	0.0671856
0.826999	0.735947	0.741319	0.290226	0.0671688
0.826999	0.735865	0.741242	0.290162	0.067161
0.826999	0.735782	0.741165	0.290098	0.0671507
0.826999	0.7357	0.741087	0.290034	0.0671257
0.826999	0.735618	0.74101	0.289969	0.0671105
0.826999	0.735536	0.740933	0.289905	0.0671092
0.826999	0.735454	0.740855	0.289841	0.0670413
0.826999	0.735371	0.740778	0.289777	0.0670332
0.826999	0.735289	0.740701	0.289713	0.0670036
0.826999	0.735207	0.740623	0.289649	0.0669543
0.826999	0.735125	0.740546	0.289585	0.0669508
0.828309	0.735125	0.740623	0.290239	0.0668837
0.82962	0.735125	0.740701	0.290892	0.0668742
0.82962	0.735043	0.740623	0.290828	0.0668661
0.82962	0.734961	0.740546	0.290764	0.0668617
0.82962	0.734878	0.740469	0.2907	0.0668585
0.82962	0.734796	0.740391	0.290636	0.0668578
0.82962	0.734714	0.740314	0.290572	0.0668452
0.82962	0.734632	0.740237	0.290509	0.0668403
0.82962	0.73455	0.740159	0.290445	0.0668262
0.82962	0.734467	0.740082	0.290381	0.0668256
0.82962	0.734385	0.740005	0.290317	0.0668109
0.82962	0.734303	0.739927	0.290253	0.0667701
0.82962	0.734221	0.73985	0.290189	0.0667599
0.82962	0.734139	0.739773	0.290125	0.0667593
0.82962	0.734057	0.739695	0.290062	0.0667263
0.82962	0.733974	0.739618	0.289998	0.066713
0.82962	0.733892	0.739541	0.289934	0.0666773
0.82962	0.73381	0.739463	0.28987	0.0666746
0.82962	0.733728	0.739386	0.289807	0.0666531
0.82962	0.733646	0.739309	0.289743	0.066641
0.82962	0.733563	0.739231	0.289679	0.0666351
0.82962	0.733481	0.739154	0.289616	0.0666227
0.82962	0.733399	0.739077	0.289552	0.066622
0.82962	0.733317	0.738999	0.289489	0.0666185
0.830931	0.733317	0.739077	0.290141	0.0665809
0.830931	0.733235	0.738999	0.290078	0.0665621
0.830931	0.733153	0.738922	0.290014	0.0665268
0.830931	0.73307	0.738845	0.28995	0.0665255
0.830931	0.732988	0.738767	0.289887	0.0665191
0.830931	0.732906	0.73869	0.289823	0.0664833
0.830931	0.732824	0.738613	0.28976	0.066478
0.830931	0.732742	0.738535	0.289696	0.0664536
0.830931	0.732659	0.738458	0.289633	0.0664535
0.830931	0.732577	0.738381	0.289569	0.0664389
0.830931	0.732495	0.738303	0.289506	0.0664376
0.830931	0.732413	0.738226	0.289442	0.0664305
0.832241	0.732413	0.738303	0.290094	0.0664292
0.832241	0.732331	0.738226	0.290031	0.0664154
0.832241	0.732249	0.738149	0.289968	0.0664079
0.832241	0.732166	0.738071	0.289904	0.0664037
0.832241	0.732084	0.737994	0.289841	0.0663985
0.833552	0.732084	0.738071	0.290493	0.0663754
0.833552	0.732002	0.737994	0.290429	0.0663687
0.833552	0.73192	0.737917	0.290366	0.0663623
0.833552	0.731838	0.737839	0.290303	0.0663181
0.833552	0.731755	0.737762	0.290239	0.0663108
0.833552	0.731673	0.737685	0.290176	0.0663032
0.833552	0.731591	0.737607	0.290113	0.0663024
0.833552	0.731509	0.73753	0.290049	0.0662876
0.833552	0.731427	0.737453	0.289986	0.0662858
0.833552	0.731345	0.737375	0.289923	0.066264
0.833552	0.731262	0.737298	0.28986	0.0662269
0.833552	0.73118	0.737221	0.289796	0.0662252
0.833552	0.731098	0.737143	0.289733	0.0662044
0.833552	0.731016	0.737066	0.28967	0.0661761
0.833552	0.730934	0.736989	0.289607	0.0661752
0.833552	0.730851	0.736911	0.289544	0.0661675
0.833552	0.730769	0.736834	0.289481	0.066153
0.833552	0.730687	0.736757	0.289418	0.066137
0.833552	0.730605	0.736679	0.289354	0.0661186
0.834862	0.730605	0.736757	0.290006	0.0661065
0.834862	0.730523	0.736679	0.289943	0.0661033
0.834862	0.73044	0.736602	0.28988	0.0660778
0.834862	0.730358	0.736525	0.289816	0.066053
0.834862	0.730276	0.736447	0.289753	0.0660335
0.834862	0.730194	0.73637	0.28969	0.065987
0.834862	0.730112	0.736293	0.289627	0.0659675
0.834862	0.73003	0.736215	0.289564	0.0659589
0.834862	0.729947	0.736138	0.289501	0.065932
0.834862	0.729865	0.736061	0.289439	0.0659122
0.834862	0.729783	0.735983	0.289376	0.0659054
0.834862	0.729701	0.735906	0.289313	0.0658716
0.834862	0.729619	0.735829	0.28925	0.0658654
0.834862	0.729536	0.735751	0.289187	0.0658512
0.834862	0.729454	0.735674	0.289124	0.0658111
0.836173	0.729454	0.735751	0.289775	0.0658079
0.836173	0.729372	0.735674	0.289712	0.0657984
0.836173	0.72929	0.735597	0.289649	0.0657495
0.836173	0.729208	0.735519	0.289586	0.0657408
0.836173	0.729126	0.735442	0.289523	0.0657307
0.836173	0.729043	0.735365	0.289461	0.0657199
0.836173	0.728961	0.735287	0.289398	0.0656907
0.836173	0.728879	0.73521	0.289335	0.0656806
0.836173	0.728797	0.735133	0.289272	0.065679
0.836173	0.728715	0.735055	0.28921	0.0656651
0.836173	0.728632	0.734978	0.289147	0.06566
0.836173	0.72855	0.734901	0.289084	0.0656461
0.836173	0.728468	0.734823	0.289022	0.0656263
0.836173	0.728386	0.734746	0.288959	0.0656119
0.836173	0.728304	0.734669	0.288896	0.0656098
0.836173	0.728222	0.734591	0.288834	0.0656097
0.837484	0.728222	0.734669	0.289484	0.0656095
0.837484	0.728139	0.734591	0.289421	0.0655967
0.837484	0.728057	0.734514	0.289359	0.0655832
0.837484	0.727975	0.734437	0.289296	0.0655813
0.837484	0.727893	0.734359	0.289234	0.0655511
0.837484	0.727811	0.734282	0.289171	0.0655424
0.837484	0.727728	0.734205	0.289108	0.0655183
0.837484	0.727646	0.734127	0.289046	0.0654959
0.837484	0.727564	0.73405	0.288984	0.0654783
0.838794	0.727564	0.734127	0.289633	0.0654325
0.838794	0.727482	0.73405	0.289571	0.0654155
0.838794	0.7274	0.733973	0.289508	0.0653766
0.838794	0.727318	0.733895	0.289446	0.0653611
0.838794	0.727235	0.733818	0.289383	0.0653475
0.838794	0.727153	0.733741	0.289321	0.0653415
0.838794	0.727071	0.733663	0.289259	0.0653298
0.838794	0.726989	0.733586	0.289196	0.0653187
0.838794	0.726907	0.733509	0.289134	0.0652563
0.838794	0.726824	0.733431	0.289071	0.0652396
0.838794	0.726742	0.733354	0.289009	0.0652357
0.838794	0.72666	0.733277	0.288947	0.0651776
0.838794	0.726578	0.733199	0.288885	0.0651702
0.840105	0.726578	0.733277	0.289534	0.065152
0.840105	0.726496	0.733199	0.289472	0.0650667
0.840105	0.726414	0.733122	0.289409	0.0650271
0.840105	0.726331	0.733045	0.289347	0.0650181
0.840105	0.726249	0.732967	0.289285	0.0649726
0.840105	0.726167	0.73289	0.289222	0.0649359
0.840105	0.726085	0.732813	0.28916	0.0648877
0.840105	0.726003	0.732735	0.289098	0.0648654
0.840105	0.72592	0.732658	0.289036	0.0648626
0.840105	0.725838	0.732581	0.288974	0.0648466
0.840105	0.725756	0.732503	0.288912	0.0648146
0.840105	0.725674	0.732426	0.288849	0.0648024
0.840105	0.725592	0.732349	0.288787	0.0647916
0.840105	0.72551	0.732271	0.288725	0.0647887
0.840105	0.725427	0.732194	0.288663	0.064788
0.840105	0.725345	0.732117	0.288601	0.0647845
0.840105	0.725263	0.732039	0.288539	0.0647381
0.840105	0.725181	0.731962	0.288477	0.0647167
0.840105	0.725099	0.731885	0.288415	0.0647
0.840105	0.725016	0.731807	0.288353	0.0646792
0.840105	0.724934	0.73173	0.288291	0.0646576
0.840105	0.724852	0.731653	0.288229	0.0646139
0.840105	0.72477	0.731575	0.288167	0.0646047
0.840105	0.724688	0.731498	0.288105	0.0645976
0.840105	0.724606	0.731421	0.288043	0.0645976
0.840105	0.724523	0.731343	0.287982	0.0645513
0.840105	0.724441	0.731266	0.28792	0.064516
0.840105	0.724359	0.731189	0.287858	0.0645132
0.840105	0.724277	0.731111	0.287796	0.0644792
0.840105	0.724195	0.731034	0.287734	0.0644754
0.840105	0.724112	0.730957	0.287672	0.0644472
0.840105	0.72403	0.730879	0.287611	0.0644406
0.840105	0.723948	0.730802	0.287549	0.0644126
0.840105	0.723866	0.730725	0.287487	0.0643938
0.840105	0.723784	0.730647	0.287425	0.0643924
0.840105	0.723702	0.73057	0.287364	0.0643792
0.840105	0.723619	0.730493	0.287302	0.0643326
0.840105	0.723537	0.730415	0.28724	0.0643276
0.840105	0.723455	0.730338	0.287179	0.0642894
0.840105	0.723373	0.730261	0.287117	0.0642676
0.840105	0.723291	0.730183	0.287056	0.0642637
0.840105	0.723208	0.730106	0.286994	0.0642565
0.840105	0.723126	0.730029	0.286932	0.0642552
0.840105	0.723044	0.729951	0.286871	0.0642201
0.840105	0.722962	0.729874	0.286809	0.0642156
0.840105	0.72288	0.729797	0.286748	0.0641969
0.840105	0.722798	0.729719	0.286686	0.0641828
0.840105	0.722715	0.729642	0.286625	0.0641614
0.840105	0.722633	0.729565	0.286563	0.0640974
0.840105	0.722551	0.729487	0.286502	0.064081
0.840105	0.722469	0.72941	0.28644	0.0640762
0.840105	0.722387	0.729333	0.286379	0.064042
0.840105	0.722304	0.729255	0.286318	0.0640338
0.840105	0.722222	0.729178	0.286256	0.064002
0.840105	0.72214	0.729101	0.286195	0.0639872
0.840105	0.722058	0.729023	0.286134	0.0639865
0.840105	0.721976	0.728946	0.286072	0.0639851
0.840105	0.721893	0.728869	0.286011	0.0639817
0.840105	0.721811	0.728791	0.28595	0.0639805
0.841415	0.721811	0.728869	0.286597	0.0639717
0.842726	0.721811	0.728946	0.287244	0.0639686
0.842726	0.721729	0.728869	0.287183	0.0639601
0.842726	0.721647	0.728791	0.287122	0.0639431
0.842726	0.721565	0.728714	0.287061	0.0639365
0.842726	0.721483	0.728637	0.286999	0.0639313
0.842726	0.7214	0.728559	0.286938	0.0639202
0.842726	0.721318	0.728482	0.286877	0.0639182
0.842726	0.721236	0.728405	0.286816	0.0639103
0.842726	0.721154	0.728327	0.286754	0.0638921
0.842726	0.721072	0.72825	0.286693	0.0638893
0.842726	0.720989	0.728173	0.286632	0.0638539
0.842726	0.720907	0.728095	0.286571	0.0638483
0.842726	0.720825	0.728018	0.28651	0.0638389
0.844037	0.720825	0.728095	0.287157	0.0638269
0.844037	0.720743	0.728018	0.287095	0.0637917
0.844037	0.720661	0.727941	0.287034	0.0637842
0.844037	0.720579	0.727863	0.286973	0.0637804
0.845347	0.720579	0.727941	0.28762	0.0637764
0.845347	0.720496	0.727863	0.287559	0.0637387
0.845347	0.720414	0.727786	0.287498	0.0637277
0.845347	0.720332	0.727709	0.287437	0.0637182
0.845347	0.72025	0.727631	0.287376	0.0636858
0.845347	0.720168	0.727554	0.287314	0.0636633
0.845347	0.720085	0.727477	0.287253	0.0636591
0.845347	0.720003	0.727399	0.287192	0.0636557
0.845347	0.719921	0.727322	0.287131	0.0636341
0.845347	0.719839	0.727245	0.28707	0.0636098
0.845347	0.719757	0.727167	0.287009	0.0635936
0.845347	0.719675	0.72709	0.286949	0.063585
0.845347	0.719592	0.727013	0.286888	0.0635838
0.845347	0.71951	0.726935	0.286827	0.0635816
0.845347	0.719428	0.726858	0.286766	0.0635576
0.845347	0.719346	0.726781	0.286705	0.0635458
0.845347	0.719264	0.726703	0.286644	0.0635332
0.845347	0.719181	0.726626	0.286583	0.0635153
0.845347	0.719099	0.726549	0.286522	0.0635077
0.845347	0.719017	0.726471	0.286462	0.0634916
0.845347	0.718935	0.726394	0.286401	0.0634898
0.845347	0.718853	0.726317	0.28634	0.0634609
0.846658	0.718853	0.726394	0.286986	0.0634516
0.846658	0.718771	0.726317	0.286925	0.0634493
0.846658	0.718688	0.726239	0.286864	0.0634282
0.846658	0.718606	0.726162	0.286804	0.0634119
0.846658	0.718524	0.726085	0.286743	0.0634082
0.846658	0.718442	0.726007	0.286682	0.0634009
0.846658	0.71836	0.72593	0.286622	0.0633739
0.846658	0.718277	0.725853	0.286561	0.0633539
0.846658	0.718195	0.725775	0.2865	0.063332
0.846658	0.718113	0.725698	0.286439	0.0633115
0.846658	0.718031	0.725621	0.286379	0.0632835
0.846658	0.717949	0.725543	0.286318	0.0632818
0.846658	0.717867	0.725466	0.286258	0.0632668
0.846658	0.717784	0.725389	0.286197	0.0632623
0.846658	0.717702	0.725311	0.286136	0.0632021
0.846658	0.71762	0.725234	0.286076	0.0631471
0.846658	0.717538	0.725157	0.286015	0.0631282
0.846658	0.717456	0.725079	0.285955	0.0631238
0.846658	0.717373	0.725002	0.285894	0.0630916
0.846658	0.717291	0.724925	0.285834	0.0630731
0.846658	0.717209	0.724847	0.285773	0.0630629
0.846658	0.717127	0.72477	0.285713	0.0630557
0.846658	0.717045	0.724693	0.285653	0.0630366
0.846658	0.716963	0.724615	0.285592	0.0630093
0.846658	0.71688	0.724538	0.285532	0.0629796
0.846658	0.716716	0.724383	0.285411	0.0629556
0.846658	0.716634	0.724306	0.285351	0.0629358
0.846658	0.716552	0.724229	0.28529	0.0629347
0.846658	0.716469	0.724151	0.28523	0.0629122
0.846658	0.716387	0.724074	0.28517	0.0628857
0.846658	0.716305	0.723997	0.285109	0.062859
0.846658	0.716223	0.723919	0.285049	0.0628231
0.846658	0.716141	0.723842	0.284989	0.0628058
0.846658	0.716059	0.723765	0.284929	0.062795
0.846658	0.715976	0.723687	0.284869	0.0627848
0.846658	0.715894	0.72361	0.284808	0.0626924
0.846658	0.715812	0.723533	0.284748	0.0626718
0.846658	0.71573	0.723455	0.284688	0.0626337
0.846658	0.715648	0.723378	0.284628	0.062624
0.846658	0.715565	0.723301	0.284568	0.0626225
0.846658	0.715483	0.723223	0.284508	0.0626104
0.846658	0.715401	0.723146	0.284448	0.0626073
0.846658	0.715319	0.723069	0.284387	0.0625963
0.846658	0.715237	0.722991	0.284327	0.0625901
0.846658	0.715155	0.722914	0.284267	0.0625889
0.846658	0.715072	0.722837	0.284207	0.062587
0.846658	0.71499	0.722759	0.284147	0.0625644
0.846658	0.714908	0.722682	0.284087	0.0625585
0.846658	0.714826	0.722605	0.284027	0.0625254
0.846658	0.714744	0.722527	0.283967	0.0625186
0.846658	0.714661	0.72245	0.283907	0.0624806
0.846658	0.714579	0.722373	0.283848	0.0624628
0.846658	0.714497	0.722295	0.283788	0.0624594
0.846658	0.714415	0.722218	0.283728	0.0624468
0.846658	0.714333	0.722141	0.283668	0.0624371
0.846658	0.71425	0.722063	0.283608	0.062427
0.846658	0.714168	0.721986	0.283548	0.0623956
0.846658	0.714086	0.721909	0.283488	0.0623659
0.846658	0.714004	0.721831	0.283429	0.0623319
0.846658	0.713922	0.721754	0.283369	0.0623294
0.846658	0.71384	0.721677	0.283309	0.0623232
0.846658	0.713757	0.721599	0.283249	0.0623085
0.846658	0.713675	0.721522	0.283189	0.0623074
0.846658	0.713593	0.721445	0.28313	0.0623012
0.846658	0.713511	0.721367	0.28307	0.0622909
0.846658	0.713429	0.72129	0.28301	0.062285
0.846658	0.713346	0.721213	0.282951	0.0622443
0.846658	0.713264	0.721135	0.282891	0.0622157
0.846658	0.713182	0.721058	0.282831	0.062208
0.846658	0.7131	0.720981	0.282772	0.062206
0.846658	0.713018	0.720903	0.282712	0.0621906
0.846658	0.712936	0.720826	0.282653	0.0621721
0.846658	0.712853	0.720749	0.282593	0.0621644
0.846658	0.712771	0.720671	0.282533	0.062164
0.847969	0.712771	0.720749	0.283177	0.0621394
0.847969	0.712689	0.720671	0.283118	0.0621093
0.847969	0.712607	0.720594	0.283058	0.0620958
0.847969	0.712525	0.720517	0.282999	0.0620893
0.847969	0.712442	0.720439	0.282939	0.0620859
0.847969	0.71236	0.720362	0.28288	0.0620409
0.847969	0.712278	0.720285	0.28282	0.0620177
0.847969	0.712196	0.720207	0.282761	0.0620022
0.847969	0.712114	0.72013	0.282701	0.062
0.847969	0.712032	0.720053	0.282642	0.0619838
0.847969	0.711949	0.719975	0.282582	0.0619805
0.847969	0.711867	0.719898	0.282523	0.0619405
0.847969	0.711785	0.719821	0.282464	0.0619402
0.847969	0.711703	0.719743	0.282404	0.0619264
0.849279	0.711703	0.719821	0.283048	0.0619026
0.85059	0.711703	0.719898	0.283691	0.0619023
0.85059	0.711621	0.719821	0.283631	0.0618891
0.85059	0.711538	0.719743	0.283572	0.0618263
0.85059	0.711456	0.719666	0.283513	0.0618125
0.85059	0.711374	0.719589	0.283453	0.0618079
0.8519	0.711374	0.719666	0.284096	0.0618014
0.8519	0.711292	0.719589	0.284037	0.0617706
0.8519	0.71121	0.719511	0.283978	0.0617579
0.8519	0.711128	0.719434	0.283918	0.0617571
0.8519	0.711045	0.719357	0.283859	0.0617233
0.8519	0.710963	0.719279	0.2838	0.0617101
0.8519	0.710881	0.719202	0.283741	0.0617093
0.8519	0.710799	0.719125	0.283681	0.0616925
0.8519	0.710717	0.719047	0.283622	0.0616823
0.8519	0.710634	0.71897	0.283563	0.0616785
0.8519	0.710552	0.718893	0.283504	0.0616699
0.8519	0.71047	0.718815	0.283444	0.0616159
0.8519	0.710388	0.718738	0.283385	0.0615945
0.8519	0.710306	0.718661	0.283326	0.0615922
0.8519	0.710224	0.718583	0.283267	0.0615918
0.8519	0.710141	0.718506	0.283208	0.0615895
0.8519	0.710059	0.718429	0.283148	0.0615849
0.8519	0.709977	0.718351	0.283089	0.061582
0.8519	0.709895	0.718274	0.28303	0.0615693
0.8519	0.709813	0.718197	0.282971	0.0615548
0.8519	0.70973	0.718119	0.282912	0.0615505
0.8519	0.709648	0.718042	0.282853	0.0615257
0.8519	0.709566	0.717965	0.282794	0.0615253
0.8519	0.709484	0.717887	0.282735	0.0615047
0.8519	0.709402	0.71781	0.282676	0.0614732
0.8519	0.70932	0.717733	0.282617	0.0614362
0.8519	0.709237	0.717655	0.282558	0.0614361
0.8519	0.709155	0.717578	0.282499	0.0614297
0.8519	0.709073	0.717501	0.28244	0.0614175
0.8519	0.708991	0.717423	0.282381	0.0613656
0.8519	0.708909	0.717346	0.282322	0.0613493
0.8519	0.708826	0.717269	0.282264	0.0613301
0.8519	0.708744	0.717191	0.282205	0.0613213
0.8519	0.708662	0.717114	0.282146	0.0613198
0.8519	0.70858	0.717037	0.282087	0.0613185
0.8519	0.708498	0.716959	0.282028	0.0613141
0.8519	0.708416	0.716882	0.281969	0.0612847
0.8519	0.708333	0.716805	0.281911	0.0612775
0.8519	0.708251	0.716727	0.281852	0.0612683
0.8519	0.708169	0.71665	0.281793	0.0612636
0.8519	0.708087	0.716573	0.281734	0.0612452
0.8519	0.708005	0.716495	0.281676	0.0611904
0.8519	0.707922	0.716418	0.281617	0.0611881
0.8519	0.70784	0.716341	0.281558	0.0611553
0.8519	0.707758	0.716263	0.281499	0.0611474
0.8519	0.707676	0.716186	0.281441	0.0611462
0.8519	0.707594	0.716109	0.281382	0.0611114
0.8519	0.707512	0.716031	0.281324	0.0610822
0.8519	0.707429	0.715954	0.281265	0.0610783
0.8519	0.707347	0.715877	0.281206	0.061076
0.8519	0.707265	0.715799	0.281148	0.0610743
0.8519	0.707183	0.715722	0.281089	0.0610649
0.8519	0.707101	0.715645	0.281031	0.0610528
0.8519	0.707018	0.715567	0.280972	0.0610372
0.8519	0.706936	0.71549	0.280914	0.0610277
0.8519	0.706854	0.715413	0.280855	0.0610089
0.8519	0.706772	0.715335	0.280797	0.060987
0.8519	0.70669	0.715258	0.280738	0.0609689
0.853211	0.70669	0.715335	0.28138	0.0609658
0.853211	0.706607	0.715258	0.281321	0.0609625
0.853211	0.706525	0.715181	0.281263	0.0609577
0.853211	0.706443	0.715103	0.281204	0.0609529
0.853211	0.706361	0.715026	0.281146	0.0608995
0.853211	0.706279	0.714949	0.281087	0.0608901
0.853211	0.706197	0.714871	0.281029	0.0608844
0.854522	0.706197	0.714949	0.28167	0.0608597
0.854522	0.706114	0.714871	0.281612	0.0608477
0.854522	0.706032	0.714794	0.281553	0.0608377
0.854522	0.70595	0.714717	0.281495	0.0608312
0.854522	0.705868	0.714639	0.281437	0.06079
0.854522	0.705786	0.714562	0.281378	0.0607887
0.854522	0.705703	0.714485	0.28132	0.0607754
0.854522	0.705621	0.714407	0.281262	0.0607741
0.854522	0.705539	0.71433	0.281203	0.0607637
0.854522	0.705457	0.714253	0.281145	0.0607432
0.855832	0.705457	0.71433	0.281786	0.0607304
0.855832	0.705375	0.714253	0.281728	0.060711
0.855832	0.705293	0.714175	0.281669	0.0606806
0.855832	0.70521	0.714098	0.281611	0.0606789
0.855832	0.705128	0.714021	0.281553	0.0606519
0.855832	0.705046	0.713943	0.281495	0.0606502
0.855832	0.704964	0.713866	0.281436	0.060629
0.855832	0.704882	0.713789	0.281378	0.0605977
0.855832	0.704799	0.713711	0.28132	0.0605939
0.855832	0.704717	0.713634	0.281262	0.0605646
0.855832	0.704635	0.713557	0.281204	0.0605526
0.857143	0.704635	0.713634	0.281844	0.0605426
0.857143	0.704553	0.713557	0.281786	0.060508
0.857143	0.704471	0.713479	0.281728	0.0604928
0.857143	0.704389	0.713402	0.28167	0.0604774
0.857143	0.704306	0.713325	0.281612	0.0604742
0.857143	0.704224	0.713247	0.281554	0.060471
0.857143	0.704142	0.71317	0.281496	0.0604436
0.857143	0.70406	0.713093	0.281438	0.0604369
0.857143	0.703978	0.713015	0.28138	0.0604105
0.857143	0.703895	0.712938	0.281321	0.0603805
0.857143	0.703813	0.712861	0.281263	0.0603673
0.857143	0.703731	0.712783	0.281205	0.0603567
0.857143	0.703649	0.712706	0.281147	0.0603531
0.857143	0.703567	0.712629	0.281089	0.0603143
0.857143	0.703485	0.712551	0.281031	0.0603083
0.857143	0.703402	0.712474	0.280974	0.0603047
0.857143	0.70332	0.712397	0.280916	0.0603016
0.858453	0.70332	0.712474	0.281556	0.0602786
0.858453	0.703238	0.712397	0.281498	0.0602741
0.858453	0.703156	0.712319	0.28144	0.0602456
0.858453	0.703074	0.712242	0.281382	0.0602078
0.858453	0.702991	0.712165	0.281324	0.0602071
0.858453	0.702909	0.712087	0.281266	0.0602009
0.858453	0.702827	0.71201	0.281208	0.0601969
0.858453	0.702745	0.711933	0.28115	0.0601667
0.858453	0.702663	0.711855	0.281093	0.0601577
0.858453	0.702581	0.711778	0.281035	0.0601191
0.858453	0.702498	0.711701	0.280977	0.0601132
0.858453	0.702416	0.711623	0.280919	0.0600993
0.858453	0.702334	0.711546	0.280861	0.0600715
0.858453	0.702252	0.711469	0.280804	0.0600635
0.858453	0.70217	0.711391	0.280746	0.0600539
0.858453	0.702087	0.711314	0.280688	0.0600378
0.858453	0.702005	0.711237	0.28063	0.0600306
0.858453	0.701923	0.711159	0.280573	0.0600299
0.858453	0.701841	0.711082	0.280515	0.0600267
0.858453	0.701759	0.711005	0.280457	0.0600238
0.858453	0.701677	0.710927	0.2804	0.0600232
0.858453	0.701594	0.71085	0.280342	0.0600144
0.858453	0.701512	0.710773	0.280285	0.0599978
0.858453	0.70143	0.710695	0.280227	0.0599839
0.858453	0.701348	0.710618	0.280169	0.0599794
0.858453	0.701266	0.710541	0.280112	0.0599761
0.858453	0.701183	0.710463	0.280054	0.0599498
0.858453	0.701101	0.710386	0.279997	0.0599493
0.859764	0.701101	0.710463	0.280636	0.0599295
0.859764	0.701019	0.710386	0.280578	0.0599042
0.859764	0.700937	0.710309	0.280521	0.0598721
0.859764	0.700855	0.710231	0.280463	0.0598683
0.859764	0.700773	0.710154	0.280406	0.0598348
0.859764	0.70069	0.710077	0.280348	0.0598303
0.859764	0.700608	0.709999	0.280291	0.059827
0.859764	0.700526	0.709922	0.280233	0.0598145
0.859764	0.700444	0.709845	0.280176	0.0597854
0.859764	0.700362	0.709767	0.280119	0.0597238
0.859764	0.700279	0.70969	0.280061	0.0597094
0.859764	0.700197	0.709613	0.280004	0.0597064
0.859764	0.700115	0.709535	0.279946	0.0596983
0.861075	0.700115	0.709613	0.280585	0.059689
0.861075	0.700033	0.709535	0.280528	0.0596776
0.861075	0.699951	0.709458	0.280471	0.0596446
0.861075	0.699869	0.709381	0.280413	0.0596293
0.861075	0.699786	0.709303	0.280356	0.0596281
0.861075	0.699704	0.709226	0.280299	0.0596243
0.861075	0.699622	0.709149	0.280241	0.0595976
0.861075	0.69954	0.709071	0.280184	0.0595481
0.861075	0.699458	0.708994	0.280127	0.0595357
0.861075	0.699375	0.708917	0.280069	0.0595271
0.861075	0.699293	0.708839	0.280012	0.0595161
0.861075	0.699211	0.708762	0.279955	0.0594348
0.861075	0.699129	0.708685	0.279898	0.0594148
0.861075	0.699047	0.708607	0.27984	0.0593938
0.861075	0.698964	0.70853	0.279783	0.0593765
0.861075	0.698882	0.708453	0.279726	0.0593388
0.861075	0.6988	0.708375	0.279669	0.0593356
0.861075	0.698718	0.708298	0.279612	0.0593266
0.861075	0.698636	0.708221	0.279555	0.0592928
0.861075	0.698554	0.708143	0.279497	0.059277
0.861075	0.698471	0.708066	0.27944	0.0592602
0.861075	0.698389	0.707989	0.279383	0.0592442
0.861075	0.698307	0.707911	0.279326	0.0592435
0.861075	0.698225	0.707834	0.279269	0.0592335
0.861075	0.698143	0.707757	0.279212	0.0592312
0.861075	0.69806	0.707679	0.279155	0.0592176
0.861075	0.697978	0.707602	0.279098	0.059208
0.861075	0.697896	0.707525	0.279041	0.0591719
0.861075	0.697814	0.707447	0.278984	0.0591535
0.861075	0.697732	0.70737	0.278927	0.0591093
0.861075	0.69765	0.707293	0.27887	0.0590572
0.861075	0.697567	0.707215	0.278813	0.0590422
0.861075	0.697485	0.707138	0.278756	0.0590362
0.861075	0.697403	0.707061	0.278699	0.0590262
0.861075	0.697321	0.706983	0.278642	0.0590215
0.861075	0.697239	0.706906	0.278585	0.0589967
0.861075	0.697156	0.706829	0.278529	0.0589718
0.861075	0.697074	0.706751	0.278472	0.0589648
0.861075	0.696992	0.706674	0.278415	0.0589286
0.861075	0.69691	0.706597	0.278358	0.0589177
0.861075	0.696828	0.706519	0.278301	0.0588942
0.861075	0.696746	0.706442	0.278244	0.0588651
0.861075	0.696663	0.706365	0.278188	0.0588636
0.861075	0.696581	0.706287	0.278131	0.0588401
0.861075	0.696499	0.70621	0.278074	0.058796
0.861075	0.696417	0.706133	0.278017	0.0587938
0.861075	0.696335	0.706055	0.277961	0.0587862
0.861075	0.696252	0.705978	0.277904	0.0587686
0.861075	0.69617	0.705901	0.277847	0.0587346
0.861075	0.696088	0.705823	0.277791	0.0587273
0.861075	0.696006	0.705746	0.277734	0.058706
0.861075	0.695924	0.705669	0.277677	0.0586604
0.861075	0.695842	0.705591	0.277621	0.0586466
0.861075	0.695759	0.705514	0.277564	0.0586292
0.861075	0.695677	0.705437	0.277507	0.0585989
0.861075	0.695595	0.705359	0.277451	0.0585939
0.861075	0.695513	0.705282	0.277394	0.0585918
0.861075	0.695431	0.705205	0.277338	0.0585856
0.861075	0.695348	0.705127	0.277281	0.0585354
0.861075	0.695266	0.70505	0.277225	0.0585191
0.861075	0.695184	0.704973	0.277168	0.0585189
0.861075	0.695102	0.704895	0.277112	0.0584755
0.861075	0.69502	0.704818	0.277055	0.0584366
0.861075	0.694938	0.704741	0.276999	0.0584308
0.861075	0.694855	0.704663	0.276942	0.0584251
0.861075	0.694773	0.704586	0.276886	0.0584222
0.861075	0.694691	0.704509	0.276829	0.0584207
0.861075	0.694609	0.704431	0.276773	0.0584012
0.861075	0.694527	0.704354	0.276716	0.0583809
0.861075	0.694444	0.704277	0.27666	0.0583792
0.861075	0.694362	0.704199	0.276604	0.0583729
0.861075	0.69428	0.704122	0.276547	0.0583601
0.861075	0.694198	0.704045	0.276491	0.0583397
0.861075	0.694116	0.703967	0.276435	0.058206
0.861075	0.694034	0.70389	0.276378	0.0582028
0.861075	0.693951	0.703813	0.276322	0.0582025
0.861075	0.693869	0.703735	0.276266	0.0581986
0.861075	0.693787	0.703658	0.27621	0.0581931
0.861075	0.693705	0.703581	0.276153	0.0581901
0.861075	0.693623	0.703503	0.276097	0.0581896
0.861075	0.69354	0.703426	0.276041	0.0581661
0.861075	0.693458	0.703349	0.275985	0.0581455
0.861075	0.693376	0.703271	0.275928	0.0581335
0.861075	0.693294	0.703194	0.275872	0.0581317
0.861075	0.693212	0.703117	0.275816	0.0581222
0.861075	0.69313	0.703039	0.27576	0.0581136
0.861075	0.693047	0.702962	0.275704	0.0581117
0.861075	0.692965	0.702885	0.275648	0.0580948
0.861075	0.692883	0.702807	0.275591	0.0580752
0.861075	0.692801	0.70273	0.275535	0.0580616
0.861075	0.692719	0.702653	0.275479	0.0580568
0.861075	0.692636	0.702575	0.275423	0.0580478
0.861075	0.692554	0.702498	0.275367	0.0580297
0.861075	0.692472	0.702421	0.275311	0.0580296
0.861075	0.69239	0.702343	0.275255	0.0580188
0.861075	0.692308	0.702266	0.275199	0.0580149
0.861075	0.692226	0.702189	0.275143	0.0579916
0.861075	0.692143	0.702111	0.275087	0.0579894
0.861075	0.692061	0.702034	0.275031	0.0579823
0.861075	0.691979	0.701957	0.274975	0.0579712
0.861075	0.691897	0.701879	0.274919	0.057928
0.861075	0.691815	0.701802	0.274863	0.057915
0.861075	0.691732	0.701725	0.274807	0.0579075
0.861075	0.69165	0.701647	0.274752	0.05787
0.861075	0.691568	0.70157	0.274696	0.0578689
0.861075	0.691486	0.701493	0.27464	0.0578376
0.861075	0.691404	0.701415	0.274584	0.057828
0.862385	0.691404	0.701493	0.27522	0.0577809
0.862385	0.691321	0.701415	0.275164	0.0577786
0.862385	0.691239	0.701338	0.275109	0.0577421
0.862385	0.691157	0.701261	0.275053	0.0577197
0.863696	0.691157	0.701338	0.275689	0.0577076
0.863696	0.691075	0.701261	0.275633	0.0577022
0.863696	0.690993	0.701183	0.275577	0.0576928
0.863696	0.690911	0.701106	0.275521	0.0576592
0.863696	0.690828	0.701029	0.275466	0.057647
0.865007	0.690828	0.701106	0.276102	0.0576452
0.865007	0.690746	0.701029	0.276046	0.0576376
0.865007	0.690664	0.700951	0.27599	0.0576223
0.865007	0.690582	0.700874	0.275934	0.0576023
0.865007	0.6905	0.700797	0.275879	0.0575988
0.865007	0.690417	0.700719	0.275823	0.0575906
0.865007	0.690335	0.700642	0.275767	0.057559
0.865007	0.690253	0.700565	0.275711	0.0575542
0.865007	0.690171	0.700487	0.275656	0.0575468
0.865007	0.690089	0.70041	0.2756	0.0575458
0.865007	0.690007	0.700333	0.275544	0.0575409
0.865007	0.689924	0.700255	0.275489	0.0575321
0.865007	0.689842	0.700178	0.275433	0.0575293
0.865007	0.68976	0.700101	0.275377	0.0575153
0.865007	0.689678	0.700023	0.275322	0.0574757
0.865007	0.689596	0.699946	0.275266	0.0574457
0.865007	0.689513	0.699869	0.27521	0.057426
0.865007	0.689431	0.699791	0.275155	0.0574198
0.866317	0.689431	0.699869	0.27579	0.0574081
0.866317	0.689349	0.699791	0.275735	0.0573934
0.866317	0.689267	0.699714	0.275679	0.0573608
0.866317	0.689185	0.699637	0.275624	0.0573257
0.866317	0.689103	0.699559	0.275568	0.0572976
0.866317	0.68902	0.699482	0.275513	0.0572712
0.866317	0.688938	0.699405	0.275457	0.0572663
0.866317	0.688856	0.699327	0.275402	0.0572552
0.866317	0.688774	0.69925	0.275346	0.0572304
0.866317	0.688692	0.699173	0.275291	0.0572282
0.866317	0.688609	0.699095	0.275235	0.0572041
0.866317	0.688527	0.699018	0.27518	0.0572007
0.866317	0.688445	0.698941	0.275124	0.0571967
0.866317	0.688363	0.698863	0.275069	0.0571958
0.866317	0.688281	0.698786	0.275013	0.0571912
0.866317	0.688199	0.698709	0.274958	0.0571602
0.866317	0.688116	0.698631	0.274903	0.0571428
0.866317	0.688034	0.698554	0.274847	0.0571184
0.866317	0.687952	0.698477	0.274792	0.0571037
0.866317	0.68787	0.698399	0.274737	0.0571022
0.866317	0.687788	0.698322	0.274681	0.0571022
0.866317	0.687705	0.698245	0.274626	0.0570934
0.867628	0.687705	0.698322	0.275261	0.0570877
0.867628	0.687623	0.698245	0.275206	0.0570793
0.867628	0.687541	0.698167	0.27515	0.0570774
0.867628	0.687459	0.69809	0.275095	0.0570698
0.867628	0.687377	0.698013	0.27504	0.057055
0.868938	0.687377	0.69809	0.275675	0.0570485
0.868938	0.687295	0.698013	0.275619	0.0570379
0.868938	0.687212	0.697935	0.275564	0.0570284
0.868938	0.68713	0.697858	0.275509	0.0570212
0.868938	0.687048	0.697781	0.275454	0.0569863
0.868938	0.686966	0.697703	0.275398	0.0569766
0.868938	0.686884	0.697626	0.275343	0.0569348
0.868938	0.686801	0.697549	0.275288	0.056921
0.868938	0.686719	0.697471	0.275233	0.0569026
0.868938	0.686637	0.697394	0.275178	0.0568987
0.868938	0.686555	0.697317	0.275122	0.0568814
0.868938	0.686473	0.697239	0.275067	0.0568713
0.868938	0.686391	0.697162	0.275012	0.0568658
0.870249	0.686391	0.697239	0.275647	0.0568549
0.870249	0.686308	0.697162	0.275592	0.0568485
0.870249	0.686226	0.697085	0.275536	0.0568482
0.870249	0.686144	0.697007	0.275481	0.0568465
0.870249	0.686062	0.69693	0.275426	0.0568139
0.87156	0.686062	0.697007	0.276061	0.0567954
0.87156	0.68598	0.69693	0.276006	0.0567896
0.87156	0.685897	0.696853	0.27595	0.0567541
0.87156	0.685815	0.696775	0.275895	0.056737
0.87156	0.685733	0.696698	0.27584	0.0567328
0.87156	0.685651	0.696621	0.275785	0.0566944
0.87156	0.685569	0.696543	0.27573	0.0566854
0.87156	0.685487	0.696466	0.275675	0.0566845
0.87156	0.685404	0.696389	0.27562	0.0566662
0.87287	0.685404	0.696466	0.276254	0.0566367
0.87287	0.685322	0.696389	0.276199	0.0566343
0.874181	0.685322	0.696466	0.276833	0.0566257
0.874181	0.68524	0.696389	0.276778	0.0566184
0.874181	0.685158	0.696311	0.276723	0.0565951
0.874181	0.685076	0.696234	0.276668	0.0565766
0.874181	0.684993	0.696157	0.276613	0.0565758
0.874181	0.684911	0.696079	0.276558	0.0565619
0.874181	0.684829	0.696002	0.276503	0.0565319
0.874181	0.684747	0.695925	0.276449	0.0565289
0.874181	0.684665	0.695847	0.276394	0.056524
0.874181	0.684583	0.69577	0.276339	0.056521
0.874181	0.6845	0.695693	0.276284	0.0564931
0.874181	0.684418	0.695615	0.276229	0.0564913
0.874181	0.684336	0.695538	0.276174	0.0564821
0.874181	0.684254	0.695461	0.276119	0.056469
0.874181	0.684172	0.695383	0.276064	0.0564515
0.874181	0.684089	0.695306	0.276009	0.0564427
0.874181	0.684007	0.695229	0.275955	0.0564149
0.874181	0.683925	0.695151	0.2759	0.0564016
0.874181	0.683843	0.695074	0.275845	0.0563904
0.874181	0.683761	0.694997	0.27579	0.0563854
0.874181	0.683679	0.694919	0.275735	0.0563272
0.874181	0.683596	0.694842	0.275681	0.0562911
0.874181	0.683514	0.694765	0.275626	0.0562908
0.874181	0.683432	0.694687	0.275571	0.0562472
0.874181	0.68335	0.69461	0.275516	0.0562456
0.874181	0.683268	0.694533	0.275462	0.0562365
0.874181	0.683185	0.694455	0.275407	0.0562274
0.874181	0.683103	0.694378	0.275352	0.0561857
0.874181	0.683021	0.694301	0.275298	0.0561599
0.874181	0.682939	0.694223	0.275243	0.0561572
0.874181	0.682857	0.694146	0.275188	0.0561535
0.874181	0.682774	0.694069	0.275134	0.056137
0.874181	0.682692	0.693991	0.275079	0.0561307
0.874181	0.68261	0.693914	0.275025	0.056128
0.874181	0.682528	0.693837	0.27497	0.0560856
0.874181	0.682446	0.693759	0.274915	0.0560753
0.874181	0.682364	0.693682	0.274861	0.056035
0.874181	0.682281	0.693605	0.274806	0.0560178
0.874181	0.682199	0.693527	0.274752	0.0560015
0.874181	0.682117	0.69345	0.274697	0.0559966
0.874181	0.682035	0.693373	0.274643	0.0559936
0.874181	0.681953	0.693295	0.274588	0.0559892
0.874181	0.68187	0.693218	0.274534	0.0559886
0.874181	0.681788	0.693141	0.274479	0.055982
0.874181	0.681706	0.693063	0.274425	0.0559552
0.874181	0.681624	0.692986	0.274371	0.0559348
0.874181	0.681542	0.692909	0.274316	0.0559223
0.874181	0.68146	0.692831	0.274262	0.0559109
0.874181	0.681377	0.692754	0.274207	0.0559014
0.874181	0.681295	0.692677	0.274153	0.0558635
0.874181	0.681213	0.692599	0.274099	0.0558499
0.874181	0.681131	0.692522	0.274044	0.0558491
0.874181	0.681049	0.692445	0.27399	0.0558491
0.874181	0.680966	0.692367	0.273936	0.0558437
0.874181	0.680884	0.69229	0.273881	0.0558386
0.874181	0.680802	0.692213	0.273827	0.0558151
0.874181	0.68072	0.692135	0.273773	0.0558105
0.874181	0.680638	0.692058	0.273718	0.0557993
0.874181	0.680556	0.691981	0.273664	0.0557872
0.874181	0.680473	0.691903	0.27361	0.0557816
0.874181	0.680391	0.691826	0.273556	0.0557642
0.874181	0.680309	0.691749	0.273501	0.0557638
0.874181	0.680227	0.691671	0.273447	0.0557627
0.874181	0.680145	0.691594	0.273393	0.0557478
0.874181	0.680062	0.691517	0.273339	0.0557441
0.874181	0.67998	0.691439	0.273285	0.0557397
0.875491	0.67998	0.691517	0.273917	0.0557387
0.875491	0.679898	0.691439	0.273863	0.0557384
0.875491	0.679816	0.691362	0.273809	0.0557105
0.875491	0.679734	0.691285	0.273755	0.0556397
0.875491	0.679652	0.691207	0.273701	0.0556393
0.875491	0.679569	0.69113	0.273647	0.0556224
0.875491	0.679487	0.691053	0.273592	0.0556219
0.875491	0.679405	0.690975	0.273538	0.0555796
0.875491	0.679323	0.690898	0.273484	0.0555503
0.875491	0.679241	0.690821	0.27343	0.0555407
0.875491	0.679158	0.690743	0.273376	0.0555317
0.875491	0.679076	0.690666	0.273322	0.0555274
0.875491	0.678994	0.690589	0.273268	0.0555074
0.876802	0.678994	0.690666	0.2739	0.0555039
0.876802	0.678912	0.690589	0.273846	0.0554993
0.876802	0.67883	0.690511	0.273792	0.055495
0.876802	0.678748	0.690434	0.273738	0.0554933
0.876802	0.678665	0.690357	0.273684	0.0554814
0.876802	0.678583	0.690279	0.27363	0.0554672
0.876802	0.678501	0.690202	0.273576	0.0554487
0.876802	0.678419	0.690125	0.273522	0.0554418
0.876802	0.678337	0.690047	0.273468	0.0554297
0.876802	0.678254	0.68997	0.273415	0.0554251
0.876802	0.678172	0.689893	0.273361	0.0554037
0.876802	0.67809	0.689815	0.273307	0.0553973
0.876802	0.678008	0.689738	0.273253	0.055394
0.876802	0.677926	0.689661	0.273199	0.0553863
0.876802	0.677844	0.689583	0.273145	0.0553735
0.876802	0.677761	0.689506	0.273091	0.0553677
0.876802	0.677679	0.689429	0.273037	0.0553517
0.876802	0.677597	0.689351	0.272984	0.0553241
0.876802	0.677515	0.689274	0.27293	0.0553139
0.876802	0.677433	0.689197	0.272876	0.0552671
0.876802	0.67735	0.689119	0.272822	0.0552438
0.876802	0.677268	0.689042	0.272768	0.0552394
0.876802	0.677186	0.688965	0.272715	0.0552357
0.876802	0.677104	0.688887	0.272661	0.0551829
0.876802	0.677022	0.68881	0.272607	0.055178
0.876802	0.67694	0.688733	0.272553	0.0551511
0.878113	0.67694	0.68881	0.273185	0.0551359
0.878113	0.676857	0.688733	0.273131	0.0551249
0.878113	0.676775	0.688655	0.273078	0.055124
0.878113	0.676693	0.688578	0.273024	0.0550817
0.878113	0.676611	0.688501	0.27297	0.0550521
0.878113	0.676529	0.688423	0.272917	0.0550289
0.878113	0.676446	0.688346	0.272863	0.0550202
0.878113	0.676364	0.688269	0.272809	0.0550165
0.878113	0.676282	0.688191	0.272756	0.054998
0.878113	0.6762	0.688114	0.272702	0.0549892
0.878113	0.676118	0.688037	0.272648	0.0549879
0.878113	0.676036	0.687959	0.272595	0.0549789
0.878113	0.675953	0.687882	0.272541	0.0549267
0.878113	0.675871	0.687805	0.272488	0.0549035
0.878113	0.675789	0.687727	0.272434	0.0548832
0.878113	0.675707	0.68765	0.272381	0.0548604
0.878113	0.675625	0.687573	0.272327	0.0548593
0.878113	0.675542	0.687495	0.272273	0.0548241
0.878113	0.67546	0.687418	0.27222	0.0548065
0.878113	0.675378	0.68734	0.272166	0.0547954
0.878113	0.675296	0.687263	0.272113	0.0547944
0.878113	0.675214	0.687186	0.27206	0.0547757
0.878113	0.675131	0.687108	0.272006	0.0547643
0.878113	0.675049	0.687031	0.271953	0.0547515
0.878113	0.674967	0.686954	0.271899	0.0547514
0.878113	0.674885	0.686876	0.271846	0.0547404
0.878113	0.674803	0.686799	0.271792	0.0547326
0.878113	0.674721	0.686722	0.271739	0.0547298
0.878113	0.674638	0.686644	0.271686	0.0547211
0.879423	0.674638	0.686722	0.272317	0.0547099
0.879423	0.674556	0.686644	0.272263	0.0546821
0.879423	0.674474	0.686567	0.27221	0.0546233
0.880734	0.674474	0.686644	0.272841	0.0545902
0.880734	0.674392	0.686567	0.272788	0.0545792
0.880734	0.67431	0.68649	0.272734	0.054573
0.880734	0.674227	0.686412	0.272681	0.054562
0.880734	0.674145	0.686335	0.272628	0.0545618
0.880734	0.674063	0.686258	0.272574	0.054555
0.880734	0.673981	0.68618	0.272521	0.0545131
0.880734	0.673899	0.686103	0.272468	0.0545064
0.880734	0.673817	0.686026	0.272414	0.0544905
0.880734	0.673734	0.685948	0.272361	0.054483
0.880734	0.673652	0.685871	0.272308	0.0544534
0.880734	0.67357	0.685794	0.272255	0.0544529
0.880734	0.673488	0.685716	0.272201	0.0544376
0.880734	0.673406	0.685639	0.272148	0.0544183
0.880734	0.673323	0.685562	0.272095	0.0544071
0.880734	0.673241	0.685484	0.272042	0.0543894
0.880734	0.673159	0.685407	0.271988	0.0543875
0.880734	0.673077	0.68533	0.271935	0.05438
0.880734	0.672995	0.685252	0.271882	0.0543629
0.880734	0.672913	0.685175	0.271829	0.0543216
0.880734	0.67283	0.685098	0.271776	0.0542977
0.880734	0.672748	0.68502	0.271723	0.0542912
0.880734	0.672666	0.684943	0.27167	0.0542822
0.880734	0.672584	0.684866	0.271616	0.0542574
0.880734	0.672502	0.684788	0.271563	0.0542518
0.880734	0.672419	0.684711	0.27151	0.054248
0.880734	0.672337	0.684634	0.271457	0.0542379
0.880734	0.672255	0.684556	0.271404	0.0542215
0.880734	0.672173	0.684479	0.271351	0.054221
0.880734	0.672091	0.684402	0.271298	0.0542056
0.880734	0.672009	0.684324	0.271245	0.0541989
0.880734	0.671926	0.684247	0.271192	0.0541978
0.880734	0.671844	0.68417	0.271139	0.0541902
0.880734	0.671762	0.684092	0.271086	0.0541619
0.880734	0.67168	0.684015	0.271033	0.0541393
0.880734	0.671598	0.683938	0.27098	0.0540964
0.880734	0.671515	0.68386	0.270927	0.0540909
0.880734	0.671433	0.683783	0.270874	0.0540679
0.880734	0.671351	0.683706	0.270821	0.0540469
0.880734	0.671269	0.683628	0.270768	0.0540322
0.880734	0.671187	0.683551	0.270716	0.0540273
0.880734	0.671105	0.683474	0.270663	0.0540208
0.880734	0.671022	0.683396	0.27061	0.0540179
0.880734	0.67094	0.683319	0.270557	0.0540073
0.880734	0.670858	0.683242	0.270504	0.0540021
0.880734	0.670776	0.683164	0.270451	0.0539699
0.880734	0.670694	0.683087	0.270398	0.0539546
0.880734	0.670611	0.68301	0.270346	0.0539119
0.880734	0.670529	0.682932	0.270293	0.0539101
0.880734	0.670447	0.682855	0.27024	0.0539013
0.882045	0.670447	0.682932	0.27087	0.0539009
0.882045	0.670365	0.682855	0.270817	0.0538774
0.882045	0.670283	0.682778	0.270765	0.0538755
0.882045	0.670201	0.6827	0.270712	0.0538606
0.882045	0.670118	0.682623	0.270659	0.0538559
0.882045	0.670036	0.682546	0.270606	0.0538072
0.882045	0.669954	0.682468	0.270554	0.0538055
0.882045	0.669872	0.682391	0.270501	0.0537996
0.882045	0.66979	0.682314	0.270448	0.0537923
0.882045	0.669707	0.682236	0.270396	0.0537872
0.882045	0.669625	0.682159	0.270343	0.0537626
0.882045	0.669543	0.682082	0.27029	0.0537587
0.882045	0.669461	0.682004	0.270238	0.0537339
0.882045	0.669379	0.681927	0.270185	0.0537213
0.882045	0.669297	0.68185	0.270132	0.0537045
0.882045	0.669214	0.681772	0.27008	0.0536769
0.882045	0.669132	0.681695	0.270027	0.0536687
0.882045	0.66905	0.681618	0.269974	0.0536404
0.882045	0.668968	0.68154	0.269922	0.0536052
0.882045	0.668886	0.681463	0.269869	0.0536014
0.882045	0.668803	0.681386	0.269817	0.0536008
0.882045	0.668721	0.681308	0.269764	0.0535943
0.882045	0.668639	0.681231	0.269712	0.0535934
0.882045	0.668557	0.681154	0.269659	0.053588
0.882045	0.668475	0.681076	0.269607	0.053557
0.882045	0.668393	0.680999	0.269554	0.0535528
0.882045	0.66831	0.680922	0.269502	0.0535492
0.882045	0.668228	0.680844	0.269449	0.05352
0.882045	0.668146	0.680767	0.269397	0.0534976
0.882045	0.668064	0.68069	0.269344	0.0534966
0.882045	0.667982	0.680612	0.269292	0.0534606
0.882045	0.667899	0.680535	0.26924	0.053422
0.882045	0.667817	0.680458	0.269187	0.0534196
0.882045	0.667735	0.68038	0.269135	0.0534131
0.882045	0.667653	0.680303	0.269082	0.0534079
0.882045	0.667571	0.680226	0.26903	0.0533947
0.882045	0.667488	0.680148	0.268978	0.0533881
0.882045	0.667406	0.680071	0.268925	0.0533826
0.882045	0.667324	0.679994	0.268873	0.0533798
0.882045	0.667242	0.679916	0.268821	0.0533613
0.882045	0.66716	0.679839	0.268768	0.0533601
0.882045	0.667078	0.679762	0.268716	0.0533499
0.882045	0.666995	0.679684	0.268664	0.0533469
0.882045	0.666913	0.679607	0.268612	0.0533103
0.882045	0.666831	0.67953	0.268559	0.0533098
0.882045	0.666749	0.679452	0.268507	0.0532845
0.882045	0.666667	0.679375	0.268455	0.0532838
0.882045	0.666584	0.679298	0.268403	0.0532817
0.882045	0.666502	0.67922	0.26835	0.0532778
0.882045	0.66642	0.679143	0.268298	0.0532677
0.882045	0.666338	0.679066	0.268246	0.0532516
0.882045	0.666256	0.678988	0.268194	0.0532499
0.882045	0.666174	0.678911	0.268142	0.0532413
0.882045	0.666091	0.678834	0.26809	0.0532205
0.882045	0.666009	0.678756	0.268037	0.0531989
0.882045	0.665927	0.678679	0.267985	0.0531726
0.882045	0.665845	0.678602	0.267933	0.0531714
0.882045	0.665763	0.678524	0.267881	0.0531708
0.883355	0.665763	0.678602	0.26851	0.0531683
0.883355	0.66568	0.678524	0.268458	0.053152
0.883355	0.665598	0.678447	0.268406	0.0531446
0.883355	0.665516	0.67837	0.268354	0.0531395
0.883355	0.665434	0.678292	0.268302	0.0531071
0.883355	0.665352	0.678215	0.26825	0.0531063
0.883355	0.66527	0.678138	0.268198	0.0530986
0.883355	0.665187	0.67806	0.268146	0.0530718
0.883355	0.665105	0.677983	0.268094	0.0530589
0.883355	0.665023	0.677906	0.268042	0.0530536
0.883355	0.664941	0.677828	0.26799	0.0530442
0.883355	0.664859	0.677751	0.267938	0.0530416
0.883355	0.664776	0.677674	0.267886	0.0530355
0.883355	0.664694	0.677596	0.267834	0.0530269
0.883355	0.664612	0.677519	0.267782	0.0530268
0.883355	0.66453	0.677442	0.26773	0.0530239
0.883355	0.664448	0.677364	0.267678	0.0530158
0.883355	0.664366	0.677287	0.267626	0.0530086
0.883355	0.664283	0.67721	0.267574	0.0529978
0.883355	0.664201	0.677132	0.267522	0.0529916
0.883355	0.664119	0.677055	0.26747	0.0529881
0.883355	0.664037	0.676978	0.267418	0.0529725
0.883355	0.663955	0.6769	0.267366	0.0529514
0.883355	0.663872	0.676823	0.267315	0.0529389
0.883355	0.66379	0.676746	0.267263	0.0529238
0.883355	0.663708	0.676668	0.267211	0.052889
0.883355	0.663626	0.676591	0.267159	0.0528885
0.883355	0.663544	0.676514	0.267107	0.0528815
0.883355	0.663462	0.676436	0.267056	0.0528544
0.883355	0.663379	0.676359	0.267004	0.0528363
0.883355	0.663297	0.676282	0.266952	0.0528322
0.883355	0.663215	0.676204	0.2669	0.0528309
0.883355	0.663133	0.676127	0.266849	0.0528288
0.883355	0.663051	0.67605	0.266797	0.052823
0.883355	0.662968	0.675972	0.266745	0.0528084
0.883355	0.662886	0.675895	0.266693	0.0527958
0.883355	0.662804	0.675818	0.266642	0.0527755
0.883355	0.662722	0.67574	0.26659	0.052772
0.883355	0.66264	0.675663	0.266538	0.0527695
0.883355	0.662558	0.675586	0.266487	0.0527663
0.883355	0.662475	0.675508	0.266435	0.0527451
0.883355	0.662393	0.675431	0.266384	0.0527396
0.883355	0.662311	0.675354	0.266332	0.0527388
0.883355	0.662229	0.675276	0.26628	0.0527291
0.883355	0.662147	0.675199	0.266229	0.0526969
0.883355	0.662064	0.675122	0.266177	0.0526908
0.883355	0.661982	0.675044	0.266126	0.0526732
0.883355	0.6619	0.674967	0.266074	0.0526719
0.883355	0.661818	0.67489	0.266022	0.0526701
0.883355	0.661736	0.674812	0.265971	0.0526658
0.883355	0.661654	0.674735	0.265919	0.0526656
0.883355	0.661571	0.674658	0.265868	0.0526576
0.883355	0.661489	0.67458	0.265816	0.0526539
0.883355	0.661407	0.674503	0.265765	0.0526456
0.883355	0.661325	0.674426	0.265713	0.0526443
0.883355	0.661243	0.674348	0.265662	0.05261
0.883355	0.66116	0.674271	0.265611	0.0525734
0.883355	0.661078	0.674194	0.265559	0.0525666
0.883355	0.660996	0.674116	0.265508	0.052549
0.883355	0.660914	0.674039	0.265456	0.0525452
0.883355	0.660832	0.673962	0.265405	0.0525133
0.883355	0.66075	0.673884	0.265353	0.0525018
0.883355	0.660667	0.673807	0.265302	0.052501
0.883355	0.660585	0.67373	0.265251	0.0524906
0.883355	0.660503	0.673652	0.265199	0.0524803
0.883355	0.660421	0.673575	0.265148	0.0524666
0.883355	0.660339	0.673498	0.265097	0.0524478
0.883355	0.660256	0.67342	0.265045	0.0524208
0.883355	0.660174	0.673343	0.264994	0.0524124
0.883355	0.660092	0.673266	0.264943	0.0524061
0.883355	0.66001	0.673188	0.264891	0.0523759
0.883355	0.659928	0.673111	0.26484	0.0523742
0.883355	0.659845	0.673034	0.264789	0.0523679
0.883355	0.659763	0.672956	0.264738	0.0523575
0.883355	0.659681	0.672879	0.264686	0.052349
0.883355	0.659599	0.672802	0.264635	0.0523476
0.883355	0.659517	0.672724	0.264584	0.0523326
0.883355	0.659435	0.672647	0.264533	0.0523224
0.883355	0.659352	0.67257	0.264482	0.0522888
0.883355	0.65927	0.672492	0.26443	0.0522881
0.883355	0.659188	0.672415	0.264379	0.0522778
0.883355	0.659106	0.672338	0.264328	0.0522766
0.883355	0.659024	0.67226	0.264277	0.052264
0.883355	0.658941	0.672183	0.264226	0.0522606
0.883355	0.658859	0.672106	0.264175	0.052258
0.883355	0.658777	0.672028	0.264123	0.0522343
0.883355	0.658695	0.671951	0.264072	0.0522247
0.883355	0.658613	0.671874	0.264021	0.0522203
0.883355	0.658531	0.671796	0.26397	0.0522188
0.884666	0.658531	0.671874	0.264598	0.0522004
0.884666	0.658448	0.671796	0.264546	0.052181
0.885976	0.658448	0.671874	0.265174	0.0521715
0.885976	0.658366	0.671796	0.265123	0.0521567
0.885976	0.658284	0.671719	0.265072	0.0521481
0.885976	0.658202	0.671642	0.265021	0.0521354
0.885976	0.65812	0.671564	0.264969	0.0521319
0.885976	0.658037	0.671487	0.264918	0.0521072
0.885976	0.657955	0.67141	0.264867	0.0520917
0.885976	0.657873	0.671332	0.264816	0.0520866
0.885976	0.657791	0.671255	0.264765	0.0520826
0.885976	0.657709	0.671178	0.264714	0.0520515
0.885976	0.657627	0.6711	0.264663	0.0520275
0.885976	0.657544	0.671023	0.264612	0.0520079
0.885976	0.657462	0.670946	0.264561	0.0520067
0.885976	0.65738	0.670868	0.26451	0.0520021
0.885976	0.657298	0.670791	0.26446	0.0519968
0.885976	0.657216	0.670714	0.264409	0.05197
0.885976	0.657133	0.670636	0.264358	0.0519617
0.885976	0.657051	0.670559	0.264307	0.0519333
0.885976	0.656969	0.670482	0.264256	0.0519255
0.885976	0.656887	0.670404	0.264205	0.0518774
0.885976	0.656805	0.670327	0.264154	0.051875
0.885976	0.656723	0.67025	0.264103	0.0518473
0.885976	0.65664	0.670172	0.264052	0.0518452
0.885976	0.656558	0.670095	0.264002	0.0518396
0.885976	0.656476	0.670018	0.263951	0.0518294
0.885976	0.656394	0.66994	0.2639	0.0518271
0.885976	0.656312	0.669863	0.263849	0.0518174
0.885976	0.656229	0.669786	0.263798	0.0518147
0.885976	0.656147	0.669708	0.263748	0.0518022
0.885976	0.656065	0.669631	0.263697	0.0517972
0.885976	0.655983	0.669554	0.263646	0.0517743
0.885976	0.655901	0.669476	0.263595	0.0517671
0.885976	0.655819	0.669399	0.263545	0.0517567
0.885976	0.655736	0.669322	0.263494	0.0517549
0.885976	0.655654	0.669244	0.263443	0.0517494
0.885976	0.655572	0.669167	0.263392	0.0517059
0.885976	0.65549	0.66909	0.263342	0.0517027
0.885976	0.655408	0.669012	0.263291	0.0516893
0.885976	0.655325	0.668935	0.26324	0.0516737
0.885976	0.655243	0.668858	0.26319	0.051633
0.885976	0.655161	0.66878	0.263139	0.0516273
0.885976	0.655079	0.668703	0.263088	0.0516232
0.885976	0.654997	0.668626	0.263038	0.0516115
0.885976	0.654915	0.668548	0.262987	0.0516111
0.885976	0.654832	0.668471	0.262937	0.0515577
0.885976	0.65475	0.668394	0.262886	0.0515239
0.885976	0.654668	0.668316	0.262835	0.0514796
0.885976	0.654586	0.668239	0.262785	0.0514658
0.885976	0.654504	0.668162	0.262734	0.051463
0.885976	0.654421	0.668084	0.262684	0.051434
0.885976	0.654339	0.668007	0.262633	0.0514331
0.885976	0.654257	0.66793	0.262583	0.0514234
0.885976	0.654175	0.667852	0.262532	0.0514194
0.885976	0.654093	0.667775	0.262482	0.051417
0.885976	0.654011	0.667698	0.262431	0.0514154
0.885976	0.653928	0.66762	0.262381	0.0514131
0.885976	0.653846	0.667543	0.26233	0.0514007
0.885976	0.653764	0.667466	0.26228	0.0513956
0.885976	0.653682	0.667388	0.262229	0.0513661
0.885976	0.6536	0.667311	0.262179	0.0513554
0.885976	0.653517	0.667234	0.262128	0.0513351
0.887287	0.653517	0.667311	0.262755	0.0513057
0.887287	0.653435	0.667234	0.262704	0.0513043
0.887287	0.653353	0.667156	0.262654	0.051299
0.887287	0.653271	0.667079	0.262603	0.0512979
0.887287	0.653189	0.667002	0.262553	0.0512954
0.887287	0.653107	0.666924	0.262503	0.0512387
0.887287	0.653024	0.666847	0.262452	0.0511525
0.887287	0.652942	0.66677	0.262402	0.051151
0.887287	0.65286	0.666692	0.262352	0.0511422
0.887287	0.652778	0.666615	0.262301	0.0511094
0.887287	0.652696	0.666538	0.262251	0.0511032
0.887287	0.652613	0.66646	0.262201	0.0510927
0.887287	0.652531	0.666383	0.26215	0.051091
0.887287	0.652449	0.666306	0.2621	0.0510782
0.887287	0.652367	0.666228	0.26205	0.0510454
0.887287	0.652285	0.666151	0.261999	0.0510184
0.887287	0.652202	0.666074	0.261949	0.0510143
0.887287	0.65212	0.665996	0.261899	0.051001
0.887287	0.652038	0.665919	0.261849	0.0509481
0.887287	0.651956	0.665842	0.261798	0.0509261
0.887287	0.651874	0.665764	0.261748	0.0509245
0.887287	0.651792	0.665687	0.261698	0.0509205
0.887287	0.651709	0.66561	0.261648	0.0509196
0.887287	0.651627	0.665532	0.261598	0.050914
0.887287	0.651545	0.665455	0.261547	0.0509001
0.887287	0.651463	0.665378	0.261497	0.0508961
0.887287	0.651381	0.6653	0.261447	0.0508895
0.887287	0.651298	0.665223	0.261397	0.0508646
0.887287	0.651216	0.665146	0.261347	0.0508443
0.887287	0.651134	0.665068	0.261297	0.0508265
0.887287	0.651052	0.664991	0.261247	0.0508211
0.887287	0.65097	0.664914	0.261197	0.0508164
0.887287	0.650888	0.664836	0.261146	0.0508127
0.887287	0.650805	0.664759	0.261096	0.0507965
0.887287	0.650723	0.664682	0.261046	0.050789
0.887287	0.650641	0.664604	0.260996	0.0507882
0.887287	0.650559	0.664527	0.260946	0.0507685
0.887287	0.650477	0.66445	0.260896	0.0507638
0.887287	0.650394	0.664372	0.260846	0.0507399
0.887287	0.650312	0.664295	0.260796	0.0507316
0.887287	0.65023	0.664218	0.260746	0.0507139
0.887287	0.650148	0.66414	0.260696	0.0507093
0.887287	0.650066	0.664063	0.260646	0.0506943
0.888598	0.650066	0.66414	0.261272	0.0506935
0.888598	0.649984	0.664063	0.261222	0.0506747
0.888598	0.649901	0.663986	0.261172	0.0506665
0.888598	0.649819	0.663908	0.261122	0.0506576
0.888598	0.649737	0.663831	0.261072	0.0506462
0.888598	0.649655	0.663754	0.261022	0.050641
0.888598	0.649573	0.663676	0.260972	0.0506387
0.888598	0.64949	0.663599	0.260922	0.0506165
0.888598	0.649408	0.663522	0.260872	0.0506132
0.888598	0.649326	0.663444	0.260822	0.0505995
0.888598	0.649244	0.663367	0.260772	0.0505973
0.888598	0.649162	0.66329	0.260723	0.0505956
0.888598	0.64908	0.663212	0.260673	0.0505755
0.888598	0.648997	0.663135	0.260623	0.0505696
0.888598	0.648915	0.663058	0.260573	0.0505606
0.888598	0.648833	0.66298	0.260523	0.0505562
0.888598	0.648751	0.662903	0.260473	0.0505512
0.888598	0.648669	0.662826	0.260424	0.0505164
0.888598	0.648586	0.662748	0.260374	0.0505093
0.888598	0.648504	0.662671	0.260324	0.0504814
0.888598	0.648422	0.662594	0.260274	0.0504575
0.888598	0.64834	0.662516	0.260224	0.0504168
0.888598	0.648258	0.662439	0.260175	0.0503887
0.888598	0.648176	0.662362	0.260125	0.050383
0.888598	0.648093	0.662284	0.260075	0.0503541
0.888598	0.648011	0.662207	0.260025	0.050353
0.888598	0.647929	0.66213	0.259976	0.0503368
0.888598	0.647847	0.662052	0.259926	0.0503244
0.888598	0.647765	0.661975	0.259876	0.0503179
0.888598	0.647682	0.661898	0.259827	0.0503108
0.888598	0.6476	0.66182	0.259777	0.0503053
0.888598	0.647518	0.661743	0.259727	0.0502965
0.888598	0.647436	0.661666	0.259678	0.0502769
0.888598	0.647354	0.661588	0.259628	0.0502456
0.889908	0.647354	0.661666	0.260253	0.050243
0.889908	0.647272	0.661588	0.260203	0.0502418
0.889908	0.647189	0.661511	0.260154	0.0502378
0.889908	0.647107	0.661434	0.260104	0.0501999
0.889908	0.647025	0.661356	0.260055	0.0501984
0.889908	0.646943	0.661279	0.260005	0.0501815
0.889908	0.646861	0.661202	0.259955	0.0501747
0.889908	0.646778	0.661124	0.259906	0.0501698
0.889908	0.646696	0.661047	0.259856	0.0501583
0.889908	0.646614	0.66097	0.259807	0.0501578
0.889908	0.646532	0.660892	0.259757	0.0501431
0.889908	0.64645	0.660815	0.259708	0.050134
0.889908	0.646368	0.660738	0.259658	0.050132
0.889908	0.646285	0.66066	0.259609	0.0501076
0.889908	0.646203	0.660583	0.259559	0.0501072
0.889908	0.646121	0.660506	0.25951	0.0500937
0.889908	0.646039	0.660428	0.25946	0.0500895
0.889908	0.645957	0.660351	0.259411	0.0500254
0.889908	0.645874	0.660274	0.259361	0.0500185
0.889908	0.645792	0.660196	0.259312	0.0500143
0.889908	0.64571	0.660119	0.259262	0.0500099
0.889908	0.645628	0.660042	0.259213	0.0499894
0.889908	0.645546	0.659964	0.259163	0.0499685
0.889908	0.645464	0.659887	0.259114	0.0499555
0.891219	0.645464	0.659964	0.259739	0.0499428
0.891219	0.645381	0.659887	0.259689	0.0499386
0.891219	0.645299	0.65981	0.25964	0.049937
0.891219	0.645217	0.659732	0.259591	0.0499257
0.891219	0.645135	0.659655	0.259541	0.0499181
0.891219	0.645053	0.659578	0.259492	0.0499176
0.891219	0.64497	0.6595	0.259442	0.0499103
0.891219	0.644888	0.659423	0.259393	0.0499008
0.891219	0.644806	0.659346	0.259344	0.049894
0.891219	0.644724	0.659268	0.259294	0.0498659
0.891219	0.644642	0.659191	0.259245	0.0498649
0.891219	0.64456	0.659114	0.259196	0.0498633
0.891219	0.644477	0.659036	0.259147	0.0498597
0.891219	0.644395	0.658959	0.259097	0.0498487
0.891219	0.644313	0.658882	0.259048	0.0498316
0.891219	0.644231	0.658804	0.258999	0.0498139
0.891219	0.644149	0.658727	0.258949	0.0497934
0.891219	0.644066	0.65865	0.2589	0.0497899
0.891219	0.643984	0.658572	0.258851	0.0497752
0.891219	0.643902	0.658495	0.258802	0.0497594
0.891219	0.64382	0.658418	0.258753	0.0497201
0.891219	0.643738	0.65834	0.258703	0.0497023
0.891219	0.643655	0.658263	0.258654	0.0496916
0.892529	0.643655	0.65834	0.259278	0.0496698
0.892529	0.643573	0.658263	0.259229	0.0496553
0.892529	0.643491	0.658186	0.25918	0.0496351
0.892529	0.643409	0.658108	0.259131	0.0496349
0.892529	0.643327	0.658031	0.259082	0.049624
0.892529	0.643245	0.657954	0.259033	0.0496058
0.892529	0.643162	0.657876	0.258983	0.0496019
0.892529	0.64308	0.657799	0.258934	0.0495595
0.892529	0.642998	0.657722	0.258885	0.0495254
0.892529	0.642916	0.657644	0.258836	0.0494768
0.892529	0.642834	0.657567	0.258787	0.0494547
0.892529	0.642751	0.65749	0.258738	0.0494506
0.892529	0.642669	0.657412	0.258689	0.0494496
0.892529	0.642587	0.657335	0.25864	0.0494435
0.892529	0.642505	0.657258	0.258591	0.0494007
0.892529	0.642423	0.65718	0.258542	0.049394
0.892529	0.642341	0.657103	0.258493	0.0493903
0.892529	0.642258	0.657026	0.258444	0.0493734
0.892529	0.642176	0.656948	0.258395	0.049373
0.892529	0.642094	0.656871	0.258346	0.049359
0.892529	0.642012	0.656794	0.258297	0.0493516
0.892529	0.64193	0.656716	0.258248	0.0493506
0.892529	0.641847	0.656639	0.258199	0.049336
0.892529	0.641765	0.656562	0.25815	0.0493259
0.892529	0.641683	0.656484	0.258101	0.0493037
0.892529	0.641601	0.656407	0.258052	0.0492986
0.892529	0.641519	0.65633	0.258003	0.0492931
0.892529	0.641437	0.656252	0.257954	0.0492801
0.892529	0.641354	0.656175	0.257905	0.0492606
0.892529	0.641272	0.656098	0.257856	0.0492571
0.892529	0.64119	0.65602	0.257807	0.0492167
0.892529	0.641108	0.655943	0.257758	0.0491627
0.892529	0.641026	0.655866	0.257709	0.049159
0.892529	0.640943	0.655788	0.257661	0.0491492
0.89384	0.640943	0.655866	0.258284	0.0491376
0.89384	0.640861	0.655788	0.258236	0.0491215
0.89384	0.640779	0.655711	0.258187	0.0491171
0.89384	0.640697	0.655634	0.258138	0.0491104
0.89384	0.640615	0.655556	0.258089	0.0490996
0.895151	0.640615	0.655634	0.258713	0.0490803
0.895151	0.640533	0.655556	0.258664	0.0490754
0.895151	0.64045	0.655479	0.258615	0.0490703
0.895151	0.640368	0.655402	0.258566	0.0490524
0.895151	0.640286	0.655324	0.258517	0.0490519
0.895151	0.640204	0.655247	0.258469	0.0490272
0.895151	0.640122	0.65517	0.25842	0.0490011
0.895151	0.640039	0.655092	0.258371	0.0490006
0.895151	0.639957	0.655015	0.258322	0.0489923
0.895151	0.639875	0.654938	0.258274	0.0489898
0.895151	0.639793	0.65486	0.258225	0.0489622
0.895151	0.639711	0.654783	0.258176	0.0489478
0.895151	0.639629	0.654706	0.258127	0.0489281
0.895151	0.639546	0.654628	0.258079	0.0489273
0.895151	0.639464	0.654551	0.25803	0.0489179
0.895151	0.639382	0.654474	0.257981	0.0489066
0.895151	0.6393	0.654396	0.257933	0.0489057
0.895151	0.639218	0.654319	0.257884	0.0488902
0.895151	0.639135	0.654242	0.257835	0.0488782
0.895151	0.639053	0.654164	0.257787	0.0488625
0.895151	0.638971	0.654087	0.257738	0.0488483
0.895151	0.638889	0.65401	0.257689	0.048848
0.895151	0.638807	0.653932	0.257641	0.0488381
0.895151	0.638725	0.653855	0.257592	0.0488233
0.895151	0.638642	0.653778	0.257543	0.0488232
0.895151	0.63856	0.6537	0.257495	0.0488226
0.895151	0.638478	0.653623	0.257446	0.048811
0.895151	0.638396	0.653546	0.257398	0.0487933
0.895151	0.638314	0.653468	0.257349	0.0487875
0.895151	0.638231	0.653391	0.257301	0.0487807
0.895151	0.638149	0.653314	0.257252	0.0487785
0.895151	0.638067	0.653236	0.257203	0.0487583
0.895151	0.637985	0.653159	0.257155	0.0487544
0.895151	0.637903	0.653082	0.257106	0.0487492
0.895151	0.637821	0.653004	0.257058	0.0487457
0.895151	0.637738	0.652927	0.257009	0.0487281
0.895151	0.637656	0.65285	0.256961	0.0487137
0.896461	0.637656	0.652927	0.257584	0.0486994
0.896461	0.637574	0.65285	0.257536	0.048696
0.896461	0.637492	0.652772	0.257487	0.0486912
0.896461	0.63741	0.652695	0.257439	0.0486908
0.896461	0.637327	0.652618	0.25739	0.0486762
0.896461	0.637245	0.65254	0.257342	0.0486727
0.896461	0.637163	0.652463	0.257293	0.0486597
0.896461	0.637081	0.652386	0.257245	0.0486567
0.897772	0.637081	0.652463	0.257868	0.0486554
0.897772	0.636999	0.652386	0.25782	0.0486481
0.897772	0.636917	0.652308	0.257771	0.0486347
0.897772	0.636834	0.652231	0.257723	0.0486084
0.897772	0.636752	0.652154	0.257674	0.0485783
0.897772	0.63667	0.652076	0.257626	0.0485691
0.897772	0.636588	0.651999	0.257578	0.0485671
0.897772	0.636506	0.651922	0.257529	0.0485616
0.897772	0.636423	0.651844	0.257481	0.0485611
0.897772	0.636341	0.651767	0.257433	0.0485593
0.897772	0.636259	0.65169	0.257384	0.0485464
0.897772	0.636177	0.651612	0.257336	0.0485328
0.897772	0.636095	0.651535	0.257288	0.0485223
0.897772	0.636012	0.651458	0.257239	0.0484986
0.897772	0.63593	0.65138	0.257191	0.0484977
0.897772	0.635848	0.651303	0.257143	0.0484945
0.897772	0.635766	0.651226	0.257094	0.0484702
0.897772	0.635684	0.651148	0.257046	0.0484674
0.897772	0.635602	0.651071	0.256998	0.0484507
0.897772	0.635519	0.650994	0.25695	0.0484469
0.897772	0.635437	0.650916	0.256901	0.0484393
0.897772	0.635355	0.650839	0.256853	0.0484385
0.897772	0.635273	0.650762	0.256805	0.048412
0.897772	0.635191	0.650684	0.256757	0.0483893
0.897772	0.635108	0.650607	0.256709	0.0483865
0.897772	0.635026	0.65053	0.25666	0.0483863
0.897772	0.634944	0.650452	0.256612	0.0483817
0.897772	0.634862	0.650375	0.256564	0.0483628
0.897772	0.63478	0.650298	0.256516	0.0483273
0.897772	0.634698	0.65022	0.256468	0.0483223
0.897772	0.634615	0.650143	0.25642	0.0482947
0.897772	0.634533	0.650066	0.256372	0.0482849
0.897772	0.634451	0.649988	0.256323	0.0481939
0.897772	0.634369	0.649911	0.256275	0.0481779
0.897772	0.634287	0.649834	0.256227	0.0481694
0.897772	0.634204	0.649756	0.256179	0.0481482
0.897772	0.634122	0.649679	0.256131	0.0481477
0.897772	0.63404	0.649602	0.256083	0.0481301
0.897772	0.633958	0.649524	0.256035	0.0481248
0.897772	0.633876	0.649447	0.255987	0.0481137
0.897772	0.633794	0.64937	0.255939	0.0481084
0.897772	0.633711	0.649292	0.255891	0.0481001
0.897772	0.633629	0.649215	0.255843	0.0480959
0.897772	0.633547	0.649138	0.255795	0.0480866
0.899083	0.633547	0.649215	0.256417	0.0480642
0.899083	0.633465	0.649138	0.256369	0.0480601
0.899083	0.633383	0.64906	0.256321	0.0480364
0.899083	0.6333	0.648983	0.256273	0.0480036
0.899083	0.633218	0.648906	0.256225	0.0479909
0.899083	0.633136	0.648828	0.256177	0.0479888
0.899083	0.633054	0.648751	0.256129	0.0479802
0.899083	0.632972	0.648674	0.256081	0.0479683
0.899083	0.63289	0.648596	0.256033	0.047951
0.899083	0.632807	0.648519	0.255986	0.0479387
0.899083	0.632725	0.648442	0.255938	0.047928
0.899083	0.632643	0.648364	0.25589	0.0479152
0.899083	0.632561	0.648287	0.255842	0.0479123
0.899083	0.632479	0.64821	0.255794	0.0479106
0.899083	0.632396	0.648132	0.255746	0.0479098
0.899083	0.632314	0.648055	0.255698	0.0479072
0.899083	0.632232	0.647978	0.25565	0.0479032
0.899083	0.63215	0.6479	0.255602	0.0479014
0.899083	0.632068	0.647823	0.255555	0.0478823
0.899083	0.631986	0.647746	0.255507	0.0478603
0.899083	0.631903	0.647668	0.255459	0.0478585
0.899083	0.631821	0.647591	0.255411	0.0478273
0.899083	0.631739	0.647514	0.255363	0.0478146
0.899083	0.631657	0.647436	0.255315	0.0478132
0.899083	0.631575	0.647359	0.255268	0.0478114
0.899083	0.631492	0.647282	0.25522	0.0478083
0.899083	0.63141	0.647204	0.255172	0.0478013
0.899083	0.631328	0.647127	0.255124	0.0477924
0.900393	0.631328	0.647204	0.255747	0.0477818
0.900393	0.631246	0.647127	0.255699	0.0477651
0.900393	0.631164	0.64705	0.255651	0.0477597
0.900393	0.631082	0.646972	0.255603	0.0477586
0.900393	0.630999	0.646895	0.255556	0.0477562
0.900393	0.630917	0.646818	0.255508	0.0477546
0.900393	0.630835	0.64674	0.25546	0.0477498
0.900393	0.630753	0.646663	0.255412	0.0477379
0.900393	0.630671	0.646586	0.255365	0.047731
0.900393	0.630588	0.646508	0.255317	0.0477138
0.900393	0.630506	0.646431	0.255269	0.0477025
0.900393	0.630424	0.646354	0.255222	0.0477004
0.900393	0.630342	0.646276	0.255174	0.0476661
0.900393	0.63026	0.646199	0.255126	0.0476486
0.900393	0.630178	0.646122	0.255079	0.0476462
0.900393	0.630095	0.646044	0.255031	0.0476191
0.900393	0.630013	0.645967	0.254984	0.0476152
0.900393	0.629931	0.64589	0.254936	0.0476046
0.900393	0.629849	0.645812	0.254888	0.0475996
0.900393	0.629767	0.645735	0.254841	0.0475862
0.900393	0.629684	0.645658	0.254793	0.0475717
0.901704	0.629684	0.645735	0.255415	0.0475712
0.901704	0.629602	0.645658	0.255367	0.0475462
0.901704	0.62952	0.64558	0.25532	0.0475338
0.901704	0.629438	0.645503	0.255272	0.047531
0.901704	0.629356	0.645426	0.255225	0.0475234
0.901704	0.629274	0.645348	0.255177	0.0474952
0.901704	0.629191	0.645271	0.25513	0.047487
0.903014	0.629191	0.645348	0.255752	0.047484
0.903014	0.629109	0.645271	0.255704	0.0474756
0.903014	0.629027	0.645194	0.255656	0.0474584
0.903014	0.628945	0.645116	0.255609	0.0474583
0.903014	0.628863	0.645039	0.255561	0.0474489
0.903014	0.62878	0.644962	0.255514	0.0474209
0.903014	0.628698	0.644884	0.255466	0.0474123
0.903014	0.628616	0.644807	0.255419	0.0473934
0.903014	0.628534	0.64473	0.255372	0.047288
0.903014	0.628452	0.644652	0.255324	0.0472864
0.903014	0.628369	0.644575	0.255277	0.0472386
0.903014	0.628287	0.644498	0.255229	0.0472333
0.903014	0.628205	0.64442	0.255182	0.0472066
0.903014	0.628123	0.644343	0.255134	0.0472017
0.903014	0.628041	0.644266	0.255087	0.0471737
0.904325	0.628041	0.644343	0.255709	0.0471587
0.904325	0.627959	0.644266	0.255661	0.0471338
0.904325	0.627876	0.644188	0.255614	0.0471101
0.904325	0.627794	0.644111	0.255566	0.0470968
0.904325	0.627712	0.644034	0.255519	0.047073
0.905636	0.627712	0.644111	0.25614	0.0470639
0.905636	0.62763	0.644034	0.256093	0.047055
0.905636	0.627548	0.643956	0.256046	0.047054
0.905636	0.627465	0.643879	0.255998	0.0470093
0.905636	0.627383	0.643802	0.255951	0.0470046
0.905636	0.627301	0.643724	0.255904	0.0470011
0.905636	0.627219	0.643647	0.255856	0.0469828
0.905636	0.627137	0.64357	0.255809	0.0469817
0.905636	0.627055	0.643492	0.255762	0.0469762
0.905636	0.626972	0.643415	0.255714	0.0469716
0.906946	0.626972	0.643492	0.256336	0.0469626
0.906946	0.62689	0.643415	0.256288	0.0469565
0.906946	0.626808	0.643338	0.256241	0.0469523
0.906946	0.626726	0.64326	0.256194	0.0469473
0.906946	0.626644	0.643183	0.256147	0.0469106
0.906946	0.626561	0.643106	0.256099	0.0468745
0.906946	0.626479	0.643028	0.256052	0.046852
0.906946	0.626397	0.642951	0.256005	0.046849
0.906946	0.626315	0.642874	0.255958	0.0468488
0.906946	0.626233	0.642796	0.25591	0.0467884
0.906946	0.626151	0.642719	0.255863	0.0467799
0.908257	0.626151	0.642796	0.256484	0.0467714
0.908257	0.626068	0.642719	0.256437	0.0467655
0.908257	0.625986	0.642642	0.25639	0.046757
0.908257	0.625904	0.642564	0.256343	0.0467559
0.908257	0.625822	0.642487	0.256296	0.0467394
0.908257	0.62574	0.64241	0.256248	0.0467308
0.908257	0.625657	0.642332	0.256201	0.0467215
0.908257	0.625575	0.642255	0.256154	0.0466964
0.908257	0.625493	0.642178	0.256107	0.0466769
0.908257	0.625411	0.6421	0.25606	0.0466664
0.908257	0.625329	0.642023	0.256013	0.0466482
0.908257	0.625247	0.641946	0.255965	0.0466391
0.908257	0.625164	0.641868	0.255918	0.0466065
0.908257	0.625082	0.641791	0.255871	0.0466053
0.908257	0.625	0.641714	0.255824	0.0465846
0.908257	0.624918	0.641636	0.255777	0.0465733
0.908257	0.624836	0.641559	0.25573	0.046568
0.908257	0.624753	0.641482	0.255683	0.0465569
0.908257	0.624671	0.641404	0.255636	0.0465422
0.908257	0.624589	0.641327	0.255589	0.0465374
0.908257	0.624507	0.64125	0.255542	0.0465334
0.908257	0.624425	0.641172	0.255495	0.0465313
0.908257	0.624343	0.641095	0.255448	0.0464978
0.908257	0.62426	0.641018	0.255401	0.0464438
0.908257	0.624178	0.64094	0.255354	0.0464314
0.908257	0.624096	0.640863	0.255307	0.0464143
0.908257	0.624014	0.640786	0.25526	0.0464127
0.908257	0.623932	0.640708	0.255213	0.0464087
0.908257	0.623849	0.640631	0.255166	0.0463871
0.908257	0.623767	0.640554	0.255119	0.0463711
0.908257	0.623685	0.640476	0.255072	0.0463636
0.908257	0.623603	0.640399	0.255025	0.0463475
0.908257	0.623521	0.640322	0.254978	0.0463286
0.908257	0.623439	0.640244	0.254931	0.0462374
0.908257	0.623356	0.640167	0.254884	0.0462138
0.908257	0.623274	0.64009	0.254837	0.0462035
0.908257	0.623192	0.640012	0.25479	0.04619
0.908257	0.62311	0.639935	0.254743	0.0461879
0.908257	0.623028	0.639858	0.254696	0.0461764
0.908257	0.622945	0.63978	0.25465	0.0461742
0.908257	0.622863	0.639703	0.254603	0.0461708
0.908257	0.622781	0.639626	0.254556	0.0461618
0.908257	0.622699	0.639548	0.254509	0.0461468
0.908257	0.622617	0.639471	0.254462	0.04614
0.908257	0.622535	0.639394	0.254415	0.04614
0.908257	0.622452	0.639316	0.254369	0.046111
0.908257	0.62237	0.639239	0.254322	0.0461106
0.908257	0.622288	0.639162	0.254275	0.0461007
0.908257	0.622206	0.639084	0.254228	0.0460945
0.908257	0.622124	0.639007	0.254181	0.0460853
0.908257	0.622041	0.63893	0.254135	0.0460776
0.908257	0.621959	0.638852	0.254088	0.0460681
0.908257	0.621877	0.638775	0.254041	0.0460077
0.908257	0.621795	0.638698	0.253994	0.0460046
0.908257	0.621713	0.63862	0.253948	0.046001
0.908257	0.621631	0.638543	0.253901	0.0459762
0.908257	0.621548	0.638466	0.253854	0.0459627
0.908257	0.621466	0.638388	0.253808	0.045958
0.908257	0.621384	0.638311	0.253761	0.0459563
0.908257	0.621302	0.638234	0.253714	0.0459516
0.908257	0.62122	0.638156	0.253668	0.0459327
0.908257	0.621137	0.638079	0.253621	0.0459154
0.908257	0.621055	0.638002	0.253574	0.0458829
0.908257	0.620973	0.637924	0.253528	0.0458784
0.908257	0.620891	0.637847	0.253481	0.0458752
0.908257	0.620809	0.63777	0.253434	0.0458737
0.908257	0.620726	0.637692	0.253388	0.0458667
0.908257	0.620644	0.637615	0.253341	0.0458632
0.908257	0.620562	0.637538	0.253294	0.045861
0.908257	0.62048	0.63746	0.253248	0.0458606
0.908257	0.620398	0.637383	0.253201	0.045834
0.908257	0.620316	0.637306	0.253155	0.0458091
0.908257	0.620233	0.637228	0.253108	0.045791
0.908257	0.620151	0.637151	0.253062	0.0457898
0.908257	0.620069	0.637074	0.253015	0.0457631
0.908257	0.619987	0.636996	0.252969	0.0457599
0.908257	0.619905	0.636919	0.252922	0.0457533
0.908257	0.619822	0.636842	0.252875	0.0457493
0.908257	0.61974	0.636764	0.252829	0.0457385
0.908257	0.619658	0.636687	0.252782	0.0457354
0.908257	0.619576	0.63661	0.252736	0.0457155
0.908257	0.619494	0.636532	0.252689	0.0457136
0.909567	0.619494	0.63661	0.25331	0.0457048
0.909567	0.619412	0.636532	0.253263	0.0457005
0.909567	0.619329	0.636455	0.253217	0.0456902
0.910878	0.619329	0.636532	0.253837	0.0456839
0.910878	0.619247	0.636455	0.253791	0.0456832
0.910878	0.619165	0.636378	0.253744	0.0456718
0.910878	0.619083	0.6363	0.253698	0.0456647
0.910878	0.619001	0.636223	0.253651	0.0456602
0.910878	0.618918	0.636146	0.253605	0.0456355
0.910878	0.618836	0.636068	0.253559	0.0456077
0.910878	0.618754	0.635991	0.253512	0.0455984
0.910878	0.618672	0.635914	0.253466	0.0455936
0.910878	0.61859	0.635836	0.253419	0.0455923
0.910878	0.618508	0.635759	0.253373	0.0455781
0.910878	0.618425	0.635682	0.253327	0.0455561
0.910878	0.618343	0.635604	0.25328	0.0455475
0.910878	0.618261	0.635527	0.253234	0.0455473
0.910878	0.618179	0.63545	0.253187	0.0455448
0.910878	0.618097	0.635372	0.253141	0.0455388
0.910878	0.618014	0.635295	0.253095	0.0455291
0.910878	0.617932	0.635218	0.253048	0.0455287
0.910878	0.61785	0.63514	0.253002	0.045517
0.910878	0.617768	0.635063	0.252956	0.0455084
0.910878	0.617686	0.634986	0.252909	0.0455064
0.910878	0.617604	0.634908	0.252863	0.0454992
0.910878	0.617521	0.634831	0.252817	0.0454832
0.910878	0.617439	0.634754	0.252771	0.0454709
0.910878	0.617357	0.634676	0.252724	0.0454523
0.910878	0.617275	0.634599	0.252678	0.0454506
0.910878	0.617193	0.634522	0.252632	0.0454208
0.910878	0.61711	0.634444	0.252586	0.0454017
0.910878	0.617028	0.634367	0.252539	0.0453857
0.910878	0.616946	0.63429	0.252493	0.0453654
0.910878	0.616864	0.634212	0.252447	0.0453544
0.910878	0.616782	0.634135	0.252401	0.0453542
0.910878	0.6167	0.634058	0.252355	0.0453339
0.910878	0.616617	0.63398	0.252308	0.0453209
0.910878	0.616535	0.633903	0.252262	0.0452622
0.910878	0.616453	0.633826	0.252216	0.0452586
0.910878	0.616371	0.633748	0.25217	0.0452568
0.910878	0.616289	0.633671	0.252124	0.0452464
0.910878	0.616206	0.633594	0.252078	0.0452452
0.910878	0.616124	0.633516	0.252031	0.0452382
0.910878	0.616042	0.633439	0.251985	0.0452369
0.910878	0.61596	0.633362	0.251939	0.0452193
0.910878	0.615878	0.633284	0.251893	0.0451768
0.910878	0.615796	0.633207	0.251847	0.0451393
0.910878	0.615713	0.63313	0.251801	0.0451116
0.910878	0.615631	0.633052	0.251755	0.0451077
0.910878	0.615549	0.632975	0.251709	0.0450968
0.910878	0.615467	0.632898	0.251663	0.0450763
0.910878	0.615385	0.63282	0.251617	0.045066
0.910878	0.615302	0.632743	0.251571	0.0450465
0.910878	0.61522	0.632666	0.251525	0.0450465
0.910878	0.615138	0.632588	0.251478	0.0450434
0.910878	0.615056	0.632511	0.251432	0.0450387
0.910878	0.614974	0.632434	0.251386	0.0450253
0.910878	0.614892	0.632356	0.25134	0.0450199
0.910878	0.614809	0.632279	0.251294	0.0450011
0.910878	0.614727	0.632202	0.251248	0.0449979
0.910878	0.614645	0.632124	0.251203	0.0449978
0.910878	0.614563	0.632047	0.251157	0.0449863
0.910878	0.614481	0.63197	0.251111	0.0449782
0.910878	0.614398	0.631892	0.251065	0.0449772
0.910878	0.614316	0.631815	0.251019	0.0449289
0.910878	0.614234	0.631738	0.250973	0.0449244
0.910878	0.614152	0.63166	0.250927	0.044914
0.910878	0.61407	0.631583	0.250881	0.044908
0.910878	0.613988	0.631506	0.250835	0.0449078
0.910878	0.613905	0.631428	0.250789	0.0448628
0.910878	0.613823	0.631351	0.250743	0.0448609
0.910878	0.613741	0.631274	0.250697	0.0448602
0.910878	0.613659	0.631196	0.250651	0.0448558
0.910878	0.613577	0.631119	0.250606	0.0448527
0.910878	0.613494	0.631042	0.25056	0.0448525
0.910878	0.613412	0.630964	0.250514	0.0448471
0.910878	0.61333	0.630887	0.250468	0.0448285
0.910878	0.613248	0.63081	0.250422	0.0447926
0.910878	0.613166	0.630732	0.250376	0.044787
0.910878	0.613083	0.630655	0.250331	0.0447845
0.910878	0.613001	0.630578	0.250285	0.0447803
0.910878	0.612919	0.6305	0.250239	0.0447665
0.910878	0.612837	0.630423	0.250193	0.04475
0.910878	0.612755	0.630346	0.250148	0.0447355
0.910878	0.612673	0.630268	0.250102	0.0447108
0.910878	0.61259	0.630191	0.250056	0.0446932
0.910878	0.612508	0.630114	0.25001	0.0446866
0.910878	0.612426	0.630036	0.249965	0.0446864
0.910878	0.612344	0.629959	0.249919	0.0446847
0.910878	0.612262	0.629882	0.249873	0.0446843
0.910878	0.612179	0.629804	0.249827	0.0446836
0.910878	0.612097	0.629727	0.249782	0.0446786
0.910878	0.612015	0.62965	0.249736	0.0446687
0.910878	0.611933	0.629572	0.24969	0.0446636
0.910878	0.611851	0.629495	0.249645	0.0446427
0.910878	0.611769	0.629418	0.249599	0.0446095
0.910878	0.611686	0.62934	0.249553	0.0445862
0.910878	0.611604	0.629263	0.249508	0.0445418
0.910878	0.611522	0.629186	0.249462	0.0445255
0.910878	0.61144	0.629108	0.249416	0.0445215
0.910878	0.611358	0.629031	0.249371	0.0445213
0.910878	0.611275	0.628954	0.249325	0.0445128
0.910878	0.611193	0.628876	0.249279	0.0444933
0.910878	0.611111	0.628799	0.249234	0.0444898
0.910878	0.611029	0.628722	0.249188	0.0444846
0.910878	0.610947	0.628644	0.249143	0.0444761
0.910878	0.610865	0.628567	0.249097	0.0444385
0.910878	0.610782	0.62849	0.249052	0.0444314
0.910878	0.6107	0.628412	0.249006	0.04439
0.910878	0.610618	0.628335	0.24896	0.0443895
0.910878	0.610536	0.628258	0.248915	0.0443836
0.910878	0.610454	0.62818	0.248869	0.0443798
0.912189	0.610454	0.628258	0.249489	0.0443772
0.912189	0.610371	0.62818	0.249443	0.0443531
0.912189	0.610289	0.628103	0.249398	0.0443395
0.912189	0.610207	0.628026	0.249352	0.0443312
0.912189	0.610125	0.627948	0.249307	0.0443283
0.912189	0.610043	0.627871	0.249261	0.0443005
0.912189	0.609961	0.627794	0.249216	0.0442918
0.912189	0.609878	0.627716	0.24917	0.0442747
0.912189	0.609796	0.627639	0.249125	0.0442717
0.912189	0.609714	0.627562	0.249079	0.0442668
0.912189	0.609632	0.627484	0.249034	0.044257
0.912189	0.60955	0.627407	0.248988	0.0442479
0.912189	0.609467	0.62733	0.248943	0.0442463
0.912189	0.609385	0.627252	0.248898	0.0442452
0.912189	0.609303	0.627175	0.248852	0.0442252
0.912189	0.609221	0.627098	0.248807	0.0441988
0.912189	0.609139	0.62702	0.248761	0.0441813
0.912189	0.609057	0.626943	0.248716	0.04417
0.912189	0.608974	0.626866	0.24867	0.0441484
0.912189	0.608892	0.626788	0.248625	0.0441408
0.912189	0.60881	0.626711	0.24858	0.0441233
0.912189	0.608728	0.626634	0.248534	0.0441186
0.912189	0.608646	0.626556	0.248489	0.0441063
0.912189	0.608563	0.626479	0.248444	0.0441026
0.912189	0.608481	0.626402	0.248398	0.0440749
0.912189	0.608399	0.626324	0.248353	0.0440645
0.912189	0.608317	0.626247	0.248308	0.0440629
0.912189	0.608235	0.62617	0.248262	0.0440575
0.912189	0.608153	0.626092	0.248217	0.0440515
0.912189	0.60807	0.626015	0.248172	0.044026
0.912189	0.607988	0.625938	0.248127	0.0440252
0.912189	0.607906	0.62586	0.248081	0.0440218
0.912189	0.607824	0.625783	0.248036	0.0440177
0.912189	0.607742	0.625706	0.247991	0.0440138
0.912189	0.607659	0.625628	0.247945	0.0440014
0.912189	0.607577	0.625551	0.2479	0.0439816
0.912189	0.607495	0.625474	0.247855	0.0439815
0.912189	0.607413	0.625396	0.24781	0.0439739
0.912189	0.607331	0.625319	0.247765	0.0439669
0.912189	0.607249	0.625242	0.247719	0.0439263
0.912189	0.607166	0.625164	0.247674	0.0439102
0.912189	0.607084	0.625087	0.247629	0.0439008
0.912189	0.607002	0.62501	0.247584	0.0438991
0.912189	0.60692	0.624932	0.247539	0.0438935
0.912189	0.606838	0.624855	0.247493	0.0438772
0.912189	0.606755	0.624778	0.247448	0.043867
0.912189	0.606673	0.6247	0.247403	0.0438631
0.912189	0.606591	0.624623	0.247358	0.0438479
0.912189	0.606509	0.624546	0.247313	0.0438383
0.912189	0.606427	0.624468	0.247268	0.0438344
0.912189	0.606345	0.624391	0.247223	0.043829
0.912189	0.606262	0.624314	0.247178	0.0438273
0.912189	0.60618	0.624236	0.247132	0.0438183
0.912189	0.606098	0.624159	0.247087	0.0438154
0.912189	0.606016	0.624082	0.247042	0.0437994
0.912189	0.605934	0.624004	0.246997	0.0437973
0.912189	0.605851	0.623927	0.246952	0.0437926
0.912189	0.605769	0.62385	0.246907	0.0437759
0.912189	0.605687	0.623772	0.246862	0.0437662
0.912189	0.605605	0.623695	0.246817	0.0437553
0.912189	0.605523	0.623618	0.246772	0.0437493
0.912189	0.60544	0.62354	0.246727	0.0437426
0.912189	0.605358	0.623463	0.246682	0.043739
0.912189	0.605276	0.623386	0.246637	0.0437157
0.912189	0.605194	0.623308	0.246592	0.0436934
0.912189	0.605112	0.623231	0.246547	0.0436849
0.912189	0.60503	0.623154	0.246502	0.0436635
0.912189	0.604947	0.623076	0.246457	0.0436468
0.912189	0.604865	0.622999	0.246412	0.0436429
0.912189	0.604783	0.622922	0.246367	0.0436425
0.912189	0.604701	0.622844	0.246322	0.0436327
0.912189	0.604619	0.622767	0.246277	0.0436229
0.912189	0.604536	0.62269	0.246232	0.0436218
0.912189	0.604454	0.622612	0.246187	0.0435997
0.912189	0.604372	0.622535	0.246142	0.043565
0.912189	0.60429	0.622458	0.246097	0.0435641
0.912189	0.604208	0.62238	0.246053	0.0435334
0.912189	0.604126	0.622303	0.246008	0.0435212
0.912189	0.604043	0.622226	0.245963	0.0435209
0.912189	0.603961	0.622148	0.245918	0.0435093
0.912189	0.603879	0.622071	0.245873	0.0434956
0.912189	0.603797	0.621994	0.245828	0.0434828
0.912189	0.603715	0.621916	0.245783	0.0434789
0.912189	0.603632	0.621839	0.245738	0.0434397
0.912189	0.60355	0.621762	0.245694	0.0434374
0.912189	0.603468	0.621684	0.245649	0.0434349
0.912189	0.603386	0.621607	0.245604	0.0434279
0.913499	0.603386	0.621684	0.246223	0.0434209
0.913499	0.603304	0.621607	0.246178	0.0434092
0.913499	0.603222	0.62153	0.246133	0.0433991
0.913499	0.603139	0.621452	0.246088	0.0433962
0.913499	0.603057	0.621375	0.246043	0.0433851
0.913499	0.602975	0.621298	0.245999	0.0433839
0.913499	0.602893	0.62122	0.245954	0.0433709
0.913499	0.602811	0.621143	0.245909	0.0433698
0.913499	0.602728	0.621066	0.245864	0.0433636
0.913499	0.602646	0.620988	0.24582	0.0433257
0.913499	0.602564	0.620911	0.245775	0.0433195
0.913499	0.602482	0.620834	0.24573	0.0433059
0.913499	0.6024	0.620756	0.245685	0.0433007
0.913499	0.602318	0.620679	0.245641	0.043299
0.913499	0.602235	0.620602	0.245596	0.0432986
0.913499	0.602153	0.620524	0.245551	0.0432902
0.913499	0.602071	0.620447	0.245507	0.0432657
0.913499	0.601989	0.62037	0.245462	0.0432266
0.913499	0.601907	0.620292	0.245417	0.0432198
0.913499	0.601824	0.620215	0.245373	0.0432123
0.913499	0.601742	0.620138	0.245328	0.0432051
0.913499	0.60166	0.62006	0.245283	0.0432047
0.913499	0.601578	0.619983	0.245239	0.0431765
0.91481	0.601578	0.62006	0.245857	0.0431712
0.91481	0.601496	0.619983	0.245812	0.043164
0.91481	0.601414	0.619906	0.245768	0.0431543
0.91481	0.601331	0.619828	0.245723	0.0431537
0.91481	0.601249	0.619751	0.245679	0.0431488
0.91481	0.601167	0.619674	0.245634	0.0431415
0.91481	0.601085	0.619596	0.245589	0.0431386
0.91481	0.601003	0.619519	0.245545	0.0431371
0.91481	0.60092	0.619442	0.2455	0.0431216
0.91481	0.600838	0.619364	0.245456	0.0431196
0.91481	0.600756	0.619287	0.245411	0.0431155
0.91481	0.600674	0.61921	0.245366	0.0431077
0.91481	0.600592	0.619132	0.245322	0.0430899
0.91481	0.60051	0.619055	0.245277	0.0430821
0.91481	0.600427	0.618978	0.245233	0.0430772
0.91481	0.600345	0.6189	0.245188	0.0430361
0.91481	0.600263	0.618823	0.245144	0.043023
0.91481	0.600181	0.618746	0.245099	0.0429822
0.91481	0.600099	0.618668	0.245055	0.0429795
0.91481	0.600016	0.618591	0.24501	0.0429665
0.91481	0.599934	0.618514	0.244966	0.04296
0.91481	0.599852	0.618436	0.244921	0.042948
0.91481	0.59977	0.618359	0.244877	0.042919
0.91481	0.599688	0.618282	0.244832	0.0429015
0.91481	0.599606	0.618204	0.244788	0.042894
0.91481	0.599523	0.618127	0.244743	0.0428918
0.91481	0.599441	0.61805	0.244699	0.0428891
0.91481	0.599359	0.617972	0.244655	0.0428591
0.91481	0.599277	0.617895	0.24461	0.0428571
0.916121	0.599277	0.617972	0.245228	0.0428548
0.916121	0.599195	0.617895	0.245184	0.0428345
0.916121	0.599112	0.617818	0.24514	0.0428323
0.916121	0.59903	0.61774	0.245095	0.0428289
0.916121	0.598948	0.617663	0.245051	0.0428005
0.916121	0.598866	0.617586	0.245006	0.0427941
0.916121	0.598784	0.617508	0.244962	0.042787
0.916121	0.598702	0.617431	0.244918	0.0427828
0.916121	0.598619	0.617354	0.244873	0.0427393
0.916121	0.598537	0.617276	0.244829	0.0427217
0.916121	0.598455	0.617199	0.244785	0.0427179
0.916121	0.598373	0.617122	0.24474	0.0427094
0.916121	0.598291	0.617044	0.244696	0.0426992
0.916121	0.598208	0.616967	0.244652	0.0426955
0.916121	0.598126	0.61689	0.244607	0.0426803
0.916121	0.598044	0.616812	0.244563	0.0426722
0.916121	0.597962	0.616735	0.244519	0.0426644
0.916121	0.59788	0.616658	0.244474	0.0426489
0.916121	0.597798	0.61658	0.24443	0.0426424
0.916121	0.597715	0.616503	0.244386	0.0426371
0.916121	0.597633	0.616426	0.244341	0.0426297
0.916121	0.597551	0.616348	0.244297	0.0425762
0.916121	0.597469	0.616271	0.244253	0.0425706
0.917431	0.597469	0.616348	0.244871	0.0425635
0.917431	0.597387	0.616271	0.244827	0.0425458
0.917431	0.597304	0.616194	0.244783	0.0425434
0.917431	0.597222	0.616116	0.244738	0.0425434
0.917431	0.59714	0.616039	0.244694	0.0425263
0.917431	0.597058	0.615962	0.24465	0.0425199
0.917431	0.596976	0.615884	0.244606	0.0425162
0.917431	0.596893	0.615807	0.244561	0.0425145
0.917431	0.596811	0.61573	0.244517	0.0425064
0.917431	0.596729	0.615652	0.244473	0.0425
0.917431	0.596647	0.615575	0.244429	0.0424928
0.917431	0.596565	0.615498	0.244385	0.0424899
0.917431	0.596483	0.61542	0.244341	0.042484
0.917431	0.5964	0.615343	0.244296	0.0424729
0.917431	0.596318	0.615266	0.244252	0.0424356
0.917431	0.596236	0.615188	0.244208	0.0424308
0.917431	0.596154	0.615111	0.244164	0.0423811
0.917431	0.596072	0.615034	0.24412	0.042376
0.917431	0.595989	0.614956	0.244076	0.0423749
0.917431	0.595907	0.614879	0.244032	0.0423704
0.917431	0.595825	0.614802	0.243987	0.0423538
0.917431	0.595743	0.614724	0.243943	0.0423366
0.917431	0.595661	0.614647	0.243899	0.0423338
0.917431	0.595579	0.61457	0.243855	0.0423212
0.917431	0.595496	0.614492	0.243811	0.042319
0.917431	0.595414	0.614415	0.243767	0.0423178
0.917431	0.595332	0.614338	0.243723	0.0423103
0.917431	0.59525	0.61426	0.243679	0.0423086
0.917431	0.595168	0.614183	0.243635	0.0423057
0.917431	0.595085	0.614106	0.243591	0.0423043
0.917431	0.595003	0.614028	0.243547	0.0423029
0.917431	0.594921	0.613951	0.243503	0.0422936
0.917431	0.594839	0.613874	0.243459	0.042288
0.917431	0.594757	0.613796	0.243415	0.0422867
0.917431	0.594675	0.613719	0.243371	0.0422852
0.917431	0.594592	0.613642	0.243327	0.0422593
0.917431	0.59451	0.613564	0.243283	0.0422347
0.917431	0.594428	0.613487	0.243239	0.042234
0.917431	0.594346	0.61341	0.243195	0.0422328
0.917431	0.594264	0.613332	0.243151	0.042224
0.917431	0.594181	0.613255	0.243107	0.0422233
0.917431	0.594099	0.613178	0.243063	0.0422181
0.917431	0.594017	0.6131	0.243019	0.0422123
0.917431	0.593935	0.613023	0.242975	0.0422047
0.917431	0.593853	0.612946	0.242931	0.0421875
0.917431	0.593771	0.612868	0.242887	0.0421766
0.918742	0.593771	0.612946	0.243505	0.0421664
0.920052	0.593771	0.613023	0.244123	0.0421554
0.920052	0.593688	0.612946	0.244079	0.0421429
0.920052	0.593606	0.612868	0.244035	0.0421259
0.920052	0.593524	0.612791	0.243991	0.0421145
0.920052	0.593442	0.612714	0.243947	0.042114
0.920052	0.59336	0.612636	0.243904	0.0421005
0.920052	0.593277	0.612559	0.24386	0.0420995
0.920052	0.593195	0.612482	0.243816	0.0420989
0.920052	0.593113	0.612404	0.243772	0.0420881
0.920052	0.593031	0.612327	0.243728	0.0420874
0.920052	0.592949	0.61225	0.243684	0.0420821
0.920052	0.592867	0.612172	0.24364	0.0420749
0.920052	0.592784	0.612095	0.243597	0.0420699
0.920052	0.592702	0.612018	0.243553	0.0420629
0.920052	0.59262	0.61194	0.243509	0.0420555
0.920052	0.592538	0.611863	0.243465	0.0420546
0.920052	0.592456	0.611786	0.243421	0.0420223
0.921363	0.592456	0.611863	0.244039	0.042011
0.921363	0.592373	0.611786	0.243995	0.0419886
0.921363	0.592291	0.611708	0.243952	0.0419641
0.921363	0.592209	0.611631	0.243908	0.041964
0.921363	0.592127	0.611554	0.243864	0.04196
0.921363	0.592045	0.611476	0.24382	0.0419188
0.921363	0.591963	0.611399	0.243776	0.0418529
0.921363	0.59188	0.611322	0.243733	0.0418501
0.921363	0.591798	0.611244	0.243689	0.0418344
0.921363	0.591716	0.611167	0.243645	0.041832
0.921363	0.591634	0.61109	0.243602	0.0418316
0.921363	0.591552	0.611012	0.243558	0.0418224
0.921363	0.591469	0.610935	0.243514	0.0417939
0.921363	0.591387	0.610858	0.24347	0.0417716
0.921363	0.591305	0.61078	0.243427	0.0417413
0.921363	0.591223	0.610703	0.243383	0.0417354
0.921363	0.591141	0.610626	0.243339	0.0417244
0.921363	0.591059	0.610548	0.243296	0.0417214
0.921363	0.590976	0.610471	0.243252	0.0417161
0.921363	0.590894	0.610394	0.243208	0.0416936
0.921363	0.590812	0.610316	0.243165	0.0416866
0.921363	0.59073	0.610239	0.243121	0.0416777
0.921363	0.590648	0.610162	0.243077	0.0416756
0.921363	0.590565	0.610084	0.243034	0.0416448
0.921363	0.590483	0.610007	0.24299	0.0416414
0.921363	0.590401	0.60993	0.242947	0.0416301
0.921363	0.590319	0.609852	0.242903	0.041612
0.921363	0.590237	0.609775	0.242859	0.0415978
0.921363	0.590155	0.609698	0.242816	0.0415916
0.921363	0.590072	0.60962	0.242772	0.0415911
0.921363	0.58999	0.609543	0.242729	0.0415854
0.921363	0.589908	0.609466	0.242685	0.0415718
0.921363	0.589826	0.609388	0.242642	0.0415712
0.921363	0.589744	0.609311	0.242598	0.041558
0.921363	0.589661	0.609234	0.242554	0.041551
0.921363	0.589579	0.609156	0.242511	0.0415326
0.921363	0.589497	0.609079	0.242467	0.0415283
0.921363	0.589415	0.609002	0.242424	0.0415202
0.921363	0.589333	0.608924	0.24238	0.0415104
0.921363	0.58925	0.608847	0.242337	0.041497
0.921363	0.589168	0.60877	0.242293	0.0414969
0.921363	0.589086	0.608692	0.24225	0.0414703
0.921363	0.589004	0.608615	0.242206	0.0414593
0.921363	0.588922	0.608538	0.242163	0.0414329
0.921363	0.58884	0.60846	0.242119	0.0414261
0.921363	0.588757	0.608383	0.242076	0.041413
0.921363	0.588675	0.608306	0.242033	0.0413905
0.921363	0.588593	0.608228	0.241989	0.0413589
0.921363	0.588511	0.608151	0.241946	0.0413579
0.921363	0.588429	0.608074	0.241902	0.0413405
0.921363	0.588346	0.607996	0.241859	0.0413342
0.921363	0.588264	0.607919	0.241815	0.0413311
0.921363	0.588182	0.607842	0.241772	0.0413224
0.921363	0.5881	0.607764	0.241729	0.0412974
0.921363	0.588018	0.607687	0.241685	0.0412966
0.921363	0.587936	0.60761	0.241642	0.0412946
0.921363	0.587853	0.607532	0.241598	0.0412846
0.921363	0.587771	0.607455	0.241555	0.0412748
0.921363	0.587689	0.607378	0.241512	0.0412378
0.921363	0.587607	0.6073	0.241468	0.0412278
0.921363	0.587525	0.607223	0.241425	0.0412161
0.921363	0.587442	0.607146	0.241382	0.0412097
0.921363	0.58736	0.607068	0.241338	0.0411953
0.921363	0.587278	0.606991	0.241295	0.0411525
0.921363	0.587196	0.606914	0.241252	0.041148
0.921363	0.587114	0.606836	0.241208	0.0411459
0.921363	0.587032	0.606759	0.241165	0.0411437
0.921363	0.586949	0.606682	0.241122	0.0411179
0.921363	0.586867	0.606604	0.241079	0.0411024
0.921363	0.586785	0.606527	0.241035	0.0410981
0.921363	0.586703	0.60645	0.240992	0.041093
0.921363	0.586621	0.606372	0.240949	0.0410781
0.921363	0.586538	0.606295	0.240906	0.0410717
0.921363	0.586456	0.606218	0.240862	0.0410555
0.921363	0.586374	0.60614	0.240819	0.041054
0.921363	0.586292	0.606063	0.240776	0.0410327
0.921363	0.58621	0.605986	0.240733	0.0410314
0.921363	0.586128	0.605908	0.240689	0.0409918
0.921363	0.586045	0.605831	0.240646	0.0409842
0.921363	0.585963	0.605754	0.240603	0.0409824
0.921363	0.585881	0.605676	0.24056	0.0409583
0.921363	0.585799	0.605599	0.240517	0.0409533
0.921363	0.585717	0.605522	0.240473	0.0409528
0.921363	0.585634	0.605444	0.24043	0.040944
0.921363	0.585552	0.605367	0.240387	0.0409425
0.921363	0.58547	0.60529	0.240344	0.0409342
0.921363	0.585388	0.605212	0.240301	0.0409249
0.921363	0.585306	0.605135	0.240258	0.0409197
0.921363	0.585224	0.605058	0.240214	0.0409172
0.921363	0.585141	0.60498	0.240171	0.0409032
0.921363	0.585059	0.604903	0.240128	0.0409022
0.921363	0.584977	0.604826	0.240085	0.0408607
0.921363	0.584895	0.604748	0.240042	0.0408536
0.921363	0.584813	0.604671	0.239999	0.0408455
0.921363	0.58473	0.604594	0.239956	0.0408434
0.921363	0.584648	0.604516	0.239913	0.0408174
0.921363	0.584566	0.604439	0.23987	0.0407956
0.921363	0.584484	0.604362	0.239827	0.0407906
0.921363	0.584402	0.604284	0.239784	0.0407467
0.921363	0.58432	0.604207	0.23974	0.0407434
0.921363	0.584237	0.60413	0.239697	0.0407336
0.921363	0.584155	0.604052	0.239654	0.0407262
0.921363	0.584073	0.603975	0.239611	0.0406917
0.921363	0.583991	0.603898	0.239568	0.0406756
0.921363	0.583909	0.60382	0.239525	0.0406753
0.921363	0.583826	0.603743	0.239482	0.0406552
0.921363	0.583744	0.603666	0.239439	0.0406411
0.921363	0.583662	0.603588	0.239396	0.0406405
0.921363	0.58358	0.603511	0.239353	0.0406336
0.921363	0.583498	0.603434	0.23931	0.0406286
0.921363	0.583416	0.603356	0.239267	0.040601
0.921363	0.583333	0.603279	0.239224	0.0405943
0.921363	0.583251	0.603202	0.239181	0.0405841
0.921363	0.583169	0.603124	0.239138	0.040576
0.921363	0.583087	0.603047	0.239096	0.0405606
0.921363	0.583005	0.60297	0.239053	0.0405599
0.921363	0.582922	0.602892	0.23901	0.0405554
0.921363	0.58284	0.602815	0.238967	0.0405528
0.921363	0.582758	0.602738	0.238924	0.0405403
0.921363	0.582676	0.60266	0.238881	0.0405131
0.921363	0.582594	0.602583	0.238838	0.0405101
0.921363	0.582512	0.602506	0.238795	0.040492
0.921363	0.582429	0.602428	0.238752	0.0404904
0.921363	0.582347	0.602351	0.238709	0.0404749
0.921363	0.582265	0.602274	0.238666	0.0404741
0.921363	0.582183	0.602196	0.238624	0.0404665
0.921363	0.582101	0.602119	0.238581	0.0404542
0.921363	0.582018	0.602042	0.238538	0.0404501
0.921363	0.581936	0.601964	0.238495	0.0404133
0.921363	0.581854	0.601887	0.238452	0.0404049
0.921363	0.581772	0.60181	0.238409	0.0403864
0.921363	0.58169	0.601732	0.238367	0.0403627
0.921363	0.581607	0.601655	0.238324	0.0403456
0.921363	0.581525	0.601578	0.238281	0.0403452
0.921363	0.581443	0.6015	0.238238	0.0403374
0.921363	0.581361	0.601423	0.238195	0.0403346
0.921363	0.581279	0.601346	0.238153	0.0403203
0.922674	0.581279	0.601423	0.23877	0.0403174
0.922674	0.581197	0.601346	0.238727	0.0403152
0.922674	0.581114	0.601268	0.238684	0.0403092
0.923984	0.581114	0.601346	0.239301	0.0403086
0.923984	0.581032	0.601268	0.239258	0.0402963
0.923984	0.58095	0.601191	0.239216	0.0402587
0.923984	0.580868	0.601114	0.239173	0.0402476
0.923984	0.580786	0.601036	0.23913	0.0402453
0.923984	0.580703	0.600959	0.239087	0.040228
0.923984	0.580621	0.600882	0.239045	0.0401882
0.923984	0.580539	0.600804	0.239002	0.0401772
0.923984	0.580457	0.600727	0.238959	0.0401666
0.923984	0.580375	0.60065	0.238917	0.0401656
0.923984	0.580293	0.600572	0.238874	0.0401587
0.923984	0.58021	0.600495	0.238831	0.0401349
0.923984	0.580128	0.600418	0.238788	0.0401323
0.923984	0.580046	0.60034	0.238746	0.0401044
0.923984	0.579964	0.600263	0.238703	0.0400897
0.923984	0.579882	0.600186	0.23866	0.0400777
0.923984	0.579799	0.600108	0.238618	0.0400777
0.923984	0.579717	0.600031	0.238575	0.040077
0.923984	0.579635	0.599954	0.238532	0.0400677
0.923984	0.579553	0.599876	0.23849	0.0400674
0.923984	0.579471	0.599799	0.238447	0.0400598
0.923984	0.579389	0.599722	0.238405	0.0400345
0.923984	0.579306	0.599644	0.238362	0.0400325
0.923984	0.579224	0.599567	0.238319	0.0400249
0.923984	0.579142	0.59949	0.238277	0.040019
0.923984	0.57906	0.599412	0.238234	0.039998
0.923984	0.578978	0.599335	0.238192	0.0399615
0.923984	0.578895	0.599258	0.238149	0.0399534
0.923984	0.578813	0.59918	0.238106	0.039953
0.923984	0.578731	0.599103	0.238064	0.0399351
0.923984	0.578649	0.599026	0.238021	0.0399212
0.923984	0.578567	0.598948	0.237979	0.0399197
0.923984	0.578485	0.598871	0.237936	0.039918
0.923984	0.578402	0.598794	0.237894	0.0399038
0.923984	0.57832	0.598716	0.237851	0.0398724
0.923984	0.578238	0.598639	0.237809	0.0398667
0.923984	0.578156	0.598562	0.237766	0.0398662
0.923984	0.578074	0.598484	0.237723	0.039835
0.923984	0.577991	0.598407	0.237681	0.039818
0.923984	0.577909	0.59833	0.237638	0.0398116
0.923984	0.577827	0.598252	0.237596	0.0398081
0.923984	0.577745	0.598175	0.237553	0.0397981
0.923984	0.577663	0.598098	0.237511	0.0397975
0.923984	0.577581	0.59802	0.237469	0.0397828
0.923984	0.577498	0.597943	0.237426	0.0397737
0.923984	0.577416	0.597866	0.237384	0.0397671
0.923984	0.577334	0.597788	0.237341	0.0397656
0.923984	0.577252	0.597711	0.237299	0.0397521
0.923984	0.57717	0.597634	0.237256	0.0397341
0.923984	0.577087	0.597556	0.237214	0.0397212
0.923984	0.577005	0.597479	0.237171	0.0397207
0.923984	0.576923	0.597402	0.237129	0.0397203
0.925295	0.576923	0.597479	0.237746	0.0397015
0.925295	0.576841	0.597402	0.237704	0.0396936
0.925295	0.576759	0.597324	0.237661	0.0396907
0.925295	0.576677	0.597247	0.237619	0.0396782
0.925295	0.576594	0.59717	0.237576	0.0396764
0.925295	0.576512	0.597092	0.237534	0.0396707
0.925295	0.57643	0.597015	0.237492	0.0396691
0.925295	0.576348	0.596938	0.237449	0.0396529
0.925295	0.576266	0.59686	0.237407	0.0396421
0.925295	0.576183	0.596783	0.237365	0.0396295
0.925295	0.576101	0.596706	0.237322	0.0395911
0.925295	0.576019	0.596628	0.23728	0.0395895
0.925295	0.575937	0.596551	0.237238	0.0395888
0.925295	0.575855	0.596474	0.237195	0.0395626
0.925295	0.575773	0.596396	0.237153	0.0395501
0.925295	0.57569	0.596319	0.237111	0.0395483
0.925295	0.575608	0.596242	0.237068	0.0395472
0.925295	0.575526	0.596164	0.237026	0.0395438
0.925295	0.575444	0.596087	0.236984	0.0395377
0.925295	0.575362	0.59601	0.236941	0.0395312
0.925295	0.575279	0.595932	0.236899	0.0395204
0.925295	0.575197	0.595855	0.236857	0.0395076
0.925295	0.575115	0.595778	0.236815	0.0395038
0.925295	0.575033	0.5957	0.236772	0.0395021
0.925295	0.574951	0.595623	0.23673	0.039472
0.925295	0.574869	0.595546	0.236688	0.0394599
0.925295	0.574786	0.595468	0.236646	0.03944
0.925295	0.574704	0.595391	0.236603	0.0394324
0.925295	0.574622	0.595314	0.236561	0.0394147
0.925295	0.57454	0.595236	0.236519	0.0394111
0.925295	0.574458	0.595159	0.236477	0.0393952
0.925295	0.574375	0.595082	0.236435	0.0393891
0.925295	0.574293	0.595004	0.236392	0.0393782
0.925295	0.574211	0.594927	0.23635	0.0393752
0.925295	0.574129	0.59485	0.236308	0.0393748
0.925295	0.574047	0.594772	0.236266	0.0393636
0.925295	0.573964	0.594695	0.236224	0.0393534
0.925295	0.573882	0.594618	0.236181	0.0393482
0.925295	0.5738	0.59454	0.236139	0.0393442
0.925295	0.573718	0.594463	0.236097	0.0393431
0.925295	0.573636	0.594386	0.236055	0.0393401
0.925295	0.573554	0.594308	0.236013	0.03933
0.925295	0.573471	0.594231	0.235971	0.0393288
0.925295	0.573389	0.594154	0.235929	0.0393256
0.925295	0.573307	0.594076	0.235887	0.0393124
0.925295	0.573225	0.593999	0.235844	0.0392866
0.925295	0.573143	0.593922	0.235802	0.0392808
0.925295	0.57306	0.593844	0.23576	0.0392775
0.925295	0.572978	0.593767	0.235718	0.039264
0.925295	0.572896	0.59369	0.235676	0.0392639
0.926606	0.572896	0.593767	0.236293	0.0392564
0.926606	0.572814	0.59369	0.236251	0.0392425
0.926606	0.572732	0.593612	0.236209	0.0392381
0.926606	0.57265	0.593535	0.236167	0.0392227
0.926606	0.572567	0.593458	0.236125	0.0392028
0.926606	0.572485	0.59338	0.236083	0.0391923
0.926606	0.572403	0.593303	0.236041	0.0391891
0.926606	0.572321	0.593226	0.235999	0.0391841
0.926606	0.572239	0.593148	0.235956	0.0391446
0.926606	0.572156	0.593071	0.235914	0.0391334
0.926606	0.572074	0.592994	0.235872	0.0391107
0.926606	0.571992	0.592916	0.23583	0.0391074
0.926606	0.57191	0.592839	0.235788	0.0390958
0.926606	0.571828	0.592762	0.235746	0.0390829
0.926606	0.571746	0.592684	0.235704	0.0390812
0.926606	0.571663	0.592607	0.235663	0.0390709
0.926606	0.571581	0.59253	0.235621	0.0390497
0.926606	0.571499	0.592452	0.235579	0.0390402
0.926606	0.571417	0.592375	0.235537	0.0390033
0.926606	0.571335	0.592298	0.235495	0.0390023
0.926606	0.571252	0.59222	0.235453	0.0389841
0.926606	0.57117	0.592143	0.235411	0.0389764
0.926606	0.571088	0.592066	0.235369	0.038976
0.926606	0.571006	0.591988	0.235327	0.0389716
0.926606	0.570924	0.591911	0.235285	0.038959
0.926606	0.570842	0.591834	0.235243	0.0389364
0.926606	0.570759	0.591756	0.235201	0.0389314
0.926606	0.570677	0.591679	0.235159	0.0389202
0.926606	0.570595	0.591602	0.235117	0.0389029
0.926606	0.570513	0.591524	0.235076	0.0388916
0.926606	0.570431	0.591447	0.235034	0.0388853
0.926606	0.570348	0.59137	0.234992	0.0388674
0.926606	0.570266	0.591292	0.23495	0.0388649
0.926606	0.570184	0.591215	0.234908	0.0388543
0.926606	0.570102	0.591138	0.234866	0.0388497
0.926606	0.57002	0.59106	0.234824	0.0388395
0.926606	0.569938	0.590983	0.234783	0.0388172
0.926606	0.569855	0.590906	0.234741	0.0388148
0.926606	0.569773	0.590828	0.234699	0.038797
0.926606	0.569691	0.590751	0.234657	0.0387666
0.926606	0.569609	0.590674	0.234615	0.0387627
0.926606	0.569527	0.590596	0.234574	0.0387446
0.926606	0.569444	0.590519	0.234532	0.0387442
0.926606	0.569362	0.590442	0.23449	0.038741
0.926606	0.56928	0.590364	0.234448	0.0387368
0.926606	0.569198	0.590287	0.234406	0.0387201
0.926606	0.569116	0.59021	0.234365	0.0387096
0.926606	0.569034	0.590132	0.234323	0.0386981
0.926606	0.568951	0.590055	0.234281	0.0386846
0.926606	0.568869	0.589978	0.234239	0.0386812
0.926606	0.568787	0.5899	0.234198	0.0386469
0.926606	0.568705	0.589823	0.234156	0.0386461
0.926606	0.568623	0.589746	0.234114	0.0386321
0.926606	0.56854	0.589668	0.234072	0.0386264
0.926606	0.568458	0.589591	0.234031	0.0386215
0.926606	0.568376	0.589514	0.233989	0.0386072
0.926606	0.568294	0.589436	0.233947	0.0386042
0.926606	0.568212	0.589359	0.233906	0.0386023
0.926606	0.56813	0.589282	0.233864	0.0385997
0.926606	0.568047	0.589204	0.233822	0.0385858
0.926606	0.567965	0.589127	0.233781	0.0385858
0.926606	0.567883	0.58905	0.233739	0.0385344
0.926606	0.567801	0.588972	0.233697	0.0385243
0.926606	0.567719	0.588895	0.233656	0.0385209
0.926606	0.567636	0.588818	0.233614	0.0385176
0.926606	0.567554	0.58874	0.233572	0.0384971
0.926606	0.567472	0.588663	0.233531	0.0384941
0.926606	0.56739	0.588586	0.233489	0.0384811
0.926606	0.567308	0.588508	0.233447	0.0384795
0.926606	0.567226	0.588431	0.233406	0.0384361
0.926606	0.567143	0.588354	0.233364	0.0384209
0.926606	0.567061	0.588276	0.233323	0.0383997
0.926606	0.566979	0.588199	0.233281	0.0383727
0.926606	0.566897	0.588122	0.233239	0.0383547
0.926606	0.566815	0.588044	0.233198	0.0383368
0.926606	0.566732	0.587967	0.233156	0.0383317
0.926606	0.56665	0.58789	0.233115	0.0383061
0.926606	0.566568	0.587812	0.233073	0.038301
0.926606	0.566486	0.587735	0.233032	0.0382868
0.926606	0.566404	0.587658	0.23299	0.0382832
0.926606	0.566321	0.58758	0.232949	0.0382808
0.926606	0.566239	0.587503	0.232907	0.0382689
0.926606	0.566157	0.587426	0.232866	0.0382686
0.926606	0.566075	0.587348	0.232824	0.038262
0.926606	0.565993	0.587271	0.232782	0.0382588
0.926606	0.565911	0.587194	0.232741	0.0382549
0.926606	0.565828	0.587116	0.232699	0.0382487
0.926606	0.565746	0.587039	0.232658	0.0382325
0.926606	0.565664	0.586962	0.232616	0.0382146
0.926606	0.565582	0.586884	0.232575	0.0382064
0.926606	0.5655	0.586807	0.232534	0.0382
0.926606	0.565417	0.58673	0.232492	0.038186
0.926606	0.565335	0.586652	0.232451	0.038154
0.926606	0.565253	0.586575	0.232409	0.0381455
0.926606	0.565171	0.586498	0.232368	0.0381356
0.926606	0.565089	0.58642	0.232326	0.0381118
0.926606	0.565007	0.586343	0.232285	0.0381033
0.926606	0.564924	0.586266	0.232243	0.0381027
0.926606	0.564842	0.586188	0.232202	0.0380949
0.926606	0.56476	0.586111	0.232161	0.0380942
0.926606	0.564678	0.586034	0.232119	0.0380843
0.926606	0.564596	0.585956	0.232078	0.038071
0.926606	0.564513	0.585879	0.232036	0.0380675
0.926606	0.564431	0.585802	0.231995	0.0380578
0.926606	0.564349	0.585724	0.231954	0.0380573
0.926606	0.564267	0.585647	0.231912	0.038045
0.926606	0.564185	0.58557	0.231871	0.0380358
0.926606	0.564103	0.585492	0.231829	0.0380329
0.926606	0.56402	0.585415	0.231788	0.0380301
0.926606	0.563938	0.585338	0.231747	0.0380246
0.926606	0.563856	0.58526	0.231705	0.0379951
0.926606	0.563774	0.585183	0.231664	0.037993
0.926606	0.563692	0.585106	0.231623	0.0379868
0.926606	0.563609	0.585028	0.231581	0.0379829
0.926606	0.563445	0.584874	0.231499	0.037981
0.926606	0.563363	0.584796	0.231458	0.0379655
0.926606	0.563281	0.584719	0.231416	0.037959
0.926606	0.563199	0.584642	0.231375	0.0379537
0.926606	0.563116	0.584564	0.231334	0.0379338
0.926606	0.563034	0.584487	0.231292	0.0379335
0.926606	0.562952	0.58441	0.231251	0.0379332
0.926606	0.56287	0.584332	0.23121	0.0379285
0.926606	0.562788	0.584255	0.231169	0.0379078
0.926606	0.562705	0.584178	0.231127	0.0379051
0.926606	0.562623	0.5841	0.231086	0.0379022
0.926606	0.562541	0.584023	0.231045	0.0378976
0.926606	0.562459	0.583946	0.231004	0.0378928
0.926606	0.562377	0.583868	0.230962	0.0378893
0.926606	0.562295	0.583791	0.230921	0.0378806
0.926606	0.562212	0.583714	0.23088	0.0378308
0.926606	0.56213	0.583636	0.230839	0.0378266
0.926606	0.562048	0.583559	0.230798	0.0378199
0.926606	0.561966	0.583482	0.230756	0.0378051
0.926606	0.561884	0.583404	0.230715	0.0377939
0.926606	0.561801	0.583327	0.230674	0.0377896
0.926606	0.561719	0.58325	0.230633	0.0377682
0.927916	0.561719	0.583327	0.231249	0.0377584
0.927916	0.561637	0.58325	0.231208	0.0377457
0.927916	0.561555	0.583172	0.231167	0.0377338
0.927916	0.561473	0.583095	0.231126	0.0377332
0.927916	0.561391	0.583018	0.231085	0.0377255
0.927916	0.561308	0.58294	0.231044	0.0377248
0.927916	0.561226	0.582863	0.231002	0.037713
0.927916	0.561144	0.582786	0.230961	0.0377105
0.927916	0.561062	0.582708	0.23092	0.0377104
0.927916	0.56098	0.582631	0.230879	0.037706
0.927916	0.560897	0.582554	0.230838	0.0377055
0.927916	0.560815	0.582476	0.230797	0.0376839
0.927916	0.560733	0.582399	0.230756	0.0376791
0.927916	0.560651	0.582322	0.230715	0.0376629
0.927916	0.560569	0.582244	0.230674	0.0376538
0.929227	0.560569	0.582322	0.23129	0.037649
0.929227	0.560487	0.582244	0.231249	0.0376342
0.929227	0.560404	0.582167	0.231208	0.0376119
0.929227	0.560322	0.58209	0.231167	0.0376112
0.929227	0.56024	0.582012	0.231126	0.0375905
0.929227	0.560158	0.581935	0.231085	0.0375893
0.929227	0.560076	0.581858	0.231044	0.0375655
0.929227	0.559993	0.58178	0.231003	0.0375595
0.929227	0.559911	0.581703	0.230962	0.0375535
0.929227	0.559829	0.581626	0.230921	0.037539
0.929227	0.559747	0.581548	0.23088	0.0375252
0.929227	0.559665	0.581471	0.230839	0.0374977
0.929227	0.559583	0.581394	0.230798	0.0374815
0.929227	0.5595	0.581316	0.230757	0.0374533
0.929227	0.559418	0.581239	0.230716	0.0374468
0.929227	0.559336	0.581162	0.230675	0.0374195
0.929227	0.559254	0.581084	0.230634	0.0374118
0.929227	0.559172	0.581007	0.230593	0.0373972
0.929227	0.559089	0.58093	0.230552	0.0373881
0.929227	0.559007	0.580852	0.230511	0.0373849
0.929227	0.558925	0.580775	0.23047	0.0373809
0.929227	0.558843	0.580698	0.230429	0.0373563
0.929227	0.558761	0.58062	0.230388	0.0373423
0.929227	0.558679	0.580543	0.230347	0.0373406
0.929227	0.558596	0.580466	0.230306	0.0373406
0.929227	0.558514	0.580388	0.230265	0.0373358
0.929227	0.558432	0.580311	0.230224	0.0373167
0.929227	0.55835	0.580234	0.230183	0.037316
0.929227	0.558268	0.580156	0.230142	0.037316
0.929227	0.558185	0.580079	0.230102	0.0372995
0.929227	0.558103	0.580002	0.230061	0.0372833
0.929227	0.558021	0.579924	0.23002	0.0372815
0.929227	0.557939	0.579847	0.229979	0.0372671
0.929227	0.557857	0.57977	0.229938	0.0372484
0.929227	0.557774	0.579692	0.229897	0.0372265
0.929227	0.557692	0.579615	0.229856	0.0372073
0.929227	0.55761	0.579538	0.229815	0.0372043
0.929227	0.557528	0.57946	0.229775	0.0371981
0.929227	0.557446	0.579383	0.229734	0.0371732
0.929227	0.557364	0.579306	0.229693	0.0371691
0.929227	0.557281	0.579228	0.229652	0.0371531
0.930537	0.557281	0.579306	0.230269	0.0371446
0.930537	0.557199	0.579228	0.230228	0.0371122
0.930537	0.557117	0.579151	0.230187	0.0371054
0.930537	0.557035	0.579074	0.230146	0.0370882
0.930537	0.556953	0.578996	0.230105	0.037084
0.930537	0.55687	0.578919	0.230065	0.0370802
0.930537	0.556788	0.578842	0.230024	0.0370677
0.930537	0.556706	0.578764	0.229983	0.0370533
0.930537	0.556624	0.578687	0.229942	0.0370495
0.930537	0.556542	0.57861	0.229901	0.0370314
0.930537	0.55646	0.578532	0.229861	0.0369916
0.930537	0.556377	0.578455	0.22982	0.0369874
0.930537	0.556295	0.578378	0.229779	0.0369783
0.930537	0.556213	0.5783	0.229738	0.0369647
0.930537	0.556131	0.578223	0.229698	0.0369608
0.930537	0.556049	0.578146	0.229657	0.0369465
0.930537	0.555966	0.578068	0.229616	0.0369463
0.930537	0.555884	0.577991	0.229575	0.0369398
0.930537	0.555802	0.577914	0.229535	0.036923
0.930537	0.55572	0.577836	0.229494	0.0369203
0.930537	0.555638	0.577759	0.229453	0.0368982
0.930537	0.555556	0.577682	0.229413	0.0368615
0.930537	0.555473	0.577604	0.229372	0.0368466
0.930537	0.555391	0.577527	0.229331	0.0368456
0.930537	0.555309	0.57745	0.229291	0.0368375
0.930537	0.555227	0.577372	0.22925	0.036814
0.930537	0.555145	0.577295	0.229209	0.0368031
0.930537	0.555062	0.577218	0.229168	0.0367832
0.930537	0.55498	0.57714	0.229128	0.0367742
0.930537	0.554898	0.577063	0.229087	0.0367733
0.930537	0.554816	0.576986	0.229047	0.0367537
0.930537	0.554734	0.576908	0.229006	0.0367506
0.930537	0.554652	0.576831	0.228965	0.036738
0.930537	0.554569	0.576754	0.228925	0.0367296
0.930537	0.554487	0.576676	0.228884	0.0366984
0.930537	0.554405	0.576599	0.228843	0.0366972
0.930537	0.554323	0.576522	0.228803	0.036695
0.930537	0.554241	0.576444	0.228762	0.0366597
0.930537	0.554158	0.576367	0.228722	0.0366548
0.930537	0.554076	0.57629	0.228681	0.0366328
0.930537	0.553994	0.576212	0.22864	0.036613
0.930537	0.553912	0.576135	0.2286	0.0366105
0.930537	0.55383	0.576058	0.228559	0.0366101
0.930537	0.553748	0.57598	0.228519	0.0366047
0.930537	0.553665	0.575903	0.228478	0.0365765
0.930537	0.553583	0.575826	0.228438	0.0365751
0.930537	0.553501	0.575748	0.228397	0.0365715
0.930537	0.553419	0.575671	0.228356	0.0365665
0.930537	0.553337	0.575594	0.228316	0.0365585
0.930537	0.553254	0.575516	0.228275	0.0365319
0.930537	0.553172	0.575439	0.228235	0.0365281
0.930537	0.55309	0.575362	0.228194	0.0365106
0.930537	0.553008	0.575284	0.228154	0.0365077
0.930537	0.552926	0.575207	0.228113	0.0365036
0.930537	0.552844	0.57513	0.228073	0.0364842
0.930537	0.552761	0.575052	0.228032	0.0364802
0.930537	0.552679	0.574975	0.227992	0.0364759
0.930537	0.552597	0.574898	0.227951	0.0364581
0.930537	0.552515	0.57482	0.227911	0.036457
0.930537	0.552433	0.574743	0.22787	0.0364532
0.930537	0.55235	0.574666	0.22783	0.0364513
0.930537	0.552268	0.574588	0.22779	0.0364332
0.930537	0.552186	0.574511	0.227749	0.0364237
0.930537	0.552104	0.574434	0.227709	0.036417
0.931848	0.552104	0.574511	0.228325	0.0364075
0.931848	0.552022	0.574434	0.228285	0.0364044
0.931848	0.55194	0.574356	0.228244	0.0363992
0.931848	0.551857	0.574279	0.228204	0.0363978
0.931848	0.551775	0.574202	0.228164	0.0363954
0.931848	0.551693	0.574124	0.228123	0.0363893
0.931848	0.551611	0.574047	0.228083	0.0363844
0.931848	0.551529	0.57397	0.228042	0.0363755
0.931848	0.551446	0.573892	0.228002	0.0363635
0.931848	0.551364	0.573815	0.227962	0.0363445
0.931848	0.551282	0.573738	0.227921	0.0363306
0.931848	0.5512	0.57366	0.227881	0.0363219
0.931848	0.551118	0.573583	0.22784	0.0363213
0.931848	0.551036	0.573506	0.2278	0.0363128
0.931848	0.550953	0.573428	0.22776	0.0363122
0.931848	0.550871	0.573351	0.227719	0.0363112
0.931848	0.550789	0.573274	0.227679	0.0363082
0.931848	0.550707	0.573196	0.227639	0.0362939
0.931848	0.550625	0.573119	0.227598	0.0362887
0.931848	0.550542	0.573042	0.227558	0.0362751
0.931848	0.55046	0.572964	0.227518	0.0362727
0.931848	0.550378	0.572887	0.227477	0.0362279
0.931848	0.550296	0.57281	0.227437	0.0362079
0.931848	0.550214	0.572732	0.227397	0.0362043
0.931848	0.550131	0.572655	0.227357	0.036197
0.931848	0.550049	0.572578	0.227316	0.0361874
0.931848	0.549967	0.5725	0.227276	0.036183
0.931848	0.549885	0.572423	0.227236	0.0361796
0.931848	0.549803	0.572346	0.227195	0.0361781
0.931848	0.549721	0.572268	0.227155	0.0361546
0.931848	0.549638	0.572191	0.227115	0.036154
0.931848	0.549556	0.572114	0.227075	0.0361018
0.931848	0.549474	0.572036	0.227034	0.03609
0.931848	0.549392	0.571959	0.226994	0.0360751
0.931848	0.549227	0.571804	0.226914	0.0360471
0.931848	0.549145	0.571727	0.226873	0.0360424
0.931848	0.549063	0.57165	0.226833	0.0360421
0.931848	0.548981	0.571572	0.226793	0.0360412
0.931848	0.548899	0.571495	0.226753	0.036036
0.931848	0.548817	0.571418	0.226713	0.0359957
0.931848	0.548734	0.57134	0.226672	0.0359921
0.931848	0.548652	0.571263	0.226632	0.0359904
0.931848	0.54857	0.571186	0.226592	0.0359868
0.931848	0.548488	0.571108	0.226552	0.0359758
0.931848	0.548406	0.571031	0.226512	0.0359652
0.931848	0.548323	0.570954	0.226471	0.0359583
0.931848	0.548241	0.570876	0.226431	0.0359512
0.931848	0.548159	0.570799	0.226391	0.0359484
0.931848	0.548077	0.570722	0.226351	0.0359391
0.931848	0.547995	0.570644	0.226311	0.0359332
0.931848	0.547913	0.570567	0.226271	0.0358843
0.933159	0.547913	0.570644	0.226887	0.0358735
0.933159	0.54783	0.570567	0.226847	0.0358556
0.933159	0.547748	0.57049	0.226807	0.0358553
0.933159	0.547666	0.570412	0.226767	0.0358503
0.933159	0.547584	0.570335	0.226727	0.035849
0.933159	0.547502	0.570258	0.226687	0.0358447
0.933159	0.547419	0.57018	0.226647	0.0358169
0.933159	0.547337	0.570103	0.226607	0.0358167
0.933159	0.547255	0.570026	0.226567	0.0358105
0.933159	0.547173	0.569948	0.226527	0.0358051
0.933159	0.547091	0.569871	0.226486	0.0358008
0.933159	0.547009	0.569794	0.226446	0.0357894
0.933159	0.546926	0.569716	0.226406	0.0357829
0.933159	0.546844	0.569639	0.226366	0.0357637
0.933159	0.546762	0.569562	0.226326	0.0357623
0.934469	0.546762	0.569639	0.226943	0.0357569
0.934469	0.54668	0.569562	0.226903	0.0357525
0.934469	0.546598	0.569484	0.226863	0.0357392
0.934469	0.546515	0.569407	0.226823	0.0357324
0.934469	0.546433	0.56933	0.226783	0.0357284
0.934469	0.546351	0.569252	0.226743	0.0357188
0.934469	0.546269	0.569175	0.226703	0.0357008
0.934469	0.546187	0.569098	0.226663	0.0356436
0.934469	0.546105	0.56902	0.226623	0.0356314
0.934469	0.546022	0.568943	0.226583	0.0356301
0.934469	0.54594	0.568866	0.226543	0.0356148
0.934469	0.545858	0.568788	0.226503	0.0356079
0.934469	0.545776	0.568711	0.226463	0.0356026
0.93578	0.545776	0.568788	0.22708	0.0355946
0.93578	0.545694	0.568711	0.22704	0.0355819
0.93578	0.545611	0.568634	0.227	0.035577
0.93578	0.545529	0.568556	0.22696	0.0355618
0.93578	0.545447	0.568479	0.22692	0.0355569
0.93578	0.545365	0.568402	0.22688	0.0355514
0.93578	0.545283	0.568324	0.22684	0.03554
0.93578	0.545201	0.568247	0.2268	0.0355332
0.93578	0.545118	0.56817	0.22676	0.0355272
0.93578	0.545036	0.568092	0.22672	0.0355097
0.93578	0.544954	0.568015	0.22668	0.0355076
0.93578	0.544872	0.567938	0.22664	0.0354828
0.93578	0.54479	0.56786	0.2266	0.0354367
0.93578	0.544707	0.567783	0.22656	0.0354344
0.93578	0.544625	0.567706	0.226521	0.035434
0.93578	0.544543	0.567628	0.226481	0.0354184
0.93578	0.544461	0.567551	0.226441	0.0354159
0.93578	0.544379	0.567474	0.226401	0.0354144
0.93578	0.544297	0.567396	0.226361	0.0354131
0.93578	0.544214	0.567319	0.226321	0.03541
0.93578	0.544132	0.567242	0.226281	0.0354062
0.93578	0.54405	0.567164	0.226241	0.0354021
0.93578	0.543968	0.567087	0.226202	0.0353679
0.93578	0.543886	0.56701	0.226162	0.0353548
0.93578	0.543803	0.566932	0.226122	0.0353523
0.93578	0.543721	0.566855	0.226082	0.0353388
0.93578	0.543639	0.566778	0.226042	0.035333
0.93578	0.543557	0.5667	0.226002	0.0353296
0.93578	0.543475	0.566623	0.225963	0.035327
0.93578	0.543393	0.566546	0.225923	0.0353243
0.93578	0.54331	0.566468	0.225883	0.0353215
0.93578	0.543228	0.566391	0.225843	0.035315
0.93578	0.543146	0.566314	0.225803	0.0353129
0.93578	0.543064	0.566236	0.225764	0.0353033
0.93578	0.542982	0.566159	0.225724	0.0352885
0.93578	0.542899	0.566082	0.225684	0.0352872
0.93578	0.542817	0.566004	0.225644	0.0352777
0.93578	0.542735	0.565927	0.225605	0.0352531
0.93709	0.542735	0.566004	0.226221	0.0352261
0.93709	0.542653	0.565927	0.226182	0.0352257
0.93709	0.542571	0.56585	0.226142	0.035222
0.93709	0.542488	0.565772	0.226102	0.0352213
0.93709	0.542406	0.565695	0.226062	0.0352213
0.93709	0.542324	0.565618	0.226023	0.0351927
0.93709	0.542242	0.56554	0.225983	0.0351909
0.93709	0.54216	0.565463	0.225943	0.035184
0.93709	0.542078	0.565386	0.225904	0.0351771
0.93709	0.541995	0.565308	0.225864	0.0351745
0.93709	0.541913	0.565231	0.225824	0.0351556
0.93709	0.541831	0.565154	0.225784	0.035147
0.93709	0.541749	0.565076	0.225745	0.0351202
0.93709	0.541667	0.564999	0.225705	0.035117
0.93709	0.541584	0.564922	0.225665	0.0350963
0.93709	0.541502	0.564844	0.225626	0.0350961
0.938401	0.541502	0.564922	0.226243	0.0350859
0.938401	0.54142	0.564844	0.226203	0.0350801
0.938401	0.541338	0.564767	0.226163	0.0350772
0.938401	0.541256	0.56469	0.226124	0.0350747
0.938401	0.541174	0.564612	0.226084	0.0350693
0.938401	0.541091	0.564535	0.226044	0.0350634
0.938401	0.541009	0.564458	0.226005	0.0350503
0.938401	0.540927	0.56438	0.225965	0.0350093
0.938401	0.540845	0.564303	0.225926	0.0349994
0.938401	0.540763	0.564226	0.225886	0.0349979
0.938401	0.54068	0.564148	0.225846	0.0349821
0.938401	0.540598	0.564071	0.225807	0.0349435
0.939712	0.540598	0.564148	0.226424	0.0349403
0.939712	0.540516	0.564071	0.226384	0.0349299
0.939712	0.540434	0.563994	0.226345	0.0348965
0.939712	0.540352	0.563916	0.226305	0.0348963
0.939712	0.54027	0.563839	0.226265	0.0348728
0.939712	0.540187	0.563762	0.226226	0.0348701
0.941022	0.540187	0.563839	0.226843	0.0348485
0.941022	0.540105	0.563762	0.226803	0.0348269
0.941022	0.540023	0.563684	0.226764	0.0348244
0.941022	0.539941	0.563607	0.226724	0.0348115
0.941022	0.539859	0.56353	0.226685	0.0348092
0.941022	0.539776	0.563452	0.226645	0.0348084
0.941022	0.539694	0.563375	0.226605	0.0348071
0.941022	0.539612	0.563298	0.226566	0.0347879
0.941022	0.53953	0.56322	0.226526	0.0347574
0.941022	0.539448	0.563143	0.226487	0.0347477
0.941022	0.539366	0.563066	0.226447	0.0347205
0.941022	0.539283	0.562988	0.226408	0.0347185
0.941022	0.539201	0.562911	0.226368	0.0347168
0.941022	0.539119	0.562834	0.226329	0.0347152
0.941022	0.539037	0.562756	0.226289	0.0346699
0.941022	0.538955	0.562679	0.22625	0.0346618
0.941022	0.538872	0.562602	0.22621	0.0346573
0.941022	0.53879	0.562524	0.226171	0.0346387
0.941022	0.538708	0.562447	0.226131	0.0346362
0.942333	0.538708	0.562524	0.226749	0.0346121
0.942333	0.538626	0.562447	0.226709	0.0346097
0.942333	0.538544	0.562369	0.22667	0.0346028
0.942333	0.538462	0.562292	0.22663	0.0345986
0.943644	0.538462	0.562369	0.227247	0.0345846
0.943644	0.538379	0.562292	0.227208	0.0345812
0.943644	0.538297	0.562215	0.227168	0.0345761
0.943644	0.538215	0.562137	0.227129	0.0345713
0.943644	0.538133	0.56206	0.227089	0.0345704
0.943644	0.538051	0.561983	0.22705	0.0345642
0.943644	0.537968	0.561905	0.227011	0.0345633
0.943644	0.537886	0.561828	0.226971	0.0345509
0.943644	0.537804	0.561751	0.226932	0.0345481
0.943644	0.537722	0.561673	0.226892	0.0345427
0.943644	0.53764	0.561596	0.226853	0.0345226
0.943644	0.537558	0.561519	0.226814	0.034521
0.943644	0.537475	0.561441	0.226774	0.0345179
0.943644	0.537393	0.561364	0.226735	0.0345171
0.943644	0.537311	0.561287	0.226696	0.0345108
0.943644	0.537229	0.561209	0.226656	0.0344918
0.943644	0.537147	0.561132	0.226617	0.0344906
0.943644	0.537064	0.561055	0.226578	0.0344894
0.943644	0.536982	0.560977	0.226538	0.0344887
0.943644	0.5369	0.5609	0.226499	0.0344873
0.943644	0.536818	0.560823	0.22646	0.0344754
0.943644	0.536736	0.560745	0.22642	0.0344216
0.943644	0.536654	0.560668	0.226381	0.0344185
0.943644	0.536571	0.560591	0.226342	0.0344125
0.943644	0.536489	0.560513	0.226302	0.0343627
0.943644	0.536407	0.560436	0.226263	0.0343599
0.943644	0.536325	0.560359	0.226224	0.0343393
0.943644	0.536243	0.560281	0.226184	0.0343113
0.943644	0.53616	0.560204	0.226145	0.0343061
0.943644	0.536078	0.560127	0.226106	0.0342997
0.943644	0.535996	0.560049	0.226066	0.0342962
0.943644	0.535914	0.559972	0.226027	0.0342735
0.943644	0.535832	0.559895	0.225988	0.0342578
0.943644	0.53575	0.559817	0.225949	0.0342566
0.943644	0.535667	0.55974	0.225909	0.0342521
0.943644	0.535585	0.559663	0.22587	0.0342444
0.943644	0.535503	0.559585	0.225831	0.0342038
0.943644	0.535421	0.559508	0.225792	0.0342021
0.943644	0.535339	0.559431	0.225752	0.0342005
0.943644	0.535256	0.559353	0.225713	0.0341872
0.943644	0.535174	0.559276	0.225674	0.0341859
0.943644	0.535092	0.559199	0.225635	0.0341826
0.943644	0.53501	0.559121	0.225596	0.0341699
0.943644	0.534928	0.559044	0.225556	0.0341689
0.943644	0.534845	0.558967	0.225517	0.0341532
0.943644	0.534763	0.558889	0.225478	0.034153
0.943644	0.534681	0.558812	0.225439	0.0341378
0.943644	0.534599	0.558735	0.2254	0.0341345
0.943644	0.534517	0.558657	0.22536	0.0341334
0.943644	0.534435	0.55858	0.225321	0.0341288
0.943644	0.534352	0.558503	0.225282	0.0341149
0.943644	0.53427	0.558425	0.225243	0.0341064
0.943644	0.534188	0.558348	0.225204	0.0340938
0.943644	0.534106	0.558271	0.225165	0.0340898
0.943644	0.534024	0.558193	0.225126	0.0340841
0.943644	0.533941	0.558116	0.225086	0.0340834
0.943644	0.533859	0.558039	0.225047	0.0340776
0.943644	0.533777	0.557961	0.225008	0.0340727
0.943644	0.533695	0.557884	0.224969	0.0340652
0.943644	0.533613	0.557807	0.22493	0.0340644
0.943644	0.533531	0.557729	0.224891	0.0340617
0.943644	0.533448	0.557652	0.224852	0.0340499
0.943644	0.533366	0.557575	0.224813	0.0340413
0.943644	0.533284	0.557497	0.224774	0.0340376
0.943644	0.533202	0.55742	0.224734	0.0340284
0.943644	0.53312	0.557343	0.224695	0.0340087
0.943644	0.533037	0.557265	0.224656	0.0339986
0.943644	0.532955	0.557188	0.224617	0.033998
0.943644	0.532873	0.557111	0.224578	0.0339928
0.943644	0.532791	0.557033	0.224539	0.0339864
0.943644	0.532709	0.556956	0.2245	0.0339824
0.943644	0.532627	0.556879	0.224461	0.0339746
0.943644	0.532544	0.556801	0.224422	0.0339694
0.943644	0.532462	0.556724	0.224383	0.0339638
0.944954	0.532462	0.556801	0.225	0.0339522
0.944954	0.53238	0.556724	0.224961	0.0339452
0.944954	0.532298	0.556647	0.224922	0.0339391
0.944954	0.532216	0.556569	0.224883	0.0339289
0.946265	0.532216	0.556647	0.225501	0.0339066
0.946265	0.532133	0.556569	0.225462	0.0338989
0.946265	0.532051	0.556492	0.225423	0.0338909
0.946265	0.531969	0.556415	0.225384	0.0338897
0.946265	0.531887	0.556337	0.225345	0.0338833
0.946265	0.531805	0.55626	0.225306	0.0338831
0.946265	0.531723	0.556183	0.225267	0.0338814
0.946265	0.53164	0.556105	0.225228	0.0338667
0.946265	0.531558	0.556028	0.225189	0.0338641
0.946265	0.531476	0.555951	0.22515	0.0338564
0.946265	0.531394	0.555873	0.225111	0.0338482
0.946265	0.531312	0.555796	0.225072	0.0338433
0.946265	0.531229	0.555719	0.225033	0.0338423
0.946265	0.531147	0.555641	0.224994	0.0338299
0.946265	0.531065	0.555564	0.224955	0.033823
0.946265	0.530983	0.555487	0.224916	0.0337696
0.946265	0.530901	0.555409	0.224877	0.0337655
0.946265	0.530819	0.555332	0.224838	0.0337633
0.946265	0.530736	0.555255	0.224799	0.0337533
0.946265	0.530654	0.555177	0.22476	0.0337421
0.946265	0.530572	0.5551	0.224721	0.0337336
0.946265	0.53049	0.555023	0.224683	0.0337223
0.946265	0.530408	0.554945	0.224644	0.0337109
0.946265	0.530325	0.554868	0.224605	0.0337087
0.946265	0.530243	0.554791	0.224566	0.0337067
0.946265	0.530161	0.554713	0.224527	0.0337034
0.946265	0.530079	0.554636	0.224488	0.033665
0.946265	0.529997	0.554559	0.224449	0.0336568
0.946265	0.529915	0.554481	0.22441	0.0336302
0.946265	0.529832	0.554404	0.224372	0.0336293
0.946265	0.52975	0.554327	0.224333	0.0336201
0.946265	0.529668	0.554249	0.224294	0.0336096
0.946265	0.529586	0.554172	0.224255	0.033591
0.946265	0.529504	0.554095	0.224216	0.033577
0.946265	0.529421	0.554017	0.224177	0.0335421
0.946265	0.529339	0.55394	0.224139	0.0335275
0.946265	0.529257	0.553863	0.2241	0.0335196
0.946265	0.529175	0.553785	0.224061	0.0334869
0.946265	0.529093	0.553708	0.224022	0.0334811
0.946265	0.529011	0.553631	0.223983	0.0334811
0.946265	0.528928	0.553553	0.223945	0.0334793
0.947575	0.528928	0.553631	0.224562	0.033477
0.947575	0.528846	0.553553	0.224523	0.0334557
0.947575	0.528764	0.553476	0.224485	0.033454
0.947575	0.528682	0.553399	0.224446	0.0334511
0.948886	0.528682	0.553476	0.225063	0.0334446
0.948886	0.5286	0.553399	0.225025	0.0334174
0.948886	0.528517	0.553321	0.224986	0.0334142
0.948886	0.528435	0.553244	0.224947	0.0333988
0.948886	0.528353	0.553167	0.224908	0.033394
0.948886	0.528271	0.553089	0.22487	0.0333912
0.948886	0.528189	0.553012	0.224831	0.0333836
0.948886	0.528107	0.552935	0.224792	0.033382
0.948886	0.528024	0.552857	0.224754	0.0333762
0.948886	0.527942	0.55278	0.224715	0.0333617
0.948886	0.52786	0.552703	0.224676	0.0333443
0.948886	0.527778	0.552625	0.224637	0.0333417
0.948886	0.527696	0.552548	0.224599	0.0333389
0.948886	0.527613	0.552471	0.22456	0.0333266
0.948886	0.527531	0.552393	0.224521	0.0333045
0.948886	0.527449	0.552316	0.224483	0.0332938
0.948886	0.527367	0.552239	0.224444	0.0332916
0.948886	0.527285	0.552161	0.224405	0.0332814
0.948886	0.527202	0.552084	0.224367	0.0332729
0.948886	0.52712	0.552007	0.224328	0.0332677
0.948886	0.527038	0.551929	0.224289	0.0332599
0.948886	0.526956	0.551852	0.224251	0.0332521
0.948886	0.526874	0.551775	0.224212	0.0332289
0.948886	0.526792	0.551697	0.224173	0.0332243
0.948886	0.526709	0.55162	0.224135	0.0332172
0.948886	0.526627	0.551543	0.224096	0.0331991
0.948886	0.526545	0.551465	0.224057	0.0331936
0.948886	0.526463	0.551388	0.224019	0.0331824
0.948886	0.526381	0.551311	0.22398	0.0331429
0.948886	0.526298	0.551233	0.223942	0.0331363
0.948886	0.526216	0.551156	0.223903	0.0331308
0.948886	0.526134	0.551079	0.223864	0.0331145
0.948886	0.526052	0.551001	0.223826	0.0331023
0.948886	0.52597	0.550924	0.223787	0.0330938
0.948886	0.525888	0.550847	0.223749	0.0330862
0.948886	0.525805	0.550769	0.22371	0.0330825
0.948886	0.525723	0.550692	0.223671	0.0330692
0.948886	0.525641	0.550615	0.223633	0.0330607
0.948886	0.525559	0.550537	0.223594	0.0330454
0.948886	0.525477	0.55046	0.223556	0.0330437
0.948886	0.525394	0.550383	0.223517	0.0330359
0.948886	0.525312	0.550305	0.223479	0.0330306
0.948886	0.52523	0.550228	0.22344	0.0330211
0.948886	0.525148	0.550151	0.223401	0.0330071
0.948886	0.525066	0.550073	0.223363	0.0330045
0.948886	0.524984	0.549996	0.223324	0.0330019
0.948886	0.524901	0.549919	0.223286	0.0329913
0.948886	0.524819	0.549841	0.223247	0.0329856
0.948886	0.524737	0.549764	0.223209	0.0329665
0.948886	0.524655	0.549687	0.22317	0.0329544
0.948886	0.524573	0.549609	0.223132	0.0329469
0.948886	0.52449	0.549532	0.223093	0.0329164
0.948886	0.524408	0.549455	0.223055	0.0329108
0.948886	0.524326	0.549377	0.223016	0.0328874
0.948886	0.524244	0.5493	0.222978	0.0328519
0.948886	0.524162	0.549223	0.222939	0.0328487
0.948886	0.52408	0.549145	0.222901	0.0328474
0.948886	0.523997	0.549068	0.222863	0.0328435
0.948886	0.523915	0.548991	0.222824	0.0328026
0.948886	0.523833	0.548913	0.222786	0.0327989
0.948886	0.523751	0.548836	0.222747	0.0327884
0.948886	0.523669	0.548759	0.222709	0.0327744
0.948886	0.523586	0.548681	0.22267	0.0327708
0.948886	0.523504	0.548604	0.222632	0.0327479
0.948886	0.523422	0.548527	0.222593	0.0327358
0.948886	0.52334	0.548449	0.222555	0.032735
0.948886	0.523258	0.548372	0.222517	0.032721
0.948886	0.523176	0.548295	0.222478	0.0327061
0.948886	0.523093	0.548217	0.22244	0.032696
0.948886	0.523011	0.54814	0.222401	0.032685
0.948886	0.522929	0.548063	0.222363	0.0326811
0.948886	0.522847	0.547985	0.222325	0.0326805
0.948886	0.522765	0.547908	0.222286	0.0326781
0.948886	0.522682	0.547831	0.222248	0.0326756
0.948886	0.5226	0.547753	0.222209	0.0326621
0.948886	0.522518	0.547676	0.222171	0.032653
0.948886	0.522436	0.547599	0.222133	0.0326511
0.948886	0.522354	0.547521	0.222094	0.0326469
0.948886	0.522272	0.547444	0.222056	0.0326469
0.948886	0.522189	0.547367	0.222018	0.0326466
0.950197	0.522189	0.547444	0.222636	0.0326421
0.950197	0.522107	0.547367	0.222597	0.0326344
0.950197	0.522025	0.547289	0.222559	0.0326108
0.950197	0.521943	0.547212	0.222521	0.0326096
0.950197	0.521861	0.547135	0.222482	0.0326045
0.950197	0.521778	0.547057	0.222444	0.0325974
0.950197	0.521696	0.54698	0.222406	0.0325837
0.950197	0.521614	0.546903	0.222367	0.0325793
0.950197	0.521532	0.546825	0.222329	0.032579
0.950197	0.52145	0.546748	0.222291	0.0325498
0.950197	0.521368	0.546671	0.222253	0.0325449
0.950197	0.521285	0.546593	0.222214	0.0325337
0.950197	0.521203	0.546516	0.222176	0.0325248
0.950197	0.521121	0.546439	0.222138	0.0325112
0.950197	0.521039	0.546361	0.222099	0.0324988
0.950197	0.520957	0.546284	0.222061	0.032495
0.950197	0.520874	0.546207	0.222023	0.032485
0.950197	0.520792	0.546129	0.221985	0.0324792
0.950197	0.52071	0.546052	0.221946	0.0324748
0.950197	0.520628	0.545975	0.221908	0.0324492
0.950197	0.520546	0.545897	0.22187	0.0324435
0.950197	0.520464	0.54582	0.221832	0.0324198
0.950197	0.520381	0.545743	0.221793	0.0324181
0.950197	0.520299	0.545665	0.221755	0.0324093
0.950197	0.520217	0.545588	0.221717	0.0324071
0.950197	0.520135	0.545511	0.221679	0.0323963
0.950197	0.520053	0.545433	0.221641	0.0323654
0.950197	0.51997	0.545356	0.221602	0.0323383
0.950197	0.519888	0.545279	0.221564	0.0323182
0.950197	0.519806	0.545201	0.221526	0.0323152
0.950197	0.519724	0.545124	0.221488	0.0323098
0.950197	0.519642	0.545047	0.22145	0.0323065
0.950197	0.51956	0.544969	0.221411	0.03227
0.950197	0.519477	0.544892	0.221373	0.0322546
0.950197	0.519395	0.544815	0.221335	0.0322509
0.950197	0.519313	0.544737	0.221297	0.0322348
0.950197	0.519231	0.54466	0.221259	0.0322176
0.950197	0.519149	0.544583	0.221221	0.0322087
0.950197	0.519066	0.544505	0.221182	0.0322075
0.950197	0.518984	0.544428	0.221144	0.0322068
0.950197	0.518902	0.544351	0.221106	0.0322068
0.950197	0.51882	0.544273	0.221068	0.0322041
0.950197	0.518738	0.544196	0.22103	0.0321865
0.950197	0.518655	0.544119	0.220992	0.0321795
0.950197	0.518573	0.544041	0.220954	0.0321786
0.950197	0.518491	0.543964	0.220916	0.0321723
0.950197	0.518409	0.543887	0.220877	0.0321555
0.950197	0.518327	0.543809	0.220839	0.0321496
0.950197	0.518245	0.543732	0.220801	0.0321464
0.950197	0.518162	0.543655	0.220763	0.0321376
0.950197	0.51808	0.543577	0.220725	0.0321371
0.950197	0.517998	0.5435	0.220687	0.0321288
0.950197	0.517916	0.543423	0.220649	0.0321175
0.950197	0.517834	0.543345	0.220611	0.0321037
0.950197	0.517751	0.543268	0.220573	0.0320973
0.950197	0.517669	0.543191	0.220535	0.0320917
0.950197	0.517587	0.543113	0.220497	0.0320879
0.950197	0.517505	0.543036	0.220459	0.0320804
0.950197	0.517423	0.542959	0.220421	0.0320761
0.950197	0.517341	0.542881	0.220382	0.0320678
0.950197	0.517258	0.542804	0.220344	0.0320419
0.950197	0.517176	0.542727	0.220306	0.0320416
0.950197	0.517094	0.542649	0.220268	0.0320305
0.950197	0.517012	0.542572	0.22023	0.0320197
0.950197	0.51693	0.542495	0.220192	0.0320187
0.950197	0.516847	0.542417	0.220154	0.0320133
0.950197	0.516765	0.54234	0.220116	0.0319986
0.950197	0.516683	0.542263	0.220078	0.0319827
0.950197	0.516601	0.542185	0.22004	0.0319778
0.951507	0.516601	0.542263	0.220659	0.0319694
0.951507	0.516519	0.542185	0.220621	0.0319506
0.951507	0.516437	0.542108	0.220583	0.0319281
0.951507	0.516354	0.542031	0.220545	0.0319234
0.951507	0.516272	0.541953	0.220507	0.0319103
0.951507	0.51619	0.541876	0.220469	0.031895
0.951507	0.516108	0.541799	0.220431	0.0318887
0.951507	0.516026	0.541721	0.220393	0.0318826
0.951507	0.515943	0.541644	0.220355	0.0318825
0.951507	0.515861	0.541567	0.220317	0.0318808
0.951507	0.515779	0.541489	0.220279	0.0318784
0.951507	0.515697	0.541412	0.220241	0.0318769
0.951507	0.515615	0.541335	0.220203	0.0318676
0.951507	0.515533	0.541257	0.220165	0.0318524
0.951507	0.51545	0.54118	0.220128	0.0318402
0.951507	0.515368	0.541103	0.22009	0.0318318
0.951507	0.515286	0.541025	0.220052	0.0318313
0.951507	0.515204	0.540948	0.220014	0.0318199
0.951507	0.515122	0.540871	0.219976	0.0318026
0.951507	0.515039	0.540793	0.219938	0.0317968
0.951507	0.514957	0.540716	0.2199	0.0317719
0.951507	0.514875	0.540639	0.219862	0.0317629
0.951507	0.514793	0.540561	0.219824	0.031758
0.951507	0.514711	0.540484	0.219787	0.0317577
0.951507	0.514629	0.540407	0.219749	0.0317416
0.951507	0.514546	0.540329	0.219711	0.0317378
0.951507	0.514464	0.540252	0.219673	0.0317368
0.951507	0.514382	0.540175	0.219635	0.0317276
0.951507	0.5143	0.540097	0.219597	0.0317182
0.951507	0.514218	0.54002	0.219559	0.0317053
0.951507	0.514135	0.539943	0.219522	0.0317053
0.951507	0.514053	0.539865	0.219484	0.0316988
0.951507	0.513971	0.539788	0.219446	0.0316598
0.951507	0.513889	0.539711	0.219408	0.0316462
0.951507	0.513807	0.539633	0.21937	0.0316443
0.951507	0.513725	0.539556	0.219332	0.0316411
0.951507	0.513642	0.539479	0.219295	0.0316241
0.951507	0.51356	0.539401	0.219257	0.031624
0.951507	0.513478	0.539324	0.219219	0.0316131
0.951507	0.513396	0.539247	0.219181	0.0315997
0.951507	0.513314	0.539169	0.219143	0.0315902
0.951507	0.513231	0.539092	0.219106	0.0315806
0.951507	0.513149	0.539015	0.219068	0.0315548
0.951507	0.513067	0.538937	0.21903	0.0315462
0.951507	0.512985	0.53886	0.218992	0.0315411
0.951507	0.512903	0.538783	0.218955	0.0315136
0.951507	0.512821	0.538705	0.218917	0.0315127
0.951507	0.512738	0.538628	0.218879	0.0315124
0.951507	0.512656	0.538551	0.218841	0.031502
0.951507	0.512574	0.538473	0.218804	0.0315006
0.951507	0.512492	0.538396	0.218766	0.0314906
0.951507	0.51241	0.538319	0.218728	0.0314586
0.951507	0.512327	0.538241	0.21869	0.031458
0.951507	0.512245	0.538164	0.218653	0.031456
0.951507	0.512163	0.538087	0.218615	0.0314421
0.951507	0.512081	0.538009	0.218577	0.0314287
0.951507	0.511999	0.537932	0.218539	0.0314257
0.951507	0.511917	0.537855	0.218502	0.0314169
0.951507	0.511834	0.537777	0.218464	0.0314122
0.951507	0.511752	0.5377	0.218426	0.0314084
0.951507	0.51167	0.537623	0.218389	0.0314047
0.951507	0.511588	0.537545	0.218351	0.0313995
0.951507	0.511506	0.537468	0.218313	0.0313969
0.952818	0.511506	0.537545	0.218932	0.0313876
0.952818	0.511423	0.537468	0.218895	0.0313629
0.952818	0.511341	0.537391	0.218857	0.0313576
0.952818	0.511259	0.537313	0.218819	0.031352
0.952818	0.511177	0.537236	0.218782	0.0313451
0.952818	0.511095	0.537159	0.218744	0.0313355
0.952818	0.511012	0.537081	0.218706	0.0313272
0.952818	0.51093	0.537004	0.218669	0.0313248
0.952818	0.510848	0.536927	0.218631	0.0312996
0.952818	0.510766	0.536849	0.218593	0.0312833
0.952818	0.510684	0.536772	0.218556	0.0312506
0.952818	0.510602	0.536695	0.218518	0.0312501
0.952818	0.510519	0.536617	0.218481	0.0312495
0.952818	0.510437	0.53654	0.218443	0.031244
0.952818	0.510355	0.536463	0.218405	0.0312307
0.952818	0.510273	0.536385	0.218368	0.0312279
0.952818	0.510191	0.536308	0.21833	0.0312007
0.952818	0.510108	0.536231	0.218293	0.0311964
0.952818	0.510026	0.536153	0.218255	0.0311873
0.952818	0.509944	0.536076	0.218217	0.0311835
0.952818	0.509862	0.535999	0.21818	0.0311833
0.952818	0.50978	0.535921	0.218142	0.0311809
0.952818	0.509698	0.535844	0.218105	0.0311643
0.952818	0.509615	0.535767	0.218067	0.0311471
0.952818	0.509533	0.535689	0.21803	0.0311467
0.952818	0.509451	0.535612	0.217992	0.0311443
0.952818	0.509369	0.535535	0.217954	0.0311407
0.952818	0.509287	0.535457	0.217917	0.0311079
0.952818	0.509204	0.53538	0.217879	0.031105
0.952818	0.509122	0.535303	0.217842	0.031104
0.952818	0.50904	0.535225	0.217804	0.0310931
0.952818	0.508958	0.535148	0.217767	0.0310785
0.952818	0.508876	0.535071	0.217729	0.0310708
0.952818	0.508794	0.534993	0.217692	0.0310656
0.952818	0.508711	0.534916	0.217654	0.0310522
0.952818	0.508629	0.534839	0.217617	0.0310386
0.952818	0.508547	0.534761	0.217579	0.0310342
0.954128	0.508547	0.534839	0.218199	0.0310251
0.954128	0.508465	0.534761	0.218161	0.0310009
0.954128	0.508383	0.534684	0.218124	0.0309982
0.954128	0.5083	0.534607	0.218086	0.030989
0.954128	0.508218	0.534529	0.218049	0.0309861
0.954128	0.508136	0.534452	0.218011	0.0309854
0.954128	0.508054	0.534375	0.217974	0.0309754
0.954128	0.507972	0.534297	0.217936	0.0309747
0.954128	0.50789	0.53422	0.217899	0.0309698
0.954128	0.507807	0.534143	0.217861	0.0309601
0.954128	0.507725	0.534065	0.217824	0.0309439
0.954128	0.507643	0.533988	0.217786	0.0309359
0.954128	0.507561	0.533911	0.217749	0.0309224
0.954128	0.507479	0.533833	0.217712	0.0308964
0.954128	0.507396	0.533756	0.217674	0.0308946
0.954128	0.507314	0.533679	0.217637	0.030894
0.954128	0.507232	0.533601	0.217599	0.0308916
0.954128	0.50715	0.533524	0.217562	0.0308915
0.954128	0.507068	0.533447	0.217525	0.0308829
0.954128	0.506986	0.533369	0.217487	0.0308753
0.954128	0.506903	0.533292	0.21745	0.0308748
0.954128	0.506821	0.533215	0.217412	0.030867
0.954128	0.506739	0.533137	0.217375	0.0308644
0.954128	0.506657	0.53306	0.217338	0.0308447
0.954128	0.506575	0.532983	0.2173	0.0308414
0.954128	0.506492	0.532905	0.217263	0.030835
0.954128	0.50641	0.532828	0.217225	0.0308259
0.954128	0.506328	0.532751	0.217188	0.0308194
0.954128	0.506246	0.532673	0.217151	0.0308123
0.954128	0.506164	0.532596	0.217113	0.0308038
0.954128	0.506082	0.532519	0.217076	0.0307936
0.954128	0.505999	0.532441	0.217039	0.0307904
0.954128	0.505917	0.532364	0.217001	0.0307889
0.954128	0.505835	0.532287	0.216964	0.0307813
0.954128	0.505753	0.532209	0.216927	0.0307763
0.954128	0.505671	0.532132	0.216889	0.0307668
0.954128	0.505588	0.532055	0.216852	0.0307551
0.954128	0.505506	0.531977	0.216815	0.0307547
0.954128	0.505424	0.5319	0.216777	0.0307541
0.954128	0.505342	0.531823	0.21674	0.0307497
0.954128	0.50526	0.531745	0.216703	0.0307429
0.954128	0.505178	0.531668	0.216665	0.0307304
0.954128	0.505095	0.531591	0.216628	0.0307263
0.954128	0.505013	0.531513	0.216591	0.0307079
0.954128	0.504931	0.531436	0.216554	0.0307063
0.954128	0.504849	0.531359	0.216516	0.0307055
0.954128	0.504767	0.531281	0.216479	0.0307053
0.954128	0.504684	0.531204	0.216442	0.0306913
0.954128	0.504602	0.531127	0.216405	0.0306801
0.954128	0.50452	0.531049	0.216367	0.0306768
0.954128	0.504438	0.530972	0.21633	0.0306768
0.954128	0.504356	0.530895	0.216293	0.0306623
0.954128	0.504274	0.530817	0.216256	0.0306562
0.954128	0.504191	0.53074	0.216218	0.0306506
0.954128	0.504109	0.530663	0.216181	0.0306426
0.954128	0.504027	0.530585	0.216144	0.0306303
0.954128	0.503945	0.530508	0.216107	0.0306229
0.954128	0.503863	0.530431	0.216069	0.0306207
0.954128	0.50378	0.530353	0.216032	0.0306151
0.954128	0.503698	0.530276	0.215995	0.0306073
0.954128	0.503616	0.530199	0.215958	0.0306054
0.954128	0.503534	0.530121	0.215921	0.0306
0.954128	0.503452	0.530044	0.215883	0.0305935
0.954128	0.503369	0.529967	0.215846	0.0305804
0.954128	0.503287	0.529889	0.215809	0.0305716
0.954128	0.503205	0.529812	0.215772	0.0305642
0.954128	0.503123	0.529735	0.215735	0.0305501
0.954128	0.503041	0.529657	0.215697	0.0305252
0.954128	0.502959	0.52958	0.21566	0.0305135
0.954128	0.502876	0.529503	0.215623	0.0305056
0.954128	0.502794	0.529425	0.215586	0.0305052
0.954128	0.502712	0.529348	0.215549	0.0304998
0.955439	0.502712	0.529425	0.216169	0.0304969
0.955439	0.50263	0.529348	0.216132	0.0304959
0.955439	0.502548	0.529271	0.216094	0.0304776
0.955439	0.502465	0.529193	0.216057	0.0304729
0.955439	0.502383	0.529116	0.21602	0.0304646
0.955439	0.502301	0.529039	0.215983	0.0304582
0.955439	0.502219	0.528961	0.215946	0.0304544
0.955439	0.502137	0.528884	0.215909	0.0304232
0.955439	0.502055	0.528807	0.215872	0.0304092
0.955439	0.501972	0.528729	0.215835	0.0304085
0.955439	0.50189	0.528652	0.215798	0.0304051
0.955439	0.501808	0.528575	0.21576	0.0304031
0.955439	0.501726	0.528497	0.215723	0.0303709
0.955439	0.501644	0.52842	0.215686	0.0303605
0.955439	0.501561	0.528343	0.215649	0.0303593
0.955439	0.501479	0.528265	0.215612	0.0303545
0.955439	0.501397	0.528188	0.215575	0.0303544
0.95675	0.501397	0.528265	0.216195	0.0303526
0.95675	0.501315	0.528188	0.216158	0.0303505
0.95675	0.501233	0.528111	0.216121	0.0303431
0.95675	0.501151	0.528033	0.216084	0.0303427
0.95675	0.501068	0.527956	0.216047	0.0303407
0.95675	0.500986	0.527879	0.21601	0.0303369
0.95675	0.500904	0.527801	0.215973	0.0303362
0.95675	0.500822	0.527724	0.215936	0.0303325
0.95675	0.50074	0.527647	0.215899	0.0303239
0.95675	0.500657	0.527569	0.215862	0.030323
0.95675	0.500575	0.527492	0.215825	0.030322
0.95675	0.500493	0.527415	0.215788	0.03032
0.95675	0.500411	0.527337	0.215751	0.03032
0.95675	0.500329	0.52726	0.215714	0.0303194
0.95675	0.500247	0.527183	0.215677	0.0303085
0.95675	0.500164	0.527105	0.21564	0.0303067
0.95675	0.500082	0.527028	0.215603	0.0302946
0.95675	0.5	0.526951	0.215566	0.0302913
0.95675	0.499918	0.526873	0.215529	0.0302517
0.95675	0.499836	0.526796	0.215492	0.0302441
0.95675	0.499753	0.526719	0.215455	0.0302432
0.95675	0.499671	0.526641	0.215418	0.0302431
0.95675	0.499589	0.526564	0.215381	0.0302326
0.95675	0.499507	0.526487	0.215344	0.0302185
0.95675	0.499425	0.526409	0.215307	0.0302129
0.95675	0.499343	0.526332	0.21527	0.0302087
0.95675	0.49926	0.526255	0.215233	0.0301735
0.95675	0.499178	0.526177	0.215196	0.0301651
0.95675	0.499096	0.5261	0.215159	0.0301273
0.95675	0.499014	0.526023	0.215122	0.0301155
0.95675	0.498932	0.525945	0.215085	0.0301142
0.95675	0.498849	0.525868	0.215048	0.0301095
0.95675	0.498767	0.525791	0.215012	0.0300902
0.95675	0.498685	0.525713	0.214975	0.0300845
0.95675	0.498603	0.525636	0.214938	0.0300756
0.95675	0.498521	0.525559	0.214901	0.0300598
0.95806	0.498521	0.525636	0.215521	0.0300279
0.95806	0.498439	0.525559	0.215484	0.0300248
0.95806	0.498356	0.525481	0.215448	0.0300114
0.95806	0.498274	0.525404	0.215411	0.0300003
0.95806	0.498192	0.525327	0.215374	0.0299993
0.95806	0.49811	0.525249	0.215337	0.029999
0.95806	0.498028	0.525172	0.2153	0.0299891
0.95806	0.497945	0.525095	0.215263	0.0299822
0.95806	0.497863	0.525017	0.215226	0.0299725
0.95806	0.497781	0.52494	0.215189	0.0299461
0.95806	0.497699	0.524863	0.215153	0.0299431
0.95806	0.497617	0.524785	0.215116	0.029925
0.95806	0.497535	0.524708	0.215079	0.0299233
0.95806	0.497452	0.524631	0.215042	0.0299231
0.95806	0.49737	0.524553	0.215005	0.0299167
0.95806	0.497288	0.524476	0.214968	0.0298964
0.95806	0.497206	0.524399	0.214932	0.0298743
0.95806	0.497124	0.524321	0.214895	0.0298707
0.95806	0.497041	0.524244	0.214858	0.0298664
0.95806	0.496959	0.524167	0.214821	0.0298651
0.95806	0.496877	0.524089	0.214784	0.0298632
0.95806	0.496795	0.524012	0.214748	0.0298565
0.95806	0.496713	0.523935	0.214711	0.0298294
0.95806	0.496631	0.523857	0.214674	0.0298209
0.95806	0.496548	0.52378	0.214637	0.0298143
0.95806	0.496466	0.523703	0.2146	0.0298095
0.95806	0.496384	0.523625	0.214564	0.0298062
0.95806	0.496302	0.523548	0.214527	0.0297739
0.95806	0.49622	0.523471	0.21449	0.0297705
0.95806	0.496137	0.523393	0.214453	0.0297663
0.95806	0.496055	0.523316	0.214417	0.0297499
0.95806	0.495973	0.523239	0.21438	0.0297475
0.95806	0.495891	0.523161	0.214343	0.0297329
0.959371	0.495891	0.523239	0.214964	0.0297316
0.959371	0.495809	0.523161	0.214927	0.029713
0.959371	0.495726	0.523084	0.214891	0.0297096
0.959371	0.495644	0.523007	0.214854	0.0297028
0.959371	0.495562	0.522929	0.214817	0.0297004
0.959371	0.49548	0.522852	0.21478	0.0296998
0.959371	0.495398	0.522775	0.214744	0.0296929
0.959371	0.495316	0.522697	0.214707	0.0296609
0.959371	0.495233	0.52262	0.21467	0.0296493
0.959371	0.495151	0.522543	0.214634	0.0296426
0.959371	0.495069	0.522465	0.214597	0.0296323
0.959371	0.494987	0.522388	0.21456	0.0296264
0.959371	0.494905	0.522311	0.214523	0.0296111
0.959371	0.494822	0.522233	0.214487	0.0296055
0.959371	0.49474	0.522156	0.21445	0.0295885
0.959371	0.494658	0.522079	0.214413	0.0295813
0.959371	0.494576	0.522001	0.214377	0.0295728
0.959371	0.494494	0.521924	0.21434	0.0295642
0.959371	0.494412	0.521847	0.214303	0.0295351
0.959371	0.494329	0.521769	0.214267	0.0295308
0.959371	0.494247	0.521692	0.21423	0.0295188
0.959371	0.494165	0.521615	0.214194	0.0295163
0.959371	0.494083	0.521537	0.214157	0.0295147
0.959371	0.494001	0.52146	0.21412	0.029473
0.959371	0.493918	0.521383	0.214084	0.0294595
0.959371	0.493836	0.521305	0.214047	0.0294552
0.959371	0.493754	0.521228	0.21401	0.0294534
0.959371	0.493672	0.521151	0.213974	0.0294433
0.959371	0.49359	0.521073	0.213937	0.0294104
0.959371	0.493508	0.520996	0.2139	0.0294019
0.959371	0.493425	0.520919	0.213864	0.0293807
0.959371	0.493343	0.520841	0.213827	0.0293715
0.959371	0.493261	0.520764	0.213791	0.0293624
0.959371	0.493179	0.520687	0.213754	0.0293482
0.959371	0.493097	0.520609	0.213718	0.0293467
0.959371	0.493014	0.520532	0.213681	0.0293402
0.959371	0.492932	0.520455	0.213644	0.0293357
0.959371	0.49285	0.520377	0.213608	0.0293257
0.959371	0.492768	0.5203	0.213571	0.0293188
0.959371	0.492604	0.520145	0.213498	0.0293159
0.959371	0.492521	0.520068	0.213462	0.0293016
0.959371	0.492439	0.519991	0.213425	0.0293006
0.959371	0.492357	0.519913	0.213388	0.0292949
0.959371	0.492275	0.519836	0.213352	0.0292585
0.959371	0.492193	0.519759	0.213315	0.0292567
0.959371	0.49211	0.519681	0.213279	0.0292516
0.959371	0.492028	0.519604	0.213242	0.0292148
0.959371	0.491946	0.519527	0.213206	0.0292126
0.959371	0.491864	0.519449	0.213169	0.029209
0.959371	0.491782	0.519372	0.213133	0.0292001
0.959371	0.4917	0.519295	0.213096	0.0291969
0.959371	0.491617	0.519217	0.21306	0.0291914
0.959371	0.491535	0.51914	0.213023	0.0291699
0.959371	0.491453	0.519063	0.212987	0.0291575
0.959371	0.491371	0.518985	0.21295	0.0291499
0.959371	0.491289	0.518908	0.212914	0.0291491
0.959371	0.491206	0.518831	0.212877	0.029139
0.959371	0.491124	0.518753	0.212841	0.0291261
0.959371	0.491042	0.518676	0.212804	0.0291095
0.959371	0.49096	0.518599	0.212768	0.0291064
0.959371	0.490878	0.518521	0.212731	0.0291001
0.959371	0.490796	0.518444	0.212695	0.0290913
0.959371	0.490713	0.518367	0.212658	0.0290833
0.959371	0.490631	0.518289	0.212622	0.029082
0.959371	0.490549	0.518212	0.212585	0.0290783
0.959371	0.490467	0.518135	0.212549	0.0290634
0.959371	0.490385	0.518057	0.212513	0.0290616
0.959371	0.490302	0.51798	0.212476	0.0290429
0.959371	0.49022	0.517903	0.21244	0.029017
0.959371	0.490138	0.517825	0.212403	0.0290149
0.959371	0.490056	0.517748	0.212367	0.0290114
0.959371	0.489974	0.517671	0.21233	0.0290064
0.959371	0.489892	0.517593	0.212294	0.0290021
0.959371	0.489809	0.517516	0.212258	0.0289999
0.959371	0.489727	0.517439	0.212221	0.0289682
0.959371	0.489645	0.517361	0.212185	0.0289633
0.959371	0.489563	0.517284	0.212148	0.028944
0.959371	0.489481	0.517207	0.212112	0.0289372
0.959371	0.489398	0.517129	0.212076	0.0289159
0.959371	0.489316	0.517052	0.212039	0.0289149
0.959371	0.489234	0.516975	0.212003	0.0289046
0.959371	0.489152	0.516897	0.211966	0.0288971
0.959371	0.48907	0.51682	0.21193	0.028894
0.959371	0.488988	0.516743	0.211894	0.0288911
0.959371	0.488905	0.516665	0.211857	0.028889
0.959371	0.488823	0.516588	0.211821	0.0288757
0.959371	0.488741	0.516511	0.211785	0.028845
0.959371	0.488659	0.516433	0.211748	0.028833
0.959371	0.488577	0.516356	0.211712	0.0288276
0.959371	0.488494	0.516279	0.211675	0.0288253
0.959371	0.488412	0.516201	0.211639	0.028825
0.960682	0.488412	0.516279	0.212261	0.0288203
0.960682	0.48833	0.516201	0.212225	0.0288145
0.960682	0.488248	0.516124	0.212188	0.0288132
0.960682	0.488166	0.516047	0.212152	0.0288086
0.960682	0.488083	0.515969	0.212116	0.0288011
0.960682	0.488001	0.515892	0.21208	0.028763
0.960682	0.487919	0.515815	0.212043	0.0287459
0.960682	0.487837	0.515737	0.212007	0.0287445
0.960682	0.487755	0.51566	0.211971	0.028742
0.960682	0.487673	0.515583	0.211934	0.0287199
0.960682	0.48759	0.515505	0.211898	0.0287119
0.960682	0.487508	0.515428	0.211862	0.0287071
0.960682	0.487426	0.515351	0.211825	0.0287056
0.960682	0.487344	0.515273	0.211789	0.0287013
0.960682	0.487262	0.515196	0.211753	0.0287013
0.960682	0.487179	0.515119	0.211717	0.0286977
0.960682	0.487097	0.515041	0.21168	0.0286827
0.960682	0.487015	0.514964	0.211644	0.0286734
0.960682	0.486933	0.514887	0.211608	0.0286622
0.960682	0.486851	0.514809	0.211572	0.0286605
0.960682	0.486769	0.514732	0.211535	0.0286595
0.960682	0.486686	0.514655	0.211499	0.0286531
0.960682	0.486604	0.514577	0.211463	0.0286371
0.960682	0.486522	0.5145	0.211427	0.0286338
0.960682	0.48644	0.514423	0.21139	0.0286216
0.960682	0.486358	0.514345	0.211354	0.02862
0.960682	0.486275	0.514268	0.211318	0.0286184
0.960682	0.486193	0.514191	0.211282	0.0286046
0.960682	0.486111	0.514113	0.211246	0.0285891
0.960682	0.486029	0.514036	0.211209	0.0285766
0.960682	0.485947	0.513959	0.211173	0.0285746
0.961992	0.485947	0.514036	0.211796	0.028561
0.961992	0.485865	0.513959	0.211759	0.0285604
0.961992	0.485782	0.513881	0.211723	0.0285595
0.961992	0.4857	0.513804	0.211687	0.0285526
0.961992	0.485618	0.513727	0.211651	0.0285247
0.961992	0.485536	0.513649	0.211615	0.0285077
0.961992	0.485454	0.513572	0.211578	0.0285056
0.961992	0.485371	0.513495	0.211542	0.0284929
0.961992	0.485289	0.513417	0.211506	0.0284893
0.961992	0.485207	0.51334	0.21147	0.0284582
0.961992	0.485125	0.513263	0.211434	0.028455
0.961992	0.485043	0.513185	0.211398	0.0284467
0.961992	0.484961	0.513108	0.211362	0.0284299
0.961992	0.484878	0.513031	0.211325	0.0284125
0.961992	0.484796	0.512953	0.211289	0.0284105
0.961992	0.484714	0.512876	0.211253	0.0284062
0.961992	0.484632	0.512799	0.211217	0.0284047
0.961992	0.48455	0.512721	0.211181	0.0283972
0.961992	0.484467	0.512644	0.211145	0.0283893
0.961992	0.484385	0.512567	0.211109	0.0283887
0.961992	0.484303	0.512489	0.211073	0.0283864
0.961992	0.484221	0.512412	0.211037	0.0283774
0.961992	0.484139	0.512335	0.211	0.0283746
0.961992	0.484057	0.512257	0.210964	0.0283633
0.961992	0.483974	0.51218	0.210928	0.0283624
0.961992	0.483892	0.512103	0.210892	0.0283547
0.961992	0.48381	0.512025	0.210856	0.028342
0.961992	0.483728	0.511948	0.21082	0.02833
0.961992	0.483646	0.511871	0.210784	0.0283133
0.961992	0.483563	0.511793	0.210748	0.0283097
0.961992	0.483481	0.511716	0.210712	0.0283079
0.961992	0.483399	0.511639	0.210676	0.0283063
0.961992	0.483317	0.511561	0.21064	0.0283058
0.961992	0.483235	0.511484	0.210604	0.0282963
0.961992	0.483153	0.511407	0.210568	0.0282917
0.961992	0.48307	0.511329	0.210532	0.0282804
0.961992	0.482988	0.511252	0.210495	0.0282723
0.961992	0.482906	0.511175	0.210459	0.028266
0.961992	0.482824	0.511097	0.210423	0.0282647
0.961992	0.482742	0.51102	0.210387	0.0282612
0.961992	0.482659	0.510943	0.210351	0.0282561
0.961992	0.482577	0.510865	0.210315	0.0282524
0.961992	0.482495	0.510788	0.210279	0.0282458
0.961992	0.482413	0.510711	0.210243	0.0282434
0.961992	0.482331	0.510633	0.210207	0.028241
0.961992	0.482249	0.510556	0.210171	0.0282368
0.961992	0.482166	0.510479	0.210135	0.0282112
0.961992	0.482084	0.510401	0.210099	0.0282013
0.961992	0.482002	0.510324	0.210063	0.028197
0.961992	0.48192	0.510247	0.210027	0.0281911
0.961992	0.481838	0.510169	0.209991	0.0281778
0.961992	0.481755	0.510092	0.209955	0.028177
0.961992	0.481673	0.510015	0.209919	0.0281657
0.961992	0.481591	0.509937	0.209883	0.0281654
0.961992	0.481509	0.50986	0.209847	0.028158
0.961992	0.481427	0.509783	0.209812	0.028154
0.961992	0.481345	0.509705	0.209776	0.028151
0.961992	0.481262	0.509628	0.20974	0.0281304
0.961992	0.48118	0.509551	0.209704	0.0281262
0.961992	0.481098	0.509473	0.209668	0.0281203
0.961992	0.481016	0.509396	0.209632	0.0281177
0.961992	0.480934	0.509319	0.209596	0.0281141
0.961992	0.480851	0.509241	0.20956	0.0281019
0.961992	0.480769	0.509164	0.209524	0.0280981
0.961992	0.480687	0.509087	0.209488	0.0280912
0.961992	0.480605	0.509009	0.209452	0.0280893
0.963303	0.480605	0.509087	0.210075	0.0280837
0.963303	0.480523	0.509009	0.210039	0.028077
0.963303	0.48044	0.508932	0.210004	0.0280687
0.963303	0.480358	0.508855	0.209968	0.0280582
0.963303	0.480276	0.508777	0.209932	0.0280542
0.963303	0.480194	0.5087	0.209896	0.0280515
0.963303	0.480112	0.508623	0.20986	0.0280287
0.963303	0.48003	0.508545	0.209824	0.0280259
0.963303	0.479947	0.508468	0.209788	0.0280217
0.963303	0.479865	0.508391	0.209752	0.0280086
0.963303	0.479783	0.508313	0.209716	0.027984
0.963303	0.479701	0.508236	0.209681	0.0279752
0.963303	0.479619	0.508159	0.209645	0.0279713
0.963303	0.479536	0.508081	0.209609	0.0279689
0.963303	0.479454	0.508004	0.209573	0.0279682
0.963303	0.479372	0.507927	0.209537	0.0279518
0.963303	0.47929	0.507849	0.209501	0.0279477
0.963303	0.479208	0.507772	0.209466	0.0279349
0.963303	0.479126	0.507695	0.20943	0.0279297
0.963303	0.479043	0.507617	0.209394	0.0279092
0.963303	0.478961	0.50754	0.209358	0.027897
0.963303	0.478879	0.507463	0.209322	0.027856
0.963303	0.478797	0.507385	0.209286	0.0278554
0.963303	0.478715	0.507308	0.209251	0.0278298
0.963303	0.478632	0.507231	0.209215	0.0278294
0.963303	0.47855	0.507153	0.209179	0.0278072
0.963303	0.478468	0.507076	0.209143	0.0278023
0.963303	0.478386	0.506999	0.209107	0.0278021
0.963303	0.478304	0.506921	0.209072	0.0277782
0.963303	0.478222	0.506844	0.209036	0.0277713
0.963303	0.478139	0.506767	0.209	0.0277655
0.963303	0.478057	0.506689	0.208964	0.0277638
0.963303	0.477975	0.506612	0.208928	0.0277605
0.963303	0.477893	0.506535	0.208893	0.0277584
0.963303	0.477811	0.506457	0.208857	0.027749
0.963303	0.477728	0.50638	0.208821	0.027747
0.963303	0.477646	0.506303	0.208785	0.0277388
0.964613	0.477646	0.50638	0.209409	0.0277323
0.964613	0.477564	0.506303	0.209373	0.027729
0.964613	0.477482	0.506225	0.209338	0.0277187
0.964613	0.4774	0.506148	0.209302	0.0277022
0.964613	0.477318	0.506071	0.209266	0.0277003
0.964613	0.477235	0.505993	0.20923	0.027691
0.964613	0.477153	0.505916	0.209195	0.0276795
0.964613	0.477071	0.505839	0.209159	0.0276719
0.964613	0.476989	0.505761	0.209123	0.0276574
0.964613	0.476907	0.505684	0.209088	0.027638
0.964613	0.476824	0.505607	0.209052	0.0276236
0.964613	0.476742	0.505529	0.209016	0.0276172
0.964613	0.47666	0.505452	0.20898	0.027602
0.965924	0.47666	0.505529	0.209604	0.0276004
0.965924	0.476578	0.505452	0.209569	0.0275968
0.965924	0.476496	0.505375	0.209533	0.027586
0.965924	0.476414	0.505297	0.209497	0.0275822
0.965924	0.476331	0.50522	0.209462	0.0275743
0.965924	0.476249	0.505143	0.209426	0.0275673
0.965924	0.476167	0.505065	0.20939	0.0275573
0.965924	0.476085	0.504988	0.209355	0.027557
0.965924	0.476003	0.504911	0.209319	0.0275533
0.965924	0.47592	0.504833	0.209283	0.0275497
0.965924	0.475838	0.504756	0.209248	0.0275471
0.965924	0.475756	0.504679	0.209212	0.0275458
0.965924	0.475674	0.504601	0.209176	0.0275274
0.965924	0.475592	0.504524	0.209141	0.0274815
0.965924	0.47551	0.504447	0.209105	0.0274806
0.965924	0.475427	0.504369	0.20907	0.0274766
0.965924	0.475345	0.504292	0.209034	0.0274729
0.965924	0.475263	0.504215	0.208998	0.0274703
0.965924	0.475181	0.504137	0.208963	0.0274683
0.965924	0.475099	0.50406	0.208927	0.0274648
0.965924	0.475016	0.503983	0.208892	0.0274584
0.965924	0.474934	0.503905	0.208856	0.0274571
0.965924	0.474852	0.503828	0.20882	0.0274161
0.965924	0.47477	0.503751	0.208785	0.0274105
0.965924	0.474688	0.503673	0.208749	0.0273999
0.965924	0.474606	0.503596	0.208714	0.0273996
0.965924	0.474523	0.503519	0.208678	0.027398
0.965924	0.474441	0.503441	0.208642	0.0273838
0.965924	0.474359	0.503364	0.208607	0.0273765
0.965924	0.474277	0.503287	0.208571	0.0273728
0.965924	0.474195	0.503209	0.208536	0.0273513
0.965924	0.474112	0.503132	0.2085	0.0273504
0.965924	0.47403	0.503055	0.208465	0.027349
0.965924	0.473948	0.502977	0.208429	0.0273457
0.965924	0.473866	0.5029	0.208393	0.0273407
0.965924	0.473784	0.502823	0.208358	0.0273298
0.965924	0.473702	0.502745	0.208322	0.0273243
0.965924	0.473619	0.502668	0.208287	0.0273145
0.965924	0.473537	0.502591	0.208251	0.02731
0.965924	0.473455	0.502513	0.208216	0.0273096
0.965924	0.473373	0.502436	0.20818	0.0273066
0.965924	0.473291	0.502359	0.208145	0.0273038
0.965924	0.473208	0.502281	0.208109	0.027297
0.965924	0.473126	0.502204	0.208074	0.0272813
0.965924	0.473044	0.502127	0.208038	0.0272749
0.965924	0.472962	0.502049	0.208003	0.0272741
0.965924	0.47288	0.501972	0.207967	0.0272597
0.965924	0.472798	0.501895	0.207932	0.0272589
0.965924	0.472715	0.501817	0.207896	0.0272584
0.965924	0.472633	0.50174	0.207861	0.0272582
0.965924	0.472551	0.501663	0.207825	0.0272553
0.965924	0.472469	0.501585	0.20779	0.0272525
0.965924	0.472387	0.501508	0.207754	0.027249
0.965924	0.472304	0.501431	0.207719	0.0272427
0.965924	0.472222	0.501353	0.207683	0.0272376
0.965924	0.47214	0.501276	0.207648	0.0272302
0.965924	0.472058	0.501199	0.207612	0.0272268
0.965924	0.471976	0.501121	0.207577	0.0272227
0.965924	0.471893	0.501044	0.207541	0.0272121
0.965924	0.471811	0.500967	0.207506	0.0272104
0.965924	0.471729	0.500889	0.207471	0.0271951
0.965924	0.471647	0.500812	0.207435	0.0271896
0.965924	0.471565	0.500735	0.2074	0.0271662
0.965924	0.471483	0.500657	0.207364	0.027163
0.965924	0.4714	0.50058	0.207329	0.0271555
0.965924	0.471318	0.500503	0.207293	0.0271486
0.965924	0.471236	0.500425	0.207258	0.0271466
0.965924	0.471154	0.500348	0.207223	0.0271401
0.965924	0.471072	0.500271	0.207187	0.0271331
0.965924	0.470989	0.500193	0.207152	0.0271303
0.965924	0.470907	0.500116	0.207116	0.0271298
0.965924	0.470825	0.500039	0.207081	0.0271287
0.965924	0.470743	0.499961	0.207045	0.0271087
0.965924	0.470661	0.499884	0.20701	0.0271019
0.965924	0.470579	0.499807	0.206975	0.0270978
0.965924	0.470496	0.499729	0.206939	0.0270939
0.965924	0.470414	0.499652	0.206904	0.027079
0.965924	0.470332	0.499575	0.206869	0.0270787
0.965924	0.47025	0.499497	0.206833	0.0270713
0.965924	0.470168	0.49942	0.206798	0.0270689
0.965924	0.470085	0.499343	0.206762	0.0270639
0.965924	0.470003	0.499265	0.206727	0.0270565
0.965924	0.469921	0.499188	0.206692	0.0270496
0.965924	0.469839	0.499111	0.206656	0.0270391
0.965924	0.469757	0.499033	0.206621	0.0270335
0.965924	0.469675	0.498956	0.206586	0.0270309
0.965924	0.469592	0.498879	0.20655	0.0270226
0.965924	0.46951	0.498801	0.206515	0.0270224
0.965924	0.469428	0.498724	0.20648	0.0270184
0.965924	0.469346	0.498647	0.206444	0.0270182
0.965924	0.469264	0.498569	0.206409	0.0270134
0.965924	0.469181	0.498492	0.206374	0.0270132
0.965924	0.469099	0.498415	0.206338	0.0270076
0.965924	0.469017	0.498337	0.206303	0.0269999
0.965924	0.468935	0.49826	0.206268	0.0269861
0.965924	0.468853	0.498183	0.206232	0.0269838
0.965924	0.468771	0.498105	0.206197	0.0269835
0.965924	0.468688	0.498028	0.206162	0.0269794
0.965924	0.468606	0.497951	0.206126	0.0269739
0.965924	0.468524	0.497873	0.206091	0.0269697
0.965924	0.468442	0.497796	0.206056	0.0269667
0.965924	0.46836	0.497719	0.206021	0.0269493
0.965924	0.468277	0.497641	0.205985	0.0269471
0.965924	0.468195	0.497564	0.20595	0.0269333
0.965924	0.468113	0.497487	0.205915	0.0269257
0.965924	0.468031	0.497409	0.205879	0.0269203
0.965924	0.467949	0.497332	0.205844	0.0269182
0.965924	0.467867	0.497255	0.205809	0.0269096
0.965924	0.467784	0.497177	0.205774	0.0268969
0.965924	0.467702	0.4971	0.205738	0.0268958
0.965924	0.46762	0.497023	0.205703	0.026878
0.965924	0.467538	0.496945	0.205668	0.0268655
0.965924	0.467456	0.496868	0.205633	0.026859
0.965924	0.467373	0.496791	0.205597	0.0268573
0.965924	0.467291	0.496713	0.205562	0.0268505
0.965924	0.467209	0.496636	0.205527	0.0268495
0.965924	0.467127	0.496559	0.205492	0.0268481
0.965924	0.467045	0.496481	0.205456	0.0268471
0.965924	0.466963	0.496404	0.205421	0.0268452
0.965924	0.46688	0.496327	0.205386	0.0268396
0.965924	0.466798	0.496249	0.205351	0.0268393
0.965924	0.466716	0.496172	0.205315	0.0268209
0.965924	0.466634	0.496095	0.20528	0.0268051
0.965924	0.466552	0.496017	0.205245	0.026793
0.965924	0.466469	0.49594	0.20521	0.0267922
0.965924	0.466387	0.495863	0.205175	0.0267911
0.965924	0.466305	0.495785	0.205139	0.0267881
0.965924	0.466223	0.495708	0.205104	0.0267849
0.965924	0.466141	0.495631	0.205069	0.0267734
0.965924	0.466059	0.495553	0.205034	0.0267618
0.965924	0.465976	0.495476	0.204999	0.0267266
0.965924	0.465894	0.495399	0.204964	0.0267265
0.965924	0.465812	0.495321	0.204928	0.0267256
0.965924	0.46573	0.495244	0.204893	0.0267208
0.965924	0.465648	0.495167	0.204858	0.0267198
0.965924	0.465565	0.495089	0.204823	0.026716
0.965924	0.465483	0.495012	0.204788	0.0266973
0.965924	0.465401	0.494935	0.204753	0.026696
0.965924	0.465319	0.494857	0.204717	0.0266854
0.965924	0.465237	0.49478	0.204682	0.0266773
0.965924	0.465155	0.494703	0.204647	0.0266767
0.965924	0.465072	0.494625	0.204612	0.0266747
0.965924	0.46499	0.494548	0.204577	0.0266724
0.965924	0.464908	0.494471	0.204542	0.0266655
0.965924	0.464826	0.494393	0.204507	0.0266563
0.965924	0.464744	0.494316	0.204471	0.0266482
0.965924	0.464661	0.494239	0.204436	0.0266272
0.965924	0.464579	0.494161	0.204401	0.0266221
0.965924	0.464497	0.494084	0.204366	0.0266086
0.965924	0.464415	0.494007	0.204331	0.0266064
0.965924	0.464333	0.493929	0.204296	0.0265976
0.965924	0.46425	0.493852	0.204261	0.0265742
0.965924	0.464168	0.493775	0.204226	0.0265736
0.965924	0.464086	0.493697	0.204191	0.0265732
0.965924	0.464004	0.49362	0.204155	0.0265717
0.965924	0.463922	0.493543	0.20412	0.0265716
0.965924	0.46384	0.493465	0.204085	0.026552
0.965924	0.463757	0.493388	0.20405	0.0265465
0.965924	0.463675	0.493311	0.204015	0.0265066
0.965924	0.463593	0.493233	0.20398	0.0265056
0.965924	0.463511	0.493156	0.203945	0.0265036
0.965924	0.463429	0.493079	0.20391	0.0265017
0.965924	0.463346	0.493001	0.203875	0.0265008
0.965924	0.463264	0.492924	0.20384	0.0264977
0.965924	0.463182	0.492847	0.203805	0.0264756
0.965924	0.4631	0.492769	0.20377	0.0264717
0.965924	0.463018	0.492692	0.203735	0.0264658
0.965924	0.462936	0.492615	0.2037	0.0264531
0.965924	0.462853	0.492537	0.203665	0.026444
0.965924	0.462771	0.49246	0.20363	0.0264416
0.965924	0.462689	0.492383	0.203594	0.0264411
0.965924	0.462607	0.492305	0.203559	0.0264409
0.965924	0.462525	0.492228	0.203524	0.0264399
0.965924	0.462442	0.492151	0.203489	0.026439
0.965924	0.46236	0.492073	0.203454	0.0264358
0.965924	0.462278	0.491996	0.203419	0.0264349
0.965924	0.462196	0.491919	0.203384	0.0264296
0.965924	0.462114	0.491841	0.203349	0.0264267
0.965924	0.462032	0.491764	0.203314	0.026425
0.965924	0.461949	0.491687	0.203279	0.026418
0.965924	0.461867	0.491609	0.203244	0.026414
0.965924	0.461785	0.491532	0.203209	0.0264105
0.965924	0.461703	0.491455	0.203174	0.0264009
0.965924	0.461621	0.491377	0.203139	0.0263991
0.965924	0.461538	0.4913	0.203104	0.0263924
0.965924	0.461456	0.491223	0.203069	0.0263852
0.965924	0.461374	0.491145	0.203034	0.0263779
0.965924	0.461292	0.491068	0.202999	0.0263746
0.965924	0.46121	0.490991	0.202964	0.026374
0.965924	0.461128	0.490913	0.20293	0.0263676
0.965924	0.461045	0.490836	0.202895	0.0263595
0.965924	0.460963	0.490759	0.20286	0.0263587
0.965924	0.460881	0.490681	0.202825	0.0263545
0.965924	0.460799	0.490604	0.20279	0.0263446
0.965924	0.460717	0.490527	0.202755	0.0263419
0.965924	0.460634	0.490449	0.20272	0.0263414
0.965924	0.460552	0.490372	0.202685	0.0263404
0.965924	0.46047	0.490295	0.20265	0.0263401
0.965924	0.460388	0.490217	0.202615	0.0263172
0.965924	0.460306	0.49014	0.20258	0.0263152
0.965924	0.460224	0.490063	0.202545	0.0262996
0.965924	0.460141	0.489985	0.20251	0.0262991
0.965924	0.460059	0.489908	0.202475	0.0262866
0.965924	0.459977	0.489831	0.20244	0.0262792
0.965924	0.459895	0.489753	0.202405	0.0262488
0.965924	0.459813	0.489676	0.202371	0.026243
0.965924	0.45973	0.489599	0.202336	0.0262393
0.965924	0.459648	0.489521	0.202301	0.0262341
0.965924	0.459566	0.489444	0.202266	0.0262303
0.965924	0.459484	0.489367	0.202231	0.0262052
0.967235	0.459484	0.489444	0.202858	0.0262035
0.967235	0.459402	0.489367	0.202823	0.0261992
0.967235	0.45932	0.489289	0.202788	0.0261902
0.967235	0.459237	0.489212	0.202754	0.0261868
0.967235	0.459155	0.489135	0.202719	0.0261515
0.967235	0.459073	0.489057	0.202684	0.0261383
0.967235	0.458991	0.48898	0.202649	0.0261276
0.967235	0.458909	0.488903	0.202614	0.0261206
0.967235	0.458826	0.488825	0.202579	0.0261165
0.967235	0.458744	0.488748	0.202545	0.0260971
0.967235	0.458662	0.488671	0.20251	0.0260906
0.967235	0.45858	0.488593	0.202475	0.026085
0.967235	0.458498	0.488516	0.20244	0.0260757
0.967235	0.458416	0.488439	0.202405	0.0260645
0.967235	0.458333	0.488361	0.20237	0.0260629
0.967235	0.458251	0.488284	0.202336	0.0260576
0.967235	0.458169	0.488207	0.202301	0.0260405
0.967235	0.458087	0.488129	0.202266	0.026038
0.967235	0.458005	0.488052	0.202231	0.0260254
0.967235	0.457922	0.487975	0.202196	0.026012
0.967235	0.45784	0.487897	0.202161	0.0260091
0.967235	0.457758	0.48782	0.202127	0.0260066
0.967235	0.457676	0.487743	0.202092	0.0260014
0.967235	0.457594	0.487665	0.202057	0.0259982
0.967235	0.457512	0.487588	0.202022	0.0259806
0.967235	0.457429	0.487511	0.201987	0.0259772
0.967235	0.457347	0.487433	0.201953	0.0259654
0.967235	0.457265	0.487356	0.201918	0.0259654
0.967235	0.457183	0.487279	0.201883	0.0259644
0.967235	0.457101	0.487201	0.201848	0.0259608
0.967235	0.457018	0.487124	0.201814	0.0259462
0.967235	0.456936	0.487047	0.201779	0.0259451
0.967235	0.456854	0.486969	0.201744	0.0259402
0.967235	0.456772	0.486892	0.201709	0.0259137
0.967235	0.45669	0.486815	0.201675	0.0259124
0.967235	0.456607	0.486737	0.20164	0.0259095
0.967235	0.456525	0.48666	0.201605	0.0259074
0.967235	0.456443	0.486583	0.20157	0.0258951
0.967235	0.456361	0.486505	0.201536	0.0258897
0.967235	0.456279	0.486428	0.201501	0.0258805
0.967235	0.456197	0.486351	0.201466	0.025879
0.967235	0.456114	0.486273	0.201431	0.025877
0.967235	0.456032	0.486196	0.201397	0.0258206
0.967235	0.45595	0.486119	0.201362	0.0258055
0.967235	0.455868	0.486041	0.201327	0.025801
0.967235	0.455786	0.485964	0.201292	0.0257996
0.967235	0.455703	0.485887	0.201258	0.0257947
0.967235	0.455621	0.485809	0.201223	0.0257939
0.967235	0.455539	0.485732	0.201188	0.025781
0.967235	0.455457	0.485655	0.201154	0.0257771
0.967235	0.455375	0.485577	0.201119	0.0257613
0.967235	0.455293	0.4855	0.201084	0.0257586
0.967235	0.45521	0.485423	0.20105	0.0257582
0.967235	0.455128	0.485345	0.201015	0.0257501
0.967235	0.455046	0.485268	0.20098	0.0257415
0.967235	0.454964	0.485191	0.200946	0.0257407
0.967235	0.454882	0.485113	0.200911	0.0257367
0.967235	0.454799	0.485036	0.200876	0.0257347
0.967235	0.454717	0.484959	0.200841	0.0256918
0.967235	0.454635	0.484881	0.200807	0.0256917
0.967235	0.454553	0.484804	0.200772	0.0256633
0.967235	0.454471	0.484727	0.200737	0.0256556
0.967235	0.454389	0.484649	0.200703	0.0256555
0.967235	0.454306	0.484572	0.200668	0.0256505
0.967235	0.454224	0.484495	0.200634	0.0256473
0.967235	0.454142	0.484417	0.200599	0.0256473
0.967235	0.45406	0.48434	0.200564	0.0256424
0.967235	0.453978	0.484263	0.20053	0.0256376
0.967235	0.453895	0.484185	0.200495	0.0256265
0.967235	0.453813	0.484108	0.20046	0.0256144
0.967235	0.453731	0.484031	0.200426	0.0256107
0.967235	0.453649	0.483953	0.200391	0.0256065
0.967235	0.453567	0.483876	0.200356	0.0255942
0.967235	0.453485	0.483799	0.200322	0.0255925
0.967235	0.453402	0.483721	0.200287	0.0255824
0.967235	0.45332	0.483644	0.200253	0.0255802
0.967235	0.453238	0.483567	0.200218	0.0255795
0.967235	0.453156	0.483489	0.200183	0.0255711
0.967235	0.453074	0.483412	0.200149	0.0255429
0.967235	0.452991	0.483335	0.200114	0.0255136
0.967235	0.452909	0.483257	0.20008	0.0254811
0.967235	0.452827	0.48318	0.200045	0.0254769
0.967235	0.452745	0.483103	0.20001	0.0254742
0.967235	0.452663	0.483025	0.199976	0.0254578
0.967235	0.452581	0.482948	0.199941	0.0254573
0.967235	0.452498	0.482871	0.199907	0.0254557
0.967235	0.452416	0.482793	0.199872	0.025446
0.967235	0.452334	0.482716	0.199838	0.0254422
0.967235	0.452252	0.482639	0.199803	0.0254383
0.967235	0.45217	0.482561	0.199768	0.0254333
0.967235	0.452087	0.482484	0.199734	0.0254325
0.967235	0.452005	0.482407	0.199699	0.0254283
0.967235	0.451923	0.482329	0.199665	0.0254283
0.967235	0.451841	0.482252	0.19963	0.0254255
0.967235	0.451759	0.482175	0.199596	0.0254215
0.967235	0.451677	0.482097	0.199561	0.0254165
0.967235	0.451594	0.48202	0.199527	0.0254121
0.967235	0.451512	0.481943	0.199492	0.0254056
0.967235	0.45143	0.481865	0.199457	0.0253924
0.967235	0.451348	0.481788	0.199423	0.0253887
0.967235	0.451266	0.481711	0.199388	0.0253864
0.967235	0.451183	0.481633	0.199354	0.0253651
0.967235	0.451101	0.481556	0.199319	0.0253635
0.967235	0.451019	0.481479	0.199285	0.0253614
0.967235	0.450937	0.481401	0.19925	0.0253483
0.967235	0.450855	0.481324	0.199216	0.0253402
0.967235	0.450773	0.481247	0.199181	0.0253384
0.967235	0.45069	0.481169	0.199147	0.025335
0.967235	0.450608	0.481092	0.199112	0.0253165
0.967235	0.450526	0.481015	0.199078	0.0253015
0.967235	0.450444	0.480937	0.199043	0.0252888
0.967235	0.450362	0.48086	0.199009	0.0252878
0.967235	0.450279	0.480783	0.198974	0.0252872
0.967235	0.450197	0.480705	0.19894	0.0252755
0.967235	0.450115	0.480628	0.198905	0.0252754
0.967235	0.450033	0.480551	0.198871	0.0252748
0.967235	0.449951	0.480473	0.198836	0.0252647
0.967235	0.449869	0.480396	0.198802	0.0252574
0.967235	0.449786	0.480319	0.198767	0.0252536
0.967235	0.449704	0.480241	0.198733	0.0252389
0.967235	0.449622	0.480164	0.198699	0.0252361
0.967235	0.44954	0.480087	0.198664	0.0252307
0.967235	0.449458	0.480009	0.19863	0.0252208
0.967235	0.449375	0.479932	0.198595	0.0252187
0.967235	0.449293	0.479855	0.198561	0.0252035
0.967235	0.449211	0.479777	0.198526	0.0252026
0.967235	0.449129	0.4797	0.198492	0.0251899
0.967235	0.449047	0.479623	0.198457	0.0251891
0.967235	0.448964	0.479545	0.198423	0.0251887
0.967235	0.448882	0.479468	0.198389	0.0251866
0.968545	0.448882	0.479545	0.199018	0.0251855
0.968545	0.4488	0.479468	0.198984	0.0251792
0.968545	0.448718	0.479391	0.198949	0.0251553
0.968545	0.448636	0.479313	0.198915	0.0251515
0.968545	0.448554	0.479236	0.198881	0.0251475
0.968545	0.448471	0.479159	0.198846	0.0251462
0.968545	0.448389	0.479081	0.198812	0.025146
0.968545	0.448307	0.479004	0.198777	0.0251315
0.968545	0.448225	0.478927	0.198743	0.0251227
0.968545	0.448143	0.478849	0.198709	0.0251069
0.969856	0.448143	0.478927	0.199338	0.0251048
0.969856	0.44806	0.478849	0.199304	0.0250586
0.969856	0.447978	0.478772	0.19927	0.0250545
0.969856	0.447896	0.478695	0.199235	0.0250509
0.969856	0.447814	0.478617	0.199201	0.0250503
0.969856	0.447732	0.47854	0.199167	0.0250492
0.969856	0.44765	0.478463	0.199132	0.0250457
0.969856	0.447567	0.478385	0.199098	0.0250431
0.969856	0.447485	0.478308	0.199064	0.0250429
0.969856	0.447403	0.478231	0.199029	0.0250414
0.969856	0.447321	0.478153	0.198995	0.02504
0.969856	0.447239	0.478076	0.198961	0.0250383
0.969856	0.447156	0.477999	0.198926	0.0250326
0.969856	0.447074	0.477921	0.198892	0.0250249
0.969856	0.446992	0.477844	0.198858	0.0250145
0.969856	0.44691	0.477767	0.198823	0.0250031
0.969856	0.446828	0.477689	0.198789	0.024985
0.969856	0.446746	0.477612	0.198755	0.0249808
0.969856	0.446663	0.477535	0.19872	0.0249665
0.969856	0.446581	0.477457	0.198686	0.0249647
0.969856	0.446499	0.47738	0.198652	0.0249368
0.969856	0.446417	0.477303	0.198618	0.0249147
0.969856	0.446335	0.477225	0.198583	0.0249043
0.969856	0.446252	0.477148	0.198549	0.0249027
0.969856	0.44617	0.477071	0.198515	0.0249021
0.969856	0.446088	0.476993	0.19848	0.0248854
0.969856	0.446006	0.476916	0.198446	0.0248831
0.969856	0.445924	0.476839	0.198412	0.0248687
0.969856	0.445842	0.476761	0.198378	0.024866
0.969856	0.445759	0.476684	0.198343	0.0248594
0.969856	0.445677	0.476607	0.198309	0.0248568
0.969856	0.445595	0.476529	0.198275	0.0248553
0.969856	0.445513	0.476452	0.198241	0.0248439
0.969856	0.445431	0.476375	0.198206	0.0248344
0.969856	0.445348	0.476297	0.198172	0.0248206
0.969856	0.445266	0.47622	0.198138	0.0248147
0.969856	0.445184	0.476143	0.198104	0.0248106
0.969856	0.445102	0.476065	0.198069	0.0248016
0.969856	0.44502	0.475988	0.198035	0.0248013
0.969856	0.444938	0.475911	0.198001	0.0247996
0.969856	0.444855	0.475833	0.197967	0.0247944
0.969856	0.444773	0.475756	0.197932	0.0247761
0.969856	0.444691	0.475679	0.197898	0.0247749
0.969856	0.444609	0.475601	0.197864	0.0247744
0.969856	0.444527	0.475524	0.19783	0.0247732
0.969856	0.444444	0.475447	0.197796	0.0247721
0.969856	0.444362	0.475369	0.197761	0.0247681
0.969856	0.44428	0.475292	0.197727	0.0247554
0.969856	0.444198	0.475215	0.197693	0.0247548
0.969856	0.444116	0.475137	0.197659	0.024742
0.969856	0.444034	0.47506	0.197625	0.0247344
0.969856	0.443951	0.474983	0.19759	0.0247278
0.969856	0.443869	0.474905	0.197556	0.0247257
0.969856	0.443787	0.474828	0.197522	0.0247184
0.969856	0.443705	0.474751	0.197488	0.0247066
0.969856	0.443623	0.474673	0.197454	0.0246961
0.969856	0.44354	0.474596	0.197419	0.024688
0.969856	0.443458	0.474519	0.197385	0.0246622
0.969856	0.443376	0.474441	0.197351	0.0246573
0.969856	0.443294	0.474364	0.197317	0.0246562
0.969856	0.443212	0.474287	0.197283	0.0246535
0.969856	0.44313	0.474209	0.197249	0.0246022
0.969856	0.443047	0.474132	0.197214	0.024591
0.969856	0.442965	0.474055	0.19718	0.0245857
0.969856	0.442883	0.473977	0.197146	0.0245848
0.969856	0.442801	0.4739	0.197112	0.0245824
0.969856	0.442719	0.473823	0.197078	0.0245774
0.969856	0.442636	0.473745	0.197044	0.0245752
0.969856	0.442554	0.473668	0.19701	0.0245614
0.969856	0.442472	0.473591	0.196975	0.0245575
0.969856	0.44239	0.473513	0.196941	0.0245376
0.969856	0.442308	0.473436	0.196907	0.0245359
0.969856	0.442226	0.473359	0.196873	0.0245315
0.969856	0.442143	0.473281	0.196839	0.0245308
0.969856	0.442061	0.473204	0.196805	0.0245293
0.969856	0.441979	0.473127	0.196771	0.0245282
0.969856	0.441897	0.473049	0.196737	0.0245112
0.969856	0.441815	0.472972	0.196702	0.0245099
0.969856	0.441732	0.472895	0.196668	0.0245005
0.969856	0.44165	0.472817	0.196634	0.0244994
0.969856	0.441568	0.47274	0.1966	0.0244994
0.969856	0.441486	0.472663	0.196566	0.0244969
0.969856	0.441404	0.472585	0.196532	0.0244968
0.969856	0.441321	0.472508	0.196498	0.0244938
0.969856	0.441239	0.472431	0.196464	0.024492
0.969856	0.441157	0.472353	0.19643	0.0244912
0.969856	0.441075	0.472276	0.196396	0.024491
0.969856	0.440993	0.472199	0.196361	0.0244907
0.969856	0.440911	0.472121	0.196327	0.0244905
0.969856	0.440828	0.472044	0.196293	0.0244879
0.969856	0.440746	0.471967	0.196259	0.0244877
0.969856	0.440664	0.471889	0.196225	0.0244835
0.969856	0.440582	0.471812	0.196191	0.0244679
0.969856	0.4405	0.471735	0.196157	0.0244678
0.971166	0.4405	0.471812	0.196789	0.0244668
0.971166	0.440417	0.471735	0.196755	0.0244584
0.971166	0.440335	0.471657	0.196721	0.0244558
0.971166	0.440253	0.47158	0.196687	0.0244536
0.971166	0.440171	0.471503	0.196653	0.0244486
0.971166	0.440089	0.471425	0.196619	0.0244473
0.971166	0.440007	0.471348	0.196585	0.0244249
0.971166	0.439924	0.471271	0.196551	0.0244233
0.971166	0.439842	0.471193	0.196517	0.0244183
0.971166	0.43976	0.471116	0.196483	0.0244157
0.971166	0.439678	0.471039	0.196449	0.0244156
0.971166	0.439596	0.470961	0.196415	0.0244155
0.971166	0.439513	0.470884	0.196381	0.0244105
0.971166	0.439431	0.470807	0.196347	0.0244082
0.971166	0.439349	0.470729	0.196313	0.0243897
0.971166	0.439267	0.470652	0.196279	0.0243828
0.971166	0.439185	0.470575	0.196245	0.0243688
0.971166	0.439103	0.470497	0.196211	0.0243685
0.971166	0.43902	0.47042	0.196177	0.0243641
0.971166	0.438938	0.470343	0.196143	0.0243595
0.971166	0.438856	0.470265	0.196109	0.0243548
0.971166	0.438774	0.470188	0.196075	0.0243409
0.971166	0.438692	0.470111	0.196041	0.0243383
0.971166	0.438609	0.470033	0.196007	0.0243277
0.971166	0.438527	0.469956	0.195973	0.0243253
0.971166	0.438445	0.469879	0.195939	0.024325
0.971166	0.438363	0.469801	0.195905	0.0243178
0.971166	0.438281	0.469724	0.195871	0.0243084
0.971166	0.438199	0.469647	0.195837	0.0242998
0.971166	0.438116	0.469569	0.195803	0.0242987
0.971166	0.438034	0.469492	0.195769	0.0242977
0.971166	0.437952	0.469415	0.195735	0.0242878
0.971166	0.43787	0.469337	0.195701	0.0242745
0.971166	0.437788	0.46926	0.195667	0.0242695
0.971166	0.437705	0.469183	0.195633	0.0242693
0.971166	0.437623	0.469105	0.195599	0.0242626
0.971166	0.437541	0.469028	0.195566	0.0242609
0.971166	0.437459	0.468951	0.195532	0.0242546
0.971166	0.437377	0.468873	0.195498	0.0242458
0.971166	0.437295	0.468796	0.195464	0.0242361
0.971166	0.437212	0.468719	0.19543	0.0242359
0.971166	0.43713	0.468641	0.195396	0.024223
0.971166	0.437048	0.468564	0.195362	0.02422
0.971166	0.436966	0.468487	0.195328	0.0242189
0.971166	0.436884	0.468409	0.195294	0.0242156
0.971166	0.436801	0.468332	0.19526	0.024206
0.971166	0.436719	0.468255	0.195226	0.0242012
0.971166	0.436637	0.468177	0.195193	0.0241994
0.971166	0.436555	0.4681	0.195159	0.0241931
0.972477	0.436555	0.468177	0.195791	0.02419
0.972477	0.436473	0.4681	0.195758	0.0241892
0.972477	0.436391	0.468023	0.195724	0.024184
0.972477	0.436308	0.467945	0.19569	0.0241828
0.972477	0.436226	0.467868	0.195656	0.0241766
0.972477	0.436144	0.467791	0.195622	0.0241746
0.972477	0.436062	0.467713	0.195588	0.0241629
0.972477	0.43598	0.467636	0.195554	0.0241468
0.972477	0.435897	0.467559	0.195521	0.0241417
0.972477	0.435815	0.467481	0.195487	0.0241405
0.972477	0.435733	0.467404	0.195453	0.0241334
0.972477	0.435651	0.467327	0.195419	0.0241287
0.972477	0.435569	0.467249	0.195385	0.0241036
0.972477	0.435487	0.467172	0.195351	0.0240922
0.973788	0.435487	0.467249	0.195985	0.024092
0.973788	0.435404	0.467172	0.195951	0.0240862
0.973788	0.435322	0.467095	0.195917	0.0240859
0.973788	0.43524	0.467017	0.195883	0.0240755
0.973788	0.435158	0.46694	0.195849	0.0240694
0.973788	0.435076	0.466863	0.195816	0.0240387
0.973788	0.434993	0.466785	0.195782	0.0240363
0.973788	0.434911	0.466708	0.195748	0.0240294
0.973788	0.434829	0.466631	0.195714	0.0240269
0.973788	0.434747	0.466553	0.19568	0.0240258
0.973788	0.434665	0.466476	0.195647	0.0240201
0.973788	0.434583	0.466399	0.195613	0.0240138
0.973788	0.4345	0.466321	0.195579	0.0240138
0.973788	0.434418	0.466244	0.195545	0.0240133
0.973788	0.434336	0.466167	0.195512	0.024001
0.973788	0.434254	0.466089	0.195478	0.0239977
0.973788	0.434172	0.466012	0.195444	0.0239781
0.973788	0.434089	0.465935	0.19541	0.023978
0.973788	0.434007	0.465857	0.195377	0.0239704
0.973788	0.433925	0.46578	0.195343	0.0239678
0.973788	0.433843	0.465703	0.195309	0.0239612
0.973788	0.433761	0.465625	0.195275	0.023959
0.973788	0.433679	0.465548	0.195242	0.0239553
0.973788	0.433596	0.465471	0.195208	0.0239486
0.973788	0.433514	0.465393	0.195174	0.0239365
0.973788	0.433432	0.465316	0.19514	0.0239119
0.973788	0.43335	0.465239	0.195107	0.0239087
0.973788	0.433268	0.465161	0.195073	0.0238947
0.973788	0.433185	0.465084	0.195039	0.0238866
0.973788	0.433103	0.465007	0.195006	0.0238849
0.973788	0.433021	0.464929	0.194972	0.0238788
0.973788	0.432939	0.464852	0.194938	0.023876
0.973788	0.432857	0.464775	0.194904	0.023874
0.973788	0.432774	0.464697	0.194871	0.0238618
0.973788	0.432692	0.46462	0.194837	0.0238618
0.973788	0.43261	0.464543	0.194803	0.0238598
0.973788	0.432528	0.464465	0.19477	0.0238501
0.973788	0.432446	0.464388	0.194736	0.0238473
0.973788	0.432364	0.464311	0.194702	0.023845
0.973788	0.432281	0.464233	0.194669	0.0238337
0.973788	0.432199	0.464156	0.194635	0.023825
0.973788	0.432117	0.464079	0.194601	0.0238056
0.973788	0.432035	0.464001	0.194567	0.0237972
0.973788	0.431953	0.463924	0.194534	0.0237928
0.973788	0.43187	0.463847	0.1945	0.0237847
0.973788	0.431788	0.463769	0.194466	0.0237763
0.973788	0.431706	0.463692	0.194433	0.0237689
0.973788	0.431624	0.463615	0.194399	0.0237681
0.973788	0.431542	0.463537	0.194365	0.0237625
0.973788	0.43146	0.46346	0.194332	0.0237406
0.975098	0.43146	0.463537	0.194966	0.0237334
0.975098	0.431377	0.46346	0.194932	0.0237178
0.975098	0.431295	0.463383	0.194899	0.0237102
0.975098	0.431213	0.463305	0.194865	0.0237098
0.975098	0.431131	0.463228	0.194832	0.0237078
0.975098	0.431049	0.463151	0.194798	0.0237078
0.975098	0.430966	0.463073	0.194764	0.0237059
0.975098	0.430884	0.462996	0.194731	0.0237002
0.975098	0.430802	0.462919	0.194697	0.0236919
0.975098	0.43072	0.462841	0.194664	0.0236813
0.975098	0.430638	0.462764	0.19463	0.02368
0.975098	0.430556	0.462687	0.194596	0.0236744
0.975098	0.430473	0.462609	0.194563	0.0236705
0.975098	0.430391	0.462532	0.194529	0.0236704
0.975098	0.430309	0.462455	0.194496	0.0236509
0.975098	0.430227	0.462377	0.194462	0.0236409
0.975098	0.430145	0.4623	0.194428	0.0236386
0.975098	0.430062	0.462223	0.194395	0.0236359
0.975098	0.42998	0.462145	0.194361	0.0236339
0.975098	0.429898	0.462068	0.194328	0.0236113
0.975098	0.429816	0.461991	0.194294	0.0236096
0.975098	0.429734	0.461913	0.19426	0.0235926
0.975098	0.429652	0.461836	0.194227	0.023566
0.975098	0.429569	0.461759	0.194193	0.0235528
0.975098	0.429487	0.461681	0.19416	0.0235444
0.975098	0.429405	0.461604	0.194126	0.0235435
0.975098	0.429323	0.461527	0.194093	0.0235381
0.975098	0.429241	0.461449	0.194059	0.0235357
0.975098	0.429158	0.461372	0.194026	0.0235172
0.975098	0.429076	0.461295	0.193992	0.0235163
0.975098	0.428994	0.461217	0.193958	0.0235093
0.975098	0.428912	0.46114	0.193925	0.0235076
0.975098	0.42883	0.461063	0.193891	0.0234986
0.975098	0.428748	0.460985	0.193858	0.0234938
0.975098	0.428665	0.460908	0.193824	0.0234908
0.975098	0.428583	0.460831	0.193791	0.0234804
0.975098	0.428501	0.460753	0.193757	0.0234758
0.975098	0.428419	0.460676	0.193724	0.0234696
0.975098	0.428337	0.460599	0.19369	0.0234656
0.975098	0.428254	0.460521	0.193657	0.0234623
0.975098	0.428172	0.460444	0.193623	0.0234486
0.975098	0.42809	0.460367	0.19359	0.0234446
0.975098	0.428008	0.460289	0.193556	0.0234407
0.975098	0.427926	0.460212	0.193523	0.023427
0.975098	0.427844	0.460135	0.193489	0.0234174
0.975098	0.427761	0.460057	0.193456	0.023417
0.975098	0.427679	0.45998	0.193422	0.0234133
0.975098	0.427597	0.459903	0.193389	0.0234131
0.975098	0.427515	0.459825	0.193355	0.0234129
0.975098	0.427433	0.459748	0.193322	0.0233749
0.975098	0.42735	0.459671	0.193288	0.0233695
0.975098	0.427268	0.459593	0.193255	0.023351
0.975098	0.427186	0.459516	0.193221	0.0233456
0.975098	0.427104	0.459439	0.193188	0.0233423
0.975098	0.427022	0.459361	0.193154	0.0233401
0.975098	0.42694	0.459284	0.193121	0.0233311
0.975098	0.426857	0.459207	0.193087	0.0233259
0.975098	0.426775	0.459129	0.193054	0.0233239
0.975098	0.426693	0.459052	0.19302	0.0233198
0.975098	0.426611	0.458975	0.192987	0.0233136
0.975098	0.426529	0.458897	0.192953	0.0233127
0.975098	0.426446	0.45882	0.19292	0.0233101
0.975098	0.426364	0.458743	0.192887	0.0233022
0.975098	0.426282	0.458665	0.192853	0.0232922
0.975098	0.4262	0.458588	0.19282	0.0232873
0.975098	0.426118	0.458511	0.192786	0.0232863
0.975098	0.426036	0.458433	0.192753	0.0232841
0.975098	0.425953	0.458356	0.192719	0.0232834
0.975098	0.425871	0.458279	0.192686	0.0232832
0.975098	0.425789	0.458201	0.192652	0.0232774
0.975098	0.425707	0.458124	0.192619	0.023276
0.975098	0.425625	0.458047	0.192586	0.0232596
0.975098	0.425542	0.457969	0.192552	0.0232589
0.975098	0.42546	0.457892	0.192519	0.0232582
0.975098	0.425378	0.457815	0.192485	0.0232532
0.975098	0.425296	0.457737	0.192452	0.0232505
0.975098	0.425214	0.45766	0.192419	0.0232437
0.975098	0.425131	0.457583	0.192385	0.0232401
0.975098	0.425049	0.457505	0.192352	0.0232215
0.975098	0.424967	0.457428	0.192318	0.0232152
0.975098	0.424885	0.457351	0.192285	0.0232049
0.975098	0.424803	0.457273	0.192252	0.023196
0.975098	0.424721	0.457196	0.192218	0.023169
0.975098	0.424638	0.457119	0.192185	0.0231688
0.975098	0.424556	0.457041	0.192151	0.0231679
0.975098	0.424474	0.456964	0.192118	0.0231447
0.975098	0.424392	0.456887	0.192085	0.0231379
0.975098	0.42431	0.456809	0.192051	0.0231371
0.975098	0.424227	0.456732	0.192018	0.0231335
0.975098	0.424145	0.456655	0.191984	0.0231332
0.975098	0.424063	0.456577	0.191951	0.0231329
0.975098	0.423981	0.4565	0.191918	0.0231327
0.975098	0.423899	0.456423	0.191884	0.0231255
0.975098	0.423817	0.456345	0.191851	0.0231246
0.975098	0.423734	0.456268	0.191818	0.023105
0.975098	0.423652	0.456191	0.191784	0.0231001
0.975098	0.42357	0.456113	0.191751	0.0230987
0.975098	0.423488	0.456036	0.191718	0.0230816
0.975098	0.423406	0.455959	0.191684	0.0230814
0.975098	0.423323	0.455881	0.191651	0.0230768
0.975098	0.423241	0.455804	0.191618	0.0230728
0.975098	0.423159	0.455727	0.191584	0.0230694
0.975098	0.423077	0.455649	0.191551	0.0230563
0.975098	0.422995	0.455572	0.191518	0.0230513
0.975098	0.422913	0.455495	0.191484	0.0230512
0.975098	0.42283	0.455417	0.191451	0.0230488
0.975098	0.422748	0.45534	0.191418	0.0230479
0.975098	0.422666	0.455263	0.191384	0.023041
0.975098	0.422584	0.455185	0.191351	0.0230341
0.975098	0.422502	0.455108	0.191318	0.0230253
0.975098	0.422419	0.455031	0.191284	0.0230037
0.975098	0.422337	0.454953	0.191251	0.0230036
0.975098	0.422255	0.454876	0.191218	0.0230016
0.975098	0.422173	0.454799	0.191184	0.0229919
0.975098	0.422091	0.454721	0.191151	0.022988
0.975098	0.422009	0.454644	0.191118	0.0229803
0.975098	0.421926	0.454567	0.191084	0.0229734
0.975098	0.421844	0.454489	0.191051	0.0229568
0.975098	0.421762	0.454412	0.191018	0.022951
0.975098	0.42168	0.454335	0.190985	0.0229356
0.975098	0.421598	0.454257	0.190951	0.0229297
0.975098	0.421515	0.45418	0.190918	0.0229286
0.975098	0.421433	0.454103	0.190885	0.0229219
0.975098	0.421351	0.454025	0.190851	0.0229162
0.975098	0.421269	0.453948	0.190818	0.0229065
0.975098	0.421187	0.453871	0.190785	0.0229009
0.975098	0.421105	0.453793	0.190752	0.0228997
0.975098	0.421022	0.453716	0.190718	0.0228923
0.975098	0.42094	0.453639	0.190685	0.0228895
0.975098	0.420858	0.453561	0.190652	0.0228876
0.975098	0.420776	0.453484	0.190619	0.0228818
0.975098	0.420694	0.453407	0.190585	0.0228816
0.975098	0.420611	0.453329	0.190552	0.0228802
0.975098	0.420529	0.453252	0.190519	0.022876
0.975098	0.420447	0.453175	0.190486	0.0228641
0.975098	0.420365	0.453097	0.190452	0.0228624
0.975098	0.420283	0.45302	0.190419	0.0228623
0.975098	0.420201	0.452943	0.190386	0.0228592
0.975098	0.420118	0.452865	0.190353	0.0228573
0.975098	0.420036	0.452788	0.190319	0.0228558
0.975098	0.419954	0.452711	0.190286	0.0228516
0.975098	0.419872	0.452633	0.190253	0.0228483
0.975098	0.41979	0.452556	0.19022	0.0228404
0.975098	0.419707	0.452479	0.190186	0.0228342
0.975098	0.419625	0.452401	0.190153	0.0228209
0.975098	0.419543	0.452324	0.19012	0.0228114
0.975098	0.419461	0.452247	0.190087	0.0227961
0.975098	0.419379	0.452169	0.190054	0.0227761
0.975098	0.419297	0.452092	0.19002	0.0227745
0.975098	0.419214	0.452015	0.189987	0.0227728
0.975098	0.419132	0.451937	0.189954	0.0227634
0.975098	0.41905	0.45186	0.189921	0.02274
0.975098	0.418968	0.451783	0.189888	0.0227396
0.975098	0.418886	0.451705	0.189854	0.0227365
0.975098	0.418803	0.451628	0.189821	0.0227227
0.975098	0.418721	0.451551	0.189788	0.0227054
0.975098	0.418639	0.451473	0.189755	0.0227046
0.975098	0.418557	0.451396	0.189722	0.0227029
0.975098	0.418475	0.451319	0.189688	0.0226783
0.975098	0.418393	0.451241	0.189655	0.0226749
0.975098	0.41831	0.451164	0.189622	0.0226628
0.975098	0.418228	0.451087	0.189589	0.0226607
0.975098	0.418146	0.451009	0.189556	0.0226597
0.975098	0.418064	0.450932	0.189523	0.0226505
0.975098	0.417982	0.450855	0.189489	0.0226408
0.975098	0.417899	0.450777	0.189456	0.0226265
0.975098	0.417817	0.4507	0.189423	0.0226095
0.975098	0.417735	0.450623	0.18939	0.0226067
0.975098	0.417653	0.450545	0.189357	0.022605
0.975098	0.417571	0.450468	0.189324	0.0225997
0.975098	0.417488	0.450391	0.18929	0.0225869
0.975098	0.417406	0.450313	0.189257	0.0225851
0.975098	0.417324	0.450236	0.189224	0.0225844
0.975098	0.417242	0.450159	0.189191	0.0225792
0.975098	0.41716	0.450081	0.189158	0.0225755
0.975098	0.417078	0.450004	0.189125	0.0225737
0.975098	0.416995	0.449927	0.189092	0.0225538
0.975098	0.416913	0.449849	0.189058	0.0225454
0.975098	0.416831	0.449772	0.189025	0.022529
0.975098	0.416749	0.449695	0.188992	0.0225233
0.975098	0.416667	0.449617	0.188959	0.0225207
0.975098	0.416584	0.44954	0.188926	0.0225146
0.975098	0.416502	0.449463	0.188893	0.022504
0.975098	0.41642	0.449385	0.18886	0.022501
0.975098	0.416338	0.449308	0.188827	0.0224849
0.975098	0.416256	0.449231	0.188794	0.0224803
0.975098	0.416174	0.449153	0.18876	0.0224793
0.975098	0.416091	0.449076	0.188727	0.0224791
0.975098	0.416009	0.448999	0.188694	0.0224724
0.975098	0.415927	0.448921	0.188661	0.0224719
0.975098	0.415845	0.448844	0.188628	0.0224706
0.975098	0.415763	0.448767	0.188595	0.0224678
0.975098	0.41568	0.448689	0.188562	0.02246
0.975098	0.415598	0.448612	0.188529	0.0224585
0.975098	0.415516	0.448535	0.188496	0.0224567
0.975098	0.415434	0.448457	0.188463	0.0224562
0.975098	0.415352	0.44838	0.18843	0.0224551
0.975098	0.41527	0.448303	0.188396	0.0224527
0.975098	0.415187	0.448225	0.188363	0.0224511
0.975098	0.415105	0.448148	0.18833	0.0224462
0.975098	0.415023	0.448071	0.188297	0.0224402
0.975098	0.414941	0.447993	0.188264	0.0224372
0.975098	0.414859	0.447916	0.188231	0.0224359
0.975098	0.414776	0.447839	0.188198	0.0224163
0.975098	0.414694	0.447761	0.188165	0.0224047
0.975098	0.414612	0.447684	0.188132	0.0224018
0.975098	0.41453	0.447607	0.188099	0.0224007
0.975098	0.414448	0.447529	0.188066	0.0224
0.975098	0.414366	0.447452	0.188033	0.0223996
0.975098	0.414283	0.447375	0.188	0.0223858
0.975098	0.414201	0.447297	0.187967	0.0223848
0.975098	0.414119	0.44722	0.187934	0.0223748
0.975098	0.414037	0.447143	0.187901	0.0223743
0.975098	0.413955	0.447065	0.187868	0.0223659
0.975098	0.413872	0.446988	0.187835	0.0223467
0.975098	0.41379	0.446911	0.187801	0.0223427
0.975098	0.413708	0.446833	0.187768	0.0223374
0.975098	0.413626	0.446756	0.187735	0.0223243
0.975098	0.413544	0.446679	0.187702	0.0223217
0.975098	0.413462	0.446601	0.187669	0.0222938
0.975098	0.413379	0.446524	0.187636	0.0222935
0.975098	0.413297	0.446447	0.187603	0.0222931
0.975098	0.413215	0.446369	0.18757	0.0222925
0.975098	0.413133	0.446292	0.187537	0.0222897
0.975098	0.413051	0.446215	0.187504	0.0222854
0.975098	0.412968	0.446137	0.187471	0.0222705
0.975098	0.412886	0.44606	0.187438	0.0222671
0.975098	0.412804	0.445983	0.187405	0.0222606
0.975098	0.412722	0.445905	0.187372	0.0222592
0.975098	0.41264	0.445828	0.187339	0.0222413
0.975098	0.412558	0.445751	0.187306	0.0222287
0.975098	0.412475	0.445673	0.187273	0.0222266
0.975098	0.412393	0.445596	0.18724	0.0222234
0.975098	0.412311	0.445519	0.187207	0.0222149
0.975098	0.412229	0.445441	0.187174	0.0222038
0.975098	0.412147	0.445364	0.187141	0.0222032
0.975098	0.412064	0.445287	0.187108	0.0221854
0.975098	0.411982	0.445209	0.187075	0.022182
0.975098	0.4119	0.445132	0.187042	0.0221567
0.975098	0.411818	0.445055	0.18701	0.0221377
0.975098	0.411736	0.444977	0.186977	0.0221304
0.975098	0.411654	0.4449	0.186944	0.0221259
0.975098	0.411571	0.444823	0.186911	0.0221148
0.975098	0.411489	0.444745	0.186878	0.0221082
0.975098	0.411407	0.444668	0.186845	0.0221027
0.975098	0.411325	0.444591	0.186812	0.0220992
0.975098	0.411243	0.444513	0.186779	0.022099
0.975098	0.41116	0.444436	0.186746	0.0220941
0.975098	0.411078	0.444359	0.186713	0.0220888
0.975098	0.410996	0.444281	0.18668	0.0220829
0.975098	0.410914	0.444204	0.186647	0.0220812
0.975098	0.410832	0.444127	0.186614	0.022081
0.975098	0.41075	0.444049	0.186581	0.0220774
0.975098	0.410667	0.443972	0.186548	0.0220739
0.975098	0.410585	0.443895	0.186515	0.0220632
0.975098	0.410503	0.443817	0.186482	0.0220604
0.975098	0.410421	0.44374	0.186449	0.0220471
0.975098	0.410339	0.443663	0.186417	0.0220455
0.975098	0.410256	0.443585	0.186384	0.0220346
0.975098	0.410174	0.443508	0.186351	0.0220338
0.975098	0.410092	0.443431	0.186318	0.0220252
0.975098	0.41001	0.443353	0.186285	0.0219888
0.975098	0.409928	0.443276	0.186252	0.0219436
0.975098	0.409845	0.443199	0.186219	0.021929
0.975098	0.409763	0.443121	0.186186	0.0219207
0.975098	0.409681	0.443044	0.186153	0.0219184
0.975098	0.409599	0.442967	0.18612	0.0219077
0.975098	0.409517	0.442889	0.186087	0.0218913
0.975098	0.409435	0.442812	0.186055	0.0218867
0.975098	0.409352	0.442735	0.186022	0.0218849
0.975098	0.40927	0.442657	0.185989	0.0218794
0.975098	0.409188	0.44258	0.185956	0.021872
0.975098	0.409106	0.442503	0.185923	0.0218709
0.975098	0.409024	0.442425	0.18589	0.0218683
0.975098	0.408941	0.442348	0.185857	0.0218443
0.975098	0.408859	0.442271	0.185824	0.0218438
0.975098	0.408777	0.442193	0.185791	0.0218426
0.975098	0.408695	0.442116	0.185759	0.021837
0.975098	0.408613	0.442039	0.185726	0.0218219
0.976409	0.408613	0.442116	0.186367	0.0218209
0.976409	0.408531	0.442039	0.186334	0.0218185
0.976409	0.408448	0.441961	0.186301	0.0218163
0.976409	0.408366	0.441884	0.186269	0.0218103
0.976409	0.408284	0.441807	0.186236	0.0217648
0.976409	0.40812	0.441652	0.18617	0.0217609
0.976409	0.408037	0.441575	0.186137	0.0217504
0.976409	0.407955	0.441497	0.186104	0.0217486
0.976409	0.407873	0.44142	0.186072	0.0217365
0.976409	0.407791	0.441343	0.186039	0.0217173
0.976409	0.407709	0.441265	0.186006	0.0217155
0.976409	0.407627	0.441188	0.185973	0.0217129
0.976409	0.407544	0.441111	0.18594	0.0217001
0.976409	0.407462	0.441033	0.185908	0.0216871
0.976409	0.40738	0.440956	0.185875	0.0216653
0.976409	0.407298	0.440879	0.185842	0.0216586
0.976409	0.407216	0.440801	0.185809	0.0216582
0.976409	0.407133	0.440724	0.185776	0.0216485
0.976409	0.407051	0.440647	0.185744	0.0216467
0.976409	0.406969	0.440569	0.185711	0.0216463
0.976409	0.406887	0.440492	0.185678	0.0216422
0.976409	0.406805	0.440415	0.185645	0.0216408
0.976409	0.406723	0.440337	0.185612	0.0216319
0.976409	0.40664	0.44026	0.18558	0.0216213
0.976409	0.406558	0.440183	0.185547	0.0216209
0.976409	0.406476	0.440105	0.185514	0.0216175
0.976409	0.406394	0.440028	0.185481	0.0216169
0.976409	0.406312	0.439951	0.185449	0.0216043
0.976409	0.406229	0.439873	0.185416	0.0215935
0.976409	0.406147	0.439796	0.185383	0.0215882
0.976409	0.406065	0.439719	0.18535	0.0215795
0.976409	0.405983	0.439641	0.185317	0.0215752
0.976409	0.405901	0.439564	0.185285	0.0215734
0.976409	0.405819	0.439487	0.185252	0.0215673
0.976409	0.405736	0.439409	0.185219	0.0215668
0.976409	0.405654	0.439332	0.185186	0.0215648
0.976409	0.405572	0.439255	0.185154	0.0215632
0.976409	0.40549	0.439177	0.185121	0.021563
0.976409	0.405408	0.4391	0.185088	0.0215545
0.976409	0.405325	0.439023	0.185055	0.0215506
0.976409	0.405243	0.438945	0.185023	0.0215418
0.976409	0.405161	0.438868	0.18499	0.0215364
0.976409	0.405079	0.438791	0.184957	0.0215293
0.976409	0.404997	0.438713	0.184924	0.0215265
0.976409	0.404915	0.438636	0.184892	0.0215174
0.976409	0.404832	0.438559	0.184859	0.0215161
0.976409	0.40475	0.438481	0.184826	0.0215031
0.976409	0.404668	0.438404	0.184794	0.021503
0.976409	0.404586	0.438327	0.184761	0.0214994
0.976409	0.404504	0.438249	0.184728	0.0214978
0.976409	0.404421	0.438172	0.184695	0.0214959
0.976409	0.404339	0.438095	0.184663	0.0214753
0.976409	0.404257	0.438017	0.18463	0.0214693
0.976409	0.404175	0.43794	0.184597	0.0214693
0.976409	0.404093	0.437863	0.184565	0.0214543
0.976409	0.404011	0.437785	0.184532	0.0214522
0.976409	0.403928	0.437708	0.184499	0.0214519
0.976409	0.403846	0.437631	0.184466	0.0214472
0.976409	0.403764	0.437553	0.184434	0.0214396
0.976409	0.403682	0.437476	0.184401	0.0214365
0.976409	0.4036	0.437398	0.184368	0.0214222
0.976409	0.403517	0.437321	0.184336	0.0214177
0.976409	0.403435	0.437244	0.184303	0.0214168
0.976409	0.403353	0.437166	0.18427	0.0214129
0.976409	0.403271	0.437089	0.184238	0.0213882
0.976409	0.403189	0.437012	0.184205	0.0213864
0.976409	0.403107	0.436934	0.184172	0.0213791
0.976409	0.403024	0.436857	0.18414	0.0213652
0.976409	0.402942	0.43678	0.184107	0.0213623
0.976409	0.40286	0.436702	0.184074	0.0213597
0.976409	0.402778	0.436625	0.184042	0.0213595
0.976409	0.402696	0.436548	0.184009	0.0213559
0.976409	0.402613	0.43647	0.183976	0.0213472
0.976409	0.402531	0.436393	0.183944	0.0213408
0.976409	0.402449	0.436316	0.183911	0.0213285
0.976409	0.402367	0.436238	0.183878	0.0213278
0.976409	0.402285	0.436161	0.183846	0.0213231
0.976409	0.402202	0.436084	0.183813	0.0213193
0.976409	0.40212	0.436006	0.18378	0.0213189
0.976409	0.402038	0.435929	0.183748	0.0213148
0.976409	0.401956	0.435852	0.183715	0.0213143
0.976409	0.401874	0.435774	0.183682	0.021307
0.976409	0.401792	0.435697	0.18365	0.0213023
0.976409	0.401709	0.43562	0.183617	0.0213011
0.976409	0.401627	0.435542	0.183585	0.0212897
0.976409	0.401545	0.435465	0.183552	0.0212887
0.976409	0.401463	0.435388	0.183519	0.0212826
0.976409	0.401381	0.43531	0.183487	0.0212802
0.976409	0.401298	0.435233	0.183454	0.0212788
0.976409	0.401216	0.435156	0.183421	0.021275
0.976409	0.401134	0.435078	0.183389	0.0212677
0.976409	0.401052	0.435001	0.183356	0.0212593
0.976409	0.40097	0.434924	0.183324	0.0212583
0.976409	0.400888	0.434846	0.183291	0.0212475
0.976409	0.400805	0.434769	0.183258	0.0212425
0.976409	0.400723	0.434692	0.183226	0.0212399
0.976409	0.400641	0.434614	0.183193	0.0212389
0.976409	0.400559	0.434537	0.183161	0.0212343
0.976409	0.400477	0.43446	0.183128	0.0212297
0.976409	0.400394	0.434382	0.183095	0.0212185
0.976409	0.400312	0.434305	0.183063	0.0212146
0.976409	0.40023	0.434228	0.18303	0.021209
0.976409	0.400148	0.43415	0.182998	0.0211978
0.976409	0.400066	0.434073	0.182965	0.0211925
0.976409	0.399984	0.433996	0.182932	0.0211617
0.976409	0.399901	0.433918	0.1829	0.0211612
0.976409	0.399819	0.433841	0.182867	0.0211573
0.976409	0.399737	0.433764	0.182835	0.0211516
0.976409	0.399655	0.433686	0.182802	0.0211331
0.976409	0.399573	0.433609	0.182769	0.0211311
0.976409	0.39949	0.433532	0.182737	0.0211231
0.976409	0.399408	0.433454	0.182704	0.0211188
0.976409	0.399326	0.433377	0.182672	0.0211011
0.976409	0.399244	0.4333	0.182639	0.0210975
0.976409	0.399162	0.433222	0.182607	0.0210794
0.976409	0.39908	0.433145	0.182574	0.0210728
0.976409	0.398997	0.433068	0.182541	0.0210679
0.97772	0.398997	0.433145	0.183186	0.0210643
0.97772	0.398915	0.433068	0.183154	0.0210605
0.97772	0.398833	0.43299	0.183121	0.0210575
0.97772	0.398751	0.432913	0.183089	0.0210456
0.97772	0.398669	0.432836	0.183056	0.0210387
0.97772	0.398586	0.432758	0.183024	0.0210369
0.97772	0.398504	0.432681	0.182991	0.0210247
0.97772	0.398422	0.432604	0.182959	0.0210234
0.97772	0.39834	0.432526	0.182926	0.0210129
0.97772	0.398258	0.432449	0.182894	0.0210061
0.97772	0.398176	0.432372	0.182861	0.0209797
0.97772	0.398093	0.432294	0.182829	0.0209445
0.97772	0.398011	0.432217	0.182796	0.0209362
0.97772	0.397929	0.43214	0.182764	0.0209294
0.97772	0.397847	0.432062	0.182731	0.0209164
0.97772	0.397765	0.431985	0.182699	0.0209148
0.97772	0.397682	0.431908	0.182666	0.0209028
0.97772	0.3976	0.43183	0.182634	0.0209012
0.97772	0.397518	0.431753	0.182601	0.0208928
0.97772	0.397436	0.431676	0.182569	0.0208915
0.97772	0.397354	0.431598	0.182536	0.0208909
0.97772	0.397272	0.431521	0.182504	0.0208901
0.97772	0.397189	0.431444	0.182471	0.0208842
0.97772	0.397107	0.431366	0.182439	0.0208828
0.97772	0.397025	0.431289	0.182406	0.0208823
0.97772	0.396943	0.431212	0.182374	0.0208617
0.97772	0.396861	0.431134	0.182341	0.0208551
0.97772	0.396778	0.431057	0.182309	0.0208502
0.97772	0.396696	0.43098	0.182276	0.0208391
0.97772	0.396614	0.430902	0.182244	0.0208322
0.97772	0.396532	0.430825	0.182211	0.0208305
0.97772	0.39645	0.430748	0.182179	0.0208203
0.97772	0.396368	0.43067	0.182146	0.0208075
0.97772	0.396285	0.430593	0.182114	0.0207999
0.97772	0.396203	0.430516	0.182082	0.0207934
0.97772	0.396121	0.430438	0.182049	0.0207864
0.97772	0.396039	0.430361	0.182017	0.0207863
0.97772	0.395957	0.430284	0.181984	0.0207616
0.97772	0.395874	0.430206	0.181952	0.0207478
0.97772	0.395792	0.430129	0.181919	0.0207433
0.97772	0.39571	0.430052	0.181887	0.0207383
0.97772	0.395628	0.429974	0.181854	0.0207362
0.97772	0.395546	0.429897	0.181822	0.0207193
0.97772	0.395464	0.42982	0.18179	0.0207085
0.97772	0.395381	0.429742	0.181757	0.0206968
0.97772	0.395299	0.429665	0.181725	0.0206858
0.97772	0.395217	0.429588	0.181692	0.0206759
0.97772	0.395135	0.42951	0.18166	0.0206682
0.97772	0.395053	0.429433	0.181627	0.0206621
0.97772	0.39497	0.429356	0.181595	0.020658
0.97772	0.394888	0.429278	0.181563	0.0206475
0.97772	0.394806	0.429201	0.18153	0.0206364
0.97772	0.394724	0.429124	0.181498	0.0206312
0.97772	0.394642	0.429046	0.181465	0.020629
0.97772	0.39456	0.428969	0.181433	0.0206272
0.97772	0.394477	0.428892	0.181401	0.0206245
0.97772	0.394395	0.428814	0.181368	0.0206154
0.97772	0.394313	0.428737	0.181336	0.0206123
0.97772	0.394231	0.42866	0.181303	0.0205959
0.97772	0.394149	0.428582	0.181271	0.0205928
0.97772	0.394066	0.428505	0.181239	0.0205765
0.97772	0.393984	0.428428	0.181206	0.0205694
0.97772	0.393902	0.42835	0.181174	0.0205619
0.97772	0.39382	0.428273	0.181141	0.0205541
0.97772	0.393738	0.428196	0.181109	0.0205432
0.97772	0.393655	0.428118	0.181077	0.0205407
0.97772	0.393573	0.428041	0.181044	0.0205399
0.97772	0.393491	0.427964	0.181012	0.0205392
0.97772	0.393409	0.427886	0.18098	0.0205234
0.97772	0.393327	0.427809	0.180947	0.0205122
0.97772	0.393245	0.427732	0.180915	0.0205101
0.97772	0.393162	0.427654	0.180882	0.0205074
0.97772	0.39308	0.427577	0.18085	0.0205049
0.97772	0.392998	0.4275	0.180818	0.0204935
0.97772	0.392916	0.427422	0.180785	0.0204925
0.97772	0.392834	0.427345	0.180753	0.020492
0.97772	0.392751	0.427268	0.180721	0.0204907
0.97772	0.392669	0.42719	0.180688	0.0204901
0.97772	0.392587	0.427113	0.180656	0.0204883
0.97772	0.392505	0.427036	0.180624	0.0204872
0.97903	0.392505	0.427113	0.181271	0.0204831
0.97903	0.392423	0.427036	0.181238	0.0204823
0.97903	0.392341	0.426958	0.181206	0.0204806
0.97903	0.392258	0.426881	0.181174	0.0204804
0.97903	0.392176	0.426804	0.181142	0.020471
0.97903	0.392094	0.426726	0.181109	0.0204665
0.97903	0.392012	0.426649	0.181077	0.020465
0.97903	0.39193	0.426572	0.181045	0.0204627
0.97903	0.391847	0.426494	0.181012	0.0204616
0.97903	0.391765	0.426417	0.18098	0.0204483
0.97903	0.391683	0.42634	0.180948	0.0204401
0.97903	0.391601	0.426262	0.180915	0.0204389
0.97903	0.391519	0.426185	0.180883	0.0204367
0.97903	0.391437	0.426108	0.180851	0.0204357
0.97903	0.391354	0.42603	0.180819	0.0204281
0.97903	0.391272	0.425953	0.180786	0.0204246
0.97903	0.39119	0.425876	0.180754	0.0204141
0.97903	0.391108	0.425798	0.180722	0.020411
0.97903	0.391026	0.425721	0.180689	0.02041
0.97903	0.390943	0.425644	0.180657	0.0204094
0.97903	0.390861	0.425566	0.180625	0.0204091
0.97903	0.390779	0.425489	0.180593	0.0203866
0.97903	0.390697	0.425412	0.18056	0.0203806
0.97903	0.390615	0.425334	0.180528	0.0203806
0.97903	0.390533	0.425257	0.180496	0.0203775
0.97903	0.39045	0.42518	0.180463	0.0203601
0.97903	0.390368	0.425102	0.180431	0.0203472
0.97903	0.390286	0.425025	0.180399	0.0203424
0.97903	0.390204	0.424948	0.180367	0.0203264
0.97903	0.390122	0.42487	0.180334	0.0203086
0.97903	0.390039	0.424793	0.180302	0.0203031
0.97903	0.389957	0.424716	0.18027	0.0203004
0.97903	0.389875	0.424638	0.180238	0.0202991
0.97903	0.389793	0.424561	0.180205	0.0202971
0.97903	0.389711	0.424484	0.180173	0.020292
0.97903	0.389629	0.424406	0.180141	0.020288
0.97903	0.389546	0.424329	0.180109	0.0202857
0.97903	0.389464	0.424252	0.180076	0.0202725
0.97903	0.389382	0.424174	0.180044	0.0202714
0.97903	0.3893	0.424097	0.180012	0.0202573
0.97903	0.389218	0.42402	0.17998	0.0202544
0.97903	0.389135	0.423942	0.179948	0.0202486
0.97903	0.389053	0.423865	0.179915	0.0202457
0.97903	0.388971	0.423788	0.179883	0.0202412
0.97903	0.388889	0.42371	0.179851	0.0202339
0.97903	0.388807	0.423633	0.179819	0.0202297
0.97903	0.388725	0.423556	0.179786	0.0202257
0.97903	0.388642	0.423478	0.179754	0.0202241
0.97903	0.38856	0.423401	0.179722	0.0202231
0.97903	0.388478	0.423324	0.17969	0.0202189
0.97903	0.388396	0.423246	0.179658	0.0202185
0.97903	0.388314	0.423169	0.179625	0.0202103
0.97903	0.388231	0.423092	0.179593	0.0202004
0.97903	0.388149	0.423014	0.179561	0.0201891
0.97903	0.388067	0.422937	0.179529	0.0201819
0.97903	0.387985	0.42286	0.179497	0.0201638
0.97903	0.387903	0.422782	0.179464	0.0201482
0.97903	0.387821	0.422705	0.179432	0.0201378
0.97903	0.387738	0.422628	0.1794	0.020136
0.97903	0.387656	0.42255	0.179368	0.0201305
0.97903	0.387574	0.422473	0.179336	0.0201155
0.97903	0.387492	0.422396	0.179303	0.0201126
0.97903	0.38741	0.422318	0.179271	0.0200908
0.97903	0.387327	0.422241	0.179239	0.0200862
0.980341	0.387327	0.422318	0.179888	0.0200814
0.980341	0.387245	0.422241	0.179856	0.0200618
0.980341	0.387163	0.422164	0.179824	0.0200616
0.980341	0.387081	0.422086	0.179792	0.02006
0.980341	0.386999	0.422009	0.17976	0.0200466
0.980341	0.386917	0.421932	0.179728	0.0200433
0.980341	0.386834	0.421854	0.179695	0.0200351
0.980341	0.386752	0.421777	0.179663	0.0200302
0.980341	0.38667	0.4217	0.179631	0.0200233
0.980341	0.386588	0.421622	0.179599	0.0200232
0.980341	0.386506	0.421545	0.179567	0.0200229
0.980341	0.386423	0.421468	0.179535	0.0200224
0.980341	0.386341	0.42139	0.179503	0.0200153
0.980341	0.386259	0.421313	0.17947	0.0200072
0.980341	0.386177	0.421236	0.179438	0.0200036
0.980341	0.386095	0.421158	0.179406	0.0199942
0.980341	0.386012	0.421081	0.179374	0.0199844
0.980341	0.38593	0.421004	0.179342	0.0199805
0.980341	0.385848	0.420926	0.17931	0.0199751
0.980341	0.385766	0.420849	0.179278	0.0199706
0.980341	0.385684	0.420772	0.179246	0.0199702
0.980341	0.385602	0.420694	0.179214	0.0199523
0.980341	0.385519	0.420617	0.179181	0.0199455
0.980341	0.385437	0.42054	0.179149	0.0199326
0.980341	0.385355	0.420462	0.179117	0.0199297
0.980341	0.385273	0.420385	0.179085	0.0199267
0.980341	0.385191	0.420308	0.179053	0.0199213
0.980341	0.385108	0.42023	0.179021	0.0199055
0.980341	0.385026	0.420153	0.178989	0.0199032
0.980341	0.384944	0.420076	0.178957	0.0198875
0.980341	0.384862	0.419998	0.178925	0.019875
0.980341	0.38478	0.419921	0.178893	0.0198721
0.980341	0.384698	0.419844	0.178861	0.0198675
0.980341	0.384615	0.419766	0.178828	0.0198633
0.980341	0.384533	0.419689	0.178796	0.0198596
0.980341	0.384451	0.419612	0.178764	0.0198414
0.980341	0.384369	0.419534	0.178732	0.0198372
0.980341	0.384287	0.419457	0.1787	0.0197958
0.980341	0.384204	0.41938	0.178668	0.0197948
0.980341	0.384122	0.419302	0.178636	0.0197947
0.980341	0.38404	0.419225	0.178604	0.0197911
0.980341	0.383958	0.419148	0.178572	0.0197893
0.980341	0.383876	0.41907	0.17854	0.0197874
0.980341	0.383794	0.418993	0.178508	0.0197722
0.980341	0.383711	0.418916	0.178476	0.0197663
0.980341	0.383629	0.418838	0.178444	0.0197654
0.980341	0.383547	0.418761	0.178412	0.0197613
0.980341	0.383465	0.418684	0.178379	0.0197443
0.980341	0.383383	0.418606	0.178347	0.0197383
0.980341	0.3833	0.418529	0.178315	0.0197234
0.980341	0.383218	0.418452	0.178283	0.0197201
0.980341	0.383136	0.418374	0.178251	0.0197199
0.980341	0.383054	0.418297	0.178219	0.0197184
0.980341	0.382972	0.41822	0.178187	0.0197138
0.980341	0.38289	0.418142	0.178155	0.0197055
0.980341	0.382807	0.418065	0.178123	0.0197054
0.980341	0.382725	0.417988	0.178091	0.0197046
0.980341	0.382643	0.41791	0.178059	0.0197005
0.980341	0.382561	0.417833	0.178027	0.0196954
0.980341	0.382479	0.417756	0.177995	0.0196877
0.980341	0.382396	0.417678	0.177963	0.0196816
0.980341	0.382314	0.417601	0.177931	0.0196786
0.980341	0.382232	0.417524	0.177899	0.0196752
0.980341	0.38215	0.417446	0.177867	0.0196719
0.980341	0.382068	0.417369	0.177835	0.0196537
0.980341	0.381986	0.417292	0.177803	0.0196394
0.980341	0.381903	0.417214	0.177771	0.0196353
0.980341	0.381821	0.417137	0.177739	0.0196338
0.980341	0.381739	0.41706	0.177707	0.0196264
0.980341	0.381657	0.416982	0.177675	0.019607
0.980341	0.381575	0.416905	0.177643	0.0196069
0.980341	0.381492	0.416828	0.177611	0.019601
0.980341	0.38141	0.41675	0.177579	0.0195935
0.980341	0.381328	0.416673	0.177547	0.0195905
0.980341	0.381246	0.416596	0.177515	0.0195836
0.980341	0.381164	0.416518	0.177483	0.0195827
0.980341	0.381082	0.416441	0.177451	0.0195772
0.980341	0.380999	0.416364	0.177419	0.0195762
0.980341	0.380917	0.416286	0.177387	0.0195716
0.980341	0.380835	0.416209	0.177355	0.0195685
0.980341	0.380753	0.416132	0.177323	0.0195653
0.980341	0.380671	0.416054	0.177291	0.0195615
0.980341	0.380588	0.415977	0.177259	0.0195611
0.980341	0.380506	0.4159	0.177227	0.0195596
0.980341	0.380424	0.415822	0.177195	0.0195547
0.980341	0.380342	0.415745	0.177163	0.0195547
0.980341	0.38026	0.415668	0.177131	0.0195452
0.980341	0.380178	0.41559	0.177099	0.0195413
0.980341	0.380095	0.415513	0.177067	0.0195401
0.980341	0.380013	0.415436	0.177035	0.0195279
0.980341	0.379931	0.415358	0.177003	0.0195039
0.980341	0.379849	0.415281	0.176971	0.0194929
0.980341	0.379767	0.415204	0.176939	0.0194893
0.980341	0.379684	0.415126	0.176907	0.0194891
0.980341	0.379602	0.415049	0.176875	0.0194861
0.980341	0.37952	0.414972	0.176843	0.0194708
0.980341	0.379438	0.414894	0.176811	0.019469
0.980341	0.379356	0.414817	0.176779	0.0194641
0.980341	0.379274	0.41474	0.176747	0.0194641
0.980341	0.379191	0.414662	0.176715	0.0194623
0.980341	0.379109	0.414585	0.176684	0.0194577
0.980341	0.379027	0.414508	0.176652	0.0194467
0.980341	0.378945	0.41443	0.17662	0.0194448
0.980341	0.378863	0.414353	0.176588	0.0194438
0.980341	0.37878	0.414276	0.176556	0.0194401
0.980341	0.378698	0.414198	0.176524	0.0194389
0.980341	0.378616	0.414121	0.176492	0.0194375
0.980341	0.378534	0.414044	0.17646	0.0194373
0.980341	0.378452	0.413966	0.176428	0.0194365
0.980341	0.378369	0.413889	0.176396	0.0194317
0.980341	0.378287	0.413812	0.176364	0.0194195
0.980341	0.378205	0.413734	0.176332	0.0194031
0.980341	0.378123	0.413657	0.1763	0.0193986
0.980341	0.378041	0.41358	0.176268	0.0193963
0.980341	0.377959	0.413502	0.176236	0.0193886
0.980341	0.377876	0.413425	0.176205	0.0193881
0.980341	0.377794	0.413348	0.176173	0.0193715
0.980341	0.377712	0.41327	0.176141	0.0193714
0.980341	0.37763	0.413193	0.176109	0.0193647
0.980341	0.377548	0.413116	0.176077	0.0193577
0.980341	0.377465	0.413038	0.176045	0.0193554
0.980341	0.377383	0.412961	0.176013	0.0193306
0.980341	0.377301	0.412884	0.175981	0.0193266
0.980341	0.377219	0.412806	0.175949	0.0193236
0.980341	0.377137	0.412729	0.175917	0.0193184
0.980341	0.377055	0.412652	0.175885	0.0193152
0.980341	0.376972	0.412574	0.175854	0.0193101
0.980341	0.37689	0.412497	0.175822	0.0193099
0.980341	0.376808	0.41242	0.17579	0.0193083
0.980341	0.376726	0.412342	0.175758	0.0193081
0.980341	0.376644	0.412265	0.175726	0.0192969
0.980341	0.376561	0.412188	0.175694	0.0192939
0.980341	0.376479	0.41211	0.175662	0.0192891
0.980341	0.376397	0.412033	0.17563	0.0192868
0.980341	0.376315	0.411956	0.175598	0.0192859
0.980341	0.376233	0.411878	0.175567	0.0192841
0.980341	0.376151	0.411801	0.175535	0.0192828
0.980341	0.376068	0.411724	0.175503	0.0192749
0.980341	0.375986	0.411646	0.175471	0.0192733
0.980341	0.375904	0.411569	0.175439	0.0192713
0.980341	0.375822	0.411492	0.175407	0.0192529
0.980341	0.37574	0.411414	0.175375	0.0192413
0.980341	0.375657	0.411337	0.175343	0.0192268
0.980341	0.375575	0.41126	0.175312	0.0192207
0.980341	0.375493	0.411182	0.17528	0.0192145
0.980341	0.375411	0.411105	0.175248	0.0192009
0.980341	0.375329	0.411028	0.175216	0.0191975
0.980341	0.375247	0.41095	0.175184	0.0191954
0.980341	0.375164	0.410873	0.175152	0.0191947
0.980341	0.375082	0.410796	0.17512	0.0191863
0.980341	0.375	0.410718	0.175089	0.0191858
0.980341	0.374918	0.410641	0.175057	0.0191856
0.980341	0.374836	0.410564	0.175025	0.0191841
0.980341	0.374753	0.410486	0.174993	0.0191719
0.980341	0.374671	0.410409	0.174961	0.0191607
0.980341	0.374589	0.410332	0.174929	0.019159
0.980341	0.374507	0.410254	0.174897	0.0191536
0.980341	0.374425	0.410177	0.174866	0.0191396
0.980341	0.374343	0.4101	0.174834	0.0191365
0.980341	0.37426	0.410022	0.174802	0.0191327
0.980341	0.374178	0.409945	0.17477	0.0191158
0.980341	0.374096	0.409868	0.174738	0.0191114
0.980341	0.374014	0.40979	0.174706	0.0191114
0.980341	0.373932	0.409713	0.174675	0.019111
0.980341	0.373849	0.409636	0.174643	0.0191095
0.980341	0.373767	0.409558	0.174611	0.0191065
0.980341	0.373685	0.409481	0.174579	0.0190951
0.980341	0.373603	0.409404	0.174547	0.0190906
0.980341	0.373521	0.409326	0.174516	0.0190729
0.980341	0.373439	0.409249	0.174484	0.0190692
0.980341	0.373356	0.409172	0.174452	0.0190498
0.980341	0.373274	0.409094	0.17442	0.0190483
0.980341	0.373192	0.409017	0.174388	0.0190381
0.980341	0.37311	0.40894	0.174356	0.0190266
0.980341	0.373028	0.408862	0.174325	0.0190087
0.980341	0.372945	0.408785	0.174293	0.0189998
0.980341	0.372863	0.408708	0.174261	0.018999
0.980341	0.372781	0.40863	0.174229	0.0189944
0.980341	0.372699	0.408553	0.174197	0.0189693
0.980341	0.372617	0.408476	0.174166	0.0189682
0.980341	0.372535	0.408398	0.174134	0.0189614
0.980341	0.372452	0.408321	0.174102	0.0189603
0.980341	0.37237	0.408244	0.17407	0.018958
0.980341	0.372288	0.408166	0.174038	0.0189466
0.980341	0.372206	0.408089	0.174007	0.0189405
0.980341	0.372124	0.408012	0.173975	0.0189294
0.980341	0.372041	0.407934	0.173943	0.018928
0.980341	0.371959	0.407857	0.173911	0.0189274
0.980341	0.371877	0.40778	0.17388	0.0189255
0.980341	0.371795	0.407702	0.173848	0.0189233
0.980341	0.371713	0.407625	0.173816	0.0189181
0.980341	0.371631	0.407548	0.173784	0.0189152
0.980341	0.371548	0.40747	0.173752	0.0189121
0.980341	0.371466	0.407393	0.173721	0.0189038
0.980341	0.371384	0.407316	0.173689	0.018903
0.980341	0.371302	0.407238	0.173657	0.0189017
0.980341	0.37122	0.407161	0.173625	0.0188988
0.980341	0.371137	0.407084	0.173594	0.0188861
0.980341	0.371055	0.407006	0.173562	0.0188829
0.980341	0.370973	0.406929	0.17353	0.0188758
0.980341	0.370891	0.406852	0.173498	0.0188677
0.980341	0.370809	0.406774	0.173466	0.0188662
0.980341	0.370726	0.406697	0.173435	0.0188532
0.980341	0.370644	0.40662	0.173403	0.0188528
0.980341	0.370562	0.406542	0.173371	0.0188507
0.980341	0.37048	0.406465	0.173339	0.0188431
0.980341	0.370398	0.406388	0.173308	0.0188389
0.980341	0.370316	0.40631	0.173276	0.0188314
0.980341	0.370233	0.406233	0.173244	0.0188244
0.980341	0.370151	0.406156	0.173212	0.0188155
0.980341	0.370069	0.406078	0.173181	0.0188131
0.980341	0.369987	0.406001	0.173149	0.0188074
0.980341	0.369905	0.405924	0.173117	0.0187979
0.980341	0.369822	0.405846	0.173086	0.0187952
0.980341	0.36974	0.405769	0.173054	0.0187912
0.980341	0.369658	0.405692	0.173022	0.0187751
0.980341	0.369576	0.405614	0.17299	0.0187733
0.980341	0.369494	0.405537	0.172959	0.0187687
0.980341	0.369412	0.40546	0.172927	0.0187581
0.980341	0.369329	0.405382	0.172895	0.0187545
0.980341	0.369247	0.405305	0.172863	0.0187509
0.980341	0.369165	0.405228	0.172832	0.0187291
0.980341	0.369083	0.40515	0.1728	0.0187197
0.980341	0.369001	0.405073	0.172768	0.0187106
0.980341	0.368918	0.404996	0.172736	0.0186885
0.980341	0.368836	0.404918	0.172705	0.0186857
0.980341	0.368754	0.404841	0.172673	0.0186828
0.980341	0.368672	0.404764	0.172641	0.0186777
0.980341	0.36859	0.404686	0.17261	0.0186681
0.980341	0.368508	0.404609	0.172578	0.0186665
0.980341	0.368425	0.404532	0.172546	0.0186539
0.980341	0.368343	0.404454	0.172514	0.0186519
0.980341	0.368261	0.404377	0.172483	0.0186469
0.980341	0.368179	0.4043	0.172451	0.0186442
0.980341	0.368097	0.404222	0.172419	0.0186416
0.980341	0.368014	0.404145	0.172388	0.0186382
0.980341	0.367932	0.404068	0.172356	0.0186328
0.980341	0.36785	0.40399	0.172324	0.0186323
0.980341	0.367768	0.403913	0.172293	0.0186132
0.980341	0.367686	0.403836	0.172261	0.0186095
0.980341	0.367604	0.403758	0.172229	0.0186071
0.980341	0.367521	0.403681	0.172198	0.0186046
0.980341	0.367439	0.403604	0.172166	0.0186027
0.980341	0.367357	0.403526	0.172134	0.018602
0.980341	0.367275	0.403449	0.172102	0.0185963
0.980341	0.367193	0.403372	0.172071	0.0185893
0.980341	0.36711	0.403294	0.172039	0.0185832
0.980341	0.367028	0.403217	0.172007	0.0185798
0.980341	0.366946	0.40314	0.171976	0.0185751
0.980341	0.366864	0.403062	0.171944	0.0185669
0.980341	0.366782	0.402985	0.171912	0.0185611
0.980341	0.3667	0.402908	0.171881	0.018559
0.980341	0.366617	0.40283	0.171849	0.0185539
0.980341	0.366535	0.402753	0.171817	0.0185436
0.980341	0.366453	0.402676	0.171786	0.0185374
0.980341	0.366371	0.402598	0.171754	0.0185349
0.980341	0.366289	0.402521	0.171722	0.0185307
0.980341	0.366206	0.402444	0.171691	0.0185283
0.980341	0.366124	0.402366	0.171659	0.0185247
0.980341	0.366042	0.402289	0.171627	0.0185188
0.980341	0.36596	0.402212	0.171596	0.0185042
0.980341	0.365878	0.402134	0.171564	0.018504
0.980341	0.365796	0.402057	0.171532	0.0185006
0.980341	0.365713	0.40198	0.171501	0.0185005
0.980341	0.365631	0.401902	0.171469	0.0184947
0.980341	0.365549	0.401825	0.171437	0.01848
0.980341	0.365467	0.401748	0.171406	0.0184796
0.980341	0.365385	0.40167	0.171374	0.0184772
0.980341	0.365302	0.401593	0.171343	0.0184707
0.980341	0.36522	0.401516	0.171311	0.0184655
0.980341	0.365138	0.401438	0.171279	0.0184588
0.980341	0.365056	0.401361	0.171248	0.0184525
0.980341	0.364974	0.401284	0.171216	0.0184477
0.980341	0.364892	0.401206	0.171184	0.0184469
0.980341	0.364809	0.401129	0.171153	0.0184468
0.980341	0.364727	0.401052	0.171121	0.0184354
0.980341	0.364645	0.400974	0.171089	0.018435
0.980341	0.364563	0.400897	0.171058	0.0184347
0.980341	0.364481	0.40082	0.171026	0.0184329
0.980341	0.364398	0.400742	0.170995	0.0184326
0.980341	0.364316	0.400665	0.170963	0.0184287
0.980341	0.364234	0.400588	0.170931	0.0184257
0.980341	0.364152	0.40051	0.1709	0.0184053
0.980341	0.36407	0.400433	0.170868	0.0183852
0.980341	0.363988	0.400356	0.170836	0.0183835
0.980341	0.363905	0.400278	0.170805	0.0183821
0.980341	0.363823	0.400201	0.170773	0.0183803
0.980341	0.363741	0.400124	0.170742	0.018369
0.980341	0.363659	0.400046	0.17071	0.0183642
0.980341	0.363577	0.399969	0.170678	0.0183442
0.980341	0.363494	0.399892	0.170647	0.0183385
0.980341	0.363412	0.399814	0.170615	0.0183382
0.980341	0.36333	0.399737	0.170584	0.0183343
0.980341	0.363248	0.39966	0.170552	0.0183283
0.980341	0.363166	0.399582	0.17052	0.0183279
0.980341	0.363083	0.399505	0.170489	0.0183165
0.980341	0.363001	0.399428	0.170457	0.018302
0.980341	0.362919	0.39935	0.170426	0.0182998
0.980341	0.362837	0.399273	0.170394	0.0182949
0.980341	0.362755	0.399196	0.170362	0.0182863
0.980341	0.362673	0.399118	0.170331	0.018286
0.980341	0.36259	0.399041	0.170299	0.018281
0.980341	0.362508	0.398964	0.170268	0.0182755
0.980341	0.362426	0.398886	0.170236	0.0182725
0.980341	0.362344	0.398809	0.170204	0.0182656
0.980341	0.362262	0.398732	0.170173	0.0182406
0.980341	0.362179	0.398654	0.170141	0.0182357
0.980341	0.362097	0.398577	0.17011	0.0182353
0.980341	0.362015	0.3985	0.170078	0.0182344
0.980341	0.361933	0.398422	0.170046	0.0182339
0.980341	0.361851	0.398345	0.170015	0.0182213
0.980341	0.361769	0.398268	0.169983	0.0182211
0.980341	0.361686	0.39819	0.169952	0.018221
0.980341	0.361604	0.398113	0.16992	0.0182191
0.980341	0.361522	0.398036	0.169889	0.0182191
0.980341	0.36144	0.397958	0.169857	0.0182037
0.980341	0.361358	0.397881	0.169825	0.0182006
0.980341	0.361275	0.397804	0.169794	0.0181939
0.980341	0.361193	0.397726	0.169762	0.018184
0.980341	0.361111	0.397649	0.169731	0.0181729
0.980341	0.361029	0.397572	0.169699	0.018169
0.980341	0.360947	0.397494	0.169668	0.0181652
0.980341	0.360865	0.397417	0.169636	0.0181616
0.980341	0.360782	0.39734	0.169605	0.0181537
0.980341	0.3607	0.397262	0.169573	0.0181509
0.980341	0.360618	0.397185	0.169541	0.0181478
0.980341	0.360536	0.397108	0.16951	0.0181429
0.980341	0.360454	0.39703	0.169478	0.0181292
0.980341	0.360371	0.396953	0.169447	0.0181281
0.980341	0.360289	0.396876	0.169415	0.0181183
0.980341	0.360207	0.396798	0.169384	0.0181181
0.980341	0.360125	0.396721	0.169352	0.0181162
0.980341	0.360043	0.396644	0.169321	0.0180993
0.980341	0.359961	0.396566	0.169289	0.0180958
0.980341	0.359878	0.396489	0.169258	0.0180898
0.980341	0.359796	0.396412	0.169226	0.0180841
0.980341	0.359714	0.396334	0.169194	0.0180786
0.980341	0.359632	0.396257	0.169163	0.0180522
0.980341	0.35955	0.39618	0.169131	0.0180472
0.980341	0.359467	0.396102	0.1691	0.0180325
0.980341	0.359385	0.396025	0.169068	0.0180266
0.980341	0.359303	0.395948	0.169037	0.0180159
0.980341	0.359221	0.39587	0.169005	0.017991
0.980341	0.359139	0.395793	0.168974	0.0179905
0.980341	0.359057	0.395716	0.168942	0.017983
0.980341	0.358974	0.395638	0.168911	0.0179795
0.980341	0.358892	0.395561	0.168879	0.0179788
0.980341	0.35881	0.395484	0.168848	0.0179742
0.980341	0.358728	0.395406	0.168816	0.0179623
0.980341	0.358646	0.395329	0.168785	0.0179571
0.980341	0.358563	0.395252	0.168753	0.0179461
0.980341	0.358481	0.395174	0.168722	0.017941
0.980341	0.358399	0.395097	0.16869	0.0179338
0.980341	0.358317	0.39502	0.168659	0.0179225
0.980341	0.358235	0.394942	0.168627	0.017921
0.980341	0.358153	0.394865	0.168596	0.017921
0.980341	0.35807	0.394788	0.168564	0.0179122
0.980341	0.357988	0.39471	0.168533	0.0179024
0.980341	0.357906	0.394633	0.168501	0.0178988
0.980341	0.357824	0.394556	0.16847	0.0178983
0.980341	0.357742	0.394478	0.168438	0.0178898
0.980341	0.357659	0.394401	0.168407	0.0178878
0.980341	0.357577	0.394324	0.168375	0.0178836
0.980341	0.357495	0.394246	0.168344	0.0178792
0.980341	0.357413	0.394169	0.168312	0.0178709
0.980341	0.357331	0.394092	0.168281	0.0178689
0.980341	0.357249	0.394014	0.168249	0.0178631
0.980341	0.357166	0.393937	0.168218	0.0178568
0.980341	0.357084	0.39386	0.168186	0.0178461
0.980341	0.357002	0.393782	0.168155	0.0178447
0.980341	0.35692	0.393705	0.168123	0.0178404
0.980341	0.356838	0.393628	0.168092	0.01784
0.980341	0.356755	0.39355	0.16806	0.0178375
0.980341	0.356673	0.393473	0.168029	0.0178369
0.980341	0.356591	0.393396	0.167997	0.017824
0.980341	0.356509	0.393318	0.167966	0.0178188
0.980341	0.356427	0.393241	0.167934	0.0178186
0.980341	0.356345	0.393164	0.167903	0.0178177
0.980341	0.356262	0.393086	0.167871	0.0178154
0.980341	0.35618	0.393009	0.16784	0.0178143
0.980341	0.356098	0.392932	0.167808	0.017812
0.980341	0.356016	0.392854	0.167777	0.0178098
0.980341	0.355934	0.392777	0.167745	0.0177946
0.980341	0.355851	0.3927	0.167714	0.017793
0.980341	0.355769	0.392622	0.167682	0.017791
0.980341	0.355687	0.392545	0.167651	0.0177788
0.980341	0.355605	0.392468	0.16762	0.0177664
0.980341	0.355523	0.39239	0.167588	0.0177644
0.980341	0.35544	0.392313	0.167557	0.017764
0.980341	0.355358	0.392236	0.167525	0.017762
0.980341	0.355276	0.392158	0.167494	0.0177565
0.980341	0.355194	0.392081	0.167462	0.0177553
0.980341	0.355112	0.392004	0.167431	0.0177461
0.980341	0.35503	0.391926	0.167399	0.0177379
0.980341	0.354947	0.391849	0.167368	0.0177358
0.980341	0.354865	0.391772	0.167336	0.0177324
0.980341	0.354783	0.391694	0.167305	0.0177313
0.980341	0.354701	0.391617	0.167274	0.0177258
0.980341	0.354619	0.39154	0.167242	0.017719
0.980341	0.354536	0.391462	0.167211	0.017706
0.980341	0.354454	0.391385	0.167179	0.0177009
0.980341	0.354372	0.391308	0.167148	0.0176754
0.980341	0.35429	0.39123	0.167116	0.0176651
0.980341	0.354208	0.391153	0.167085	0.0176617
0.980341	0.354126	0.391076	0.167053	0.0176603
0.980341	0.354043	0.390998	0.167022	0.0176577
0.980341	0.353961	0.390921	0.166991	0.0176506
0.980341	0.353879	0.390844	0.166959	0.0176464
0.980341	0.353797	0.390766	0.166928	0.0176312
0.980341	0.353715	0.390689	0.166896	0.0176294
0.980341	0.353632	0.390612	0.166865	0.017623
0.980341	0.35355	0.390534	0.166833	0.0176219
0.980341	0.353468	0.390457	0.166802	0.0176136
0.980341	0.353386	0.39038	0.166771	0.0176112
0.980341	0.353304	0.390302	0.166739	0.0176087
0.980341	0.353222	0.390225	0.166708	0.0176057
0.981651	0.353222	0.390302	0.167373	0.0175953
0.981651	0.353139	0.390225	0.167341	0.0175842
0.981651	0.353057	0.390148	0.16731	0.0175818
0.981651	0.352975	0.39007	0.167278	0.0175753
0.981651	0.352893	0.389993	0.167247	0.0175605
0.981651	0.352811	0.389916	0.167216	0.0175566
0.981651	0.352728	0.389838	0.167184	0.0175553
0.981651	0.352646	0.389761	0.167153	0.0175547
0.981651	0.352564	0.389684	0.167122	0.0175496
0.981651	0.352482	0.389606	0.16709	0.017546
0.981651	0.3524	0.389529	0.167059	0.0175449
0.981651	0.352318	0.389452	0.167027	0.0175436
0.981651	0.352235	0.389374	0.166996	0.0175379
0.981651	0.352153	0.389297	0.166965	0.0175257
0.981651	0.352071	0.38922	0.166933	0.0175211
0.981651	0.351989	0.389142	0.166902	0.0175166
0.981651	0.351907	0.389065	0.166871	0.0175134
0.981651	0.351824	0.388988	0.166839	0.017503
0.981651	0.351742	0.38891	0.166808	0.0174992
0.981651	0.35166	0.388833	0.166777	0.0174963
0.981651	0.351578	0.388756	0.166745	0.0174959
0.981651	0.351496	0.388678	0.166714	0.0174836
0.981651	0.351414	0.388601	0.166683	0.0174745
0.981651	0.351331	0.388524	0.166651	0.0174663
0.981651	0.351249	0.388446	0.16662	0.0174643
0.981651	0.351167	0.388369	0.166589	0.0174641
0.981651	0.351085	0.388292	0.166557	0.0174483
0.981651	0.351003	0.388214	0.166526	0.0174432
0.981651	0.35092	0.388137	0.166494	0.0174393
0.981651	0.350838	0.38806	0.166463	0.0174368
0.981651	0.350756	0.387982	0.166432	0.0174306
0.981651	0.350674	0.387905	0.1664	0.0174257
0.981651	0.350592	0.387828	0.166369	0.0174205
0.981651	0.35051	0.38775	0.166338	0.0174139
0.981651	0.350427	0.387673	0.166306	0.0174134
0.981651	0.350345	0.387596	0.166275	0.0174031
0.981651	0.350263	0.387518	0.166244	0.0173926
0.981651	0.350181	0.387441	0.166213	0.0173812
0.981651	0.350099	0.387364	0.166181	0.0173756
0.981651	0.350016	0.387286	0.16615	0.0173726
0.981651	0.349934	0.387209	0.166119	0.0173576
0.981651	0.349852	0.387132	0.166087	0.0173565
0.981651	0.34977	0.387054	0.166056	0.0173539
0.981651	0.349688	0.386977	0.166025	0.0173504
0.981651	0.349606	0.3869	0.165993	0.0173499
0.981651	0.349523	0.386822	0.165962	0.0173482
0.981651	0.349441	0.386745	0.165931	0.0173389
0.981651	0.349359	0.386668	0.165899	0.0173304
0.981651	0.349277	0.38659	0.165868	0.0173132
0.981651	0.349195	0.386513	0.165837	0.017311
0.981651	0.349112	0.386436	0.165805	0.017309
0.981651	0.34903	0.386358	0.165774	0.0173031
0.981651	0.348948	0.386281	0.165743	0.0172904
0.981651	0.348866	0.386204	0.165711	0.0172854
0.981651	0.348784	0.386126	0.16568	0.0172848
0.981651	0.348702	0.386049	0.165649	0.0172836
0.981651	0.348619	0.385972	0.165618	0.0172809
0.981651	0.348455	0.385817	0.165555	0.0172785
0.981651	0.348373	0.38574	0.165524	0.0172769
0.981651	0.348291	0.385662	0.165492	0.0172763
0.981651	0.348208	0.385585	0.165461	0.0172684
0.981651	0.348126	0.385508	0.16543	0.0172653
0.981651	0.348044	0.38543	0.165398	0.0172417
0.981651	0.347962	0.385353	0.165367	0.0172362
0.981651	0.34788	0.385276	0.165336	0.0172032
0.981651	0.347798	0.385198	0.165305	0.0172028
0.981651	0.347715	0.385121	0.165273	0.0172016
0.981651	0.347633	0.385044	0.165242	0.017198
0.981651	0.347551	0.384966	0.165211	0.0171948
0.981651	0.347469	0.384889	0.165179	0.0171871
0.981651	0.347387	0.384812	0.165148	0.0171826
0.981651	0.347304	0.384734	0.165117	0.0171623
0.981651	0.347222	0.384657	0.165086	0.0171619
0.981651	0.34714	0.38458	0.165054	0.0171589
0.981651	0.347058	0.384502	0.165023	0.0171574
0.981651	0.346976	0.384425	0.164992	0.0171527
0.981651	0.346893	0.384348	0.164961	0.0171478
0.981651	0.346811	0.38427	0.164929	0.0171475
0.981651	0.346729	0.384193	0.164898	0.0171416
0.981651	0.346647	0.384116	0.164867	0.0171396
0.981651	0.346565	0.384038	0.164835	0.0171288
0.981651	0.346483	0.383961	0.164804	0.0171234
0.981651	0.3464	0.383884	0.164773	0.0171194
0.981651	0.346318	0.383806	0.164742	0.0171167
0.981651	0.346236	0.383729	0.16471	0.0171065
0.981651	0.346154	0.383652	0.164679	0.0171039
0.981651	0.346072	0.383574	0.164648	0.017088
0.981651	0.345989	0.383497	0.164617	0.0170876
0.981651	0.345907	0.38342	0.164585	0.0170815
0.981651	0.345825	0.383342	0.164554	0.0170724
0.981651	0.345743	0.383265	0.164523	0.0170687
0.981651	0.345661	0.383188	0.164492	0.0170684
0.981651	0.345579	0.38311	0.16446	0.0170606
0.981651	0.345496	0.383033	0.164429	0.0170594
0.981651	0.345414	0.382956	0.164398	0.0170502
0.981651	0.345332	0.382878	0.164367	0.017048
0.981651	0.34525	0.382801	0.164335	0.017048
0.981651	0.345168	0.382724	0.164304	0.0170473
0.981651	0.345085	0.382646	0.164273	0.0170454
0.981651	0.345003	0.382569	0.164242	0.0170374
0.981651	0.344921	0.382492	0.16421	0.0170344
0.981651	0.344839	0.382414	0.164179	0.0170286
0.981651	0.344757	0.382337	0.164148	0.0170149
0.981651	0.344675	0.38226	0.164117	0.0170131
0.981651	0.344592	0.382182	0.164085	0.017013
0.981651	0.34451	0.382105	0.164054	0.017007
0.981651	0.344428	0.382028	0.164023	0.0170007
0.981651	0.344346	0.38195	0.163992	0.0169974
0.981651	0.344264	0.381873	0.16396	0.0169953
0.981651	0.344181	0.381796	0.163929	0.0169913
0.981651	0.344099	0.381718	0.163898	0.0169913
0.981651	0.344017	0.381641	0.163867	0.0169716
0.981651	0.343935	0.381564	0.163836	0.0169639
0.981651	0.343853	0.381486	0.163804	0.0169599
0.981651	0.343771	0.381409	0.163773	0.0169573
0.981651	0.343688	0.381332	0.163742	0.0169432
0.981651	0.343606	0.381254	0.163711	0.0169395
0.981651	0.343524	0.381177	0.163679	0.0169352
0.981651	0.343442	0.3811	0.163648	0.0169286
0.981651	0.34336	0.381022	0.163617	0.0169147
0.981651	0.343277	0.380945	0.163586	0.0169116
0.981651	0.343195	0.380868	0.163555	0.0169088
0.981651	0.343113	0.38079	0.163523	0.0169064
0.981651	0.343031	0.380713	0.163492	0.0169045
0.981651	0.342949	0.380636	0.163461	0.0168891
0.981651	0.342867	0.380558	0.16343	0.016874
0.981651	0.342784	0.380481	0.163399	0.0168701
0.981651	0.342702	0.380404	0.163367	0.0168672
0.981651	0.34262	0.380326	0.163336	0.0168618
0.981651	0.342538	0.380249	0.163305	0.0168568
0.981651	0.342456	0.380172	0.163274	0.0168539
0.981651	0.342373	0.380094	0.163242	0.0168471
0.981651	0.342291	0.380017	0.163211	0.0168402
0.981651	0.342209	0.37994	0.16318	0.0168345
0.981651	0.342127	0.379862	0.163149	0.0168344
0.981651	0.342045	0.379785	0.163118	0.0168299
0.981651	0.341963	0.379708	0.163086	0.0168268
0.981651	0.34188	0.37963	0.163055	0.0168162
0.981651	0.341798	0.379553	0.163024	0.0168132
0.981651	0.341716	0.379476	0.162993	0.0168118
0.981651	0.341634	0.379398	0.162962	0.0168116
0.981651	0.341552	0.379321	0.16293	0.0168053
0.981651	0.341469	0.379244	0.162899	0.0167987
0.981651	0.341387	0.379166	0.162868	0.0167948
0.981651	0.341305	0.379089	0.162837	0.0167862
0.981651	0.341223	0.379012	0.162806	0.0167847
0.981651	0.341141	0.378934	0.162775	0.0167755
0.981651	0.341059	0.378857	0.162743	0.0167729
0.981651	0.340976	0.37878	0.162712	0.0167695
0.981651	0.340894	0.378702	0.162681	0.016754
0.981651	0.340812	0.378625	0.16265	0.0167495
0.981651	0.34073	0.378548	0.162619	0.0167462
0.981651	0.340648	0.37847	0.162587	0.0167406
0.981651	0.340565	0.378393	0.162556	0.0167312
0.981651	0.340483	0.378316	0.162525	0.0167282
0.981651	0.340401	0.378238	0.162494	0.0167263
0.981651	0.340319	0.378161	0.162463	0.0167175
0.981651	0.340237	0.378084	0.162432	0.0167168
0.981651	0.340155	0.378006	0.1624	0.0167124
0.981651	0.340072	0.377929	0.162369	0.0167123
0.981651	0.33999	0.377852	0.162338	0.0167113
0.981651	0.339908	0.377774	0.162307	0.0166968
0.981651	0.339826	0.377697	0.162276	0.0166859
0.981651	0.339744	0.37762	0.162245	0.0166828
0.981651	0.339661	0.377542	0.162213	0.0166823
0.981651	0.339579	0.377465	0.162182	0.0166754
0.981651	0.339497	0.377388	0.162151	0.0166685
0.981651	0.339415	0.37731	0.16212	0.0166594
0.981651	0.339333	0.377233	0.162089	0.0166587
0.981651	0.33925	0.377156	0.162058	0.016652
0.981651	0.339168	0.377078	0.162026	0.0166342
0.981651	0.339086	0.377001	0.161995	0.0166292
0.981651	0.339004	0.376924	0.161964	0.0166264
0.981651	0.338922	0.376846	0.161933	0.0166249
0.981651	0.33884	0.376769	0.161902	0.0166181
0.981651	0.338757	0.376692	0.161871	0.0166123
0.981651	0.338675	0.376614	0.161839	0.0166034
0.981651	0.338593	0.376537	0.161808	0.0165974
0.981651	0.338511	0.37646	0.161777	0.016597
0.981651	0.338429	0.376382	0.161746	0.016594
0.981651	0.338346	0.376305	0.161715	0.0165931
0.981651	0.338264	0.376228	0.161684	0.0165928
0.981651	0.338182	0.37615	0.161653	0.0165867
0.981651	0.3381	0.376073	0.161621	0.0165838
0.981651	0.338018	0.375996	0.16159	0.0165792
0.981651	0.337936	0.375918	0.161559	0.0165736
0.981651	0.337853	0.375841	0.161528	0.016573
0.981651	0.337771	0.375764	0.161497	0.0165725
0.981651	0.337689	0.375686	0.161466	0.0165701
0.981651	0.337607	0.375609	0.161435	0.0165672
0.981651	0.337525	0.375532	0.161403	0.016553
0.981651	0.337442	0.375454	0.161372	0.0165485
0.981651	0.33736	0.375377	0.161341	0.0165471
0.981651	0.337278	0.3753	0.16131	0.0165426
0.981651	0.337196	0.375222	0.161279	0.0165319
0.981651	0.337114	0.375145	0.161248	0.0165187
0.981651	0.337032	0.375068	0.161217	0.0165155
0.981651	0.336949	0.37499	0.161186	0.0165078
0.981651	0.336867	0.374913	0.161154	0.0165072
0.981651	0.336785	0.374836	0.161123	0.0165041
0.981651	0.336703	0.374758	0.161092	0.016496
0.981651	0.336621	0.374681	0.161061	0.0164955
0.981651	0.336538	0.374604	0.16103	0.0164925
0.981651	0.336456	0.374526	0.160999	0.016486
0.982962	0.336456	0.374604	0.161673	0.0164818
0.982962	0.336374	0.374526	0.161642	0.0164797
0.982962	0.336292	0.374449	0.16161	0.0164771
0.982962	0.33621	0.374372	0.161579	0.0164605
0.982962	0.336128	0.374294	0.161548	0.0164581
0.982962	0.336045	0.374217	0.161517	0.0164524
0.982962	0.335963	0.37414	0.161486	0.0164517
0.982962	0.335881	0.374062	0.161455	0.0164471
0.982962	0.335799	0.373985	0.161424	0.0164437
0.982962	0.335717	0.373908	0.161393	0.0164431
0.982962	0.335634	0.37383	0.161362	0.0164393
0.982962	0.335552	0.373753	0.161331	0.016439
0.982962	0.33547	0.373676	0.1613	0.0164367
0.982962	0.335388	0.373598	0.161269	0.016433
0.982962	0.335306	0.373521	0.161238	0.0164325
0.982962	0.335224	0.373444	0.161207	0.0164316
0.982962	0.335141	0.373366	0.161176	0.01643
0.982962	0.335059	0.373289	0.161145	0.0164234
0.982962	0.334977	0.373212	0.161113	0.0164173
0.982962	0.334895	0.373134	0.161082	0.0163998
0.982962	0.334813	0.373057	0.161051	0.0163977
0.982962	0.33473	0.37298	0.16102	0.0163932
0.982962	0.334648	0.372902	0.160989	0.0163846
0.982962	0.334566	0.372825	0.160958	0.0163812
0.982962	0.334484	0.372748	0.160927	0.0163785
0.982962	0.334402	0.37267	0.160896	0.0163721
0.982962	0.33432	0.372593	0.160865	0.0163686
0.982962	0.334237	0.372516	0.160834	0.0163603
0.982962	0.334155	0.372438	0.160803	0.0163598
0.982962	0.334073	0.372361	0.160772	0.0163581
0.982962	0.333991	0.372284	0.160741	0.0163571
0.982962	0.333909	0.372206	0.16071	0.0163532
0.982962	0.333826	0.372129	0.160679	0.0163503
0.982962	0.333744	0.372052	0.160648	0.0163419
0.982962	0.333662	0.371974	0.160617	0.0163387
0.982962	0.33358	0.371897	0.160586	0.0163299
0.982962	0.333498	0.37182	0.160555	0.0163189
0.982962	0.333416	0.371742	0.160524	0.0163139
0.982962	0.333333	0.371665	0.160493	0.0163125
0.982962	0.333251	0.371588	0.160462	0.0163111
0.982962	0.333169	0.37151	0.160431	0.0162885
0.982962	0.333087	0.371433	0.160399	0.0162876
0.982962	0.333005	0.371356	0.160368	0.0162806
0.982962	0.332922	0.371278	0.160337	0.0162717
0.982962	0.33284	0.371201	0.160306	0.0162678
0.982962	0.332758	0.371124	0.160275	0.0162633
0.982962	0.332676	0.371046	0.160244	0.0162617
0.982962	0.332594	0.370969	0.160213	0.0162616
0.982962	0.332512	0.370892	0.160182	0.0162602
0.982962	0.332429	0.370814	0.160151	0.0162508
0.982962	0.332347	0.370737	0.16012	0.0162344
0.982962	0.332265	0.37066	0.160089	0.0162328
0.982962	0.332183	0.370582	0.160058	0.016229
0.982962	0.332101	0.370505	0.160027	0.0162237
0.982962	0.332018	0.370428	0.159996	0.0162208
0.982962	0.331936	0.37035	0.159965	0.0162165
0.982962	0.331854	0.370273	0.159934	0.0162113
0.982962	0.331772	0.370196	0.159903	0.0162039
0.982962	0.33169	0.370118	0.159872	0.0162018
0.982962	0.331607	0.370041	0.159841	0.0161975
0.982962	0.331525	0.369964	0.15981	0.0161946
0.982962	0.331443	0.369886	0.159779	0.0161907
0.982962	0.331361	0.369809	0.159748	0.0161883
0.982962	0.331279	0.369732	0.159717	0.0161873
0.982962	0.331197	0.369654	0.159686	0.0161865
0.982962	0.331114	0.369577	0.159655	0.0161651
0.982962	0.331032	0.3695	0.159624	0.0161638
0.982962	0.33095	0.369422	0.159593	0.0161598
0.982962	0.330868	0.369345	0.159562	0.0161594
0.982962	0.330786	0.369268	0.159531	0.0161576
0.982962	0.330703	0.36919	0.1595	0.0161552
0.982962	0.330621	0.369113	0.159469	0.0161397
0.982962	0.330539	0.369036	0.159438	0.0161366
0.982962	0.330457	0.368958	0.159407	0.0161288
0.982962	0.330375	0.368881	0.159376	0.0161245
0.982962	0.330293	0.368804	0.159345	0.0161245
0.982962	0.33021	0.368726	0.159314	0.0161228
0.982962	0.330128	0.368649	0.159283	0.0161196
0.982962	0.330046	0.368572	0.159252	0.016116
0.982962	0.329964	0.368494	0.159221	0.0161148
0.982962	0.329882	0.368417	0.15919	0.0161047
0.982962	0.329799	0.36834	0.159159	0.0161037
0.982962	0.329717	0.368262	0.159128	0.0160942
0.982962	0.329635	0.368185	0.159097	0.0160916
0.982962	0.329553	0.368108	0.159066	0.0160842
0.982962	0.329471	0.36803	0.159035	0.0160794
0.982962	0.329389	0.367953	0.159004	0.016073
0.982962	0.329306	0.367876	0.158973	0.0160696
0.982962	0.329224	0.367798	0.158942	0.0160671
0.982962	0.329142	0.367721	0.158911	0.0160639
0.982962	0.32906	0.367644	0.15888	0.016063
0.982962	0.328978	0.367566	0.158849	0.0160603
0.982962	0.328895	0.367489	0.158818	0.0160602
0.982962	0.328813	0.367412	0.158787	0.01606
0.982962	0.328731	0.367334	0.158756	0.0160589
0.982962	0.328649	0.367257	0.158725	0.0160474
0.982962	0.328567	0.36718	0.158694	0.0160457
0.982962	0.328485	0.367102	0.158663	0.0160443
0.982962	0.328402	0.367025	0.158632	0.016044
0.982962	0.32832	0.366948	0.158601	0.0160238
0.982962	0.328238	0.36687	0.15857	0.0160058
0.982962	0.328156	0.366793	0.158539	0.0160009
0.982962	0.328074	0.366716	0.158508	0.0160002
0.982962	0.327991	0.366638	0.158477	0.015998
0.982962	0.327909	0.366561	0.158446	0.0159851
0.982962	0.327827	0.366484	0.158415	0.0159763
0.982962	0.327745	0.366406	0.158385	0.0159741
0.982962	0.327663	0.366329	0.158354	0.01596
0.982962	0.327581	0.366252	0.158323	0.015955
0.982962	0.327498	0.366174	0.158292	0.0159514
0.982962	0.327416	0.366097	0.158261	0.0159482
0.982962	0.327334	0.36602	0.15823	0.0159431
0.982962	0.327252	0.365942	0.158199	0.0159419
0.982962	0.32717	0.365865	0.158168	0.0159401
0.982962	0.327087	0.365788	0.158137	0.015929
0.982962	0.327005	0.36571	0.158106	0.0159245
0.982962	0.326923	0.365633	0.158075	0.0159155
0.982962	0.326841	0.365556	0.158044	0.0158939
0.982962	0.326759	0.365478	0.158013	0.0158735
0.982962	0.326677	0.365401	0.157982	0.0158728
0.982962	0.326594	0.365324	0.157951	0.0158611
0.982962	0.326512	0.365246	0.15792	0.0158604
0.982962	0.32643	0.365169	0.157889	0.0158573
0.982962	0.326348	0.365092	0.157858	0.0158561
0.982962	0.326266	0.365014	0.157827	0.0158546
0.982962	0.326183	0.364937	0.157796	0.0158433
0.982962	0.326101	0.36486	0.157765	0.0158353
0.982962	0.326019	0.364782	0.157734	0.0158225
0.982962	0.325937	0.364705	0.157703	0.0158092
0.982962	0.325855	0.364628	0.157673	0.0158037
0.982962	0.325773	0.36455	0.157642	0.0158017
0.982962	0.32569	0.364473	0.157611	0.0157985
0.982962	0.325608	0.364396	0.15758	0.0157951
0.982962	0.325526	0.364318	0.157549	0.0157875
0.982962	0.325444	0.364241	0.157518	0.0157662
0.982962	0.325362	0.364164	0.157487	0.0157625
0.982962	0.325279	0.364086	0.157456	0.0157609
0.982962	0.325197	0.364009	0.157425	0.0157567
0.982962	0.325115	0.363932	0.157394	0.0157534
0.982962	0.325033	0.363854	0.157363	0.015752
0.982962	0.324951	0.363777	0.157332	0.0157392
0.982962	0.324869	0.3637	0.157301	0.01573
0.982962	0.324786	0.363622	0.15727	0.015726
0.982962	0.324704	0.363545	0.157239	0.0157257
0.982962	0.324622	0.363468	0.157208	0.0157161
0.982962	0.32454	0.36339	0.157177	0.0157102
0.982962	0.324458	0.363313	0.157147	0.0157082
0.982962	0.324375	0.363236	0.157116	0.0157003
0.982962	0.324293	0.363158	0.157085	0.0156979
0.982962	0.324211	0.363081	0.157054	0.015693
0.982962	0.324129	0.363004	0.157023	0.015682
0.982962	0.324047	0.362926	0.156992	0.015679
0.982962	0.323964	0.362849	0.156961	0.0156772
0.982962	0.323882	0.362772	0.15693	0.0156721
0.982962	0.3238	0.362694	0.156899	0.0156694
0.982962	0.323718	0.362617	0.156868	0.0156559
0.982962	0.323636	0.36254	0.156837	0.0156545
0.982962	0.323554	0.362462	0.156806	0.0156519
0.982962	0.323471	0.362385	0.156775	0.0156508
0.982962	0.323389	0.362308	0.156744	0.0156431
0.982962	0.323307	0.36223	0.156714	0.0156422
0.982962	0.323225	0.362153	0.156683	0.0156379
0.982962	0.323143	0.362076	0.156652	0.0156105
0.982962	0.32306	0.361998	0.156621	0.0156033
0.982962	0.322978	0.361921	0.15659	0.0156033
0.982962	0.322896	0.361844	0.156559	0.0156021
0.982962	0.322814	0.361766	0.156528	0.0155877
0.982962	0.322732	0.361689	0.156497	0.0155838
0.982962	0.32265	0.361612	0.156466	0.015569
0.982962	0.322567	0.361534	0.156435	0.0155633
0.982962	0.322485	0.361457	0.156404	0.015563
0.982962	0.322403	0.36138	0.156373	0.0155605
0.982962	0.322321	0.361302	0.156343	0.0155589
0.982962	0.322239	0.361225	0.156312	0.0155507
0.982962	0.322156	0.361148	0.156281	0.015542
0.982962	0.322074	0.36107	0.15625	0.0155415
0.982962	0.321992	0.360993	0.156219	0.0155338
0.982962	0.32191	0.360916	0.156188	0.0155323
0.982962	0.321828	0.360838	0.156157	0.0155319
0.982962	0.321746	0.360761	0.156126	0.0155167
0.982962	0.321663	0.360684	0.156095	0.0155147
0.982962	0.321581	0.360606	0.156064	0.0154935
0.982962	0.321499	0.360529	0.156033	0.0154934
0.982962	0.321417	0.360452	0.156003	0.0154859
0.982962	0.321335	0.360374	0.155972	0.0154849
0.982962	0.321252	0.360297	0.155941	0.015475
0.982962	0.32117	0.36022	0.15591	0.0154712
0.982962	0.321088	0.360142	0.155879	0.0154659
0.982962	0.321006	0.360065	0.155848	0.0154641
0.982962	0.320924	0.359988	0.155817	0.0154497
0.982962	0.320842	0.35991	0.155786	0.0154493
0.982962	0.320759	0.359833	0.155755	0.0154294
0.982962	0.320677	0.359756	0.155724	0.0154278
0.982962	0.320595	0.359678	0.155694	0.0154272
0.982962	0.320513	0.359601	0.155663	0.0154224
0.982962	0.320431	0.359524	0.155632	0.0154191
0.982962	0.320348	0.359446	0.155601	0.0154182
0.982962	0.320266	0.359369	0.15557	0.015418
0.982962	0.320184	0.359292	0.155539	0.0154176
0.982962	0.320102	0.359214	0.155508	0.0154149
0.982962	0.32002	0.359137	0.155477	0.0154081
0.982962	0.319938	0.35906	0.155446	0.0154045
0.982962	0.319855	0.358982	0.155416	0.0154012
0.982962	0.319773	0.358905	0.155385	0.0153968
0.982962	0.319691	0.358828	0.155354	0.0153916
0.982962	0.319609	0.35875	0.155323	0.0153911
0.982962	0.319527	0.358673	0.155292	0.0153894
0.982962	0.319444	0.358596	0.155261	0.0153861
0.982962	0.319362	0.358518	0.15523	0.0153856
0.982962	0.31928	0.358441	0.155199	0.0153847
0.982962	0.319198	0.358364	0.155168	0.0153814
0.982962	0.319116	0.358286	0.155138	0.0153719
0.982962	0.319034	0.358209	0.155107	0.0153704
0.982962	0.318951	0.358132	0.155076	0.0153561
0.982962	0.318869	0.358054	0.155045	0.0153462
0.982962	0.318787	0.357977	0.155014	0.0153406
0.982962	0.318705	0.3579	0.154983	0.0153366
0.982962	0.318623	0.357822	0.154952	0.015331
0.982962	0.31854	0.357745	0.154921	0.0153268
0.982962	0.318458	0.357668	0.154891	0.0153265
0.982962	0.318376	0.35759	0.15486	0.0153234
0.982962	0.318294	0.357513	0.154829	0.015323
0.982962	0.318212	0.357436	0.154798	0.0153212
0.982962	0.31813	0.357358	0.154767	0.0153102
0.982962	0.318047	0.357281	0.154736	0.0153051
0.982962	0.317965	0.357204	0.154705	0.0152898
0.982962	0.317883	0.357126	0.154674	0.0152863
0.982962	0.317801	0.357049	0.154644	0.0152773
0.982962	0.317719	0.356972	0.154613	0.0152747
0.982962	0.317636	0.356894	0.154582	0.0152702
0.982962	0.317554	0.356817	0.154551	0.015259
0.982962	0.317472	0.35674	0.15452	0.0152565
0.982962	0.31739	0.356662	0.154489	0.0152527
0.982962	0.317308	0.356585	0.154458	0.0152506
0.982962	0.317226	0.356508	0.154427	0.0152491
0.982962	0.317143	0.35643	0.154397	0.0152484
0.982962	0.317061	0.356353	0.154366	0.0152437
0.982962	0.316979	0.356276	0.154335	0.0152382
0.982962	0.316897	0.356198	0.154304	0.0152298
0.982962	0.316815	0.356121	0.154273	0.0152296
0.982962	0.316732	0.356044	0.154242	0.0152286
0.982962	0.31665	0.355966	0.154211	0.0152186
0.982962	0.316568	0.355889	0.154181	0.0152184
0.982962	0.316486	0.355812	0.15415	0.0152045
0.982962	0.316404	0.355734	0.154119	0.0151972
0.982962	0.316321	0.355657	0.154088	0.0151894
0.982962	0.316239	0.35558	0.154057	0.0151724
0.982962	0.316157	0.355502	0.154026	0.0151643
0.982962	0.316075	0.355425	0.153995	0.0151602
0.982962	0.315993	0.355348	0.153965	0.0151602
0.982962	0.315911	0.35527	0.153934	0.0151582
0.982962	0.315828	0.355193	0.153903	0.015139
0.982962	0.315746	0.355116	0.153872	0.0151371
0.982962	0.315664	0.355038	0.153841	0.0151348
0.982962	0.315582	0.354961	0.15381	0.0151334
0.982962	0.3155	0.354884	0.153779	0.0151286
0.982962	0.315417	0.354806	0.153749	0.0151265
0.982962	0.315335	0.354729	0.153718	0.015122
0.982962	0.315253	0.354652	0.153687	0.0151162
0.982962	0.315171	0.354574	0.153656	0.0151159
0.982962	0.315089	0.354497	0.153625	0.015115
0.982962	0.314924	0.354342	0.153563	0.0151125
0.982962	0.314842	0.354265	0.153533	0.0151116
0.982962	0.31476	0.354188	0.153502	0.0151094
0.982962	0.314678	0.35411	0.153471	0.0150953
0.982962	0.314596	0.354033	0.15344	0.0150855
0.982962	0.314513	0.353956	0.153409	0.0150788
0.982962	0.314431	0.353878	0.153378	0.0150755
0.982962	0.314349	0.353801	0.153348	0.0150637
0.982962	0.314267	0.353724	0.153317	0.0150627
0.982962	0.314185	0.353646	0.153286	0.0150605
0.982962	0.314103	0.353569	0.153255	0.0150568
0.982962	0.31402	0.353492	0.153224	0.0150485
0.982962	0.313938	0.353414	0.153193	0.0150472
0.982962	0.313856	0.353337	0.153163	0.0150472
0.982962	0.313774	0.35326	0.153132	0.0150461
0.982962	0.313692	0.353182	0.153101	0.0150421
0.982962	0.313609	0.353105	0.15307	0.0150394
0.982962	0.313527	0.353028	0.153039	0.0150378
0.982962	0.313445	0.35295	0.153008	0.0150216
0.982962	0.313363	0.352873	0.152978	0.0150211
0.982962	0.313281	0.352796	0.152947	0.0150004
0.982962	0.313199	0.352718	0.152916	0.0149996
0.982962	0.313116	0.352641	0.152885	0.0149966
0.982962	0.313034	0.352564	0.152854	0.0149965
0.982962	0.312952	0.352486	0.152823	0.0149912
0.982962	0.31287	0.352409	0.152793	0.0149854
0.982962	0.312788	0.352332	0.152762	0.0149826
0.982962	0.312705	0.352254	0.152731	0.0149728
0.982962	0.312623	0.352177	0.1527	0.0149662
0.982962	0.312541	0.3521	0.152669	0.014964
0.982962	0.312459	0.352022	0.152638	0.0149611
0.982962	0.312377	0.351945	0.152608	0.0149601
0.982962	0.312295	0.351868	0.152577	0.0149585
0.982962	0.312212	0.35179	0.152546	0.0149584
0.982962	0.31213	0.351713	0.152515	0.01495
0.982962	0.312048	0.351636	0.152484	0.0149422
0.982962	0.311966	0.351558	0.152453	0.0149398
0.982962	0.311884	0.351481	0.152423	0.0149328
0.982962	0.311801	0.351404	0.152392	0.0149278
0.982962	0.311719	0.351326	0.152361	0.014926
0.982962	0.311637	0.351249	0.15233	0.0149248
0.982962	0.311555	0.351172	0.152299	0.0149193
0.982962	0.311473	0.351094	0.152268	0.0149137
0.982962	0.311391	0.351017	0.152238	0.0149134
0.982962	0.311308	0.35094	0.152207	0.0149122
0.982962	0.311226	0.350862	0.152176	0.0149017
0.982962	0.311144	0.350785	0.152145	0.0149006
0.982962	0.311062	0.350708	0.152114	0.0148983
0.982962	0.31098	0.35063	0.152084	0.0148912
0.982962	0.310897	0.350553	0.152053	0.0148773
0.982962	0.310815	0.350476	0.152022	0.0148733
0.982962	0.310733	0.350398	0.151991	0.0148699
0.982962	0.310651	0.350321	0.15196	0.0148606
0.982962	0.310569	0.350244	0.151929	0.0148531
0.982962	0.310487	0.350166	0.151899	0.0148466
0.982962	0.310404	0.350089	0.151868	0.0148336
0.982962	0.310322	0.350012	0.151837	0.0148309
0.982962	0.31024	0.349934	0.151806	0.0148309
0.982962	0.310158	0.349857	0.151775	0.014829
0.982962	0.310076	0.34978	0.151745	0.0148266
0.982962	0.309993	0.349702	0.151714	0.0148207
0.982962	0.309911	0.349625	0.151683	0.0148185
0.982962	0.309829	0.349548	0.151652	0.0148111
0.982962	0.309747	0.34947	0.151621	0.0148054
0.982962	0.309665	0.349393	0.15159	0.0147917
0.982962	0.309583	0.349316	0.15156	0.0147895
0.982962	0.3095	0.349238	0.151529	0.0147847
0.982962	0.309418	0.349161	0.151498	0.0147841
0.982962	0.309336	0.349084	0.151467	0.0147822
0.982962	0.309254	0.349006	0.151436	0.0147809
0.982962	0.309172	0.348929	0.151406	0.0147781
0.982962	0.309089	0.348852	0.151375	0.014773
0.982962	0.309007	0.348774	0.151344	0.0147702
0.982962	0.308925	0.348697	0.151313	0.0147665
0.982962	0.308843	0.34862	0.151282	0.0147624
0.982962	0.308761	0.348542	0.151252	0.0147622
0.982962	0.308679	0.348465	0.151221	0.0147601
0.982962	0.308596	0.348388	0.15119	0.0147529
0.982962	0.308514	0.34831	0.151159	0.0147516
0.982962	0.308432	0.348233	0.151128	0.0147485
0.982962	0.30835	0.348156	0.151098	0.0147428
0.982962	0.308268	0.348078	0.151067	0.0147399
0.982962	0.308185	0.348001	0.151036	0.0147388
0.982962	0.308103	0.347924	0.151005	0.0147343
0.982962	0.308021	0.347846	0.150974	0.0147317
0.982962	0.307939	0.347769	0.150944	0.0147314
0.982962	0.307857	0.347692	0.150913	0.0147291
0.982962	0.307774	0.347614	0.150882	0.0147168
0.982962	0.307692	0.347537	0.150851	0.0147139
0.982962	0.30761	0.34746	0.15082	0.0147128
0.982962	0.307528	0.347382	0.15079	0.0147121
0.982962	0.307446	0.347305	0.150759	0.0147066
0.982962	0.307364	0.347228	0.150728	0.0147042
0.982962	0.307281	0.34715	0.150697	0.0147031
0.982962	0.307199	0.347073	0.150666	0.0147025
0.982962	0.307117	0.346996	0.150636	0.0146976
0.982962	0.307035	0.346918	0.150605	0.014697
0.982962	0.306953	0.346841	0.150574	0.0146838
0.982962	0.30687	0.346764	0.150543	0.0146734
0.982962	0.306788	0.346686	0.150512	0.0146557
0.982962	0.306706	0.346609	0.150482	0.0146507
0.982962	0.306624	0.346532	0.150451	0.014646
0.982962	0.306542	0.346454	0.15042	0.0146434
0.982962	0.30646	0.346377	0.150389	0.014638
0.982962	0.306377	0.3463	0.150358	0.0146345
0.982962	0.306295	0.346222	0.150328	0.0146339
0.982962	0.306213	0.346145	0.150297	0.0146318
0.982962	0.306131	0.346068	0.150266	0.014629
0.982962	0.306049	0.34599	0.150235	0.0146234
0.982962	0.305966	0.345913	0.150204	0.0146135
0.982962	0.305884	0.345836	0.150174	0.0146101
0.982962	0.305802	0.345758	0.150143	0.01461
0.982962	0.30572	0.345681	0.150112	0.0146085
0.982962	0.305638	0.345604	0.150081	0.0145976
0.982962	0.305556	0.345526	0.150051	0.0145898
0.982962	0.305473	0.345449	0.15002	0.0145885
0.982962	0.305391	0.345372	0.149989	0.0145848
0.982962	0.305309	0.345294	0.149958	0.0145825
0.982962	0.305227	0.345217	0.149927	0.0145744
0.982962	0.305145	0.34514	0.149897	0.0145691
0.982962	0.305062	0.345062	0.149866	0.0145653
0.982962	0.30498	0.344985	0.149835	0.0145623
0.982962	0.304898	0.344908	0.149804	0.0145435
0.982962	0.304816	0.34483	0.149773	0.0145424
0.982962	0.304734	0.344753	0.149743	0.0145345
0.982962	0.304652	0.344676	0.149712	0.0145297
0.982962	0.304569	0.344598	0.149681	0.0145221
0.982962	0.304487	0.344521	0.14965	0.0145206
0.982962	0.304405	0.344444	0.14962	0.01452
0.982962	0.304323	0.344366	0.149589	0.0145181
0.982962	0.304241	0.344289	0.149558	0.0145152
0.982962	0.304158	0.344212	0.149527	0.014515
0.982962	0.304076	0.344134	0.149496	0.0145135
0.982962	0.303994	0.344057	0.149466	0.0144898
0.982962	0.303912	0.34398	0.149435	0.0144878
0.982962	0.30383	0.343902	0.149404	0.014485
0.982962	0.303748	0.343825	0.149373	0.0144828
0.982962	0.303665	0.343748	0.149343	0.0144811
0.982962	0.303583	0.34367	0.149312	0.0144737
0.982962	0.303501	0.343593	0.149281	0.0144657
0.982962	0.303419	0.343516	0.14925	0.0144596
0.982962	0.303337	0.343438	0.149219	0.0144564
0.982962	0.303254	0.343361	0.149189	0.0144526
0.982962	0.303172	0.343284	0.149158	0.0144466
0.982962	0.30309	0.343206	0.149127	0.0144436
0.982962	0.303008	0.343129	0.149096	0.0144397
0.982962	0.302926	0.343052	0.149066	0.0144309
0.982962	0.302844	0.342974	0.149035	0.0144264
0.982962	0.302761	0.342897	0.149004	0.0144183
0.982962	0.302679	0.34282	0.148973	0.0144129
0.982962	0.302597	0.342742	0.148942	0.0144094
0.982962	0.302515	0.342665	0.148912	0.0144093
0.982962	0.302433	0.342588	0.148881	0.0144042
0.982962	0.30235	0.34251	0.14885	0.0143889
0.982962	0.302268	0.342433	0.148819	0.0143871
0.982962	0.302186	0.342356	0.148789	0.0143858
0.982962	0.302104	0.342278	0.148758	0.0143789
0.982962	0.302022	0.342201	0.148727	0.0143756
0.982962	0.30194	0.342124	0.148696	0.0143729
0.982962	0.301857	0.342046	0.148666	0.0143727
0.982962	0.301775	0.341969	0.148635	0.0143705
0.982962	0.301693	0.341892	0.148604	0.0143691
0.982962	0.301611	0.341814	0.148573	0.0143667
0.982962	0.301529	0.341737	0.148542	0.0143616
0.982962	0.301446	0.34166	0.148512	0.0143552
0.982962	0.301364	0.341582	0.148481	0.0143517
0.982962	0.301282	0.341505	0.14845	0.0143497
0.982962	0.3012	0.341428	0.148419	0.0143433
0.982962	0.301118	0.34135	0.148389	0.0143429
0.982962	0.301036	0.341273	0.148358	0.014338
0.982962	0.300953	0.341196	0.148327	0.0143307
0.982962	0.300871	0.341118	0.148296	0.0143088
0.982962	0.300789	0.341041	0.148266	0.0143077
0.982962	0.300707	0.340964	0.148235	0.0143056
0.982962	0.300625	0.340886	0.148204	0.0142954
0.982962	0.300542	0.340809	0.148173	0.0142932
0.982962	0.30046	0.340732	0.148142	0.014283
0.982962	0.300378	0.340654	0.148112	0.014282
0.982962	0.300296	0.340577	0.148081	0.0142782
0.982962	0.300214	0.3405	0.14805	0.0142782
0.982962	0.300131	0.340422	0.148019	0.0142753
0.982962	0.300049	0.340345	0.147989	0.0142683
0.982962	0.299967	0.340268	0.147958	0.0142619
0.982962	0.299885	0.34019	0.147927	0.014258
0.982962	0.299803	0.340113	0.147896	0.0142379
0.982962	0.299721	0.340036	0.147866	0.0142271
0.982962	0.299638	0.339958	0.147835	0.0142263
0.982962	0.299556	0.339881	0.147804	0.0142238
0.982962	0.299474	0.339804	0.147773	0.0142237
0.982962	0.299392	0.339726	0.147743	0.0142219
0.982962	0.29931	0.339649	0.147712	0.0142166
0.982962	0.299227	0.339572	0.147681	0.0142065
0.982962	0.299145	0.339494	0.14765	0.0142007
0.982962	0.299063	0.339417	0.147619	0.0142005
0.982962	0.298981	0.33934	0.147589	0.0141997
0.982962	0.298899	0.339262	0.147558	0.0141886
0.982962	0.298817	0.339185	0.147527	0.014186
0.982962	0.298734	0.339108	0.147496	0.014186
0.982962	0.298652	0.33903	0.147466	0.014179
0.982962	0.29857	0.338953	0.147435	0.0141775
0.982962	0.298488	0.338876	0.147404	0.0141738
0.982962	0.298406	0.338798	0.147373	0.0141632
0.982962	0.298323	0.338721	0.147343	0.0141585
0.982962	0.298241	0.338644	0.147312	0.0141371
0.982962	0.298159	0.338566	0.147281	0.0141279
0.982962	0.298077	0.338489	0.14725	0.0141263
0.982962	0.297995	0.338412	0.14722	0.0141251
0.982962	0.297913	0.338334	0.147189	0.0141238
0.982962	0.29783	0.338257	0.147158	0.0141237
0.982962	0.297748	0.33818	0.147127	0.0141051
0.982962	0.297666	0.338102	0.147097	0.014099
0.982962	0.297584	0.338025	0.147066	0.0140938
0.982962	0.297502	0.337948	0.147035	0.0140933
0.982962	0.297419	0.33787	0.147004	0.0140927
0.982962	0.297337	0.337793	0.146974	0.0140924
0.982962	0.297255	0.337716	0.146943	0.0140903
0.982962	0.297173	0.337638	0.146912	0.0140749
0.982962	0.297091	0.337561	0.146881	0.0140737
0.982962	0.297009	0.337484	0.146851	0.014073
0.982962	0.296926	0.337406	0.14682	0.0140685
0.982962	0.296844	0.337329	0.146789	0.0140611
0.982962	0.296762	0.337252	0.146758	0.0140537
0.982962	0.29668	0.337174	0.146728	0.0140533
0.982962	0.296598	0.337097	0.146697	0.0140531
0.982962	0.296515	0.33702	0.146666	0.0140487
0.982962	0.296433	0.336942	0.146635	0.0140483
0.982962	0.296351	0.336865	0.146605	0.0140373
0.982962	0.296269	0.336788	0.146574	0.0140315
0.982962	0.296187	0.33671	0.146543	0.0140228
0.982962	0.296105	0.336633	0.146512	0.0140165
0.982962	0.296022	0.336556	0.146482	0.0139845
0.982962	0.29594	0.336478	0.146451	0.0139819
0.982962	0.295858	0.336401	0.14642	0.0139807
0.982962	0.295776	0.336324	0.146389	0.0139804
0.982962	0.295694	0.336246	0.146359	0.0139678
0.982962	0.295611	0.336169	0.146328	0.0139645
0.982962	0.295529	0.336092	0.146297	0.0139561
0.982962	0.295447	0.336014	0.146266	0.0139545
0.982962	0.295365	0.335937	0.146236	0.0139493
0.982962	0.295283	0.33586	0.146205	0.0139456
0.982962	0.295201	0.335782	0.146174	0.013945
0.982962	0.295118	0.335705	0.146143	0.0139418
0.982962	0.295036	0.335628	0.146113	0.0139388
0.982962	0.294954	0.33555	0.146082	0.0139283
0.982962	0.294872	0.335473	0.146051	0.0139252
0.982962	0.29479	0.335396	0.14602	0.0139197
0.982962	0.294707	0.335318	0.14599	0.013914
0.982962	0.294625	0.335241	0.145959	0.0139121
0.982962	0.294543	0.335164	0.145928	0.013904
0.982962	0.294461	0.335086	0.145897	0.013903
0.982962	0.294379	0.335009	0.145867	0.0139011
0.982962	0.294297	0.334932	0.145836	0.0138884
0.982962	0.294214	0.334854	0.145805	0.0138801
0.982962	0.294132	0.334777	0.145774	0.013875
0.982962	0.29405	0.3347	0.145744	0.0138719
0.982962	0.293968	0.334622	0.145713	0.0138717
0.982962	0.293886	0.334545	0.145682	0.0138657
0.982962	0.293803	0.334468	0.145651	0.0138627
0.982962	0.293721	0.33439	0.145621	0.0138547
0.982962	0.293639	0.334313	0.14559	0.0138456
0.982962	0.293557	0.334236	0.145559	0.01382
0.982962	0.293475	0.334158	0.145528	0.0138139
0.984273	0.293475	0.334236	0.146231	0.0138116
0.984273	0.293393	0.334158	0.1462	0.0138081
0.984273	0.29331	0.334081	0.146169	0.0138017
0.984273	0.293228	0.334004	0.146139	0.0137983
0.984273	0.293146	0.333926	0.146108	0.0137971
0.984273	0.293064	0.333849	0.146077	0.0137957
0.984273	0.292982	0.333772	0.146047	0.0137851
0.984273	0.292899	0.333694	0.146016	0.0137744
0.984273	0.292817	0.333617	0.145985	0.0137741
0.984273	0.292735	0.33354	0.145955	0.0137727
0.984273	0.292653	0.333462	0.145924	0.013772
0.984273	0.292571	0.333385	0.145893	0.0137667
0.984273	0.292488	0.333308	0.145863	0.0137637
0.984273	0.292406	0.33323	0.145832	0.0137634
0.984273	0.292324	0.333153	0.145801	0.0137498
0.984273	0.292242	0.333076	0.145771	0.0137466
0.984273	0.29216	0.332998	0.14574	0.0137298
0.984273	0.292078	0.332921	0.145709	0.0137266
0.984273	0.291995	0.332844	0.145679	0.0137184
0.984273	0.291913	0.332766	0.145648	0.0137162
0.984273	0.291831	0.332689	0.145617	0.0137099
0.984273	0.291749	0.332612	0.145587	0.0137089
0.984273	0.291667	0.332534	0.145556	0.0137076
0.985583	0.291667	0.332612	0.14626	0.0137006
0.985583	0.291584	0.332534	0.146229	0.0136947
0.985583	0.291502	0.332457	0.146199	0.0136872
0.985583	0.29142	0.33238	0.146168	0.0136819
0.985583	0.291338	0.332302	0.146137	0.0136805
0.985583	0.291256	0.332225	0.146107	0.013679
0.985583	0.291174	0.332148	0.146076	0.0136475
0.985583	0.291091	0.33207	0.146046	0.0136458
0.985583	0.291009	0.331993	0.146015	0.0136388
0.985583	0.290927	0.331916	0.145984	0.0136353
0.985583	0.290845	0.331838	0.145954	0.0136256
0.985583	0.290763	0.331761	0.145923	0.0136214
0.985583	0.29068	0.331684	0.145893	0.0136189
0.985583	0.290598	0.331606	0.145862	0.0136039
0.985583	0.290516	0.331529	0.145831	0.013602
0.985583	0.290434	0.331452	0.145801	0.0135988
0.985583	0.290352	0.331374	0.14577	0.0135942
0.985583	0.29027	0.331297	0.145739	0.0135933
0.985583	0.290187	0.33122	0.145709	0.0135904
0.985583	0.290105	0.331142	0.145678	0.0135867
0.985583	0.290023	0.331065	0.145648	0.0135845
0.985583	0.289941	0.330988	0.145617	0.0135827
0.985583	0.289859	0.33091	0.145586	0.0135822
0.985583	0.289776	0.330833	0.145556	0.0135746
0.985583	0.289694	0.330756	0.145525	0.0135734
0.985583	0.289612	0.330678	0.145495	0.0135712
0.985583	0.28953	0.330601	0.145464	0.0135694
0.985583	0.289448	0.330524	0.145433	0.0135671
0.985583	0.289366	0.330446	0.145403	0.013563
0.985583	0.289283	0.330369	0.145372	0.0135609
0.985583	0.289201	0.330292	0.145341	0.0135549
0.985583	0.289119	0.330214	0.145311	0.0135418
0.985583	0.289037	0.330137	0.14528	0.013529
0.985583	0.288955	0.33006	0.14525	0.0135288
0.985583	0.288872	0.329982	0.145219	0.0135257
0.985583	0.28879	0.329905	0.145188	0.0135193
0.985583	0.288708	0.329828	0.145158	0.0135182
0.985583	0.288626	0.32975	0.145127	0.0135152
0.985583	0.288544	0.329673	0.145097	0.013511
0.985583	0.288462	0.329596	0.145066	0.0135009
0.985583	0.288379	0.329518	0.145035	0.0134982
0.985583	0.288297	0.329441	0.145005	0.0134931
0.985583	0.288215	0.329364	0.144974	0.0134798
0.985583	0.288133	0.329286	0.144944	0.0134768
0.985583	0.288051	0.329209	0.144913	0.0134695
0.985583	0.287968	0.329132	0.144882	0.013466
0.985583	0.287886	0.329054	0.144852	0.0134537
0.985583	0.287804	0.328977	0.144821	0.0134525
0.985583	0.287722	0.3289	0.14479	0.0134519
0.985583	0.28764	0.328822	0.14476	0.0134477
0.985583	0.287558	0.328745	0.144729	0.0134404
0.985583	0.287475	0.328668	0.144699	0.0134375
0.985583	0.287393	0.32859	0.144668	0.0134363
0.985583	0.287311	0.328513	0.144637	0.0134346
0.985583	0.287229	0.328436	0.144607	0.0134327
0.985583	0.287147	0.328358	0.144576	0.0134098
0.985583	0.287064	0.328281	0.144546	0.0134075
0.985583	0.286982	0.328204	0.144515	0.0133951
0.985583	0.2869	0.328126	0.144484	0.0133925
0.985583	0.286818	0.328049	0.144454	0.0133878
0.985583	0.286736	0.327972	0.144423	0.0133716
0.985583	0.286654	0.327894	0.144393	0.0133709
0.985583	0.286571	0.327817	0.144362	0.0133616
0.985583	0.286489	0.32774	0.144331	0.0133578
0.985583	0.286407	0.327662	0.144301	0.0133546
0.985583	0.286325	0.327585	0.14427	0.0133366
0.985583	0.286243	0.327508	0.144239	0.013335
0.985583	0.28616	0.32743	0.144209	0.0133294
0.985583	0.286078	0.327353	0.144178	0.0133289
0.985583	0.285996	0.327276	0.144148	0.0133284
0.985583	0.285914	0.327198	0.144117	0.0133258
0.985583	0.285832	0.327121	0.144086	0.0133187
0.985583	0.28575	0.327044	0.144056	0.0133152
0.985583	0.285667	0.326966	0.144025	0.0133128
0.985583	0.285585	0.326889	0.143995	0.0133066
0.985583	0.285503	0.326812	0.143964	0.0133026
0.985583	0.285421	0.326734	0.143933	0.0132999
0.985583	0.285339	0.326657	0.143903	0.0132999
0.985583	0.285256	0.32658	0.143872	0.0132985
0.985583	0.285174	0.326502	0.143842	0.013294
0.985583	0.285092	0.326425	0.143811	0.0132892
0.985583	0.28501	0.326348	0.14378	0.0132839
0.985583	0.284928	0.32627	0.14375	0.013277
0.985583	0.284845	0.326193	0.143719	0.0132751
0.985583	0.284763	0.326116	0.143689	0.0132629
0.985583	0.284681	0.326038	0.143658	0.0132539
0.985583	0.284599	0.325961	0.143627	0.0132539
0.985583	0.284517	0.325884	0.143597	0.0132498
0.985583	0.284435	0.325806	0.143566	0.0132432
0.985583	0.284352	0.325729	0.143535	0.0132365
0.985583	0.28427	0.325652	0.143505	0.013236
0.985583	0.284188	0.325574	0.143474	0.013232
0.985583	0.284106	0.325497	0.143444	0.0132314
0.985583	0.284024	0.32542	0.143413	0.0132202
0.985583	0.283941	0.325342	0.143382	0.01322
0.985583	0.283859	0.325265	0.143352	0.0132107
0.985583	0.283777	0.325188	0.143321	0.0132039
0.985583	0.283695	0.32511	0.143291	0.0132021
0.985583	0.283613	0.325033	0.14326	0.0132006
0.985583	0.283531	0.324956	0.143229	0.0131983
0.985583	0.283448	0.324878	0.143199	0.0131974
0.986894	0.283448	0.324956	0.14391	0.0131944
0.986894	0.283366	0.324878	0.143879	0.013192
0.986894	0.283284	0.324801	0.143848	0.0131911
0.986894	0.283202	0.324724	0.143818	0.0131872
0.986894	0.28312	0.324646	0.143787	0.0131858
0.986894	0.283037	0.324569	0.143757	0.0131844
0.986894	0.282955	0.324492	0.143726	0.0131807
0.986894	0.282873	0.324414	0.143696	0.0131803
0.986894	0.282791	0.324337	0.143665	0.013178
0.986894	0.282709	0.32426	0.143635	0.0131708
0.986894	0.282627	0.324182	0.143604	0.0131694
0.986894	0.282544	0.324105	0.143574	0.0131668
0.986894	0.282462	0.324028	0.143543	0.013165
0.986894	0.28238	0.32395	0.143513	0.0131594
0.986894	0.282298	0.323873	0.143482	0.0131584
0.986894	0.282216	0.323796	0.143451	0.0131556
0.986894	0.282133	0.323718	0.143421	0.0131495
0.986894	0.282051	0.323641	0.14339	0.0131398
0.986894	0.281969	0.323564	0.14336	0.013134
0.986894	0.281887	0.323486	0.143329	0.0131307
0.986894	0.281805	0.323409	0.143299	0.0131284
0.986894	0.281723	0.323332	0.143268	0.0131275
0.986894	0.28164	0.323254	0.143238	0.013127
0.986894	0.281558	0.323177	0.143207	0.0131194
0.986894	0.281476	0.3231	0.143177	0.0131094
0.986894	0.281394	0.323022	0.143146	0.0131043
0.986894	0.281312	0.322945	0.143115	0.0130988
0.986894	0.281229	0.322868	0.143085	0.0130983
0.986894	0.281147	0.32279	0.143054	0.0130949
0.986894	0.281065	0.322713	0.143024	0.0130914
0.986894	0.280983	0.322636	0.142993	0.0130752
0.986894	0.280901	0.322558	0.142963	0.0130747
0.986894	0.280819	0.322481	0.142932	0.0130646
0.986894	0.280736	0.322404	0.142902	0.0130645
0.986894	0.280654	0.322326	0.142871	0.0130523
0.986894	0.280572	0.322249	0.142841	0.0130491
0.986894	0.28049	0.322172	0.14281	0.0130453
0.986894	0.280408	0.322094	0.142779	0.0130444
0.986894	0.280325	0.322017	0.142749	0.0130428
0.986894	0.280243	0.32194	0.142718	0.0130423
0.986894	0.280161	0.321862	0.142688	0.0130326
0.986894	0.280079	0.321785	0.142657	0.0130318
0.986894	0.279997	0.321708	0.142627	0.0130277
0.986894	0.279915	0.32163	0.142596	0.0130214
0.986894	0.279832	0.321553	0.142566	0.0130021
0.986894	0.27975	0.321476	0.142535	0.0130005
0.986894	0.279668	0.321398	0.142505	0.0129924
0.986894	0.279586	0.321321	0.142474	0.0129788
0.986894	0.279504	0.321244	0.142443	0.012977
0.986894	0.279421	0.321166	0.142413	0.0129761
0.986894	0.279339	0.321089	0.142382	0.0129731
0.986894	0.279257	0.321012	0.142352	0.0129608
0.986894	0.279175	0.320934	0.142321	0.0129607
0.986894	0.279093	0.320857	0.142291	0.012959
0.986894	0.279011	0.32078	0.14226	0.0129589
0.986894	0.278928	0.320702	0.14223	0.0129422
0.986894	0.278846	0.320625	0.142199	0.0129413
0.986894	0.278764	0.320548	0.142169	0.0129379
0.986894	0.278682	0.32047	0.142138	0.0129319
0.986894	0.2786	0.320393	0.142107	0.0129309
0.986894	0.278517	0.320316	0.142077	0.0129224
0.986894	0.278435	0.320238	0.142046	0.0129155
0.986894	0.278353	0.320161	0.142016	0.0129149
0.986894	0.278271	0.320084	0.141985	0.0129117
0.986894	0.278189	0.320006	0.141955	0.0129097
0.986894	0.278107	0.319929	0.141924	0.0129093
0.986894	0.278024	0.319852	0.141894	0.0129021
0.986894	0.277942	0.319774	0.141863	0.0128986
0.986894	0.27786	0.319697	0.141833	0.0128872
0.986894	0.277778	0.31962	0.141802	0.012886
0.986894	0.277696	0.319542	0.141771	0.012884
0.986894	0.277613	0.319465	0.141741	0.0128713
0.986894	0.277531	0.319388	0.14171	0.0128702
0.986894	0.277449	0.31931	0.14168	0.0128678
0.986894	0.277367	0.319233	0.141649	0.0128597
0.986894	0.277285	0.319156	0.141619	0.0128512
0.986894	0.277202	0.319078	0.141588	0.012834
0.986894	0.27712	0.319001	0.141558	0.0128289
0.986894	0.277038	0.318924	0.141527	0.0128281
0.986894	0.276956	0.318846	0.141497	0.0128154
0.986894	0.276874	0.318769	0.141466	0.0128113
0.986894	0.276792	0.318692	0.141435	0.0128105
0.986894	0.276709	0.318614	0.141405	0.0127986
0.986894	0.276627	0.318537	0.141374	0.012796
0.986894	0.276545	0.31846	0.141344	0.012792
0.986894	0.276463	0.318382	0.141313	0.0127915
0.986894	0.276381	0.318305	0.141283	0.0127872
0.986894	0.276298	0.318228	0.141252	0.0127843
0.986894	0.276216	0.31815	0.141222	0.0127814
0.986894	0.276134	0.318073	0.141191	0.0127781
0.986894	0.276052	0.317996	0.141161	0.0127755
0.986894	0.27597	0.317918	0.14113	0.0127746
0.986894	0.275888	0.317841	0.141099	0.0127719
0.986894	0.275805	0.317764	0.141069	0.0127659
0.986894	0.275723	0.317686	0.141038	0.0127637
0.986894	0.275641	0.317609	0.141008	0.0127636
0.986894	0.275559	0.317532	0.140977	0.0127629
0.986894	0.275477	0.317454	0.140947	0.0127616
0.986894	0.275394	0.317377	0.140916	0.0127565
0.986894	0.275312	0.3173	0.140886	0.0127521
0.986894	0.27523	0.317222	0.140855	0.0127505
0.986894	0.275148	0.317145	0.140824	0.0127429
0.986894	0.275066	0.317068	0.140794	0.0127376
0.986894	0.274984	0.31699	0.140763	0.0127368
0.986894	0.274901	0.316913	0.140733	0.0127357
0.986894	0.274819	0.316836	0.140702	0.0127338
0.986894	0.274737	0.316758	0.140672	0.0127278
0.986894	0.274655	0.316681	0.140641	0.0127249
0.986894	0.274573	0.316604	0.140611	0.0127197
0.986894	0.27449	0.316526	0.14058	0.012716
0.986894	0.274408	0.316449	0.140549	0.0127149
0.986894	0.274326	0.316372	0.140519	0.0127119
0.986894	0.274244	0.316294	0.140488	0.0127031
0.986894	0.274162	0.316217	0.140458	0.0126934
0.986894	0.27408	0.31614	0.140427	0.0126883
0.986894	0.273997	0.316062	0.140397	0.0126806
0.986894	0.273915	0.315985	0.140366	0.0126749
0.986894	0.273833	0.315908	0.140336	0.0126747
0.986894	0.273751	0.31583	0.140305	0.0126698
0.986894	0.273669	0.315753	0.140274	0.0126619
0.986894	0.273586	0.315676	0.140244	0.0126584
0.986894	0.273504	0.315598	0.140213	0.0126557
0.986894	0.273422	0.315521	0.140183	0.0126503
0.986894	0.27334	0.315444	0.140152	0.0126457
0.986894	0.273258	0.315366	0.140122	0.0126403
0.986894	0.273176	0.315289	0.140091	0.012634
0.986894	0.273093	0.315212	0.140061	0.0126247
0.986894	0.273011	0.315134	0.14003	0.0126159
0.986894	0.272929	0.315057	0.139999	0.0126125
0.986894	0.272847	0.31498	0.139969	0.0126043
0.986894	0.272765	0.314902	0.139938	0.012599
0.986894	0.272682	0.314825	0.139908	0.012596
0.986894	0.2726	0.314748	0.139877	0.0125949
0.986894	0.272518	0.31467	0.139847	0.0125905
0.986894	0.272436	0.314593	0.139816	0.0125857
0.986894	0.272354	0.314516	0.139786	0.0125849
0.986894	0.272272	0.314438	0.139755	0.012564
0.986894	0.272189	0.314361	0.139724	0.0125608
0.986894	0.272107	0.314284	0.139694	0.0125488
0.986894	0.272025	0.314206	0.139663	0.0125449
0.986894	0.271943	0.314129	0.139633	0.012539
0.986894	0.271861	0.314052	0.139602	0.0125351
0.986894	0.271778	0.313974	0.139572	0.0125342
0.986894	0.271696	0.313897	0.139541	0.0125281
0.986894	0.271614	0.31382	0.13951	0.0125215
0.986894	0.271532	0.313742	0.13948	0.0125157
0.986894	0.27145	0.313665	0.139449	0.0125135
0.986894	0.271368	0.313588	0.139419	0.0125086
0.986894	0.271285	0.31351	0.139388	0.0125041
0.986894	0.271203	0.313433	0.139358	0.0124998
0.986894	0.271121	0.313356	0.139327	0.0124981
0.986894	0.271039	0.313278	0.139296	0.0124963
0.986894	0.270957	0.313201	0.139266	0.0124916
0.986894	0.270874	0.313124	0.139235	0.0124902
0.986894	0.270792	0.313046	0.139205	0.01249
0.986894	0.27071	0.312969	0.139174	0.0124846
0.986894	0.270628	0.312892	0.139144	0.0124757
0.986894	0.270546	0.312814	0.139113	0.0124667
0.986894	0.270464	0.312737	0.139083	0.0124648
0.986894	0.270381	0.31266	0.139052	0.0124616
0.986894	0.270299	0.312582	0.139021	0.0124555
0.986894	0.270217	0.312505	0.138991	0.0124511
0.986894	0.270135	0.312427	0.13896	0.0124511
0.986894	0.270053	0.31235	0.13893	0.0124509
0.986894	0.26997	0.312273	0.138899	0.0124449
0.986894	0.269888	0.312195	0.138869	0.0124383
0.986894	0.269806	0.312118	0.138838	0.012438
0.986894	0.269724	0.312041	0.138807	0.0124283
0.986894	0.269642	0.311963	0.138777	0.012422
0.986894	0.26956	0.311886	0.138746	0.0124174
0.986894	0.269477	0.311809	0.138716	0.0124168
0.986894	0.269395	0.311731	0.138685	0.0124105
0.986894	0.269313	0.311654	0.138655	0.0124105
0.986894	0.269231	0.311577	0.138624	0.0124063
0.986894	0.269149	0.311499	0.138593	0.0124038
0.986894	0.269066	0.311422	0.138563	0.012393
0.986894	0.268984	0.311345	0.138532	0.0123893
0.986894	0.268902	0.311267	0.138502	0.012387
0.986894	0.26882	0.31119	0.138471	0.0123799
0.986894	0.268738	0.311113	0.138441	0.0123635
0.986894	0.268655	0.311035	0.13841	0.0123606
0.986894	0.268573	0.310958	0.138379	0.0123539
0.986894	0.268491	0.310881	0.138349	0.0123478
0.986894	0.268409	0.310803	0.138318	0.012342
0.986894	0.268327	0.310726	0.138288	0.0123417
0.986894	0.268245	0.310649	0.138257	0.0123392
0.986894	0.268162	0.310571	0.138226	0.0123373
0.986894	0.26808	0.310494	0.138196	0.0123366
0.986894	0.267998	0.310417	0.138165	0.0123359
0.986894	0.267916	0.310339	0.138135	0.0123336
0.986894	0.267834	0.310262	0.138104	0.0123325
0.986894	0.267751	0.310185	0.138074	0.0123228
0.986894	0.267669	0.310107	0.138043	0.0123204
0.986894	0.267587	0.31003	0.138012	0.0123127
0.986894	0.267505	0.309953	0.137982	0.0122952
0.986894	0.267341	0.309798	0.137921	0.0122924
0.986894	0.267258	0.309721	0.13789	0.0122875
0.986894	0.267176	0.309643	0.137859	0.0122827
0.986894	0.267094	0.309566	0.137829	0.0122766
0.986894	0.267012	0.309489	0.137798	0.012274
0.986894	0.26693	0.309411	0.137768	0.0122738
0.986894	0.266847	0.309334	0.137737	0.0122705
0.986894	0.266765	0.309257	0.137707	0.0122694
0.986894	0.266683	0.309179	0.137676	0.0122653
0.986894	0.266601	0.309102	0.137645	0.0122652
0.986894	0.266519	0.309025	0.137615	0.0122629
0.986894	0.266437	0.308947	0.137584	0.0122463
0.986894	0.266354	0.30887	0.137554	0.0122094
0.986894	0.266272	0.308793	0.137523	0.0122075
0.986894	0.26619	0.308715	0.137492	0.0122045
0.986894	0.266108	0.308638	0.137462	0.012201
0.986894	0.266026	0.308561	0.137431	0.0122005
0.986894	0.265943	0.308483	0.137401	0.0121906
0.986894	0.265861	0.308406	0.13737	0.0121905
0.986894	0.265779	0.308329	0.13734	0.0121895
0.986894	0.265697	0.308251	0.137309	0.0121803
0.986894	0.265615	0.308174	0.137278	0.0121696
0.986894	0.265533	0.308097	0.137248	0.0121682
0.986894	0.26545	0.308019	0.137217	0.012139
0.986894	0.265368	0.307942	0.137187	0.0121361
0.986894	0.265286	0.307865	0.137156	0.0121335
0.986894	0.265204	0.307787	0.137125	0.0121172
0.986894	0.265122	0.30771	0.137095	0.0121148
0.986894	0.265039	0.307633	0.137064	0.0121116
0.986894	0.264957	0.307555	0.137034	0.0121091
0.986894	0.264875	0.307478	0.137003	0.0121058
0.986894	0.264793	0.307401	0.136972	0.0120991
0.986894	0.264711	0.307323	0.136942	0.0120944
0.986894	0.264629	0.307246	0.136911	0.0120911
0.986894	0.264546	0.307169	0.136881	0.0120903
0.986894	0.264464	0.307091	0.13685	0.0120902
0.986894	0.264382	0.307014	0.136819	0.0120892
0.986894	0.2643	0.306937	0.136789	0.0120771
0.986894	0.264218	0.306859	0.136758	0.0120733
0.986894	0.264135	0.306782	0.136728	0.0120729
0.986894	0.264053	0.306705	0.136697	0.0120574
0.986894	0.263971	0.306627	0.136666	0.0120241
0.986894	0.263889	0.30655	0.136636	0.0120232
0.986894	0.263807	0.306473	0.136605	0.0120121
0.986894	0.263725	0.306395	0.136575	0.0120118
0.986894	0.263642	0.306318	0.136544	0.012009
0.986894	0.26356	0.306241	0.136513	0.012003
0.986894	0.263478	0.306163	0.136483	0.0119992
0.986894	0.263396	0.306086	0.136452	0.0119915
0.986894	0.263314	0.306009	0.136422	0.0119907
0.986894	0.263231	0.305931	0.136391	0.0119876
0.986894	0.263149	0.305854	0.13636	0.0119843
0.986894	0.263067	0.305777	0.13633	0.0119787
0.986894	0.262985	0.305699	0.136299	0.0119549
0.986894	0.262903	0.305622	0.136269	0.0119517
0.986894	0.262821	0.305545	0.136238	0.0119366
0.986894	0.262738	0.305467	0.136207	0.0119349
0.986894	0.262656	0.30539	0.136177	0.0119216
0.986894	0.262574	0.305313	0.136146	0.0119185
0.986894	0.262492	0.305235	0.136115	0.0119118
0.986894	0.26241	0.305158	0.136085	0.011911
0.986894	0.262327	0.305081	0.136054	0.0119052
0.986894	0.262245	0.305003	0.136024	0.0118939
0.986894	0.262163	0.304926	0.135993	0.011893
0.986894	0.262081	0.304849	0.135962	0.0118922
0.986894	0.261999	0.304771	0.135932	0.0118898
0.986894	0.261917	0.304694	0.135901	0.0118835
0.986894	0.261834	0.304617	0.135871	0.0118709
0.986894	0.261752	0.304539	0.13584	0.0118664
0.986894	0.26167	0.304462	0.135809	0.0118619
0.986894	0.261588	0.304385	0.135779	0.011858
0.986894	0.261506	0.304307	0.135748	0.0118558
0.986894	0.261423	0.30423	0.135718	0.0118532
0.986894	0.261341	0.304153	0.135687	0.0118305
0.986894	0.261259	0.304075	0.135656	0.0118259
0.986894	0.261177	0.303998	0.135626	0.011822
0.986894	0.261095	0.303921	0.135595	0.0118177
0.986894	0.261012	0.303843	0.135564	0.0118172
0.986894	0.26093	0.303766	0.135534	0.0118087
0.986894	0.260848	0.303689	0.135503	0.0118016
0.986894	0.260766	0.303611	0.135473	0.0118
0.986894	0.260684	0.303534	0.135442	0.0117985
0.986894	0.260602	0.303457	0.135411	0.0117977
0.986894	0.260519	0.303379	0.135381	0.011788
0.986894	0.260437	0.303302	0.13535	0.0117849
0.986894	0.260355	0.303225	0.135319	0.011784
0.986894	0.260273	0.303147	0.135289	0.0117785
0.986894	0.260191	0.30307	0.135258	0.0117742
0.986894	0.260108	0.302993	0.135228	0.0117736
0.986894	0.260026	0.302915	0.135197	0.0117703
0.986894	0.259944	0.302838	0.135166	0.0117657
0.986894	0.259862	0.302761	0.135136	0.0117623
0.986894	0.25978	0.302683	0.135105	0.0117592
0.986894	0.259698	0.302606	0.135074	0.0117555
0.986894	0.259615	0.302529	0.135044	0.0117504
0.986894	0.259533	0.302451	0.135013	0.011742
0.986894	0.259451	0.302374	0.134982	0.0117315
0.986894	0.259369	0.302297	0.134952	0.0117314
0.986894	0.259287	0.302219	0.134921	0.0117285
0.986894	0.259204	0.302142	0.134891	0.0117183
0.986894	0.259122	0.302065	0.13486	0.0117126
0.986894	0.25904	0.301987	0.134829	0.011712
0.986894	0.258958	0.30191	0.134799	0.0117013
0.986894	0.258876	0.301833	0.134768	0.0116986
0.986894	0.258794	0.301755	0.134737	0.0116979
0.986894	0.258711	0.301678	0.134707	0.0116937
0.986894	0.258629	0.301601	0.134676	0.0116897
0.986894	0.258547	0.301523	0.134645	0.0116884
0.986894	0.258465	0.301446	0.134615	0.0116837
0.986894	0.258383	0.301369	0.134584	0.0116829
0.986894	0.2583	0.301291	0.134554	0.0116763
0.986894	0.258218	0.301214	0.134523	0.0116688
0.986894	0.258136	0.301137	0.134492	0.0116528
0.986894	0.258054	0.301059	0.134462	0.0116423
0.986894	0.257972	0.300982	0.134431	0.0116307
0.986894	0.25789	0.300905	0.1344	0.0116269
0.986894	0.257807	0.300827	0.13437	0.0116269
0.986894	0.257725	0.30075	0.134339	0.0116228
0.986894	0.257643	0.300673	0.134308	0.0116199
0.986894	0.257561	0.300595	0.134278	0.011614
0.986894	0.257479	0.300518	0.134247	0.0116117
0.986894	0.257396	0.300441	0.134216	0.0116092
0.986894	0.257314	0.300363	0.134186	0.011609
0.986894	0.257232	0.300286	0.134155	0.0116032
0.986894	0.25715	0.300209	0.134125	0.0115988
0.986894	0.257068	0.300131	0.134094	0.0115953
0.986894	0.256986	0.300054	0.134063	0.0115889
0.986894	0.256903	0.299977	0.134033	0.0115875
0.986894	0.256821	0.299899	0.134002	0.0115787
0.986894	0.256739	0.299822	0.133971	0.0115777
0.986894	0.256657	0.299745	0.133941	0.0115623
0.986894	0.256575	0.299667	0.13391	0.011559
0.986894	0.256492	0.29959	0.133879	0.0115557
0.986894	0.25641	0.299513	0.133849	0.0115436
0.986894	0.256328	0.299435	0.133818	0.0115409
0.986894	0.256246	0.299358	0.133787	0.0115355
0.986894	0.256164	0.299281	0.133757	0.0115349
0.986894	0.256082	0.299203	0.133726	0.0115255
0.986894	0.255999	0.299126	0.133695	0.0115118
0.986894	0.255917	0.299049	0.133665	0.0115101
0.986894	0.255835	0.298971	0.133634	0.0115095
0.986894	0.255753	0.298894	0.133603	0.0114989
0.986894	0.255671	0.298817	0.133573	0.0114983
0.986894	0.255588	0.298739	0.133542	0.0114968
0.986894	0.255506	0.298662	0.133511	0.0114966
0.986894	0.255424	0.298585	0.133481	0.0114936
0.986894	0.255342	0.298507	0.13345	0.0114928
0.986894	0.25526	0.29843	0.133419	0.0114836
0.986894	0.255178	0.298353	0.133389	0.0114826
0.986894	0.255095	0.298275	0.133358	0.0114726
0.986894	0.255013	0.298198	0.133327	0.0114698
0.986894	0.254931	0.298121	0.133297	0.0114687
0.986894	0.254849	0.298043	0.133266	0.011466
0.986894	0.254767	0.297966	0.133235	0.0114609
0.986894	0.254684	0.297889	0.133205	0.0114545
0.986894	0.254602	0.297811	0.133174	0.0114414
0.986894	0.25452	0.297734	0.133143	0.0114387
0.986894	0.254438	0.297657	0.133113	0.0114324
0.986894	0.254356	0.297579	0.133082	0.0114308
0.986894	0.254274	0.297502	0.133051	0.0114284
0.986894	0.254191	0.297425	0.133021	0.0114275
0.986894	0.254109	0.297347	0.13299	0.0114206
0.986894	0.254027	0.29727	0.132959	0.0114162
0.986894	0.253945	0.297193	0.132929	0.0114098
0.986894	0.253863	0.297115	0.132898	0.0114062
0.986894	0.25378	0.297038	0.132867	0.0113947
0.986894	0.253698	0.296961	0.132837	0.0113941
0.986894	0.253616	0.296883	0.132806	0.0113916
0.986894	0.253534	0.296806	0.132775	0.011389
0.986894	0.253452	0.296729	0.132744	0.0113844
0.986894	0.253369	0.296651	0.132714	0.0113821
0.986894	0.253287	0.296574	0.132683	0.0113818
0.986894	0.253205	0.296497	0.132652	0.0113817
0.986894	0.253123	0.296419	0.132622	0.0113796
0.986894	0.253041	0.296342	0.132591	0.0113782
0.986894	0.252959	0.296265	0.13256	0.0113768
0.986894	0.252876	0.296187	0.13253	0.0113654
0.986894	0.252794	0.29611	0.132499	0.0113614
0.988204	0.252794	0.296187	0.133238	0.0113594
0.988204	0.252712	0.29611	0.133208	0.0113521
0.988204	0.25263	0.296033	0.133177	0.0113519
0.988204	0.252548	0.295955	0.133146	0.0113504
0.988204	0.252465	0.295878	0.133116	0.0113493
0.988204	0.252383	0.295801	0.133085	0.0113473
0.988204	0.252301	0.295723	0.133055	0.011346
0.988204	0.252219	0.295646	0.133024	0.0113282
0.988204	0.252137	0.295569	0.132993	0.0113248
0.988204	0.252055	0.295491	0.132963	0.0113241
0.988204	0.251972	0.295414	0.132932	0.0113013
0.988204	0.25189	0.295337	0.132902	0.0112991
0.988204	0.251808	0.295259	0.132871	0.0112727
0.988204	0.251726	0.295182	0.13284	0.0112653
0.988204	0.251644	0.295105	0.13281	0.0112642
0.988204	0.251561	0.295027	0.132779	0.0112641
0.988204	0.251479	0.29495	0.132748	0.0112509
0.988204	0.251397	0.294873	0.132718	0.0112473
0.988204	0.251315	0.294795	0.132687	0.011242
0.988204	0.251233	0.294718	0.132657	0.0112372
0.988204	0.251151	0.294641	0.132626	0.0112302
0.988204	0.251068	0.294563	0.132595	0.0112293
0.988204	0.250986	0.294486	0.132565	0.0112127
0.988204	0.250904	0.294409	0.132534	0.0112051
0.988204	0.250822	0.294331	0.132503	0.011205
0.988204	0.25074	0.294254	0.132473	0.0112048
0.988204	0.250657	0.294177	0.132442	0.0112039
0.988204	0.250575	0.294099	0.132412	0.0112008
0.988204	0.250493	0.294022	0.132381	0.0111998
0.988204	0.250411	0.293945	0.13235	0.0111938
0.988204	0.250329	0.293867	0.13232	0.011187
0.988204	0.250247	0.29379	0.132289	0.0111866
0.988204	0.250164	0.293713	0.132258	0.0111783
0.988204	0.250082	0.293635	0.132228	0.0111638
0.988204	0.25	0.293558	0.132197	0.0111629
0.988204	0.249918	0.293481	0.132167	0.0111614
0.988204	0.249836	0.293403	0.132136	0.0111584
0.988204	0.249753	0.293326	0.132105	0.011153
0.988204	0.249671	0.293249	0.132075	0.011147
0.988204	0.249589	0.293171	0.132044	0.011147
0.988204	0.249507	0.293094	0.132013	0.011142
0.989515	0.249507	0.293171	0.132756	0.0111406
0.989515	0.249425	0.293094	0.132726	0.011137
0.989515	0.249343	0.293017	0.132695	0.0111239
0.989515	0.24926	0.292939	0.132665	0.0111237
0.989515	0.249178	0.292862	0.132634	0.0111131
0.989515	0.249096	0.292785	0.132604	0.0111056
0.989515	0.249014	0.292707	0.132573	0.0110991
0.989515	0.248932	0.29263	0.132542	0.0110951
0.989515	0.248849	0.292553	0.132512	0.0110938
0.989515	0.248767	0.292475	0.132481	0.0110864
0.989515	0.248685	0.292398	0.132451	0.0110844
0.989515	0.248603	0.292321	0.13242	0.0110797
0.989515	0.248521	0.292243	0.13239	0.0110793
0.989515	0.248439	0.292166	0.132359	0.0110765
0.989515	0.248356	0.292089	0.132328	0.0110733
0.989515	0.248274	0.292011	0.132298	0.0110692
0.989515	0.248192	0.291934	0.132267	0.011066
0.989515	0.24811	0.291857	0.132237	0.0110621
0.989515	0.248028	0.291779	0.132206	0.0110605
0.989515	0.247945	0.291702	0.132176	0.0110565
0.989515	0.247863	0.291625	0.132145	0.0110553
0.989515	0.247781	0.291547	0.132114	0.0110456
0.989515	0.247699	0.29147	0.132084	0.0110405
0.989515	0.247617	0.291393	0.132053	0.0110371
0.989515	0.247535	0.291315	0.132023	0.0110366
0.989515	0.247452	0.291238	0.131992	0.0110207
0.989515	0.24737	0.291161	0.131962	0.011013
0.989515	0.247288	0.291083	0.131931	0.0110128
0.989515	0.247206	0.291006	0.1319	0.0110119
0.989515	0.247124	0.290929	0.13187	0.0110085
0.989515	0.247041	0.290851	0.131839	0.011005
0.989515	0.246959	0.290774	0.131809	0.0110021
0.990826	0.246959	0.290851	0.132555	0.0109945
0.990826	0.246877	0.290774	0.132524	0.0109891
0.990826	0.246795	0.290697	0.132494	0.0109821
0.990826	0.246713	0.290619	0.132463	0.0109795
0.990826	0.246631	0.290542	0.132433	0.0109786
0.990826	0.246548	0.290465	0.132402	0.0109713
0.990826	0.246466	0.290387	0.132372	0.0109616
0.990826	0.246384	0.29031	0.132341	0.0109539
0.990826	0.246302	0.290233	0.132311	0.0109532
0.990826	0.24622	0.290155	0.13228	0.010941
0.990826	0.246137	0.290078	0.13225	0.0109401
0.990826	0.246055	0.290001	0.132219	0.0109374
0.990826	0.245973	0.289923	0.132189	0.0109308
0.990826	0.245891	0.289846	0.132158	0.0109229
0.990826	0.245809	0.289769	0.132128	0.0109194
0.990826	0.245726	0.289691	0.132097	0.0109174
0.990826	0.245644	0.289614	0.132067	0.010915
0.990826	0.245562	0.289537	0.132036	0.010904
0.990826	0.24548	0.289459	0.132006	0.0108949
0.990826	0.245398	0.289382	0.131975	0.0108842
0.990826	0.245316	0.289305	0.131945	0.0108824
0.990826	0.245233	0.289227	0.131914	0.0108788
0.990826	0.245151	0.28915	0.131884	0.0108783
0.990826	0.245069	0.289073	0.131853	0.0108672
0.990826	0.244987	0.288995	0.131823	0.0108593
0.990826	0.244905	0.288918	0.131792	0.0108542
0.990826	0.244822	0.288841	0.131762	0.0108527
0.990826	0.24474	0.288763	0.131731	0.0108472
0.990826	0.244658	0.288686	0.131701	0.0108428
0.990826	0.244576	0.288609	0.13167	0.0108394
0.990826	0.244494	0.288531	0.131639	0.0108347
0.990826	0.244412	0.288454	0.131609	0.0108208
0.990826	0.244329	0.288377	0.131578	0.0108183
0.990826	0.244247	0.288299	0.131548	0.0108151
0.990826	0.244165	0.288222	0.131517	0.0108104
0.990826	0.244083	0.288145	0.131487	0.0108049
0.990826	0.244001	0.288067	0.131456	0.0107971
0.990826	0.243918	0.28799	0.131426	0.0107908
0.990826	0.243836	0.287913	0.131395	0.0107796
0.990826	0.243754	0.287835	0.131365	0.0107793
0.990826	0.243672	0.287758	0.131334	0.010779
0.990826	0.24359	0.287681	0.131304	0.0107721
0.990826	0.243508	0.287603	0.131273	0.0107592
0.990826	0.243425	0.287526	0.131243	0.0107553
0.990826	0.243343	0.287449	0.131212	0.0107442
0.990826	0.243261	0.287371	0.131182	0.0107428
0.990826	0.243179	0.287294	0.131151	0.0107414
0.990826	0.243097	0.287217	0.131121	0.0107409
0.990826	0.243014	0.287139	0.13109	0.0107401
0.990826	0.242932	0.287062	0.131059	0.0107337
0.990826	0.24285	0.286985	0.131029	0.0107263
0.990826	0.242768	0.286907	0.130998	0.0107229
0.990826	0.242686	0.28683	0.130968	0.0107213
0.990826	0.242604	0.286753	0.130937	0.010719
0.990826	0.242521	0.286675	0.130907	0.0107106
0.990826	0.242439	0.286598	0.130876	0.0107103
0.990826	0.242357	0.286521	0.130846	0.0107028
0.990826	0.242275	0.286443	0.130815	0.0106919
0.990826	0.242193	0.286366	0.130785	0.010686
0.990826	0.24211	0.286289	0.130754	0.0106842
0.990826	0.242028	0.286211	0.130724	0.0106773
0.990826	0.241946	0.286134	0.130693	0.0106723
0.990826	0.241864	0.286057	0.130662	0.0106687
0.990826	0.241782	0.285979	0.130632	0.0106606
0.990826	0.2417	0.285902	0.130601	0.010652
0.990826	0.241617	0.285825	0.130571	0.0106492
0.990826	0.241535	0.285747	0.13054	0.0106471
0.990826	0.241453	0.28567	0.13051	0.0106467
0.990826	0.241371	0.285593	0.130479	0.010641
0.990826	0.241289	0.285515	0.130449	0.0106394
0.990826	0.241206	0.285438	0.130418	0.0106376
0.990826	0.241124	0.285361	0.130387	0.0106346
0.990826	0.241042	0.285283	0.130357	0.0106307
0.990826	0.24096	0.285206	0.130326	0.010625
0.990826	0.240878	0.285129	0.130296	0.0106244
0.990826	0.240796	0.285051	0.130265	0.0106125
0.990826	0.240713	0.284974	0.130235	0.0105917
0.990826	0.240631	0.284897	0.130204	0.0105885
0.990826	0.240549	0.284819	0.130174	0.0105862
0.990826	0.240467	0.284742	0.130143	0.0105817
0.990826	0.240385	0.284665	0.130112	0.0105801
0.990826	0.240302	0.284587	0.130082	0.0105758
0.990826	0.24022	0.28451	0.130051	0.0105588
0.990826	0.240138	0.284433	0.130021	0.0105468
0.990826	0.240056	0.284355	0.12999	0.0105428
0.990826	0.239974	0.284278	0.12996	0.0105426
0.990826	0.239892	0.284201	0.129929	0.0105416
0.990826	0.239809	0.284123	0.129898	0.0105326
0.992136	0.239809	0.284201	0.130652	0.0105177
0.992136	0.239727	0.284123	0.130622	0.0105172
0.992136	0.239645	0.284046	0.130591	0.0105144
0.992136	0.239563	0.283969	0.130561	0.0105136
0.992136	0.239481	0.283891	0.13053	0.0105129
0.992136	0.239398	0.283814	0.1305	0.0105031
0.992136	0.239316	0.283737	0.13047	0.0105014
0.992136	0.239234	0.283659	0.130439	0.0104988
0.992136	0.239152	0.283582	0.130409	0.0104969
0.992136	0.23907	0.283505	0.130378	0.0104716
0.992136	0.238988	0.283427	0.130348	0.0104681
0.992136	0.238905	0.28335	0.130317	0.0104661
0.992136	0.238823	0.283273	0.130287	0.0104515
0.992136	0.238741	0.283195	0.130256	0.0104508
0.992136	0.238659	0.283118	0.130226	0.0104505
0.992136	0.238577	0.283041	0.130195	0.0104497
0.992136	0.238494	0.282963	0.130165	0.0104464
0.992136	0.238412	0.282886	0.130134	0.0104418
0.992136	0.23833	0.282809	0.130104	0.0104271
0.992136	0.238248	0.282731	0.130073	0.0104199
0.992136	0.238166	0.282654	0.130043	0.0104164
0.992136	0.238083	0.282577	0.130012	0.0104137
0.992136	0.238001	0.282499	0.129982	0.0104103
0.992136	0.237919	0.282422	0.129951	0.0104055
0.992136	0.237837	0.282345	0.129921	0.0103915
0.992136	0.237755	0.282267	0.12989	0.0103913
0.992136	0.237673	0.28219	0.12986	0.0103907
0.992136	0.23759	0.282113	0.129829	0.0103874
0.992136	0.237508	0.282035	0.129799	0.0103856
0.992136	0.237426	0.281958	0.129768	0.0103843
0.992136	0.237344	0.281881	0.129738	0.0103842
0.992136	0.237262	0.281803	0.129707	0.0103817
0.992136	0.237179	0.281726	0.129677	0.0103773
0.992136	0.237097	0.281649	0.129646	0.0103773
0.992136	0.237015	0.281571	0.129616	0.0103693
0.992136	0.236933	0.281494	0.129585	0.0103633
0.992136	0.236851	0.281417	0.129554	0.0103581
0.992136	0.236769	0.281339	0.129524	0.0103562
0.992136	0.236686	0.281262	0.129493	0.0103503
0.992136	0.236604	0.281185	0.129463	0.0103476
0.992136	0.236522	0.281107	0.129432	0.0103466
0.992136	0.23644	0.28103	0.129402	0.0103418
0.992136	0.236358	0.280953	0.129371	0.0103373
0.992136	0.236275	0.280875	0.129341	0.0103361
0.992136	0.236193	0.280798	0.12931	0.0103349
0.992136	0.236111	0.280721	0.12928	0.0103319
0.992136	0.236029	0.280643	0.129249	0.0103207
0.992136	0.235947	0.280566	0.129219	0.0103122
0.992136	0.235865	0.280489	0.129188	0.0103112
0.992136	0.235782	0.280411	0.129158	0.0103033
0.992136	0.2357	0.280334	0.129127	0.0103007
0.992136	0.235618	0.280257	0.129097	0.0102957
0.992136	0.235536	0.280179	0.129066	0.0102836
0.992136	0.235454	0.280102	0.129036	0.0102785
0.992136	0.235371	0.280025	0.129005	0.0102741
0.992136	0.235289	0.279947	0.128974	0.010271
0.992136	0.235207	0.27987	0.128944	0.0102675
0.992136	0.235125	0.279793	0.128913	0.0102665
0.992136	0.235043	0.279715	0.128883	0.0102543
0.992136	0.234961	0.279638	0.128852	0.0102517
0.992136	0.234878	0.279561	0.128822	0.0102376
0.992136	0.234796	0.279483	0.128791	0.0102357
0.992136	0.234714	0.279406	0.128761	0.0102332
0.992136	0.234632	0.279329	0.12873	0.0102302
0.992136	0.23455	0.279251	0.1287	0.0102273
0.992136	0.234467	0.279174	0.128669	0.0102221
0.992136	0.234385	0.279097	0.128638	0.0102202
0.992136	0.234303	0.279019	0.128608	0.0102186
0.992136	0.234221	0.278942	0.128577	0.0102167
0.992136	0.234139	0.278865	0.128547	0.0102144
0.992136	0.234057	0.278787	0.128516	0.0102142
0.992136	0.233974	0.27871	0.128486	0.0102124
0.992136	0.233892	0.278633	0.128455	0.0102035
0.992136	0.23381	0.278555	0.128425	0.0102035
0.993447	0.23381	0.278633	0.129186	0.0101982
0.993447	0.233728	0.278555	0.129155	0.0101833
0.993447	0.233646	0.278478	0.129125	0.0101791
0.993447	0.233563	0.278401	0.129094	0.0101779
0.993447	0.233481	0.278323	0.129064	0.0101745
0.993447	0.233399	0.278246	0.129033	0.0101684
0.993447	0.233317	0.278169	0.129003	0.0101552
0.993447	0.233235	0.278091	0.128973	0.0101534
0.994758	0.233235	0.278169	0.129735	0.0101524
0.994758	0.233153	0.278091	0.129704	0.0101513
0.994758	0.23307	0.278014	0.129674	0.0101454
0.994758	0.232988	0.277937	0.129643	0.010143
0.994758	0.232906	0.277859	0.129613	0.0101429
0.994758	0.232824	0.277782	0.129583	0.0101412
0.994758	0.232742	0.277705	0.129552	0.01014
0.994758	0.232659	0.277627	0.129522	0.0101365
0.994758	0.232577	0.27755	0.129492	0.0101347
0.994758	0.232495	0.277473	0.129461	0.0101318
0.994758	0.232413	0.277395	0.129431	0.0101207
0.994758	0.232331	0.277318	0.1294	0.0101187
0.994758	0.232249	0.277241	0.12937	0.0101101
0.994758	0.232166	0.277163	0.12934	0.0101057
0.994758	0.232084	0.277086	0.129309	0.0100991
0.994758	0.232002	0.277009	0.129279	0.0100975
0.994758	0.23192	0.276931	0.129249	0.0100975
0.994758	0.231838	0.276854	0.129218	0.0100937
0.994758	0.231755	0.276777	0.129188	0.0100923
0.994758	0.231673	0.276699	0.129157	0.0100882
0.994758	0.231591	0.276622	0.129127	0.0100879
0.994758	0.231509	0.276545	0.129097	0.0100877
0.994758	0.231427	0.276467	0.129066	0.0100828
0.994758	0.231345	0.27639	0.129036	0.0100813
0.994758	0.231262	0.276313	0.129005	0.0100783
0.994758	0.23118	0.276235	0.128975	0.0100709
0.994758	0.231098	0.276158	0.128945	0.0100706
0.994758	0.231016	0.276081	0.128914	0.0100651
0.994758	0.230934	0.276003	0.128884	0.0100619
0.994758	0.230851	0.275926	0.128853	0.0100618
0.994758	0.230769	0.275849	0.128823	0.0100598
0.994758	0.230687	0.275771	0.128793	0.0100502
0.994758	0.230605	0.275694	0.128762	0.0100377
0.994758	0.230523	0.275617	0.128732	0.0100356
0.994758	0.23044	0.275539	0.128701	0.0100198
0.994758	0.230358	0.275462	0.128671	0.0100179
0.994758	0.230276	0.275385	0.128641	0.010005
0.994758	0.230194	0.275307	0.12861	0.0100026
0.994758	0.230112	0.27523	0.12858	0.00999679
0.994758	0.23003	0.275153	0.128549	0.00999465
0.994758	0.229947	0.275075	0.128519	0.00999451
0.994758	0.229865	0.274998	0.128489	0.00998613
0.994758	0.229783	0.274921	0.128458	0.00998508
0.994758	0.229701	0.274843	0.128428	0.00997723
0.994758	0.229619	0.274766	0.128397	0.00997699
0.994758	0.229536	0.274689	0.128367	0.00996564
0.994758	0.229454	0.274611	0.128336	0.00996341
0.994758	0.229372	0.274534	0.128306	0.00995877
0.994758	0.22929	0.274457	0.128276	0.00995016
0.994758	0.229208	0.274379	0.128245	0.00994835
0.994758	0.229126	0.274302	0.128215	0.00994651
0.994758	0.229043	0.274225	0.128184	0.00994596
0.994758	0.228961	0.274147	0.128154	0.00994425
0.994758	0.228879	0.27407	0.128123	0.00993219
0.994758	0.228797	0.273993	0.128093	0.00992692
0.994758	0.228715	0.273915	0.128063	0.00992486
0.994758	0.228632	0.273838	0.128032	0.00992101
0.994758	0.22855	0.273761	0.128002	0.00991867
0.994758	0.228468	0.273683	0.127971	0.00990771
0.994758	0.228386	0.273606	0.127941	0.00990246
0.994758	0.228304	0.273529	0.12791	0.00989863
0.994758	0.228222	0.273451	0.12788	0.00989835
0.994758	0.228139	0.273374	0.12785	0.0098976
0.994758	0.228057	0.273297	0.127819	0.00989132
0.994758	0.227975	0.273219	0.127789	0.00988583
0.994758	0.227893	0.273142	0.127758	0.00987256
0.994758	0.227811	0.273065	0.127728	0.00986923
0.994758	0.227728	0.272987	0.127697	0.00986709
0.994758	0.227646	0.27291	0.127667	0.00986389
0.994758	0.227564	0.272833	0.127636	0.00985872
0.994758	0.227482	0.272755	0.127606	0.00985487
0.994758	0.2274	0.272678	0.127576	0.00985011
0.994758	0.227318	0.272601	0.127545	0.00984849
0.994758	0.227235	0.272523	0.127515	0.00984352
0.994758	0.227153	0.272446	0.127484	0.00984131
0.994758	0.227071	0.272369	0.127454	0.00983821
0.994758	0.226989	0.272291	0.127423	0.00982976
0.994758	0.226907	0.272214	0.127393	0.00982688
0.994758	0.226824	0.272137	0.127362	0.00982607
0.994758	0.226742	0.272059	0.127332	0.00981734
0.994758	0.22666	0.271982	0.127301	0.00980749
0.994758	0.226578	0.271905	0.127271	0.0098053
0.994758	0.226496	0.271827	0.12724	0.00979787
0.994758	0.226414	0.27175	0.12721	0.00979427
0.994758	0.226331	0.271673	0.12718	0.00979208
0.994758	0.226249	0.271595	0.127149	0.00979042
0.994758	0.226167	0.271518	0.127119	0.00978234
0.994758	0.226085	0.271441	0.127088	0.00977349
0.994758	0.226003	0.271363	0.127058	0.00976947
0.994758	0.22592	0.271286	0.127027	0.00976777
0.994758	0.225838	0.271209	0.126997	0.00975946
0.994758	0.225756	0.271131	0.126966	0.00975345
0.994758	0.225674	0.271054	0.126936	0.00974957
0.994758	0.225592	0.270977	0.126905	0.00974916
0.994758	0.22551	0.270899	0.126875	0.00974856
0.994758	0.225427	0.270822	0.126844	0.00974201
0.994758	0.225345	0.270745	0.126814	0.00973392
0.994758	0.225263	0.270667	0.126783	0.00973219
0.994758	0.225181	0.27059	0.126753	0.00972923
0.994758	0.225099	0.270513	0.126722	0.00972672
0.994758	0.225016	0.270435	0.126692	0.00972521
0.994758	0.224934	0.270358	0.126661	0.0097239
0.994758	0.224852	0.270281	0.126631	0.00971625
0.994758	0.22477	0.270203	0.1266	0.00971493
0.994758	0.224688	0.270126	0.12657	0.00971435
0.994758	0.224606	0.270049	0.126539	0.00971371
0.994758	0.224523	0.269971	0.126509	0.00971026
0.994758	0.224441	0.269894	0.126478	0.00970383
0.994758	0.224359	0.269817	0.126448	0.00969746
0.994758	0.224277	0.269739	0.126417	0.00968972
0.994758	0.224195	0.269662	0.126387	0.00968166
0.994758	0.224112	0.269585	0.126356	0.00968111
0.994758	0.22403	0.269507	0.126326	0.00968012
0.994758	0.223948	0.26943	0.126295	0.00965837
0.994758	0.223866	0.269353	0.126265	0.00965583
0.994758	0.223784	0.269275	0.126234	0.00965481
0.994758	0.223702	0.269198	0.126204	0.00965479
0.994758	0.223619	0.269121	0.126173	0.00965189
0.994758	0.223537	0.269043	0.126143	0.00964724
0.994758	0.223455	0.268966	0.126112	0.00964563
0.994758	0.223373	0.268889	0.126082	0.00963895
0.994758	0.223291	0.268811	0.126051	0.0096358
0.994758	0.223208	0.268734	0.126021	0.00963508
0.994758	0.223126	0.268657	0.12599	0.0096327
0.994758	0.223044	0.268579	0.12596	0.00963266
0.994758	0.222962	0.268502	0.125929	0.00962549
0.994758	0.22288	0.268425	0.125899	0.00962259
0.994758	0.222798	0.268347	0.125868	0.00962085
0.994758	0.222715	0.26827	0.125838	0.00961786
0.994758	0.222633	0.268193	0.125807	0.00961429
0.994758	0.222551	0.268115	0.125777	0.00961035
0.994758	0.222469	0.268038	0.125746	0.00960997
0.994758	0.222387	0.267961	0.125715	0.00960411
0.994758	0.222304	0.267883	0.125685	0.00960287
0.994758	0.222222	0.267806	0.125654	0.00959756
0.994758	0.22214	0.267729	0.125624	0.00959411
0.994758	0.222058	0.267651	0.125593	0.00959346
0.994758	0.221976	0.267574	0.125563	0.00959341
0.994758	0.221893	0.267497	0.125532	0.00959026
0.994758	0.221811	0.267419	0.125502	0.00959012
0.994758	0.221729	0.267342	0.125471	0.0095876
0.994758	0.221647	0.267265	0.125441	0.0095855
0.994758	0.221565	0.267187	0.12541	0.00958373
0.994758	0.221483	0.26711	0.125379	0.00958106
0.994758	0.2214	0.267033	0.125349	0.00958093
0.994758	0.221318	0.266955	0.125318	0.00957855
0.994758	0.221236	0.266878	0.125288	0.00957742
0.994758	0.221154	0.266801	0.125257	0.00957725
0.994758	0.221072	0.266723	0.125227	0.00957723
0.994758	0.220989	0.266646	0.125196	0.00957374
0.994758	0.220907	0.266569	0.125166	0.00956729
0.994758	0.220825	0.266491	0.125135	0.00956144
0.994758	0.220743	0.266414	0.125104	0.00955263
0.994758	0.220661	0.266337	0.125074	0.00954952
0.994758	0.220579	0.266259	0.125043	0.00954413
0.994758	0.220496	0.266182	0.125013	0.00954348
0.994758	0.220414	0.266105	0.124982	0.00953377
0.994758	0.220332	0.266027	0.124952	0.0095299
0.994758	0.22025	0.26595	0.124921	0.00951847
0.994758	0.220168	0.265873	0.12489	0.00951778
0.994758	0.220085	0.265795	0.12486	0.00951018
0.994758	0.220003	0.265718	0.124829	0.00950858
0.994758	0.219921	0.265641	0.124799	0.00950838
0.994758	0.219839	0.265563	0.124768	0.00950129
0.994758	0.219757	0.265486	0.124738	0.00949966
0.994758	0.219675	0.265409	0.124707	0.0094988
0.994758	0.219592	0.265331	0.124676	0.00949747
0.994758	0.21951	0.265254	0.124646	0.00949371
0.994758	0.219428	0.265177	0.124615	0.00948483
0.994758	0.219346	0.265099	0.124585	0.00947877
0.994758	0.219264	0.265022	0.124554	0.00947003
0.994758	0.219181	0.264945	0.124523	0.00946972
0.994758	0.219099	0.264867	0.124493	0.00946822
0.994758	0.219017	0.26479	0.124462	0.00946625
0.994758	0.218935	0.264713	0.124432	0.00946151
0.994758	0.218853	0.264635	0.124401	0.00946
0.994758	0.218771	0.264558	0.12437	0.00945949
0.994758	0.218688	0.264481	0.12434	0.0094587
0.994758	0.218606	0.264403	0.124309	0.00945675
0.994758	0.218524	0.264326	0.124279	0.00945459
0.994758	0.218442	0.264249	0.124248	0.00945444
0.994758	0.21836	0.264171	0.124217	0.00944821
0.994758	0.218277	0.264094	0.124187	0.0094461
0.994758	0.218195	0.264017	0.124156	0.00944233
0.994758	0.218113	0.263939	0.124126	0.00943493
0.994758	0.218031	0.263862	0.124095	0.0094336
0.994758	0.217949	0.263785	0.124064	0.00942999
0.994758	0.217867	0.263707	0.124034	0.00942836
0.994758	0.217784	0.26363	0.124003	0.00942802
0.994758	0.217702	0.263553	0.123973	0.00942591
0.994758	0.21762	0.263475	0.123942	0.00941915
0.994758	0.217538	0.263398	0.123911	0.00941866
0.994758	0.217456	0.263321	0.123881	0.00940945
0.994758	0.217373	0.263243	0.12385	0.00940671
0.994758	0.217291	0.263166	0.123819	0.0094026
0.994758	0.217209	0.263089	0.123789	0.00940015
0.994758	0.217127	0.263011	0.123758	0.0093957
0.994758	0.217045	0.262934	0.123728	0.00938732
0.994758	0.216963	0.262857	0.123697	0.00938326
0.994758	0.21688	0.262779	0.123666	0.00938111
0.994758	0.216798	0.262702	0.123636	0.00937409
0.994758	0.216716	0.262625	0.123605	0.00936681
0.994758	0.216634	0.262547	0.123574	0.00936382
0.994758	0.216552	0.26247	0.123544	0.00935779
0.994758	0.216469	0.262393	0.123513	0.00935618
0.994758	0.216387	0.262315	0.123482	0.00934789
0.994758	0.216305	0.262238	0.123452	0.00934777
0.994758	0.216223	0.262161	0.123421	0.00933998
0.994758	0.216141	0.262083	0.12339	0.00933848
0.994758	0.216059	0.262006	0.12336	0.00933124
0.994758	0.215976	0.261929	0.123329	0.00932607
0.994758	0.215894	0.261851	0.123298	0.00932552
0.994758	0.215812	0.261774	0.123268	0.00932341
0.994758	0.21573	0.261697	0.123237	0.00932092
0.994758	0.215648	0.261619	0.123207	0.00931113
0.994758	0.215565	0.261542	0.123176	0.00930668
0.994758	0.215483	0.261465	0.123145	0.0093058
0.994758	0.215401	0.261387	0.123115	0.00929785
0.994758	0.215319	0.26131	0.123084	0.00928898
0.994758	0.215237	0.261233	0.123053	0.00928564
0.994758	0.215155	0.261155	0.123023	0.00927986
0.994758	0.215072	0.261078	0.122992	0.00927436
0.994758	0.21499	0.261001	0.122961	0.00927068
0.994758	0.214908	0.260923	0.12293	0.00926397
0.994758	0.214826	0.260846	0.1229	0.00925549
0.994758	0.214744	0.260769	0.122869	0.00924871
0.994758	0.214661	0.260691	0.122838	0.0092472
0.994758	0.214579	0.260614	0.122808	0.00924564
0.994758	0.214497	0.260537	0.122777	0.00924315
0.994758	0.214415	0.260459	0.122746	0.0092328
0.994758	0.214333	0.260382	0.122716	0.00922829
0.994758	0.21425	0.260305	0.122685	0.00922455
0.994758	0.214168	0.260227	0.122654	0.00922276
0.994758	0.214086	0.26015	0.122624	0.00922061
0.994758	0.214004	0.260073	0.122593	0.00921903
0.994758	0.213922	0.259995	0.122562	0.00921795
0.994758	0.21384	0.259918	0.122532	0.00921621
0.994758	0.213757	0.259841	0.122501	0.00921203
0.994758	0.213675	0.259763	0.12247	0.00920962
0.994758	0.213593	0.259686	0.122439	0.00919736
0.994758	0.213511	0.259609	0.122409	0.00918318
0.994758	0.213429	0.259531	0.122378	0.00918268
0.994758	0.213346	0.259454	0.122347	0.00917898
0.994758	0.213264	0.259377	0.122317	0.00917813
0.994758	0.213182	0.259299	0.122286	0.00917536
0.994758	0.2131	0.259222	0.122255	0.00917523
0.994758	0.213018	0.259145	0.122224	0.00917124
0.994758	0.212936	0.259067	0.122194	0.00916492
0.994758	0.212853	0.25899	0.122163	0.00916241
0.994758	0.212771	0.258913	0.122132	0.00915777
0.994758	0.212689	0.258835	0.122102	0.00915364
0.994758	0.212607	0.258758	0.122071	0.0091441
0.994758	0.212525	0.258681	0.12204	0.00914156
0.994758	0.212442	0.258603	0.122009	0.00913512
0.994758	0.21236	0.258526	0.121979	0.00913209
0.994758	0.212278	0.258449	0.121948	0.00912183
0.994758	0.212196	0.258371	0.121917	0.00911815
0.994758	0.212114	0.258294	0.121886	0.0091141
0.994758	0.212032	0.258217	0.121856	0.00910942
0.994758	0.211949	0.258139	0.121825	0.00910694
0.994758	0.211867	0.258062	0.121794	0.00910479
0.994758	0.211785	0.257985	0.121764	0.00909701
0.994758	0.211703	0.257907	0.121733	0.0090959
0.994758	0.211621	0.25783	0.121702	0.00908805
0.994758	0.211538	0.257753	0.121671	0.00908369
0.994758	0.211456	0.257675	0.121641	0.0090656
0.994758	0.211374	0.257598	0.12161	0.00906489
0.994758	0.211292	0.257521	0.121579	0.00905888
0.994758	0.21121	0.257443	0.121548	0.00905308
0.994758	0.211128	0.257366	0.121518	0.00904016
0.994758	0.211045	0.257289	0.121487	0.00903872
0.994758	0.210963	0.257211	0.121456	0.00903771
0.994758	0.210881	0.257134	0.121425	0.00903518
0.994758	0.210799	0.257057	0.121394	0.00903491
0.994758	0.210717	0.256979	0.121364	0.0090343
0.994758	0.210634	0.256902	0.121333	0.00903347
0.994758	0.210552	0.256825	0.121302	0.00903052
0.994758	0.21047	0.256747	0.121271	0.00902923
0.994758	0.210388	0.25667	0.121241	0.00902006
0.994758	0.210306	0.256593	0.12121	0.00901722
0.994758	0.210224	0.256515	0.121179	0.00901444
0.994758	0.210141	0.256438	0.121148	0.00900892
0.994758	0.210059	0.256361	0.121118	0.0090088
0.994758	0.209977	0.256283	0.121087	0.00900738
0.994758	0.209895	0.256206	0.121056	0.00900093
0.994758	0.209813	0.256129	0.121025	0.00899986
0.994758	0.20973	0.256051	0.120994	0.00899857
0.994758	0.209648	0.255974	0.120964	0.0089933
0.994758	0.209566	0.255897	0.120933	0.00898679
0.994758	0.209484	0.255819	0.120902	0.00898277
0.994758	0.209402	0.255742	0.120871	0.00898256
0.994758	0.20932	0.255665	0.12084	0.0089824
0.994758	0.209237	0.255587	0.12081	0.00897995
0.994758	0.209155	0.25551	0.120779	0.00896839
0.994758	0.209073	0.255433	0.120748	0.00895603
0.994758	0.208991	0.255355	0.120717	0.00895169
0.994758	0.208909	0.255278	0.120686	0.00894905
0.994758	0.208826	0.255201	0.120656	0.00894536
0.994758	0.208744	0.255123	0.120625	0.00892786
0.994758	0.208662	0.255046	0.120594	0.00892703
0.994758	0.20858	0.254969	0.120563	0.00892629
0.994758	0.208498	0.254891	0.120532	0.00892574
0.994758	0.208416	0.254814	0.120501	0.00892389
0.994758	0.208333	0.254737	0.120471	0.00891365
0.994758	0.208251	0.254659	0.12044	0.00890034
0.994758	0.208169	0.254582	0.120409	0.0088994
0.994758	0.208087	0.254505	0.120378	0.00889523
0.994758	0.208005	0.254427	0.120347	0.00889206
0.994758	0.207922	0.25435	0.120317	0.0088907
0.994758	0.20784	0.254273	0.120286	0.0088839
0.994758	0.207758	0.254195	0.120255	0.00887444
0.994758	0.207676	0.254118	0.120224	0.0088723
0.994758	0.207594	0.254041	0.120193	0.00886764
0.994758	0.207512	0.253963	0.120162	0.00886692
0.994758	0.207429	0.253886	0.120132	0.00886529
0.994758	0.207347	0.253809	0.120101	0.00885804
0.994758	0.207265	0.253731	0.12007	0.00885573
0.994758	0.207183	0.253654	0.120039	0.00885163
0.994758	0.207101	0.253577	0.120008	0.00885063
0.994758	0.207018	0.253499	0.119977	0.00884965
0.994758	0.206936	0.253422	0.119946	0.0088388
0.994758	0.206854	0.253345	0.119916	0.00883113
0.994758	0.206772	0.253267	0.119885	0.0088236
0.994758	0.20669	0.25319	0.119854	0.00881874
0.994758	0.206607	0.253113	0.119823	0.00881855
0.994758	0.206525	0.253035	0.119792	0.00881426
0.994758	0.206443	0.252958	0.119761	0.00880427
0.994758	0.206361	0.252881	0.11973	0.00878989
0.994758	0.206279	0.252803	0.1197	0.00878516
0.994758	0.206197	0.252726	0.119669	0.00877599
0.994758	0.206114	0.252649	0.119638	0.00877541
0.994758	0.206032	0.252571	0.119607	0.00877378
0.994758	0.20595	0.252494	0.119576	0.00877281
0.994758	0.205868	0.252417	0.119545	0.00877139
0.994758	0.205786	0.252339	0.119514	0.00877059
0.994758	0.205703	0.252262	0.119483	0.00876731
0.994758	0.205621	0.252185	0.119452	0.00876244
0.994758	0.205539	0.252107	0.119422	0.00875816
0.994758	0.205457	0.25203	0.119391	0.00875157
0.994758	0.205375	0.251953	0.11936	0.00874472
0.994758	0.205293	0.251875	0.119329	0.00874188
0.994758	0.20521	0.251798	0.119298	0.00874031
0.994758	0.205128	0.251721	0.119267	0.00873649
0.994758	0.205046	0.251643	0.119236	0.00873386
0.994758	0.204964	0.251566	0.119205	0.00872403
0.994758	0.204882	0.251489	0.119174	0.00872355
0.994758	0.204799	0.251411	0.119143	0.0087232
0.994758	0.204717	0.251334	0.119113	0.00871983
0.994758	0.204635	0.251257	0.119082	0.00871922
0.994758	0.204553	0.251179	0.119051	0.00871851
0.994758	0.204471	0.251102	0.11902	0.00871419
0.994758	0.204389	0.251025	0.118989	0.0087133
0.994758	0.204306	0.250947	0.118958	0.00871294
0.994758	0.204224	0.25087	0.118927	0.00871022
0.994758	0.204142	0.250793	0.118896	0.00870778
0.994758	0.20406	0.250715	0.118865	0.00870733
0.994758	0.203978	0.250638	0.118834	0.00870175
0.994758	0.203895	0.250561	0.118803	0.00869527
0.994758	0.203813	0.250483	0.118772	0.00868982
0.994758	0.203731	0.250406	0.118742	0.00868752
0.994758	0.203649	0.250329	0.118711	0.00868297
0.994758	0.203567	0.250251	0.11868	0.0086811
0.994758	0.203485	0.250174	0.118649	0.00867898
0.994758	0.203402	0.250097	0.118618	0.0086755
0.994758	0.20332	0.250019	0.118587	0.00867449
0.994758	0.203238	0.249942	0.118556	0.00867271
0.994758	0.203156	0.249865	0.118525	0.00867089
0.994758	0.203074	0.249787	0.118494	0.00867078
0.994758	0.202991	0.24971	0.118463	0.00866659
0.994758	0.202909	0.249633	0.118432	0.0086585
0.994758	0.202827	0.249555	0.118401	0.00865256
0.994758	0.202745	0.249478	0.11837	0.008647
0.994758	0.202663	0.249401	0.118339	0.00864361
0.994758	0.202581	0.249323	0.118308	0.00864084
0.994758	0.202498	0.249246	0.118277	0.00864023
0.994758	0.202416	0.249169	0.118246	0.00863913
0.994758	0.202334	0.249091	0.118215	0.00863159
0.994758	0.202252	0.249014	0.118184	0.00862837
0.994758	0.20217	0.248937	0.118153	0.00862832
0.994758	0.202087	0.248859	0.118122	0.0086151
0.994758	0.202005	0.248782	0.118091	0.00861389
0.994758	0.201923	0.248705	0.11806	0.00861042
0.994758	0.201841	0.248627	0.118029	0.00860876
0.994758	0.201759	0.24855	0.117998	0.00860078
0.994758	0.201677	0.248473	0.117967	0.00859945
0.994758	0.201594	0.248395	0.117936	0.00859039
0.994758	0.201512	0.248318	0.117905	0.00858647
0.994758	0.20143	0.248241	0.117874	0.00858428
0.994758	0.201348	0.248163	0.117843	0.00858246
0.994758	0.201266	0.248086	0.117812	0.00858126
0.994758	0.201183	0.248009	0.117781	0.00857241
0.994758	0.201101	0.247931	0.11775	0.00856617
0.994758	0.201019	0.247854	0.117719	0.0085641
0.994758	0.200937	0.247777	0.117688	0.00855816
0.994758	0.200855	0.247699	0.117657	0.00855377
0.994758	0.200773	0.247622	0.117626	0.00854948
0.994758	0.20069	0.247545	0.117595	0.00854058
0.994758	0.200608	0.247467	0.117564	0.00853483
0.994758	0.200526	0.24739	0.117533	0.00852529
0.994758	0.200444	0.247313	0.117502	0.00851937
0.994758	0.200362	0.247235	0.117471	0.00851745
0.994758	0.200279	0.247158	0.11744	0.00851724
0.994758	0.200197	0.247081	0.117409	0.00851699
0.994758	0.200115	0.247003	0.117378	0.0085168
0.994758	0.200033	0.246926	0.117347	0.00851589
0.994758	0.199951	0.246849	0.117316	0.00850321
0.994758	0.199869	0.246771	0.117285	0.00850093
0.994758	0.199786	0.246694	0.117254	0.00849052
0.994758	0.199704	0.246617	0.117223	0.00848958
0.994758	0.199622	0.246539	0.117192	0.00848607
0.994758	0.19954	0.246462	0.117161	0.00848576
0.994758	0.199458	0.246385	0.11713	0.00848558
0.994758	0.199375	0.246307	0.117099	0.00848407
0.994758	0.199293	0.24623	0.117068	0.00848048
0.994758	0.199211	0.246153	0.117037	0.00847776
0.994758	0.199129	0.246075	0.117006	0.00847391
0.994758	0.199047	0.245998	0.116975	0.00846755
0.994758	0.198964	0.245921	0.116944	0.0084641
0.994758	0.198882	0.245843	0.116912	0.00845825
0.994758	0.1988	0.245766	0.116881	0.00845001
0.994758	0.198718	0.245689	0.11685	0.00843809
0.994758	0.198636	0.245611	0.116819	0.00843609
0.994758	0.198554	0.245534	0.116788	0.00842908
0.994758	0.198471	0.245457	0.116757	0.00842576
0.994758	0.198389	0.245379	0.116726	0.0084235
0.994758	0.198307	0.245302	0.116695	0.00841768
0.994758	0.198225	0.245225	0.116664	0.00841702
0.994758	0.198143	0.245147	0.116633	0.0083931
0.994758	0.19806	0.24507	0.116602	0.00838948
0.994758	0.197978	0.244993	0.116571	0.00838847
0.994758	0.197896	0.244915	0.11654	0.00838726
0.994758	0.197814	0.244838	0.116508	0.00838701
0.994758	0.197732	0.244761	0.116477	0.00837714
0.994758	0.19765	0.244683	0.116446	0.00837522
0.994758	0.197567	0.244606	0.116415	0.00837297
0.994758	0.197485	0.244529	0.116384	0.00836319
0.994758	0.197403	0.244451	0.116353	0.00836267
0.994758	0.197321	0.244374	0.116322	0.00835951
0.994758	0.197239	0.244297	0.116291	0.00835906
0.994758	0.197156	0.244219	0.11626	0.00835884
0.994758	0.197074	0.244142	0.116228	0.00835485
0.994758	0.196992	0.244065	0.116197	0.00835067
0.994758	0.19691	0.243987	0.116166	0.00834735
0.994758	0.196828	0.24391	0.116135	0.00834705
0.994758	0.196746	0.243833	0.116104	0.00834346
0.994758	0.196663	0.243755	0.116073	0.00833939
0.994758	0.196581	0.243678	0.116042	0.00833511
0.994758	0.196499	0.243601	0.116011	0.00833432
0.994758	0.196417	0.243523	0.115979	0.00832547
0.994758	0.196335	0.243446	0.115948	0.00832002
0.994758	0.196252	0.243369	0.115917	0.00831732
0.994758	0.19617	0.243291	0.115886	0.00831598
0.994758	0.196088	0.243214	0.115855	0.008314
0.994758	0.196006	0.243137	0.115824	0.00831119
0.994758	0.195924	0.243059	0.115793	0.00831025
0.994758	0.195842	0.242982	0.115761	0.00830177
0.994758	0.195759	0.242905	0.11573	0.00829982
0.994758	0.195677	0.242827	0.115699	0.00829046
0.994758	0.195595	0.24275	0.115668	0.00827808
0.994758	0.195513	0.242673	0.115637	0.00827561
0.994758	0.195431	0.242595	0.115606	0.0082744
0.994758	0.195348	0.242518	0.115574	0.00827208
0.994758	0.195266	0.242441	0.115543	0.00826742
0.994758	0.195184	0.242363	0.115512	0.00826739
0.994758	0.195102	0.242286	0.115481	0.00826157
0.994758	0.19502	0.242209	0.11545	0.00825091
0.994758	0.194938	0.242131	0.115419	0.00824738
0.994758	0.194855	0.242054	0.115387	0.0082437
0.994758	0.194773	0.241977	0.115356	0.00823117
0.994758	0.194691	0.241899	0.115325	0.00823116
0.994758	0.194609	0.241822	0.115294	0.00823108
0.994758	0.194527	0.241745	0.115263	0.00822767
0.994758	0.194444	0.241667	0.115231	0.00822597
0.994758	0.194362	0.24159	0.1152	0.00822025
0.994758	0.19428	0.241513	0.115169	0.00821792
0.994758	0.194198	0.241435	0.115138	0.0082147
0.994758	0.194116	0.241358	0.115107	0.00820918
0.994758	0.194034	0.241281	0.115075	0.00820858
0.994758	0.193951	0.241203	0.115044	0.008206
0.994758	0.193869	0.241126	0.115013	0.00819922
0.994758	0.193787	0.241049	0.114982	0.00819866
0.994758	0.193705	0.240971	0.114951	0.00819724
0.994758	0.193623	0.240894	0.114919	0.00819639
0.994758	0.19354	0.240817	0.114888	0.00819441
0.994758	0.193458	0.240739	0.114857	0.00819352
0.994758	0.193376	0.240662	0.114826	0.00819269
0.994758	0.193294	0.240585	0.114794	0.0081921
0.994758	0.193212	0.240507	0.114763	0.00818772
0.994758	0.19313	0.24043	0.114732	0.00817902
0.994758	0.193047	0.240353	0.114701	0.00817884
0.994758	0.192965	0.240275	0.114669	0.00817546
0.994758	0.192883	0.240198	0.114638	0.00817128
0.994758	0.192801	0.240121	0.114607	0.008161
0.994758	0.192719	0.240043	0.114576	0.00814347
0.994758	0.192636	0.239966	0.114544	0.00814172
0.994758	0.192554	0.239889	0.114513	0.00814032
0.994758	0.192472	0.239811	0.114482	0.00813624
0.994758	0.19239	0.239734	0.114451	0.00813347
0.994758	0.192308	0.239657	0.114419	0.00812996
0.994758	0.192226	0.239579	0.114388	0.00812427
0.994758	0.192143	0.239502	0.114357	0.00812077
0.994758	0.192061	0.239425	0.114326	0.0081155
0.994758	0.191979	0.239347	0.114294	0.00809765
0.994758	0.191897	0.23927	0.114263	0.00809741
0.994758	0.191815	0.239193	0.114232	0.00809241
0.994758	0.191732	0.239115	0.1142	0.00809061
0.994758	0.19165	0.239038	0.114169	0.0080901
0.994758	0.191568	0.238961	0.114138	0.00808592
0.994758	0.191486	0.238883	0.114107	0.00808584
0.994758	0.191404	0.238806	0.114075	0.0080856
0.994758	0.191321	0.238729	0.114044	0.00807731
0.994758	0.191239	0.238651	0.114013	0.00807561
0.994758	0.191157	0.238574	0.113981	0.00807268
0.994758	0.191075	0.238497	0.11395	0.00806605
0.994758	0.190993	0.238419	0.113919	0.00806568
0.994758	0.190911	0.238342	0.113888	0.00806192
0.994758	0.190828	0.238265	0.113856	0.00806112
0.994758	0.190746	0.238187	0.113825	0.00805831
0.994758	0.190664	0.23811	0.113794	0.00805721
0.994758	0.190582	0.238033	0.113762	0.00805189
0.994758	0.1905	0.237955	0.113731	0.00805073
0.994758	0.190417	0.237878	0.1137	0.00804045
0.994758	0.190335	0.237801	0.113668	0.00804036
0.994758	0.190253	0.237723	0.113637	0.00803788
0.994758	0.190171	0.237646	0.113606	0.00802856
0.994758	0.190089	0.237569	0.113574	0.00802693
0.994758	0.190007	0.237491	0.113543	0.00802584
0.994758	0.189924	0.237414	0.113512	0.00802579
0.994758	0.189842	0.237337	0.11348	0.00800765
0.994758	0.18976	0.237259	0.113449	0.00800295
0.994758	0.189678	0.237182	0.113418	0.0080019
0.994758	0.189596	0.237105	0.113386	0.00799844
0.994758	0.189513	0.237027	0.113355	0.00799613
0.994758	0.189431	0.23695	0.113324	0.00798121
0.994758	0.189349	0.236873	0.113292	0.00798104
0.994758	0.189267	0.236795	0.113261	0.0079758
0.994758	0.189185	0.236718	0.113229	0.00797102
0.994758	0.189103	0.236641	0.113198	0.0079708
0.994758	0.18902	0.236563	0.113167	0.00796349
0.994758	0.188938	0.236486	0.113135	0.007961
0.994758	0.188856	0.236409	0.113104	0.0079548
0.994758	0.188774	0.236331	0.113073	0.00794456
0.994758	0.188692	0.236254	0.113041	0.00794333
0.994758	0.188609	0.236177	0.11301	0.00794009
0.994758	0.188527	0.236099	0.112978	0.00793671
0.994758	0.188445	0.236022	0.112947	0.00793499
0.994758	0.188363	0.235945	0.112916	0.00793434
0.994758	0.188281	0.235867	0.112884	0.00793373
0.994758	0.188199	0.23579	0.112853	0.00793079
0.994758	0.188116	0.235713	0.112821	0.00792946
0.994758	0.188034	0.235635	0.11279	0.00792801
0.994758	0.187952	0.235558	0.112759	0.00792758
0.994758	0.18787	0.235481	0.112727	0.0079261
0.994758	0.187788	0.235403	0.112696	0.00792416
0.994758	0.187705	0.235326	0.112664	0.00792099
0.994758	0.187623	0.235249	0.112633	0.00791974
0.994758	0.187541	0.235171	0.112602	0.00791873
0.994758	0.187459	0.235094	0.11257	0.00791331
0.994758	0.187377	0.235017	0.112539	0.00791329
0.994758	0.187295	0.234939	0.112507	0.00791225
0.994758	0.187212	0.234862	0.112476	0.00790963
0.994758	0.18713	0.234785	0.112444	0.00790586
0.994758	0.187048	0.234707	0.112413	0.00790509
0.994758	0.186966	0.23463	0.112382	0.0079045
0.994758	0.186884	0.234553	0.11235	0.00790015
0.994758	0.186801	0.234475	0.112319	0.00789661
0.994758	0.186719	0.234398	0.112287	0.00789206
0.994758	0.186637	0.234321	0.112256	0.007892
0.994758	0.186555	0.234243	0.112224	0.00788977
0.994758	0.186473	0.234166	0.112193	0.00788744
0.994758	0.186391	0.234089	0.112161	0.00788438
0.994758	0.186308	0.234011	0.11213	0.00787503
0.994758	0.186226	0.233934	0.112098	0.00787203
0.996068	0.186226	0.234011	0.11293	0.0078716
0.996068	0.186144	0.233934	0.112898	0.0078706
0.996068	0.186062	0.233857	0.112867	0.0078689
0.996068	0.18598	0.233779	0.112836	0.00786603
0.996068	0.185897	0.233702	0.112804	0.00785496
0.996068	0.185815	0.233625	0.112773	0.00785135
0.996068	0.185733	0.233547	0.112742	0.00784901
0.996068	0.185651	0.23347	0.11271	0.00784499
0.996068	0.185569	0.233393	0.112679	0.00784039
0.996068	0.185487	0.233315	0.112648	0.00782764
0.996068	0.185404	0.233238	0.112616	0.0078275
0.996068	0.185322	0.233161	0.112585	0.00781955
0.996068	0.18524	0.233083	0.112554	0.00781665
0.996068	0.185158	0.233006	0.112522	0.00780828
0.996068	0.185076	0.232929	0.112491	0.00780265
0.996068	0.184993	0.232851	0.11246	0.00779793
0.996068	0.184911	0.232774	0.112428	0.00779792
0.996068	0.184829	0.232697	0.112397	0.00778332
0.996068	0.184747	0.232619	0.112366	0.00778271
0.996068	0.184665	0.232542	0.112334	0.00778037
0.996068	0.184583	0.232465	0.112303	0.00777801
0.996068	0.1845	0.232387	0.112271	0.00777352
0.996068	0.184418	0.23231	0.11224	0.00777072
0.996068	0.184336	0.232233	0.112209	0.00775604
0.996068	0.184254	0.232155	0.112177	0.00775549
0.996068	0.184172	0.232078	0.112146	0.00774815
0.996068	0.184089	0.232001	0.112114	0.00774216
0.996068	0.184007	0.231923	0.112083	0.00774034
0.996068	0.183925	0.231846	0.112052	0.00773997
0.996068	0.183843	0.231769	0.11202	0.00773795
0.997379	0.183843	0.231846	0.112856	0.0077328
0.997379	0.183761	0.231769	0.112825	0.00771307
0.997379	0.183679	0.231691	0.112794	0.00771142
0.997379	0.183596	0.231614	0.112762	0.00770267
0.997379	0.183514	0.231537	0.112731	0.00769817
0.997379	0.183432	0.231459	0.1127	0.00769643
0.997379	0.18335	0.231382	0.112669	0.00768429
0.997379	0.183268	0.231305	0.112637	0.00768392
0.997379	0.183185	0.231227	0.112606	0.00768374
0.997379	0.183103	0.23115	0.112575	0.00767819
0.997379	0.183021	0.231073	0.112544	0.00767366
0.997379	0.182939	0.230995	0.112512	0.00767296
0.997379	0.182857	0.230918	0.112481	0.00767064
0.997379	0.182774	0.230841	0.11245	0.00766945
0.997379	0.182692	0.230763	0.112418	0.00766591
0.997379	0.18261	0.230686	0.112387	0.00766399
0.997379	0.182528	0.230609	0.112356	0.00766341
0.997379	0.182446	0.230531	0.112324	0.00765628
0.997379	0.182364	0.230454	0.112293	0.00765571
0.997379	0.182281	0.230377	0.112262	0.0076426
0.997379	0.182199	0.230299	0.112231	0.00764226
0.997379	0.182117	0.230222	0.112199	0.00760566
0.997379	0.182035	0.230145	0.112168	0.00760042
0.997379	0.181953	0.230067	0.112137	0.00759992
0.997379	0.18187	0.22999	0.112105	0.00759829
0.997379	0.181788	0.229913	0.112074	0.00759571
0.997379	0.181706	0.229835	0.112043	0.00759024
0.997379	0.181624	0.229758	0.112011	0.00758195
0.997379	0.181542	0.229681	0.11198	0.00757976
0.997379	0.18146	0.229603	0.111949	0.00757607
0.997379	0.181377	0.229526	0.111917	0.00757443
0.997379	0.181295	0.229449	0.111886	0.00757127
0.997379	0.181213	0.229371	0.111855	0.00757087
0.997379	0.181131	0.229294	0.111823	0.00756781
0.997379	0.181049	0.229217	0.111792	0.00756116
0.997379	0.180966	0.229139	0.111761	0.00755423
0.997379	0.180884	0.229062	0.111729	0.00755421
0.997379	0.180802	0.228985	0.111698	0.00755372
0.997379	0.18072	0.228907	0.111666	0.00755192
0.997379	0.180638	0.22883	0.111635	0.00754711
0.997379	0.180556	0.228753	0.111604	0.00754446
0.997379	0.180473	0.228675	0.111572	0.00754101
0.997379	0.180391	0.228598	0.111541	0.00753898
0.997379	0.180309	0.228521	0.11151	0.00753723
0.997379	0.180227	0.228443	0.111478	0.00752654
0.997379	0.180145	0.228366	0.111447	0.007521
0.997379	0.180062	0.228289	0.111415	0.0075203
0.997379	0.17998	0.228211	0.111384	0.00751985
0.997379	0.179898	0.228134	0.111353	0.00751787
0.997379	0.179816	0.228057	0.111321	0.00751647
0.997379	0.179734	0.227979	0.11129	0.00751348
0.997379	0.179652	0.227902	0.111258	0.00751174
0.997379	0.179569	0.227825	0.111227	0.00749904
0.997379	0.179487	0.227747	0.111196	0.00749197
0.997379	0.179405	0.22767	0.111164	0.00749072
0.997379	0.179323	0.227593	0.111133	0.00749021
0.997379	0.179241	0.227515	0.111101	0.00748638
0.997379	0.179158	0.227438	0.11107	0.00748228
0.997379	0.179076	0.227361	0.111039	0.00748068
0.997379	0.178994	0.227283	0.111007	0.00747709
0.997379	0.178912	0.227206	0.110976	0.00747279
0.997379	0.17883	0.227129	0.110944	0.00746212
0.997379	0.178748	0.227051	0.110913	0.00745492
0.997379	0.178665	0.226974	0.110881	0.00745247
0.997379	0.178583	0.226897	0.11085	0.00744999
0.997379	0.178501	0.226819	0.110819	0.00744916
0.997379	0.178419	0.226742	0.110787	0.00744843
0.997379	0.178337	0.226665	0.110756	0.00744792
0.997379	0.178254	0.226587	0.110724	0.00743902
0.997379	0.178172	0.22651	0.110693	0.00743672
0.997379	0.17809	0.226433	0.110661	0.00743093
0.997379	0.178008	0.226355	0.11063	0.00742751
0.997379	0.177926	0.226278	0.110598	0.00741415
0.997379	0.177844	0.226201	0.110567	0.0074124
0.997379	0.177761	0.226123	0.110535	0.00741153
0.997379	0.177679	0.226046	0.110504	0.00740682
0.997379	0.177597	0.225969	0.110472	0.00740469
0.997379	0.177515	0.225891	0.110441	0.00740427
0.997379	0.177433	0.225814	0.110409	0.00740082
0.997379	0.17735	0.225737	0.110378	0.00740035
0.997379	0.177268	0.225659	0.110346	0.00739988
0.997379	0.177186	0.225582	0.110315	0.00739553
0.997379	0.177104	0.225505	0.110284	0.00738026
0.997379	0.177022	0.225427	0.110252	0.00737656
0.997379	0.17694	0.22535	0.11022	0.00736833
0.997379	0.176857	0.225273	0.110189	0.00736638
0.997379	0.176775	0.225195	0.110157	0.00736638
0.997379	0.176693	0.225118	0.110126	0.00735637
0.997379	0.176611	0.225041	0.110094	0.00735131
0.997379	0.176529	0.224963	0.110063	0.00734376
0.997379	0.176446	0.224886	0.110031	0.00733961
0.997379	0.176364	0.224809	0.11	0.00733168
0.997379	0.176282	0.224731	0.109968	0.00732109
0.997379	0.1762	0.224654	0.109937	0.00732037
0.997379	0.176118	0.224577	0.109905	0.00731607
0.997379	0.176036	0.224499	0.109874	0.00730815
0.997379	0.175953	0.224422	0.109842	0.00729685
0.997379	0.175871	0.224345	0.109811	0.00729308
0.997379	0.175789	0.224267	0.109779	0.00729258
0.997379	0.175707	0.22419	0.109748	0.00729187
0.997379	0.175625	0.224113	0.109716	0.0072874
0.997379	0.175542	0.224035	0.109684	0.00728345
0.997379	0.17546	0.223958	0.109653	0.0072809
0.997379	0.175378	0.223881	0.109621	0.00728005
0.997379	0.175296	0.223803	0.10959	0.00727154
0.997379	0.175214	0.223726	0.109558	0.00727011
0.997379	0.175131	0.223649	0.109527	0.00726969
0.997379	0.175049	0.223571	0.109495	0.00726944
0.997379	0.174967	0.223494	0.109463	0.00726876
0.997379	0.174885	0.223417	0.109432	0.00726599
0.997379	0.174803	0.223339	0.1094	0.00726491
0.997379	0.174721	0.223262	0.109369	0.00726286
0.997379	0.174638	0.223185	0.109337	0.00725808
0.997379	0.174556	0.223107	0.109306	0.00725742
0.997379	0.174474	0.22303	0.109274	0.00725393
0.997379	0.174392	0.222953	0.109242	0.00724718
0.997379	0.17431	0.222875	0.109211	0.00724702
0.997379	0.174227	0.222798	0.109179	0.00724531
0.997379	0.174145	0.222721	0.109147	0.00724302
0.997379	0.174063	0.222643	0.109116	0.00723781
0.997379	0.173981	0.222566	0.109084	0.00723549
0.997379	0.173899	0.222489	0.109053	0.00723329
0.997379	0.173817	0.222411	0.109021	0.00722844
0.997379	0.173734	0.222334	0.108989	0.00722224
0.997379	0.173652	0.222257	0.108958	0.00722118
0.997379	0.17357	0.222179	0.108926	0.00721178
0.997379	0.173488	0.222102	0.108894	0.00720965
0.997379	0.173406	0.222025	0.108863	0.00720422
0.997379	0.173323	0.221947	0.108831	0.00720405
0.997379	0.173241	0.22187	0.1088	0.00720029
0.997379	0.173159	0.221793	0.108768	0.00719845
0.997379	0.173077	0.221715	0.108736	0.00719063
0.997379	0.172995	0.221638	0.108705	0.00718827
0.997379	0.172913	0.221561	0.108673	0.007181
0.997379	0.17283	0.221483	0.108641	0.00717763
0.997379	0.172748	0.221406	0.10861	0.00717206
0.997379	0.172666	0.221329	0.108578	0.00716916
0.997379	0.172584	0.221251	0.108546	0.00716227
0.997379	0.172502	0.221174	0.108515	0.00715932
0.997379	0.172419	0.221097	0.108483	0.00715758
0.997379	0.172337	0.221019	0.108451	0.00715432
0.997379	0.172255	0.220942	0.108419	0.00715424
0.997379	0.172173	0.220865	0.108388	0.00714587
0.997379	0.172091	0.220787	0.108356	0.00714483
0.997379	0.172009	0.22071	0.108324	0.00714302
0.997379	0.171926	0.220633	0.108293	0.00714281
0.997379	0.171844	0.220555	0.108261	0.00713813
0.997379	0.171762	0.220478	0.108229	0.00713506
0.997379	0.17168	0.220401	0.108198	0.00712655
0.997379	0.171598	0.220323	0.108166	0.00712424
0.997379	0.171515	0.220246	0.108134	0.0071229
0.997379	0.171433	0.220169	0.108102	0.00712086
0.997379	0.171351	0.220091	0.108071	0.00712053
0.997379	0.171269	0.220014	0.108039	0.00711789
0.997379	0.171187	0.219937	0.108007	0.00709799
0.997379	0.171105	0.219859	0.107975	0.00709667
0.997379	0.171022	0.219782	0.107944	0.0070943
0.997379	0.17094	0.219705	0.107912	0.00709227
0.997379	0.170858	0.219627	0.10788	0.00708962
0.997379	0.170776	0.21955	0.107848	0.00708778
0.997379	0.170694	0.219473	0.107817	0.0070846
0.997379	0.170611	0.219395	0.107785	0.0070816
0.997379	0.170529	0.219318	0.107753	0.00707913
0.997379	0.170447	0.219241	0.107721	0.00707485
0.997379	0.170365	0.219163	0.10769	0.00707472
0.997379	0.170283	0.219086	0.107658	0.00707125
0.997379	0.170201	0.219009	0.107626	0.00706952
0.997379	0.170118	0.218931	0.107594	0.00705982
0.997379	0.170036	0.218854	0.107563	0.0070583
0.997379	0.169954	0.218777	0.107531	0.00705802
0.997379	0.169872	0.218699	0.107499	0.00704651
0.997379	0.16979	0.218622	0.107467	0.00704618
0.997379	0.169707	0.218545	0.107435	0.00704521
0.997379	0.169625	0.218467	0.107404	0.00703157
0.997379	0.169543	0.21839	0.107372	0.00703029
0.997379	0.169461	0.218313	0.10734	0.0070135
0.997379	0.169379	0.218235	0.107308	0.0070089
0.997379	0.169297	0.218158	0.107276	0.00700257
0.997379	0.169214	0.218081	0.107245	0.00699969
0.997379	0.169132	0.218003	0.107213	0.0069976
0.997379	0.16905	0.217926	0.107181	0.00699312
0.997379	0.168968	0.217849	0.107149	0.00698792
0.997379	0.168886	0.217771	0.107117	0.00698725
0.997379	0.168803	0.217694	0.107085	0.00698405
0.997379	0.168721	0.217617	0.107054	0.00698121
0.997379	0.168639	0.217539	0.107022	0.00697742
0.997379	0.168557	0.217462	0.10699	0.00697285
0.997379	0.168475	0.217385	0.106958	0.00696946
0.997379	0.168393	0.217307	0.106926	0.00696544
0.997379	0.16831	0.21723	0.106894	0.00695995
0.997379	0.168228	0.217153	0.106862	0.0069479
0.997379	0.168146	0.217075	0.106831	0.0069471
0.997379	0.168064	0.216998	0.106799	0.00694639
0.997379	0.167982	0.216921	0.106767	0.00694124
0.997379	0.167899	0.216843	0.106735	0.00693658
0.997379	0.167817	0.216766	0.106703	0.00693369
0.997379	0.167735	0.216689	0.106671	0.00693313
0.997379	0.167653	0.216611	0.106639	0.00693226
0.997379	0.167571	0.216534	0.106607	0.00693057
0.997379	0.167488	0.216457	0.106575	0.00692988
0.997379	0.167406	0.216379	0.106544	0.00692801
0.997379	0.167324	0.216302	0.106512	0.00692731
0.997379	0.167242	0.216225	0.10648	0.00692462
0.997379	0.16716	0.216147	0.106448	0.00692218
0.997379	0.167078	0.21607	0.106416	0.00692173
0.997379	0.166995	0.215993	0.106384	0.00691484
0.997379	0.166913	0.215915	0.106352	0.00691465
0.997379	0.166831	0.215838	0.10632	0.00690719
0.997379	0.166749	0.215761	0.106288	0.00689163
0.997379	0.166667	0.215683	0.106256	0.0068902
0.997379	0.166584	0.215606	0.106224	0.00688905
0.997379	0.166502	0.215529	0.106192	0.0068838
0.997379	0.16642	0.215451	0.106161	0.00688177
0.997379	0.166338	0.215374	0.106129	0.00687863
0.997379	0.166256	0.215297	0.106097	0.00687777
0.997379	0.166174	0.215219	0.106065	0.00687489
0.997379	0.166091	0.215142	0.106033	0.00686335
0.997379	0.166009	0.215065	0.106001	0.00686004
0.997379	0.165927	0.214987	0.105969	0.00685467
0.997379	0.165845	0.21491	0.105937	0.00685015
0.997379	0.165763	0.214833	0.105905	0.00684909
0.997379	0.16568	0.214755	0.105873	0.00684218
0.997379	0.165598	0.214678	0.105841	0.00682983
0.997379	0.165516	0.214601	0.105809	0.00682894
0.997379	0.165434	0.214523	0.105777	0.00682464
0.997379	0.165352	0.214446	0.105745	0.00681999
0.997379	0.16527	0.214369	0.105713	0.00681924
0.997379	0.165187	0.214291	0.105681	0.00681832
0.997379	0.165105	0.214214	0.105649	0.00681829
0.997379	0.165023	0.214137	0.105617	0.00681671
0.997379	0.164941	0.214059	0.105585	0.00681217
0.997379	0.164859	0.213982	0.105553	0.00680936
0.997379	0.164776	0.213905	0.105521	0.0068064
0.997379	0.164694	0.213827	0.105489	0.00680633
0.997379	0.164612	0.21375	0.105457	0.00680408
0.997379	0.16453	0.213673	0.105425	0.00680328
0.997379	0.164448	0.213595	0.105393	0.00680284
0.997379	0.164366	0.213518	0.105361	0.00679575
0.997379	0.164283	0.213441	0.105329	0.00679282
0.997379	0.164201	0.213363	0.105297	0.00678612
0.997379	0.164119	0.213286	0.105265	0.00678589
0.997379	0.164037	0.213209	0.105233	0.00678212
0.997379	0.163955	0.213131	0.1052	0.00678133
0.997379	0.163872	0.213054	0.105168	0.00677755
0.997379	0.16379	0.212977	0.105136	0.0067759
0.997379	0.163708	0.212899	0.105104	0.00676739
0.997379	0.163626	0.212822	0.105072	0.00676238
0.997379	0.163544	0.212745	0.10504	0.00676092
0.997379	0.163462	0.212667	0.105008	0.00675914
0.997379	0.163379	0.21259	0.104976	0.00675657
0.997379	0.163297	0.212513	0.104944	0.0067513
0.997379	0.163215	0.212435	0.104912	0.0067472
0.997379	0.163133	0.212358	0.10488	0.006734
0.997379	0.163051	0.212281	0.104848	0.00673059
0.997379	0.162968	0.212203	0.104815	0.00673052
0.997379	0.162886	0.212126	0.104783	0.0067297
0.997379	0.162804	0.212049	0.104751	0.0067268
0.997379	0.162722	0.211971	0.104719	0.00672282
0.997379	0.16264	0.211894	0.104687	0.00671629
0.997379	0.162558	0.211817	0.104655	0.00671321
0.997379	0.162475	0.211739	0.104623	0.00671089
0.997379	0.162393	0.211662	0.104591	0.00670747
0.997379	0.162311	0.211585	0.104558	0.00670041
0.997379	0.162229	0.211507	0.104526	0.00669961
0.997379	0.162147	0.21143	0.104494	0.00669728
0.997379	0.162064	0.211353	0.104462	0.00669223
0.997379	0.161982	0.211275	0.10443	0.00669135
0.997379	0.1619	0.211198	0.104398	0.00668466
0.997379	0.161818	0.211121	0.104366	0.00668324
0.997379	0.161736	0.211043	0.104333	0.00668225
0.997379	0.161654	0.210966	0.104301	0.00667953
0.997379	0.161571	0.210889	0.104269	0.00667899
0.997379	0.161489	0.210811	0.104237	0.0066774
0.997379	0.161407	0.210734	0.104205	0.006674
0.997379	0.161325	0.210657	0.104173	0.00667204
0.997379	0.161243	0.210579	0.10414	0.00667023
0.997379	0.16116	0.210502	0.104108	0.0066656
0.997379	0.161078	0.210425	0.104076	0.006664
0.997379	0.160996	0.210347	0.104044	0.00665214
0.997379	0.160914	0.21027	0.104012	0.00665071
0.997379	0.160832	0.210193	0.103979	0.00665043
0.997379	0.16075	0.210115	0.103947	0.00665037
0.997379	0.160667	0.210038	0.103915	0.00665021
0.997379	0.160585	0.209961	0.103883	0.00664997
0.997379	0.160503	0.209883	0.10385	0.00664578
0.997379	0.160421	0.209806	0.103818	0.00664257
0.997379	0.160339	0.209729	0.103786	0.0066353
0.997379	0.160256	0.209651	0.103754	0.00663491
0.997379	0.160174	0.209574	0.103721	0.00663191
0.997379	0.160092	0.209497	0.103689	0.00662877
0.997379	0.16001	0.209419	0.103657	0.00662462
0.997379	0.159928	0.209342	0.103625	0.0066244
0.997379	0.159845	0.209265	0.103592	0.00662156
0.997379	0.159763	0.209187	0.10356	0.00662153
0.997379	0.159681	0.20911	0.103528	0.0066138
0.997379	0.159599	0.209033	0.103496	0.00661157
0.997379	0.159517	0.208955	0.103463	0.00660925
0.997379	0.159435	0.208878	0.103431	0.00660693
0.997379	0.159352	0.208801	0.103399	0.00660173
0.997379	0.15927	0.208723	0.103367	0.00660069
0.997379	0.159188	0.208646	0.103334	0.00659776
0.997379	0.159106	0.208569	0.103302	0.00659559
0.997379	0.159024	0.208491	0.10327	0.00659095
0.997379	0.158941	0.208414	0.103237	0.00659
0.997379	0.158859	0.208337	0.103205	0.00658157
0.997379	0.158777	0.208259	0.103173	0.00657839
0.997379	0.158695	0.208182	0.10314	0.00657622
0.997379	0.158613	0.208105	0.103108	0.00657499
0.997379	0.158531	0.208027	0.103076	0.00656917
0.997379	0.158448	0.20795	0.103043	0.00656888
0.997379	0.158366	0.207873	0.103011	0.00656556
0.997379	0.158284	0.207795	0.102979	0.00656407
0.997379	0.158202	0.207718	0.102946	0.00655553
0.997379	0.15812	0.207641	0.102914	0.00655407
0.997379	0.158037	0.207563	0.102882	0.00655223
0.997379	0.157955	0.207486	0.102849	0.00654864
0.997379	0.157873	0.207409	0.102817	0.00653953
0.997379	0.157791	0.207331	0.102785	0.00651625
0.998689	0.157791	0.207409	0.103675	0.00651214
0.998689	0.157709	0.207331	0.103643	0.00650963
0.998689	0.157627	0.207254	0.103611	0.00650347
0.998689	0.157544	0.207177	0.103579	0.00650279
0.998689	0.157462	0.207099	0.103546	0.00650254
0.998689	0.15738	0.207022	0.103514	0.00650199
0.998689	0.157298	0.206945	0.103482	0.00649336
0.998689	0.157216	0.206867	0.10345	0.00648774
0.998689	0.157133	0.20679	0.103418	0.00647058
0.998689	0.157051	0.206713	0.103385	0.00647006
0.998689	0.156969	0.206635	0.103353	0.006469
0.998689	0.156887	0.206558	0.103321	0.00646595
0.998689	0.156805	0.206481	0.103289	0.00646482
0.998689	0.156723	0.206403	0.103256	0.0064586
0.998689	0.15664	0.206326	0.103224	0.00645571
0.998689	0.156558	0.206249	0.103192	0.00644809
0.998689	0.156476	0.206171	0.10316	0.00644808
0.998689	0.156394	0.206094	0.103127	0.00644699
0.998689	0.156312	0.206017	0.103095	0.00644392
0.998689	0.156229	0.205939	0.103063	0.00644391
0.998689	0.156147	0.205862	0.103031	0.00644339
0.998689	0.156065	0.205785	0.102998	0.00644265
0.998689	0.155983	0.205707	0.102966	0.0064424
0.998689	0.155901	0.20563	0.102934	0.00643825
0.998689	0.155819	0.205553	0.102902	0.00643772
0.998689	0.155736	0.205475	0.102869	0.00642782
0.998689	0.155654	0.205398	0.102837	0.00642602
0.998689	0.155572	0.205321	0.102805	0.00642467
0.998689	0.15549	0.205243	0.102773	0.0064142
0.998689	0.155408	0.205166	0.10274	0.00641221
0.998689	0.155325	0.205089	0.102708	0.00638995
0.998689	0.155243	0.205011	0.102676	0.00638515
0.998689	0.155161	0.204934	0.102643	0.00638132
0.998689	0.155079	0.204857	0.102611	0.00637855
0.998689	0.154997	0.204779	0.102579	0.00637617
0.998689	0.154915	0.204702	0.102546	0.00637112
0.998689	0.154832	0.204625	0.102514	0.00637102
0.998689	0.15475	0.204547	0.102482	0.00637029
0.998689	0.154668	0.20447	0.102449	0.00636748
0.998689	0.154586	0.204393	0.102417	0.00636433
0.998689	0.154504	0.204315	0.102385	0.00636024
0.998689	0.154421	0.204238	0.102352	0.00635806
0.998689	0.154339	0.204161	0.10232	0.00635705
0.998689	0.154257	0.204083	0.102288	0.00633372
0.998689	0.154175	0.204006	0.102255	0.00633241
0.998689	0.154093	0.203929	0.102223	0.00632882
0.998689	0.154011	0.203851	0.102191	0.0063275
0.998689	0.153928	0.203774	0.102158	0.00631702
0.998689	0.153846	0.203697	0.102126	0.00631531
0.998689	0.153764	0.203619	0.102093	0.00631189
0.998689	0.153682	0.203542	0.102061	0.0063024
0.998689	0.1536	0.203465	0.102029	0.00630222
0.998689	0.153517	0.203387	0.101996	0.00629945
0.998689	0.153435	0.20331	0.101964	0.00629944
0.998689	0.153353	0.203233	0.101932	0.00629772
0.998689	0.153271	0.203155	0.101899	0.00629715
0.998689	0.153189	0.203078	0.101867	0.00629603
0.998689	0.153107	0.203001	0.101834	0.00629087
0.998689	0.153024	0.202923	0.101802	0.00629044
0.998689	0.152942	0.202846	0.101769	0.00628995
0.998689	0.15286	0.202769	0.101737	0.00628749
0.998689	0.152778	0.202691	0.101705	0.00628729
0.998689	0.152696	0.202614	0.101672	0.00628723
0.998689	0.152613	0.202537	0.10164	0.00628554
0.998689	0.152531	0.202459	0.101607	0.00628386
0.998689	0.152449	0.202382	0.101575	0.00628021
0.998689	0.152367	0.202305	0.101542	0.0062796
0.998689	0.152285	0.202227	0.10151	0.00627881
0.998689	0.152202	0.20215	0.101477	0.00627601
0.998689	0.15212	0.202073	0.101445	0.00627304
0.998689	0.152038	0.201995	0.101412	0.00626809
0.998689	0.151956	0.201918	0.10138	0.00626604
0.998689	0.151874	0.201841	0.101347	0.00626582
0.998689	0.151792	0.201763	0.101315	0.00626444
0.998689	0.151709	0.201686	0.101283	0.00626162
0.998689	0.151627	0.201609	0.10125	0.00625213
0.998689	0.151545	0.201531	0.101218	0.00625005
0.998689	0.151463	0.201454	0.101185	0.00624948
0.998689	0.151381	0.201377	0.101153	0.00624768
0.998689	0.151298	0.201299	0.10112	0.00624412
0.998689	0.151216	0.201222	0.101087	0.00623136
0.998689	0.151134	0.201145	0.101055	0.00623036
0.998689	0.151052	0.201067	0.101022	0.00622551
0.998689	0.15097	0.20099	0.10099	0.00621793
0.998689	0.150888	0.200913	0.100957	0.00621444
0.998689	0.150805	0.200835	0.100925	0.00620735
0.998689	0.150723	0.200758	0.100892	0.0062005
0.998689	0.150641	0.200681	0.10086	0.00619856
0.998689	0.150559	0.200603	0.100827	0.00619827
0.998689	0.150477	0.200526	0.100795	0.00619461
0.998689	0.150394	0.200449	0.100762	0.0061857
0.998689	0.150312	0.200371	0.100729	0.00618139
0.998689	0.15023	0.200294	0.100697	0.00618079
0.998689	0.150148	0.200217	0.100664	0.00617356
0.998689	0.150066	0.200139	0.100632	0.00617333
0.998689	0.149984	0.200062	0.100599	0.00616928
0.998689	0.149901	0.199985	0.100567	0.00616517
0.998689	0.149819	0.199907	0.100534	0.00616433
0.998689	0.149737	0.19983	0.100501	0.00616403
0.998689	0.149655	0.199753	0.100469	0.00616103
0.998689	0.149573	0.199675	0.100436	0.00615979
0.998689	0.14949	0.199598	0.100403	0.00615856
0.998689	0.149408	0.199521	0.100371	0.00615687
0.998689	0.149326	0.199443	0.100338	0.0061552
0.998689	0.149244	0.199366	0.100306	0.00615418
0.998689	0.149162	0.199289	0.100273	0.00615311
0.998689	0.14908	0.199211	0.10024	0.00615238
0.998689	0.148997	0.199134	0.100208	0.00615211
0.998689	0.148915	0.199057	0.100175	0.00615146
0.998689	0.148833	0.198979	0.100142	0.00614919
0.998689	0.148751	0.198902	0.10011	0.00614514
0.998689	0.148669	0.198825	0.100077	0.00614275
0.998689	0.148586	0.198747	0.100044	0.00614015
0.998689	0.148504	0.19867	0.100012	0.00613768
0.998689	0.148422	0.198593	0.099979	0.00613642
0.998689	0.14834	0.198515	0.0999463	0.00613016
0.998689	0.148258	0.198438	0.0999136	0.00612405
0.998689	0.148176	0.198361	0.0998809	0.0061229
0.998689	0.148093	0.198283	0.0998482	0.00612215
0.998689	0.148011	0.198206	0.0998155	0.00612206
0.998689	0.147929	0.198129	0.0997828	0.00611579
0.998689	0.147847	0.198051	0.0997501	0.00611496
0.998689	0.147765	0.197974	0.0997174	0.00611459
0.998689	0.147682	0.197897	0.0996847	0.00611347
0.998689	0.1476	0.197819	0.099652	0.00611296
0.998689	0.147518	0.197742	0.0996192	0.00609671
0.998689	0.147436	0.197665	0.0995865	0.00609051
0.998689	0.147354	0.197587	0.0995537	0.00609041
0.998689	0.147272	0.19751	0.099521	0.00608639
0.998689	0.147189	0.197433	0.0994882	0.00608605
0.998689	0.147107	0.197355	0.0994555	0.00608249
0.998689	0.147025	0.197278	0.0994227	0.00607778
0.998689	0.146943	0.197201	0.09939	0.00607133
0.998689	0.146861	0.197123	0.0993572	0.00607079
0.998689	0.146778	0.197046	0.0993244	0.0060689
0.998689	0.146696	0.196969	0.0992916	0.00606859
0.998689	0.146614	0.196891	0.0992588	0.00606662
0.998689	0.146532	0.196814	0.099226	0.00606204
0.998689	0.14645	0.196737	0.0991932	0.00605996
0.998689	0.146368	0.196659	0.0991604	0.00605425
0.998689	0.146285	0.196582	0.0991276	0.00605141
0.998689	0.146203	0.196505	0.0990948	0.00604906
0.998689	0.146121	0.196427	0.099062	0.00603894
0.998689	0.146039	0.19635	0.0990292	0.00603159
0.998689	0.145957	0.196273	0.0989964	0.00602521
0.998689	0.145874	0.196195	0.0989635	0.00602177
0.998689	0.145792	0.196118	0.0989307	0.00600723
0.998689	0.14571	0.196041	0.0988979	0.00600616
0.998689	0.145628	0.195963	0.098865	0.00600478
0.998689	0.145546	0.195886	0.0988322	0.00600275
0.998689	0.145464	0.195809	0.0987993	0.00600144
0.998689	0.145381	0.195731	0.0987664	0.00599737
0.998689	0.145299	0.195654	0.0987336	0.00599706
0.998689	0.145217	0.195577	0.0987007	0.00599509
0.998689	0.145135	0.195499	0.0986678	0.00599122
0.998689	0.145053	0.195422	0.0986349	0.00598712
0.998689	0.14497	0.195345	0.0986021	0.0059838
0.998689	0.144888	0.195267	0.0985692	0.00597987
0.998689	0.144806	0.19519	0.0985363	0.00597981
0.998689	0.144724	0.195113	0.0985034	0.00597652
0.998689	0.144642	0.195035	0.0984705	0.00597448
0.998689	0.14456	0.194958	0.0984375	0.00596313
0.998689	0.144477	0.194881	0.0984046	0.00596307
0.998689	0.144395	0.194803	0.0983717	0.00595623
0.998689	0.144313	0.194726	0.0983388	0.00594488
0.998689	0.144231	0.194649	0.0983058	0.00594152
0.998689	0.144149	0.194571	0.0982729	0.0059374
0.998689	0.144066	0.194494	0.09824	0.00593522
0.998689	0.143984	0.194417	0.098207	0.00592694
0.998689	0.143902	0.194339	0.0981741	0.00592373
0.998689	0.14382	0.194262	0.0981411	0.00591516
0.998689	0.143738	0.194185	0.0981081	0.00591379
0.998689	0.143655	0.194107	0.0980752	0.0059126
0.998689	0.143573	0.19403	0.0980422	0.00590966
0.998689	0.143491	0.193953	0.0980092	0.00590805
0.998689	0.143409	0.193875	0.0979762	0.00590651
0.998689	0.143327	0.193798	0.0979432	0.005902
0.998689	0.143245	0.193721	0.0979102	0.00590116
0.998689	0.143162	0.193643	0.0978772	0.00589808
0.998689	0.14308	0.193566	0.0978442	0.00588813
0.998689	0.142998	0.193489	0.0978112	0.00588277
0.998689	0.142916	0.193411	0.0977782	0.00587621
0.998689	0.142834	0.193334	0.0977452	0.00587187
0.998689	0.142751	0.193257	0.0977122	0.00586277
0.998689	0.142669	0.193179	0.0976791	0.00586217
0.998689	0.142587	0.193102	0.0976461	0.00585952
0.998689	0.142505	0.193025	0.0976131	0.00585326
0.998689	0.142423	0.192947	0.09758	0.00585238
0.998689	0.142341	0.19287	0.097547	0.00584861
0.998689	0.142258	0.192793	0.0975139	0.00583385
0.998689	0.142176	0.192715	0.0974808	0.00583168
0.998689	0.142094	0.192638	0.0974478	0.00582041
0.998689	0.142012	0.192561	0.0974147	0.00581574
0.998689	0.14193	0.192483	0.0973816	0.00581463
0.998689	0.141847	0.192406	0.0973485	0.00580953
0.998689	0.141765	0.192329	0.0973154	0.00580848
0.998689	0.141683	0.192251	0.0972823	0.00580641
0.998689	0.141601	0.192174	0.0972492	0.00579852
0.998689	0.141519	0.192097	0.0972161	0.00579042
0.998689	0.141437	0.192019	0.097183	0.00578095
0.998689	0.141354	0.191942	0.0971499	0.00577501
0.998689	0.141272	0.191865	0.0971168	0.00577193
0.998689	0.14119	0.191787	0.0970837	0.005769
0.998689	0.141108	0.19171	0.0970505	0.00576148
0.998689	0.141026	0.191633	0.0970174	0.00576113
0.998689	0.140943	0.191555	0.0969842	0.00575971
0.998689	0.140861	0.191478	0.0969511	0.00575957
0.998689	0.140779	0.191401	0.0969179	0.00575408
0.998689	0.140697	0.191323	0.0968848	0.00575121
0.998689	0.140615	0.191246	0.0968516	0.0057498
0.998689	0.140533	0.191169	0.0968184	0.00574767
0.998689	0.14045	0.191091	0.0967853	0.00574755
0.998689	0.140368	0.191014	0.0967521	0.00574604
0.998689	0.140286	0.190937	0.0967189	0.00574369
0.998689	0.140204	0.190859	0.0966857	0.00574335
0.998689	0.140122	0.190782	0.0966525	0.00574034
0.998689	0.140039	0.190705	0.0966193	0.00573823
0.998689	0.139957	0.190627	0.0965861	0.00573798
0.998689	0.139875	0.19055	0.0965529	0.00573695
0.998689	0.139793	0.190473	0.0965197	0.00573177
0.998689	0.139711	0.190395	0.0964864	0.00573131
0.998689	0.139629	0.190318	0.0964532	0.00572908
0.998689	0.139546	0.190241	0.09642	0.00572347
0.998689	0.139464	0.190163	0.0963867	0.00572009
0.998689	0.139382	0.190086	0.0963535	0.00572002
0.998689	0.1393	0.190009	0.0963202	0.00571995
0.998689	0.139218	0.189931	0.096287	0.00571583
0.998689	0.139135	0.189854	0.0962537	0.00571312
0.998689	0.139053	0.189777	0.0962204	0.00571226
0.998689	0.138971	0.189699	0.0961872	0.00571128
0.998689	0.138889	0.189622	0.0961539	0.00570866
0.998689	0.138807	0.189545	0.0961206	0.00570688
0.998689	0.138725	0.189467	0.0960873	0.00570297
0.998689	0.138642	0.18939	0.096054	0.00569307
0.998689	0.13856	0.189313	0.0960207	0.00568849
0.998689	0.138478	0.189235	0.0959874	0.00568729
0.998689	0.138396	0.189158	0.0959541	0.00566295
0.998689	0.138314	0.189081	0.0959207	0.00566183
0.998689	0.138231	0.189003	0.0958874	0.00565656
0.998689	0.138149	0.188926	0.0958541	0.00563882
0.998689	0.138067	0.188849	0.0958207	0.00563768
0.998689	0.137985	0.188771	0.0957874	0.00563753
0.998689	0.137903	0.188694	0.0957541	0.00563552
0.998689	0.137821	0.188617	0.0957207	0.00563545
0.998689	0.137738	0.188539	0.0956873	0.00562614
0.998689	0.137656	0.188462	0.095654	0.00562496
0.998689	0.137574	0.188385	0.0956206	0.00562299
0.998689	0.137492	0.188307	0.0955872	0.00562143
0.998689	0.13741	0.18823	0.0955538	0.00561514
0.998689	0.137327	0.188153	0.0955205	0.00561472
0.998689	0.137245	0.188075	0.0954871	0.00560672
0.998689	0.137163	0.187998	0.0954537	0.00560636
0.998689	0.137081	0.187921	0.0954203	0.0056045
0.998689	0.136999	0.187843	0.0953868	0.00559568
0.998689	0.136917	0.187766	0.0953534	0.00558713
0.998689	0.136834	0.187689	0.09532	0.00558402
0.998689	0.136752	0.187611	0.0952866	0.00557882
0.998689	0.13667	0.187534	0.0952531	0.00557383
0.998689	0.136588	0.187456	0.0952197	0.00557289
0.998689	0.136506	0.187379	0.0951862	0.00556499
0.998689	0.136423	0.187302	0.0951528	0.00556437
0.998689	0.136341	0.187224	0.0951193	0.00555882
0.998689	0.136259	0.187147	0.0950859	0.00555765
0.998689	0.136177	0.18707	0.0950524	0.00555626
0.998689	0.136095	0.186992	0.0950189	0.00555598
0.998689	0.136012	0.186915	0.0949854	0.00554333
0.998689	0.13593	0.186838	0.094952	0.00554032
0.998689	0.135848	0.18676	0.0949185	0.00553712
0.998689	0.135766	0.186683	0.094885	0.0055314
0.998689	0.135684	0.186606	0.0948515	0.00552552
0.998689	0.135602	0.186528	0.094818	0.00552477
0.998689	0.135519	0.186451	0.0947844	0.00552388
0.998689	0.135437	0.186374	0.0947509	0.00551647
0.998689	0.135355	0.186296	0.0947174	0.00551326
0.998689	0.135273	0.186219	0.0946838	0.00550476
0.998689	0.135191	0.186142	0.0946503	0.00549891
0.998689	0.135108	0.186064	0.0946168	0.00549859
0.998689	0.135026	0.185987	0.0945832	0.00549748
0.998689	0.134944	0.18591	0.0945497	0.00549547
0.998689	0.134862	0.185832	0.0945161	0.00549325
0.998689	0.13478	0.185755	0.0944825	0.00549106
0.998689	0.134698	0.185678	0.0944489	0.00548954
0.998689	0.134615	0.1856	0.0944154	0.00548681
0.998689	0.134533	0.185523	0.0943818	0.00548536
0.998689	0.134451	0.185446	0.0943482	0.00546915
0.998689	0.134369	0.185368	0.0943146	0.00546893
0.998689	0.134287	0.185291	0.094281	0.00546714
0.998689	0.134204	0.185214	0.0942474	0.00546478
0.998689	0.134122	0.185136	0.0942137	0.00546184
0.998689	0.13404	0.185059	0.0941801	0.00546177
0.998689	0.133958	0.184982	0.0941465	0.00546176
0.998689	0.133876	0.184904	0.0941128	0.00545857
0.998689	0.133794	0.184827	0.0940792	0.00545588
0.998689	0.133711	0.18475	0.0940456	0.00544628
0.998689	0.133629	0.184672	0.0940119	0.00544509
0.998689	0.133547	0.184595	0.0939782	0.00544424
0.998689	0.133465	0.184518	0.0939446	0.00544299
0.998689	0.133383	0.18444	0.0939109	0.00544172
0.998689	0.1333	0.184363	0.0938772	0.00543598
0.998689	0.133218	0.184286	0.0938435	0.00542951
0.998689	0.133136	0.184208	0.0938098	0.00542614
0.998689	0.133054	0.184131	0.0937761	0.00542353
0.998689	0.132972	0.184054	0.0937424	0.00542347
0.998689	0.13289	0.183976	0.0937087	0.00541297
0.998689	0.132807	0.183899	0.093675	0.00541093
0.998689	0.132725	0.183822	0.0936413	0.00540686
0.998689	0.132643	0.183744	0.0936076	0.0053959
0.998689	0.132561	0.183667	0.0935738	0.00539218
0.998689	0.132479	0.18359	0.0935401	0.00538921
0.998689	0.132396	0.183512	0.0935063	0.00538861
0.998689	0.132314	0.183435	0.0934726	0.00538342
0.998689	0.132232	0.183358	0.0934388	0.00538302
0.998689	0.13215	0.18328	0.0934051	0.00537951
0.998689	0.132068	0.183203	0.0933713	0.00537518
0.998689	0.131986	0.183126	0.0933375	0.00537485
0.998689	0.131903	0.183048	0.0933037	0.00537479
0.998689	0.131821	0.182971	0.0932699	0.00537416
0.998689	0.131739	0.182894	0.0932361	0.00537356
0.998689	0.131657	0.182816	0.0932023	0.00536626
0.998689	0.131575	0.182739	0.0931685	0.00536221
0.998689	0.131492	0.182662	0.0931347	0.00535861
0.998689	0.13141	0.182584	0.0931009	0.00535503
0.998689	0.131328	0.182507	0.0930671	0.00535447
0.998689	0.131246	0.18243	0.0930332	0.00535219
0.998689	0.131164	0.182352	0.0929994	0.00535202
0.998689	0.131082	0.182275	0.0929655	0.00535094
0.998689	0.130999	0.182198	0.0929317	0.00535057
0.998689	0.130917	0.18212	0.0928978	0.00534893
0.998689	0.130835	0.182043	0.092864	0.00533459
0.998689	0.130753	0.181966	0.0928301	0.00533366
0.998689	0.130671	0.181888	0.0927962	0.00532387
0.998689	0.130588	0.181811	0.0927623	0.00532103
0.998689	0.130506	0.181734	0.0927284	0.00532014
0.998689	0.130424	0.181656	0.0926945	0.0053143
0.998689	0.130342	0.181579	0.0926606	0.00531062
0.998689	0.13026	0.181502	0.0926267	0.0053088
0.998689	0.130178	0.181424	0.0925928	0.00530854
0.998689	0.130095	0.181347	0.0925589	0.00530642
0.998689	0.130013	0.18127	0.0925249	0.00530548
0.998689	0.129931	0.181192	0.092491	0.00530318
0.998689	0.129849	0.181115	0.0924571	0.00529538
0.998689	0.129767	0.181038	0.0924231	0.00529482
0.998689	0.129684	0.18096	0.0923892	0.00528894
0.998689	0.129602	0.180883	0.0923552	0.00528611
0.998689	0.12952	0.180806	0.0923212	0.00528576
0.998689	0.129438	0.180728	0.0922873	0.00527916
0.998689	0.129356	0.180651	0.0922533	0.00527696
0.998689	0.129274	0.180574	0.0922193	0.00527645
0.998689	0.129191	0.180496	0.0921853	0.00527639
0.998689	0.129109	0.180419	0.0921513	0.00527621
0.998689	0.129027	0.180342	0.0921173	0.00527355
0.998689	0.128945	0.180264	0.0920833	0.00527095
0.998689	0.128863	0.180187	0.0920492	0.00527065
0.998689	0.12878	0.18011	0.0920152	0.00526911
0.998689	0.128698	0.180032	0.0919812	0.00526758
0.998689	0.128616	0.179955	0.0919471	0.00526737
0.998689	0.128534	0.179878	0.0919131	0.00526484
0.998689	0.128452	0.1798	0.091879	0.005264
0.998689	0.128369	0.179723	0.091845	0.00525809
0.998689	0.128287	0.179646	0.0918109	0.00522754
0.998689	0.128205	0.179568	0.0917768	0.00522655
0.998689	0.128123	0.179491	0.0917427	0.00522263
0.998689	0.128041	0.179414	0.0917087	0.0052173
0.998689	0.127959	0.179336	0.0916746	0.00521651
0.998689	0.127876	0.179259	0.0916405	0.00521547
0.998689	0.127794	0.179182	0.0916064	0.00521448
0.998689	0.127712	0.179104	0.0915722	0.00520957
0.998689	0.12763	0.179027	0.0915381	0.00520402
0.998689	0.127548	0.17895	0.091504	0.00520342
0.998689	0.127465	0.178872	0.0914699	0.00520278
0.998689	0.127383	0.178795	0.0914357	0.00519901
0.998689	0.127301	0.178718	0.0914016	0.0051987
0.998689	0.127219	0.17864	0.0913674	0.00519365
0.998689	0.127137	0.178563	0.0913332	0.00518896
0.998689	0.127055	0.178486	0.0912991	0.00518841
0.998689	0.126972	0.178408	0.0912649	0.00518413
0.998689	0.12689	0.178331	0.0912307	0.0051829
0.998689	0.126808	0.178254	0.0911965	0.00518244
0.998689	0.126726	0.178176	0.0911623	0.00518228
0.998689	0.126644	0.178099	0.0911281	0.00518193
0.998689	0.126561	0.178022	0.0910939	0.00517376
0.998689	0.126479	0.177944	0.0910597	0.00517302
0.998689	0.126397	0.177867	0.0910255	0.005164
0.998689	0.126315	0.17779	0.0909913	0.00516286
0.998689	0.126233	0.177712	0.090957	0.00516078
0.998689	0.126151	0.177635	0.0909228	0.00515708
0.998689	0.126068	0.177558	0.0908885	0.00515582
0.998689	0.125986	0.17748	0.0908543	0.00515229
0.998689	0.125904	0.177403	0.09082	0.00515161
0.998689	0.125822	0.177326	0.0907857	0.00514826
0.998689	0.12574	0.177248	0.0907514	0.00514251
0.998689	0.125657	0.177171	0.0907172	0.00514219
0.998689	0.125575	0.177094	0.0906829	0.00514117
0.998689	0.125493	0.177016	0.0906486	0.00513946
0.998689	0.125411	0.176939	0.0906143	0.00513535
0.998689	0.125329	0.176862	0.09058	0.00513509
0.998689	0.125247	0.176784	0.0905456	0.00513209
0.998689	0.125164	0.176707	0.0905113	0.00513202
0.998689	0.125082	0.17663	0.090477	0.00513017
0.998689	0.125	0.176552	0.0904426	0.00510627
0.998689	0.124918	0.176475	0.0904083	0.00509376
0.998689	0.124836	0.176398	0.0903739	0.00509113
0.998689	0.124753	0.17632	0.0903396	0.00508224
0.998689	0.124671	0.176243	0.0903052	0.00508142
0.998689	0.124589	0.176166	0.0902708	0.00508104
0.998689	0.124507	0.176088	0.0902364	0.00507511
0.998689	0.124425	0.176011	0.090202	0.00507069
0.998689	0.124343	0.175934	0.0901676	0.00506846
0.998689	0.12426	0.175856	0.0901332	0.00506662
0.998689	0.124178	0.175779	0.0900988	0.00506465
0.998689	0.124096	0.175702	0.0900644	0.0050607
0.998689	0.124014	0.175624	0.09003	0.00505797
0.998689	0.123932	0.175547	0.0899956	0.00505436
0.998689	0.123849	0.17547	0.0899611	0.00505376
0.998689	0.123767	0.175392	0.0899267	0.00505294
0.998689	0.123685	0.175315	0.0898922	0.005042
0.998689	0.123603	0.175238	0.0898578	0.00504065
0.998689	0.123521	0.17516	0.0898233	0.00503875
0.998689	0.123439	0.175083	0.0897888	0.00503782
0.998689	0.123356	0.175006	0.0897543	0.00503747
0.998689	0.123274	0.174928	0.0897198	0.0050359
0.998689	0.123192	0.174851	0.0896853	0.00503516
0.998689	0.12311	0.174774	0.0896508	0.00503175
0.998689	0.123028	0.174696	0.0896163	0.00503021
0.998689	0.122945	0.174619	0.0895818	0.0050121
0.998689	0.122863	0.174542	0.0895473	0.00500977
0.998689	0.122781	0.174464	0.0895127	0.00500032
0.998689	0.122699	0.174387	0.0894782	0.00499833
0.998689	0.122617	0.17431	0.0894436	0.00499711
0.998689	0.122535	0.174232	0.0894091	0.00499706
0.998689	0.122452	0.174155	0.0893745	0.00499265
0.998689	0.12237	0.174078	0.08934	0.0049917
0.998689	0.122288	0.174	0.0893054	0.00498943
0.998689	0.122206	0.173923	0.0892708	0.00498645
0.998689	0.122124	0.173846	0.0892362	0.00498589
0.998689	0.122041	0.173768	0.0892016	0.00498374
0.998689	0.121959	0.173691	0.089167	0.00498258
0.998689	0.121877	0.173614	0.0891324	0.0049775
0.998689	0.121795	0.173536	0.0890978	0.00497541
0.998689	0.121713	0.173459	0.0890631	0.0049689
0.998689	0.121631	0.173382	0.0890285	0.00496828
0.998689	0.121548	0.173304	0.0889938	0.00496776
0.998689	0.121466	0.173227	0.0889592	0.00496698
0.998689	0.121384	0.17315	0.0889245	0.00495143
0.998689	0.121302	0.173072	0.0888899	0.00494931
0.998689	0.12122	0.172995	0.0888552	0.00494909
0.998689	0.121137	0.172918	0.0888205	0.00494884
0.998689	0.121055	0.17284	0.0887858	0.00494156
0.998689	0.120973	0.172763	0.0887511	0.00493852
0.998689	0.120891	0.172686	0.0887164	0.00493835
0.998689	0.120809	0.172608	0.0886817	0.00493542
0.998689	0.120726	0.172531	0.088647	0.00493206
0.998689	0.120644	0.172454	0.0886123	0.00492849
0.998689	0.120562	0.172376	0.0885775	0.00492839
0.998689	0.12048	0.172299	0.0885428	0.00492543
0.998689	0.120398	0.172222	0.088508	0.00492061
0.998689	0.120316	0.172144	0.0884733	0.00491315
0.998689	0.120233	0.172067	0.0884385	0.00490676
0.998689	0.120151	0.17199	0.0884038	0.00490225
0.998689	0.120069	0.171912	0.088369	0.00489596
0.998689	0.119987	0.171835	0.0883342	0.00488984
0.998689	0.119905	0.171758	0.0882994	0.00488839
0.998689	0.119822	0.17168	0.0882646	0.00488602
0.998689	0.11974	0.171603	0.0882298	0.00487613
0.998689	0.119658	0.171526	0.088195	0.00486848
0.998689	0.119576	0.171448	0.0881601	0.00486515
0.998689	0.119494	0.171371	0.0881253	0.0048638
0.998689	0.119412	0.171294	0.0880905	0.00486322
0.998689	0.119329	0.171216	0.0880556	0.00486257
0.998689	0.119247	0.171139	0.0880208	0.00486054
0.998689	0.119165	0.171062	0.0879859	0.00485743
0.998689	0.119083	0.170984	0.087951	0.00485241
0.998689	0.119001	0.170907	0.0879161	0.00484463
0.998689	0.118918	0.17083	0.0878813	0.00483153
0.998689	0.118836	0.170752	0.0878464	0.00482626
0.998689	0.118754	0.170675	0.0878115	0.00482143
0.998689	0.118672	0.170598	0.0877765	0.00482136
0.998689	0.11859	0.17052	0.0877416	0.00481355
0.998689	0.118508	0.170443	0.0877067	0.00480968
0.998689	0.118425	0.170366	0.0876718	0.00480232
0.998689	0.118343	0.170288	0.0876368	0.00479853
0.998689	0.118261	0.170211	0.0876019	0.00479692
0.998689	0.118179	0.170134	0.0875669	0.00479528
0.998689	0.118097	0.170056	0.087532	0.00479484
0.998689	0.118014	0.169979	0.087497	0.00479459
0.998689	0.117932	0.169902	0.087462	0.00478901
0.998689	0.11785	0.169824	0.087427	0.00478427
0.998689	0.117768	0.169747	0.087392	0.00477931
0.998689	0.117686	0.16967	0.087357	0.00477919
0.998689	0.117604	0.169592	0.087322	0.00477867
0.998689	0.117521	0.169515	0.087287	0.0047626
0.998689	0.117439	0.169438	0.0872519	0.00475549
0.998689	0.117357	0.16936	0.0872169	0.00475206
0.998689	0.117275	0.169283	0.0871819	0.00475134
0.998689	0.117193	0.169206	0.0871468	0.0047492
0.998689	0.11711	0.169128	0.0871118	0.00474598
0.998689	0.117028	0.169051	0.0870767	0.00474516
0.998689	0.116946	0.168974	0.0870416	0.00474453
0.998689	0.116864	0.168896	0.0870065	0.00474449
0.998689	0.116782	0.168819	0.0869714	0.00474315
0.998689	0.1167	0.168742	0.0869363	0.00473657
0.998689	0.116617	0.168664	0.0869012	0.00473293
0.998689	0.116535	0.168587	0.0868661	0.00472893
0.998689	0.116453	0.16851	0.086831	0.00472308
0.998689	0.116371	0.168432	0.0867958	0.00472183
0.998689	0.116289	0.168355	0.0867607	0.00471968
0.998689	0.116206	0.168278	0.0867256	0.00471908
0.998689	0.116124	0.1682	0.0866904	0.00471642
0.998689	0.116042	0.168123	0.0866552	0.00471474
0.998689	0.11596	0.168046	0.0866201	0.00471177
0.998689	0.115878	0.167968	0.0865849	0.00470381
0.998689	0.115796	0.167891	0.0865497	0.00470196
0.998689	0.115713	0.167814	0.0865145	0.00470022
0.998689	0.115631	0.167736	0.0864793	0.00469279
0.998689	0.115549	0.167659	0.0864441	0.00469138
0.998689	0.115467	0.167582	0.0864088	0.00469093
0.998689	0.115385	0.167504	0.0863736	0.00468837
0.998689	0.115302	0.167427	0.0863384	0.00468513
0.998689	0.11522	0.16735	0.0863031	0.00468413
0.998689	0.115138	0.167272	0.0862679	0.00468342
0.998689	0.115056	0.167195	0.0862326	0.00468294
0.998689	0.114974	0.167118	0.0861973	0.00467857
0.998689	0.114892	0.16704	0.086162	0.00467361
0.998689	0.114809	0.166963	0.0861268	0.00466881
0.998689	0.114727	0.166886	0.0860915	0.0046634
0.998689	0.114645	0.166808	0.0860562	0.00465257
0.998689	0.114563	0.166731	0.0860208	0.00464716
0.998689	0.114481	0.166654	0.0859855	0.00464004
0.998689	0.114398	0.166576	0.0859502	0.00462713
0.998689	0.114316	0.166499	0.0859148	0.00462709
0.998689	0.114234	0.166422	0.0858795	0.00461865
0.998689	0.114152	0.166344	0.0858441	0.00461708
0.998689	0.11407	0.166267	0.0858088	0.00461028
0.998689	0.113988	0.16619	0.0857734	0.00460973
0.998689	0.113905	0.166112	0.085738	0.00460607
0.998689	0.113823	0.166035	0.0857026	0.00460288
0.998689	0.113741	0.165958	0.0856672	0.00459726
0.998689	0.113659	0.16588	0.0856318	0.00459721
0.998689	0.113577	0.165803	0.0855964	0.00459436
0.998689	0.113494	0.165726	0.085561	0.00459393
0.998689	0.113412	0.165648	0.0855256	0.00459176
0.998689	0.11333	0.165571	0.0854901	0.00459054
0.998689	0.113248	0.165494	0.0854547	0.00459032
0.998689	0.113166	0.165416	0.0854192	0.00459022
0.998689	0.113083	0.165339	0.0853837	0.0045896
0.998689	0.113001	0.165262	0.0853483	0.0045828
0.998689	0.112919	0.165184	0.0853128	0.00458111
0.998689	0.112837	0.165107	0.0852773	0.00456666
0.998689	0.112755	0.16503	0.0852418	0.00456348
0.998689	0.112673	0.164952	0.0852063	0.00456083
0.998689	0.11259	0.164875	0.0851708	0.00455798
0.998689	0.112508	0.164798	0.0851352	0.00454745
0.998689	0.112426	0.16472	0.0850997	0.0045446
0.998689	0.112344	0.164643	0.0850641	0.00454142
0.998689	0.112262	0.164566	0.0850286	0.00454038
0.998689	0.112179	0.164488	0.084993	0.00453813
0.998689	0.112097	0.164411	0.0849575	0.00453475
0.998689	0.112015	0.164334	0.0849219	0.00453135
0.998689	0.111933	0.164256	0.0848863	0.00453021
0.998689	0.111851	0.164179	0.0848507	0.00452809
0.998689	0.111769	0.164102	0.0848151	0.0045268
0.998689	0.111686	0.164024	0.0847795	0.004526
0.998689	0.111604	0.163947	0.0847439	0.0045206
0.998689	0.111522	0.16387	0.0847082	0.00451449
0.998689	0.11144	0.163792	0.0846726	0.00451415
0.998689	0.111358	0.163715	0.0846369	0.0045129
0.998689	0.111275	0.163638	0.0846013	0.00450673
0.998689	0.111193	0.16356	0.0845656	0.00450393
0.998689	0.111111	0.163483	0.0845299	0.0045027
0.998689	0.111029	0.163406	0.0844942	0.00450206
0.998689	0.110947	0.163328	0.0844585	0.00449919
0.998689	0.110865	0.163251	0.0844228	0.00449502
0.998689	0.110782	0.163174	0.0843871	0.00449188
0.998689	0.1107	0.163096	0.0843514	0.00448546
0.998689	0.110618	0.163019	0.0843157	0.00447962
0.998689	0.110536	0.162942	0.0842799	0.00447791
0.998689	0.110454	0.162864	0.0842442	0.00447345
0.998689	0.110371	0.162787	0.0842084	0.00447185
0.998689	0.110289	0.16271	0.0841727	0.00446872
0.998689	0.110207	0.162632	0.0841369	0.00446544
0.998689	0.110125	0.162555	0.0841011	0.00445749
0.998689	0.110043	0.162478	0.0840653	0.00445317
0.998689	0.109961	0.1624	0.0840295	0.00445289
0.998689	0.109878	0.162323	0.0839937	0.00445219
0.998689	0.109796	0.162246	0.0839579	0.00445027
0.998689	0.109714	0.162168	0.0839221	0.00444876
0.998689	0.109632	0.162091	0.0838862	0.00444654
0.998689	0.10955	0.162014	0.0838504	0.00444654
0.998689	0.109467	0.161936	0.0838145	0.00444057
0.998689	0.109385	0.161859	0.0837786	0.00443766
0.998689	0.109303	0.161782	0.0837428	0.00443527
0.998689	0.109221	0.161704	0.0837069	0.00442454
0.998689	0.109139	0.161627	0.083671	0.00441591
0.998689	0.109057	0.16155	0.0836351	0.00441395
0.998689	0.108974	0.161472	0.0835992	0.00441107
0.998689	0.108892	0.161395	0.0835633	0.0044103
0.998689	0.10881	0.161318	0.0835273	0.0044036
0.998689	0.108728	0.16124	0.0834914	0.00440346
0.998689	0.108646	0.161163	0.0834554	0.00440241
0.998689	0.108563	0.161086	0.0834195	0.00440021
0.998689	0.108481	0.161008	0.0833835	0.00439864
0.998689	0.108399	0.160931	0.0833475	0.00439803
0.998689	0.108317	0.160854	0.0833116	0.00439248
0.998689	0.108235	0.160776	0.0832756	0.00439211
0.998689	0.108153	0.160699	0.0832396	0.00439208
0.998689	0.10807	0.160622	0.0832035	0.00438866
0.998689	0.107988	0.160544	0.0831675	0.00438849
0.998689	0.107906	0.160467	0.0831315	0.00438839
0.998689	0.107824	0.16039	0.0830954	0.00438486
0.998689	0.107742	0.160312	0.0830594	0.00437574
0.998689	0.107659	0.160235	0.0830233	0.00437318
0.998689	0.107577	0.160158	0.0829873	0.00436497
0.998689	0.107495	0.16008	0.0829512	0.00436208
0.998689	0.107413	0.160003	0.0829151	0.00436097
0.998689	0.107331	0.159926	0.082879	0.00435855
0.998689	0.107249	0.159848	0.0828429	0.00435709
0.998689	0.107166	0.159771	0.0828068	0.00434683
0.998689	0.107084	0.159694	0.0827706	0.00433931
0.998689	0.107002	0.159616	0.0827345	0.00433456
0.998689	0.10692	0.159539	0.0826983	0.00432641
0.998689	0.106838	0.159462	0.0826622	0.0043254
0.998689	0.106755	0.159384	0.082626	0.00432345
0.998689	0.106673	0.159307	0.0825899	0.00432325
0.998689	0.106591	0.15923	0.0825537	0.00431216
0.998689	0.106509	0.159152	0.0825175	0.0043109
0.998689	0.106427	0.159075	0.0824813	0.00430898
0.998689	0.106345	0.158998	0.0824451	0.00430876
0.998689	0.106262	0.15892	0.0824088	0.00430458
0.998689	0.10618	0.158843	0.0823726	0.0043021
0.998689	0.106098	0.158766	0.0823364	0.00430062
0.998689	0.106016	0.158688	0.0823001	0.00429609
0.998689	0.105934	0.158611	0.0822638	0.00428969
0.998689	0.105851	0.158534	0.0822276	0.00428668
0.998689	0.105769	0.158456	0.0821913	0.00428631
0.998689	0.105687	0.158379	0.082155	0.00427568
0.998689	0.105605	0.158302	0.0821187	0.00427486
0.998689	0.105523	0.158224	0.0820824	0.00426927
0.998689	0.10544	0.158147	0.0820461	0.00426817
0.998689	0.105358	0.15807	0.0820097	0.00426507
0.998689	0.105276	0.157992	0.0819734	0.00426425
0.998689	0.105194	0.157915	0.081937	0.00425608
0.998689	0.105112	0.157838	0.0819007	0.00425565
0.998689	0.10503	0.15776	0.0818643	0.00424503
0.998689	0.104947	0.157683	0.0818279	0.00423933
0.998689	0.104865	0.157606	0.0817915	0.00423865
0.998689	0.104783	0.157528	0.0817551	0.00423768
0.998689	0.104701	0.157451	0.0817187	0.00422385
0.998689	0.104619	0.157374	0.0816823	0.00422203
0.998689	0.104536	0.157296	0.0816459	0.00422044
0.998689	0.104454	0.157219	0.0816094	0.00421653
0.998689	0.104372	0.157142	0.081573	0.00421397
0.998689	0.10429	0.157064	0.0815365	0.00421332
0.998689	0.104208	0.156987	0.0815	0.00420964
0.998689	0.104126	0.15691	0.0814636	0.00420814
0.998689	0.104043	0.156832	0.0814271	0.00419305
0.998689	0.103961	0.156755	0.0813906	0.00419098
0.998689	0.103879	0.156678	0.0813541	0.00418439
0.998689	0.103797	0.1566	0.0813175	0.00418285
0.998689	0.103715	0.156523	0.081281	0.00417681
0.998689	0.103632	0.156446	0.0812445	0.00417648
0.998689	0.10355	0.156368	0.0812079	0.00417541
0.998689	0.103468	0.156291	0.0811714	0.00417431
0.998689	0.103386	0.156214	0.0811348	0.0041739
0.998689	0.103304	0.156136	0.0810982	0.00417252
0.998689	0.103222	0.156059	0.0810616	0.00416742
0.998689	0.103139	0.155982	0.081025	0.00416625
0.998689	0.103057	0.155904	0.0809884	0.00416375
0.998689	0.102975	0.155827	0.0809518	0.00416216
0.998689	0.102893	0.15575	0.0809151	0.00416
0.998689	0.102811	0.155672	0.0808785	0.0041598
0.998689	0.102728	0.155595	0.0808418	0.0041587
0.998689	0.102646	0.155518	0.0808052	0.00415765
0.998689	0.102564	0.15544	0.0807685	0.00415741
0.998689	0.102482	0.155363	0.0807318	0.0041551
0.998689	0.1024	0.155286	0.0806951	0.00415068
0.998689	0.102318	0.155208	0.0806584	0.00414756
0.998689	0.102235	0.155131	0.0806217	0.00414694
0.998689	0.102153	0.155054	0.080585	0.00414477
0.998689	0.102071	0.154976	0.0805482	0.00414391
0.998689	0.101989	0.154899	0.0805115	0.00414363
0.998689	0.101907	0.154822	0.0804747	0.00414042
0.998689	0.101824	0.154744	0.080438	0.00413873
0.998689	0.101742	0.154667	0.0804012	0.00413802
0.998689	0.10166	0.15459	0.0803644	0.00413733
0.998689	0.101578	0.154512	0.0803276	0.0041347
0.998689	0.101496	0.154435	0.0802908	0.00413437
0.998689	0.101414	0.154358	0.080254	0.00413319
0.998689	0.101331	0.15428	0.0802171	0.00413237
0.998689	0.101249	0.154203	0.0801803	0.00411762
0.998689	0.101167	0.154126	0.0801434	0.00411627
0.998689	0.101085	0.154048	0.0801066	0.00411224
0.998689	0.101003	0.153971	0.0800697	0.00410742
0.998689	0.10092	0.153894	0.0800328	0.00410714
0.998689	0.100838	0.153816	0.0799959	0.00410533
0.998689	0.100756	0.153739	0.079959	0.00409218
0.998689	0.100674	0.153662	0.0799221	0.00409204
0.998689	0.100592	0.153584	0.0798852	0.00408878
0.998689	0.10051	0.153507	0.0798482	0.00408737
0.998689	0.100427	0.15343	0.0798113	0.00408615
0.998689	0.100345	0.153352	0.0797743	0.0040834
0.998689	0.100263	0.153275	0.0797373	0.00407989
0.998689	0.100181	0.153198	0.0797004	0.00407025
0.998689	0.100099	0.15312	0.0796634	0.00406972
0.998689	0.100016	0.153043	0.0796264	0.00406501
0.998689	0.0999343	0.152966	0.0795894	0.00406207
0.998689	0.0998521	0.152888	0.0795523	0.00405807
0.998689	0.0997699	0.152811	0.0795153	0.00405485
0.998689	0.0996877	0.152734	0.0794782	0.00405354
0.998689	0.0996055	0.152656	0.0794412	0.00404267
0.998689	0.0995233	0.152579	0.0794041	0.00404076
0.998689	0.0994412	0.152502	0.079367	0.00403566
0.998689	0.099359	0.152424	0.0793299	0.00403557
0.998689	0.0992768	0.152347	0.0792928	0.00403372
0.998689	0.0991946	0.15227	0.0792557	0.00403313
0.998689	0.0991124	0.152192	0.0792186	0.00403134
0.998689	0.0990302	0.152115	0.0791815	0.00403048
0.998689	0.0989481	0.152038	0.0791443	0.00402891
0.998689	0.0988659	0.15196	0.0791072	0.00402746
0.998689	0.0987837	0.151883	0.07907	0.00402613
0.998689	0.0987015	0.151806	0.0790328	0.00402259
0.998689	0.0986193	0.151728	0.0789956	0.00401904
0.998689	0.0985371	0.151651	0.0789584	0.00401541
0.998689	0.098455	0.151574	0.0789212	0.00401442
0.998689	0.0983728	0.151496	0.078884	0.00401365
0.998689	0.0982906	0.151419	0.0788468	0.00401303
0.998689	0.0982084	0.151342	0.0788095	0.00401272
0.998689	0.0981262	0.151264	0.0787723	0.00400431
0.998689	0.098044	0.151187	0.078735	0.00400413
0.998689	0.0979619	0.15111	0.0786977	0.00400395
0.998689	0.0978797	0.151032	0.0786604	0.00400287
0.998689	0.0977975	0.150955	0.0786231	0.00400099
0.998689	0.0977153	0.150878	0.0785858	0.00399691
0.998689	0.0976331	0.1508	0.0785485	0.00399263
0.998689	0.097551	0.150723	0.0785111	0.00399241
0.998689	0.0974688	0.150646	0.0784738	0.0039916
0.998689	0.0973866	0.150568	0.0784364	0.00398846
0.998689	0.0973044	0.150491	0.0783991	0.00398647
0.998689	0.0972222	0.150414	0.0783617	0.00398099
0.998689	0.09714	0.150336	0.0783243	0.00398065
0.998689	0.0970579	0.150259	0.0782869	0.00397692
0.998689	0.0969757	0.150182	0.0782495	0.00397611
0.998689	0.0968935	0.150104	0.078212	0.00397463
0.998689	0.0968113	0.150027	0.0781746	0.00396971
0.998689	0.0967291	0.14995	0.0781371	0.00396529
0.998689	0.0966469	0.149872	0.0780997	0.00396414
0.998689	0.0965648	0.149795	0.0780622	0.00396077
0.998689	0.0964826	0.149718	0.0780247	0.00395633
0.998689	0.0964004	0.14964	0.0779872	0.00395405
0.998689	0.0963182	0.149563	0.0779497	0.00394935
0.998689	0.096236	0.149486	0.0779122	0.00394034
0.998689	0.0961538	0.149408	0.0778746	0.00394023
0.998689	0.0960717	0.149331	0.0778371	0.00393537
0.998689	0.0959895	0.149254	0.0777995	0.00392672
0.998689	0.0959073	0.149176	0.077762	0.00392558
0.998689	0.0958251	0.149099	0.0777244	0.00392545
0.998689	0.0957429	0.149022	0.0776868	0.00392264
0.998689	0.0956607	0.148944	0.0776492	0.00391903
0.998689	0.0955786	0.148867	0.0776116	0.00390871
0.998689	0.0954964	0.14879	0.077574	0.00390335
0.998689	0.0954142	0.148712	0.0775363	0.00390024
0.998689	0.095332	0.148635	0.0774987	0.00389485
0.998689	0.0952498	0.148558	0.077461	0.00389124
0.998689	0.0951677	0.14848	0.0774233	0.00388944
0.998689	0.0950855	0.148403	0.0773856	0.00388658
0.998689	0.0950033	0.148326	0.0773479	0.00388607
0.998689	0.0949211	0.148248	0.0773102	0.0038854
0.998689	0.0948389	0.148171	0.0772725	0.00388428
0.998689	0.0947567	0.148094	0.0772348	0.00387477
0.998689	0.0946746	0.148016	0.077197	0.00387242
0.998689	0.0945924	0.147939	0.0771593	0.00386737
0.998689	0.0945102	0.147862	0.0771215	0.0038639
0.998689	0.094428	0.147784	0.0770837	0.00386093
0.998689	0.0943458	0.147707	0.0770459	0.00385817
0.998689	0.0942636	0.14763	0.0770081	0.00385746
0.998689	0.0941815	0.147552	0.0769703	0.00385561
0.998689	0.0940993	0.147475	0.0769325	0.00385267
0.998689	0.0940171	0.147398	0.0768946	0.0038471
0.998689	0.0939349	0.14732	0.0768568	0.00384441
0.998689	0.0938527	0.147243	0.0768189	0.00384395
0.998689	0.0937705	0.147166	0.076781	0.00384205
0.998689	0.0936884	0.147088	0.0767431	0.00383379
0.998689	0.0936062	0.147011	0.0767052	0.00383359
0.998689	0.093524	0.146934	0.0766673	0.00382837
0.998689	0.0934418	0.146856	0.0766294	0.0038273
0.998689	0.0933596	0.146779	0.0765914	0.00381939
0.998689	0.0932774	0.146702	0.0765535	0.00381699
0.998689	0.0931953	0.146624	0.0765155	0.00381033
0.998689	0.0931131	0.146547	0.0764775	0.00380937
0.998689	0.0930309	0.14647	0.0764395	0.00380642
0.998689	0.0929487	0.146392	0.0764015	0.00380494
0.998689	0.0928665	0.146315	0.0763635	0.00380152
0.998689	0.0927844	0.146238	0.0763255	0.00378744
0.998689	0.0927022	0.14616	0.0762875	0.00378664
0.998689	0.09262	0.146083	0.0762494	0.00378367
0.998689	0.0925378	0.146006	0.0762113	0.00378165
0.998689	0.0924556	0.145928	0.0761733	0.00377733
0.998689	0.0923734	0.145851	0.0761352	0.00377487
0.998689	0.0922913	0.145774	0.0760971	0.00377381
0.998689	0.0922091	0.145696	0.076059	0.00377299
0.998689	0.0921269	0.145619	0.0760208	0.00377207
0.998689	0.0920447	0.145542	0.0759827	0.00377172
0.998689	0.0919625	0.145464	0.0759445	0.00377127
0.998689	0.0918803	0.145387	0.0759064	0.00377068
0.998689	0.0917982	0.14531	0.0758682	0.00377066
0.998689	0.091716	0.145232	0.07583	0.0037664
0.998689	0.0916338	0.145155	0.0757918	0.0037658
0.998689	0.0915516	0.145078	0.0757536	0.00375886
0.998689	0.0914694	0.145	0.0757153	0.00375397
0.998689	0.0913872	0.144923	0.0756771	0.0037521
0.998689	0.0913051	0.144846	0.0756388	0.00374929
0.998689	0.0912229	0.144768	0.0756006	0.00374859
0.998689	0.0911407	0.144691	0.0755623	0.00374215
0.998689	0.0910585	0.144614	0.075524	0.00374109
0.998689	0.0909763	0.144536	0.0754857	0.00373592
0.998689	0.0908941	0.144459	0.0754474	0.00373161
0.998689	0.090812	0.144382	0.075409	0.00373143
0.998689	0.0907298	0.144304	0.0753707	0.00373098
0.998689	0.0906476	0.144227	0.0753323	0.00373085
0.998689	0.0905654	0.14415	0.0752939	0.0037274
0.998689	0.0904832	0.144072	0.0752556	0.00372648
0.998689	0.0904011	0.143995	0.0752172	0.00372213
0.998689	0.0903189	0.143918	0.0751787	0.00372109
0.998689	0.0902367	0.14384	0.0751403	0.00371916
0.998689	0.0901545	0.143763	0.0751019	0.00371864
0.998689	0.0900723	0.143686	0.0750634	0.00371767
0.998689	0.0899901	0.143608	0.075025	0.00371435
0.998689	0.089908	0.143531	0.0749865	0.0037078
0.998689	0.0898258	0.143454	0.074948	0.00370631
0.998689	0.0897436	0.143376	0.0749095	0.00369602
0.998689	0.0896614	0.143299	0.074871	0.00369216
0.998689	0.0895792	0.143222	0.0748324	0.00369106
0.998689	0.089497	0.143144	0.0747939	0.00368985
0.998689	0.0894149	0.143067	0.0747553	0.00368804
0.998689	0.0893327	0.14299	0.0747168	0.0036866
0.998689	0.0892505	0.142912	0.0746782	0.003682
0.998689	0.0891683	0.142835	0.0746396	0.00367944
0.998689	0.0890861	0.142758	0.074601	0.00367823
0.998689	0.0890039	0.14268	0.0745624	0.00367757
0.998689	0.0889218	0.142603	0.0745237	0.00367031
0.998689	0.0888396	0.142526	0.0744851	0.0036671
0.998689	0.0887574	0.142448	0.0744464	0.00366297
0.998689	0.0886752	0.142371	0.0744077	0.00364936
0.998689	0.088593	0.142294	0.074369	0.00364532
0.998689	0.0885108	0.142216	0.0743303	0.00363746
0.998689	0.0884287	0.142139	0.0742916	0.00363712
0.998689	0.0883465	0.142062	0.0742529	0.00363589
0.998689	0.0882643	0.141984	0.0742141	0.00363192
0.998689	0.0881821	0.141907	0.0741754	0.00362069
0.998689	0.0880999	0.14183	0.0741366	0.00361553
0.998689	0.0880178	0.141752	0.0740978	0.00360741
0.998689	0.0879356	0.141675	0.074059	0.00360184
0.998689	0.0878534	0.141598	0.0740202	0.00360103
0.998689	0.0877712	0.14152	0.0739813	0.00360055
0.998689	0.087689	0.141443	0.0739425	0.00359056
0.998689	0.0876068	0.141366	0.0739036	0.00358786
0.998689	0.0875247	0.141288	0.0738648	0.00358625
0.998689	0.0874425	0.141211	0.0738259	0.00357997
0.998689	0.0873603	0.141134	0.073787	0.00357912
0.998689	0.0872781	0.141056	0.0737481	0.00357431
0.998689	0.0871959	0.140979	0.0737092	0.00357333
0.998689	0.0871137	0.140902	0.0736702	0.00356885
0.998689	0.0870316	0.140824	0.0736313	0.00356026
0.998689	0.0869494	0.140747	0.0735923	0.00355942
0.998689	0.0868672	0.14067	0.0735533	0.00355764
0.998689	0.086785	0.140592	0.0735143	0.00355658
0.998689	0.0867028	0.140515	0.0734753	0.00355285
0.998689	0.0866206	0.140438	0.0734363	0.0035522
0.998689	0.0865385	0.14036	0.0733972	0.00354987
0.998689	0.0864563	0.140283	0.0733582	0.00354834
0.998689	0.0863741	0.140206	0.0733191	0.00354475
0.998689	0.0862919	0.140128	0.07328	0.00354452
0.998689	0.0862097	0.140051	0.0732409	0.0035387
0.998689	0.0861275	0.139974	0.0732018	0.0035368
0.998689	0.0860454	0.139896	0.0731627	0.00353394
0.998689	0.0859632	0.139819	0.0731236	0.00353197
0.998689	0.085881	0.139742	0.0730844	0.00353042
0.998689	0.0857988	0.139664	0.0730452	0.00352773
0.998689	0.0857166	0.139587	0.0730061	0.00352705
0.998689	0.0856345	0.13951	0.0729669	0.00352627
0.998689	0.0855523	0.139432	0.0729277	0.00352441
0.998689	0.0854701	0.139355	0.0728884	0.00351997
0.998689	0.0853879	0.139278	0.0728492	0.00351907
0.998689	0.0853057	0.1392	0.0728099	0.00351551
0.998689	0.0852235	0.139123	0.0727707	0.00351342
0.998689	0.0851414	0.139046	0.0727314	0.00350919
0.998689	0.0850592	0.138968	0.0726921	0.00350579
0.998689	0.084977	0.138891	0.0726528	0.00350435
0.998689	0.0848948	0.138814	0.0726134	0.00350323
0.998689	0.0848126	0.138736	0.0725741	0.00349963
0.998689	0.0847304	0.138659	0.0725347	0.00349642
0.998689	0.0846483	0.138582	0.0724954	0.00349554
0.998689	0.0845661	0.138504	0.072456	0.00349329
0.998689	0.0844839	0.138427	0.0724166	0.00348906
0.998689	0.0844017	0.13835	0.0723772	0.00348509
0.998689	0.0843195	0.138272	0.0723377	0.00348138
0.998689	0.0842373	0.138195	0.0722983	0.00347971
0.998689	0.0841552	0.138118	0.0722588	0.00347806
0.998689	0.084073	0.13804	0.0722194	0.00347799
0.998689	0.0839908	0.137963	0.0721799	0.00347093
0.998689	0.0839086	0.137886	0.0721404	0.00346602
0.998689	0.0838264	0.137808	0.0721008	0.00346504
0.998689	0.0837442	0.137731	0.0720613	0.00346132
0.998689	0.0836621	0.137654	0.0720218	0.00345999
0.998689	0.0835799	0.137576	0.0719822	0.00345912
0.998689	0.0834977	0.137499	0.0719426	0.00345389
0.998689	0.0834155	0.137422	0.071903	0.00344367
0.998689	0.0833333	0.137344	0.0718634	0.00343867
0.998689	0.0832512	0.137267	0.0718238	0.00343829
0.998689	0.083169	0.13719	0.0717841	0.00343675
0.998689	0.0830868	0.137112	0.0717445	0.00342826
0.998689	0.0830046	0.137035	0.0717048	0.00342777
0.998689	0.0829224	0.136958	0.0716651	0.00342713
0.998689	0.0828402	0.13688	0.0716254	0.00342575
0.998689	0.0827581	0.136803	0.0715857	0.00342555
0.998689	0.0826759	0.136726	0.071546	0.00342545
0.998689	0.0825937	0.136648	0.0715062	0.00342205
0.998689	0.0825115	0.136571	0.0714665	0.00342029
0.998689	0.0824293	0.136494	0.0714267	0.00341351
0.998689	0.0823471	0.136416	0.0713869	0.00341117
0.998689	0.082265	0.136339	0.0713471	0.00340823
0.998689	0.0821828	0.136262	0.0713072	0.00340693
0.998689	0.0821006	0.136184	0.0712674	0.00340638
0.998689	0.0820184	0.136107	0.0712275	0.00340091
0.998689	0.0819362	0.13603	0.0711877	0.0034007
0.998689	0.081854	0.135952	0.0711478	0.00339856
0.998689	0.0817719	0.135875	0.0711079	0.0033955
0.998689	0.0816897	0.135798	0.071068	0.00339542
0.998689	0.0816075	0.13572	0.071028	0.00339238
0.998689	0.0815253	0.135643	0.0709881	0.00339202
0.998689	0.0814431	0.135566	0.0709481	0.00339114
0.998689	0.0813609	0.135488	0.0709081	0.00339103
0.998689	0.0812788	0.135411	0.0708681	0.00338889
0.998689	0.0811966	0.135334	0.0708281	0.00338871
0.998689	0.0811144	0.135256	0.0707881	0.00338441
0.998689	0.0810322	0.135179	0.070748	0.00338133
0.998689	0.08095	0.135102	0.070708	0.00337247
0.998689	0.0808679	0.135024	0.0706679	0.00336621
0.998689	0.0807857	0.134947	0.0706278	0.00336571
0.998689	0.0807035	0.13487	0.0705877	0.00336259
0.998689	0.0806213	0.134792	0.0705476	0.00336224
0.998689	0.0805391	0.134715	0.0705074	0.00336138
0.998689	0.0804569	0.134638	0.0704673	0.00335224
0.998689	0.0803748	0.13456	0.0704271	0.00334926
0.998689	0.0802926	0.134483	0.0703869	0.00334865
0.998689	0.0802104	0.134406	0.0703467	0.00334637
0.998689	0.0801282	0.134328	0.0703065	0.00334579
0.998689	0.080046	0.134251	0.0702662	0.00334508
0.998689	0.0799638	0.134174	0.070226	0.00333989
0.998689	0.0798817	0.134096	0.0701857	0.00333924
0.998689	0.0797995	0.134019	0.0701454	0.00333883
0.998689	0.0797173	0.133942	0.0701051	0.00333838
0.998689	0.0796351	0.133864	0.0700648	0.00333718
0.998689	0.0795529	0.133787	0.0700245	0.0033342
0.998689	0.0794707	0.13371	0.0699841	0.00333412
0.998689	0.0793886	0.133632	0.0699437	0.0033334
0.998689	0.0793064	0.133555	0.0699033	0.0033274
0.998689	0.0792242	0.133478	0.0698629	0.00332556
0.998689	0.079142	0.1334	0.0698225	0.00332344
0.998689	0.0790598	0.133323	0.0697821	0.00331089
0.998689	0.0789776	0.133246	0.0697416	0.00331085
0.998689	0.0788955	0.133168	0.0697012	0.00330755
0.998689	0.0788133	0.133091	0.0696607	0.00330379
0.998689	0.0787311	0.133014	0.0696202	0.00330189
0.998689	0.0786489	0.132936	0.0695797	0.00330143
0.998689	0.0785667	0.132859	0.0695391	0.00329614
0.998689	0.0784845	0.132782	0.0694986	0.0032938
0.998689	0.0784024	0.132704	0.069458	0.00329304
0.998689	0.0783202	0.132627	0.0694174	0.00329214
0.998689	0.078238	0.13255	0.0693768	0.00328869
0.998689	0.0781558	0.132472	0.0693362	0.00328347
0.998689	0.0780736	0.132395	0.0692955	0.00327224
0.998689	0.0779915	0.132318	0.0692549	0.00327025
0.998689	0.0779093	0.13224	0.0692142	0.00326931
0.998689	0.0778271	0.132163	0.0691735	0.00326928
0.998689	0.0777449	0.132086	0.0691328	0.00326866
0.998689	0.0776627	0.132008	0.0690921	0.00326361
0.998689	0.0775805	0.131931	0.0690513	0.00326225
0.998689	0.0774984	0.131854	0.0690106	0.00326039
0.998689	0.0774162	0.131776	0.0689698	0.00325968
0.998689	0.077334	0.131699	0.068929	0.00325779
0.998689	0.0772518	0.131622	0.0688882	0.00324991
0.998689	0.0771696	0.131544	0.0688474	0.00324572
0.998689	0.0770874	0.131467	0.0688065	0.00324435
0.998689	0.0770053	0.13139	0.0687657	0.00324407
0.998689	0.0769231	0.131312	0.0687248	0.00323899
0.998689	0.0768409	0.131235	0.0686839	0.00323797
0.998689	0.0767587	0.131158	0.068643	0.00323616
0.998689	0.0766765	0.13108	0.068602	0.00323274
0.998689	0.0765943	0.131003	0.0685611	0.00322752
0.998689	0.0765122	0.130926	0.0685201	0.00322624
0.998689	0.07643	0.130848	0.0684791	0.00322595
0.998689	0.0763478	0.130771	0.0684381	0.00322378
0.998689	0.0762656	0.130694	0.0683971	0.00321977
0.998689	0.0761834	0.130616	0.0683561	0.00320995
0.998689	0.0761012	0.130539	0.068315	0.00320773
0.998689	0.0760191	0.130462	0.0682739	0.00320331
0.998689	0.0759369	0.130384	0.0682329	0.00320208
0.998689	0.0758547	0.130307	0.0681917	0.00319681
0.998689	0.0757725	0.13023	0.0681506	0.00319259
0.998689	0.0756903	0.130152	0.0681095	0.00319078
0.998689	0.0756082	0.130075	0.0680683	0.00318599
0.998689	0.075526	0.129998	0.0680271	0.0031821
0.998689	0.0754438	0.12992	0.0679859	0.00318142
0.998689	0.0753616	0.129843	0.0679447	0.00317367
0.998689	0.0752794	0.129766	0.0679035	0.00317236
0.998689	0.0751972	0.129688	0.0678622	0.00316744
0.998689	0.0751151	0.129611	0.0678209	0.00316373
0.998689	0.0750329	0.129534	0.0677797	0.00315968
0.998689	0.0749507	0.129456	0.0677383	0.00315833
0.998689	0.0748685	0.129379	0.067697	0.00315664
0.998689	0.0747863	0.129302	0.0676557	0.00315589
0.998689	0.0747041	0.129224	0.0676143	0.00315418
0.998689	0.074622	0.129147	0.0675729	0.00315004
0.998689	0.0745398	0.12907	0.0675315	0.0031467
0.998689	0.0744576	0.128992	0.0674901	0.00314386
0.998689	0.0743754	0.128915	0.0674487	0.00313752
0.998689	0.0742932	0.128838	0.0674072	0.00313709
0.998689	0.074211	0.12876	0.0673657	0.00313684
0.998689	0.0741289	0.128683	0.0673242	0.00313629
0.998689	0.0740467	0.128606	0.0672827	0.00313303
0.998689	0.0739645	0.128528	0.0672412	0.00312978
0.998689	0.0738823	0.128451	0.0671997	0.00312618
0.998689	0.0738001	0.128374	0.0671581	0.00312432
0.998689	0.0737179	0.128296	0.0671165	0.00312281
0.998689	0.0736358	0.128219	0.0670749	0.00311904
0.998689	0.0735536	0.128142	0.0670333	0.00310964
0.998689	0.0734714	0.128064	0.0669916	0.00310202
0.998689	0.0733892	0.127987	0.06695	0.00310191
0.998689	0.073307	0.12791	0.0669083	0.00310114
0.998689	0.0732249	0.127832	0.0668666	0.00309506
0.998689	0.0731427	0.127755	0.0668249	0.00309489
0.998689	0.0730605	0.127678	0.0667831	0.00308771
0.998689	0.0729783	0.1276	0.0667414	0.00308686
0.998689	0.0728961	0.127523	0.0666996	0.00308164
0.998689	0.0728139	0.127446	0.0666578	0.00307573
0.998689	0.0727318	0.127368	0.066616	0.00307398
0.998689	0.0726496	0.127291	0.0665741	0.00307021
0.998689	0.0725674	0.127214	0.0665323	0.00306646
0.998689	0.0724852	0.127136	0.0664904	0.00306096
0.998689	0.072403	0.127059	0.0664485	0.00305688
0.998689	0.0723208	0.126982	0.0664066	0.00305444
0.998689	0.0722387	0.126904	0.0663647	0.00305436
0.998689	0.0721565	0.126827	0.0663227	0.00305405
0.998689	0.0720743	0.12675	0.0662808	0.00305372
0.998689	0.0719921	0.126672	0.0662388	0.00305189
0.998689	0.0719099	0.126595	0.0661968	0.00305014
0.998689	0.0718277	0.126518	0.0661547	0.00304879
0.998689	0.0717456	0.12644	0.0661127	0.00304618
0.998689	0.0716634	0.126363	0.0660706	0.00304599
0.998689	0.0715812	0.126286	0.0660285	0.00304467
0.998689	0.071499	0.126208	0.0659864	0.00304155
0.998689	0.0714168	0.126131	0.0659443	0.00303984
0.998689	0.0713346	0.126054	0.0659021	0.00303695
0.998689	0.0712525	0.125976	0.06586	0.00303539
0.998689	0.0711703	0.125899	0.0658178	0.00303513
0.998689	0.0710881	0.125822	0.0657756	0.003035
0.998689	0.0710059	0.125744	0.0657333	0.00303224
0.998689	0.0709237	0.125667	0.0656911	0.00302101
0.998689	0.0708416	0.12559	0.0656488	0.00301468
0.998689	0.0707594	0.125512	0.0656065	0.00301146
0.998689	0.0706772	0.125435	0.0655642	0.00300973
0.998689	0.070595	0.125358	0.0655219	0.00299864
0.998689	0.0705128	0.12528	0.0654795	0.0029952
0.998689	0.0704306	0.125203	0.0654372	0.00299202
0.998689	0.0703485	0.125126	0.0653948	0.00299049
0.998689	0.0702663	0.125048	0.0653524	0.00298544
0.998689	0.0701841	0.124971	0.0653099	0.0029853
0.998689	0.0701019	0.124894	0.0652675	0.00298302
0.998689	0.0700197	0.124816	0.065225	0.00298065
0.998689	0.0699375	0.124739	0.0651825	0.0029773
0.998689	0.0698554	0.124662	0.06514	0.00296596
0.998689	0.0697732	0.124584	0.0650975	0.00296573
0.998689	0.069691	0.124507	0.0650549	0.00296523
0.998689	0.0696088	0.12443	0.0650123	0.00296483
0.998689	0.0695266	0.124352	0.0649697	0.00296439
0.998689	0.0694444	0.124275	0.0649271	0.00295699
0.998689	0.0693623	0.124198	0.0648845	0.00295425
0.998689	0.0692801	0.12412	0.0648418	0.00295407
0.998689	0.0691979	0.124043	0.0647991	0.00295237
0.998689	0.0691157	0.123966	0.0647564	0.00295117
0.998689	0.0690335	0.123888	0.0647137	0.00294252
0.998689	0.0689513	0.123811	0.064671	0.00293506
0.998689	0.0688692	0.123734	0.0646282	0.00293121
0.998689	0.068787	0.123656	0.0645854	0.00293039
0.998689	0.0687048	0.123579	0.0645426	0.00292855
0.998689	0.0686226	0.123502	0.0644998	0.00291662
0.998689	0.0685404	0.123424	0.0644569	0.00291537
0.998689	0.0684583	0.123347	0.0644141	0.00290984
0.998689	0.0683761	0.12327	0.0643712	0.00290892
0.998689	0.0682939	0.123192	0.0643283	0.00290653
0.998689	0.0682117	0.123115	0.0642853	0.00290477
0.998689	0.0681295	0.123038	0.0642424	0.00290464
0.998689	0.0680473	0.12296	0.0641994	0.0029009
0.998689	0.0679652	0.122883	0.0641564	0.00290066
0.998689	0.067883	0.122806	0.0641134	0.0029
0.998689	0.0678008	0.122728	0.0640703	0.00289574
0.998689	0.0677186	0.122651	0.0640273	0.00289181
0.998689	0.0676364	0.122574	0.0639842	0.00288782
0.998689	0.0675542	0.122496	0.0639411	0.00288372
0.998689	0.0674721	0.122419	0.0638979	0.00288358
0.998689	0.0673899	0.122342	0.0638548	0.00288352
0.998689	0.0673077	0.122264	0.0638116	0.00288295
0.998689	0.0672255	0.122187	0.0637684	0.00287988
0.998689	0.0671433	0.12211	0.0637252	0.00287573
0.998689	0.0670611	0.122032	0.0636819	0.00287272
0.998689	0.066979	0.121955	0.0636387	0.00286672
0.998689	0.0668968	0.121878	0.0635954	0.0028626
0.998689	0.0668146	0.1218	0.0635521	0.00286077
0.998689	0.0667324	0.121723	0.0635088	0.00285813
0.998689	0.0666502	0.121646	0.0634654	0.00284952
0.998689	0.066568	0.121568	0.063422	0.00284734
0.998689	0.0664859	0.121491	0.0633786	0.00284499
0.998689	0.0664037	0.121414	0.0633352	0.00284259
0.998689	0.0663215	0.121336	0.0632918	0.0028357
0.998689	0.0662393	0.121259	0.0632483	0.00282576
0.998689	0.0661571	0.121182	0.0632048	0.00282568
0.998689	0.066075	0.121104	0.0631613	0.00282555
0.998689	0.0659928	0.121027	0.0631178	0.00282509
0.998689	0.0659106	0.12095	0.0630742	0.00282186
0.998689	0.0658284	0.120872	0.0630306	0.00281698
0.998689	0.0657462	0.120795	0.062987	0.00281048
0.998689	0.065664	0.120718	0.0629434	0.00280443
0.998689	0.0655819	0.12064	0.0628998	0.0028015
0.998689	0.0654997	0.120563	0.0628561	0.00279872
0.998689	0.0654175	0.120486	0.0628124	0.00279009
0.998689	0.0653353	0.120408	0.0627687	0.00278083
0.998689	0.0652531	0.120331	0.0627249	0.00277552
0.998689	0.0651709	0.120254	0.0626812	0.00277525
0.998689	0.0650888	0.120176	0.0626374	0.00277167
0.998689	0.0650066	0.120099	0.0625936	0.0027696
0.998689	0.0649244	0.120022	0.0625497	0.00276865
0.998689	0.0648422	0.119944	0.0625059	0.00276706
0.998689	0.06476	0.119867	0.062462	0.00276135
0.998689	0.0646778	0.11979	0.0624181	0.00275822
0.998689	0.0645957	0.119712	0.0623742	0.00275774
0.998689	0.0645135	0.119635	0.0623302	0.00275668
0.998689	0.0644313	0.119558	0.0622862	0.00275521
0.998689	0.0643491	0.11948	0.0622422	0.0027485
0.998689	0.0642669	0.119403	0.0621982	0.00274839
0.998689	0.0641847	0.119326	0.0621542	0.00274694
0.998689	0.0641026	0.119248	0.0621101	0.00274655
0.998689	0.0640204	0.119171	0.062066	0.00274415
0.998689	0.0639382	0.119094	0.0620219	0.00274153
0.998689	0.063856	0.119016	0.0619777	0.00273966
0.998689	0.0637738	0.118939	0.0619336	0.00273591
0.998689	0.0636917	0.118862	0.0618894	0.00273009
0.998689	0.0636095	0.118784	0.0618452	0.00272324
0.998689	0.0635273	0.118707	0.0618009	0.00272057
0.998689	0.0634451	0.11863	0.0617567	0.00271455
0.998689	0.0633629	0.118552	0.0617124	0.00270219
0.998689	0.0632807	0.118475	0.0616681	0.00268886
0.998689	0.0631986	0.118398	0.0616237	0.00268831
0.998689	0.0631164	0.11832	0.0615794	0.00268816
0.998689	0.0630342	0.118243	0.061535	0.00268773
0.998689	0.062952	0.118166	0.0614906	0.00268037
0.998689	0.0628698	0.118088	0.0614461	0.00267894
0.998689	0.0627876	0.118011	0.0614017	0.0026742
0.998689	0.0627055	0.117934	0.0613572	0.00267301
0.998689	0.0626233	0.117856	0.0613127	0.00267181
0.998689	0.0625411	0.117779	0.0612681	0.00267002
0.998689	0.0624589	0.117702	0.0612236	0.00266957
0.998689	0.0623767	0.117624	0.061179	0.00266182
0.998689	0.0622945	0.117547	0.0611344	0.00266008
0.998689	0.0622124	0.11747	0.0610897	0.00265389
0.998689	0.0621302	0.117392	0.0610451	0.00264502
0.998689	0.062048	0.117315	0.0610004	0.00264268
0.998689	0.0619658	0.117238	0.0609557	0.00264238
0.998689	0.0618836	0.11716	0.0609109	0.00263866
0.998689	0.0618014	0.117083	0.0608662	0.00263552
0.998689	0.0617193	0.117006	0.0608214	0.0026332
0.998689	0.0616371	0.116928	0.0607766	0.00263089
0.998689	0.0615549	0.116851	0.0607317	0.00262548
0.998689	0.0614727	0.116774	0.0606869	0.00262481
0.998689	0.0613905	0.116696	0.060642	0.00262244
0.998689	0.0613083	0.116619	0.060597	0.00262175
0.998689	0.0612262	0.116542	0.0605521	0.00262033
0.998689	0.061144	0.116464	0.0605071	0.00261886
0.998689	0.0610618	0.116387	0.0604621	0.00261532
0.998689	0.0609796	0.11631	0.0604171	0.00261324
0.998689	0.0608974	0.116232	0.0603721	0.00261255
0.998689	0.0608153	0.116155	0.060327	0.00260621
0.998689	0.0607331	0.116078	0.0602819	0.00260368
0.998689	0.0606509	0.116	0.0602368	0.00260236
0.998689	0.0605687	0.115923	0.0601916	0.00259997
0.998689	0.0604865	0.115846	0.0601464	0.00259859
0.998689	0.0604043	0.115768	0.0601012	0.00259415
0.998689	0.0603222	0.115691	0.060056	0.00259345
0.998689	0.06024	0.115614	0.0600107	0.00258796
0.998689	0.0601578	0.115536	0.0599655	0.00258697
0.998689	0.0600756	0.115459	0.0599202	0.00258545
0.998689	0.0599934	0.115382	0.0598748	0.00258342
0.998689	0.0599112	0.115304	0.0598294	0.0025796
0.998689	0.0598291	0.115227	0.0597841	0.00257939
0.998689	0.0597469	0.11515	0.0597386	0.0025784
0.998689	0.0596647	0.115072	0.0596932	0.00257831
0.998689	0.0595825	0.114995	0.0596477	0.00257251
0.998689	0.0595003	0.114918	0.0596022	0.00257132
0.998689	0.0594181	0.11484	0.0595567	0.00257101
0.998689	0.059336	0.114763	0.0595111	0.00256589
0.998689	0.0592538	0.114686	0.0594655	0.00256453
0.998689	0.0591716	0.114608	0.0594199	0.0025591
0.998689	0.0590894	0.114531	0.0593743	0.00255679
0.998689	0.0590072	0.114454	0.0593286	0.00255555
0.998689	0.058925	0.114376	0.0592829	0.00255452
0.998689	0.0588429	0.114299	0.0592372	0.00254892
0.998689	0.0587607	0.114222	0.0591915	0.00254121
0.998689	0.0586785	0.114144	0.0591457	0.00253512
0.998689	0.0585963	0.114067	0.0590999	0.00253493
0.998689	0.0585141	0.11399	0.0590541	0.00253436
0.998689	0.058432	0.113912	0.0590082	0.00253424
0.998689	0.0583498	0.113835	0.0589623	0.00251684
0.998689	0.0582676	0.113758	0.0589164	0.00251684
0.998689	0.0581854	0.11368	0.0588705	0.00250789
0.998689	0.0581032	0.113603	0.0588245	0.00250041
0.998689	0.058021	0.113526	0.0587785	0.00249942
0.998689	0.0579389	0.113448	0.0587325	0.00249941
0.998689	0.0578567	0.113371	0.0586864	0.00249513
0.998689	0.0577745	0.113294	0.0586403	0.00248123
0.998689	0.0576923	0.113216	0.0585942	0.00248019
0.998689	0.0576101	0.113139	0.0585481	0.00247992
0.998689	0.0575279	0.113062	0.0585019	0.00247117
0.998689	0.0574458	0.112984	0.0584557	0.00246818
0.998689	0.0573636	0.112907	0.0584094	0.00246118
0.998689	0.0572814	0.11283	0.0583632	0.00245959
0.998689	0.0571992	0.112752	0.0583169	0.00245853
0.998689	0.057117	0.112675	0.0582706	0.00245546
0.998689	0.0570348	0.112598	0.0582242	0.00245326
0.998689	0.0569527	0.11252	0.0581779	0.0024471
0.998689	0.0568705	0.112443	0.0581315	0.002444
0.998689	0.0567883	0.112366	0.058085	0.00244278
0.998689	0.0567061	0.112288	0.0580386	0.00244048
0.998689	0.0566239	0.112211	0.0579921	0.00243905
0.998689	0.0565417	0.112134	0.0579455	0.00243503
0.998689	0.0564596	0.112056	0.057899	0.00242929
0.998689	0.0563774	0.111979	0.0578524	0.00242841
0.998689	0.0562952	0.111902	0.0578058	0.0024271
0.998689	0.056213	0.111824	0.0577592	0.00242672
0.998689	0.0561308	0.111747	0.0577125	0.00242343
0.998689	0.0560487	0.11167	0.0576658	0.00241918
0.998689	0.0559665	0.111592	0.057619	0.00241373
0.998689	0.0558843	0.111515	0.0575723	0.00240951
0.998689	0.0558021	0.111438	0.0575255	0.0024091
0.998689	0.0557199	0.11136	0.0574787	0.00240881
0.998689	0.0556377	0.111283	0.0574318	0.00240809
0.998689	0.0555556	0.111206	0.0573849	0.00240794
0.998689	0.0554734	0.111128	0.057338	0.00240087
0.998689	0.0553912	0.111051	0.0572911	0.0024005
0.998689	0.055309	0.110974	0.0572441	0.00239911
0.998689	0.0552268	0.110896	0.0571971	0.00239263
0.998689	0.0551446	0.110819	0.05715	0.0023892
0.998689	0.0550625	0.110742	0.057103	0.00238574
0.998689	0.0549803	0.110664	0.0570559	0.00237937
0.998689	0.0548981	0.110587	0.0570087	0.00237536
0.998689	0.0548159	0.11051	0.0569616	0.00237157
0.998689	0.0547337	0.110432	0.0569144	0.00236314
0.998689	0.0546515	0.110355	0.0568672	0.00236295
0.998689	0.0545694	0.110278	0.0568199	0.00236272
0.998689	0.0544872	0.1102	0.0567726	0.00236229
0.998689	0.054405	0.110123	0.0567253	0.00236226
0.998689	0.0543228	0.110046	0.0566779	0.00235859
0.998689	0.0542406	0.109968	0.0566306	0.00235685
0.998689	0.0541584	0.109891	0.0565831	0.00235015
0.998689	0.0540763	0.109814	0.0565357	0.00234815
0.998689	0.0539941	0.109736	0.0564882	0.00234678
0.998689	0.0539119	0.109659	0.0564407	0.0023413
0.998689	0.0538297	0.109582	0.0563932	0.00233872
0.998689	0.0537475	0.109504	0.0563456	0.00233243
0.998689	0.0536654	0.109427	0.056298	0.00233004
0.998689	0.0535832	0.10935	0.0562503	0.00232901
0.998689	0.053501	0.109272	0.0562027	0.00232485
0.998689	0.0534188	0.109195	0.056155	0.00232309
0.998689	0.0533366	0.109118	0.0561072	0.00232174
0.998689	0.0532544	0.10904	0.0560595	0.00231935
0.998689	0.0531723	0.108963	0.0560117	0.00231611
0.998689	0.0530901	0.108886	0.0559638	0.00231285
0.998689	0.0530079	0.108808	0.0559159	0.00231153
0.998689	0.0529257	0.108731	0.055868	0.00231026
0.998689	0.0528435	0.108654	0.0558201	0.00230945
0.998689	0.0527613	0.108576	0.0557721	0.00230917
0.998689	0.0526792	0.108499	0.0557241	0.00230563
0.998689	0.052597	0.108422	0.0556761	0.00230245
0.998689	0.0525148	0.108344	0.055628	0.00230123
0.998689	0.0524326	0.108267	0.0555799	0.00229764
0.998689	0.0523504	0.10819	0.0555318	0.00229335
0.998689	0.0522682	0.108112	0.0554836	0.00229145
0.998689	0.0521861	0.108035	0.0554354	0.00229144
0.998689	0.0521039	0.107958	0.0553872	0.00228802
0.998689	0.0520217	0.10788	0.0553389	0.00228631
0.998689	0.0519395	0.107803	0.0552906	0.00228529
0.998689	0.0518573	0.107726	0.0552423	0.00228298
0.998689	0.0517751	0.107648	0.0551939	0.0022805
0.998689	0.051693	0.107571	0.0551455	0.00228027
0.998689	0.0516108	0.107494	0.055097	0.00227557
0.998689	0.0515286	0.107416	0.0550485	0.00227069
0.998689	0.0514464	0.107339	0.055	0.00226874
0.998689	0.0513642	0.107262	0.0549515	0.00226541
0.998689	0.0512821	0.107184	0.0549029	0.00225506
0.998689	0.0511999	0.107107	0.0548543	0.00224189
0.998689	0.0511177	0.10703	0.0548056	0.00224028
0.998689	0.0510355	0.106952	0.0547569	0.00223696
0.998689	0.0509533	0.106875	0.0547082	0.00223535
0.998689	0.0508711	0.106798	0.0546594	0.00223231
0.998689	0.050789	0.10672	0.0546107	0.00223218
0.998689	0.0507068	0.106643	0.0545618	0.00222932
0.998689	0.0506246	0.106566	0.054513	0.00222313
0.998689	0.0505424	0.106488	0.0544641	0.00221256
0.998689	0.0504602	0.106411	0.0544151	0.00220221
0.998689	0.050378	0.106334	0.0543661	0.00219278
0.998689	0.0502959	0.106256	0.0543171	0.00219052
0.998689	0.0502137	0.106179	0.0542681	0.00218967
0.998689	0.0501315	0.106102	0.054219	0.00218586
0.998689	0.0500493	0.106024	0.0541699	0.00218483
0.998689	0.0499671	0.105947	0.0541207	0.00218447
0.998689	0.0498849	0.10587	0.0540715	0.00217952
0.998689	0.0498028	0.105792	0.0540223	0.00217657
0.998689	0.0497206	0.105715	0.053973	0.00217316
0.998689	0.0496384	0.105638	0.0539237	0.00217186
0.998689	0.0495562	0.10556	0.0538744	0.00216935
0.998689	0.049474	0.105483	0.053825	0.00216771
0.998689	0.0493918	0.105406	0.0537756	0.00216484
0.998689	0.0493097	0.105328	0.0537262	0.00216414
0.998689	0.0492275	0.105251	0.0536767	0.00216388
0.998689	0.0491453	0.105174	0.0536271	0.00216338
0.998689	0.0490631	0.105096	0.0535776	0.00215899
0.998689	0.0489809	0.105019	0.053528	0.00215178
0.998689	0.0488988	0.104942	0.0534783	0.00214061
0.998689	0.0488166	0.104864	0.0534287	0.00212719
0.998689	0.0487344	0.104787	0.0533789	0.00212712
0.998689	0.0486522	0.10471	0.0533292	0.00212252
0.998689	0.04857	0.104632	0.0532794	0.00212206
0.998689	0.0484878	0.104555	0.0532296	0.00212097
0.998689	0.0484057	0.104478	0.0531797	0.00211996
0.998689	0.0483235	0.1044	0.0531298	0.00211847
0.998689	0.0482413	0.104323	0.0530798	0.0021182
0.998689	0.0481591	0.104246	0.0530299	0.00211641
0.998689	0.0480769	0.104168	0.0529798	0.00211369
0.998689	0.0479947	0.104091	0.0529298	0.0021121
0.998689	0.0479126	0.104014	0.0528797	0.00210111
0.998689	0.0478304	0.103936	0.0528295	0.00209623
0.998689	0.0477482	0.103859	0.0527793	0.00209287
0.998689	0.047666	0.103782	0.0527291	0.00209063
0.998689	0.0475838	0.103704	0.0526789	0.0020854
0.998689	0.0475016	0.103627	0.0526286	0.0020829
0.998689	0.0474195	0.10355	0.0525782	0.00208257
0.998689	0.0473373	0.103472	0.0525279	0.00208205
0.998689	0.0472551	0.103395	0.0524774	0.00208152
0.998689	0.0471729	0.103318	0.052427	0.00207968
0.998689	0.0470907	0.10324	0.0523765	0.00207838
0.998689	0.0470085	0.103163	0.0523259	0.0020748
0.998689	0.0469264	0.103086	0.0522754	0.002073
0.998689	0.0468442	0.103008	0.0522247	0.00206684
0.998689	0.046762	0.102931	0.0521741	0.00206172
0.998689	0.0466798	0.102854	0.0521234	0.00205709
0.998689	0.0465976	0.102776	0.0520726	0.0020498
0.998689	0.0465155	0.102699	0.0520218	0.0020496
0.998689	0.0464333	0.102622	0.051971	0.00204537
0.998689	0.0463511	0.102544	0.0519201	0.00203947
0.998689	0.0462689	0.102467	0.0518692	0.00202158
0.998689	0.0461867	0.10239	0.0518183	0.00201727
0.998689	0.0461045	0.102312	0.0517673	0.0020149
0.998689	0.0460224	0.102235	0.0517163	0.00201452
0.998689	0.0459402	0.102158	0.0516652	0.00201402
0.998689	0.045858	0.10208	0.0516141	0.00201026
0.998689	0.0457758	0.102003	0.0515629	0.0020057
0.998689	0.0456936	0.101926	0.0515117	0.00200234
0.998689	0.0456114	0.101848	0.0514605	0.00200232
0.998689	0.0455293	0.101771	0.0514092	0.00200205
0.998689	0.0454471	0.101694	0.0513578	0.001999
0.998689	0.0453649	0.101616	0.0513065	0.00199638
0.998689	0.0452827	0.101539	0.0512551	0.00199333
0.998689	0.0452005	0.101462	0.0512036	0.00198454
0.998689	0.0451183	0.101384	0.0511521	0.00197944
0.998689	0.0450362	0.101307	0.0511005	0.00197854
0.998689	0.044954	0.10123	0.051049	0.00197668
0.998689	0.0448718	0.101152	0.0509973	0.00197561
0.998689	0.0447896	0.101075	0.0509456	0.00196675
0.998689	0.0447074	0.100998	0.0508939	0.00196553
0.998689	0.0446252	0.10092	0.0508422	0.00196476
0.998689	0.0445431	0.100843	0.0507903	0.00196147
0.998689	0.0444609	0.100766	0.0507385	0.0019542
0.998689	0.0443787	0.100688	0.0506866	0.0019531
0.998689	0.0442965	0.100611	0.0506347	0.00194763
0.998689	0.0442143	0.100534	0.0505827	0.00193882
0.998689	0.0441321	0.100456	0.0505306	0.00192626
0.998689	0.04405	0.100379	0.0504786	0.00192518
0.998689	0.0439678	0.100302	0.0504264	0.00192427
0.998689	0.0438856	0.100224	0.0503743	0.00191457
0.998689	0.0438034	0.100147	0.050322	0.00191276
0.998689	0.0437212	0.10007	0.0502698	0.00191244
0.998689	0.0436391	0.0999923	0.0502175	0.00191063
0.998689	0.0435569	0.0999149	0.0501651	0.00190861
0.998689	0.0434747	0.0998376	0.0501127	0.00190458
0.998689	0.0433925	0.0997603	0.0500603	0.00190295
0.998689	0.0433103	0.0996829	0.0500078	0.00189592
0.998689	0.0432281	0.0996056	0.0499553	0.0018907
0.998689	0.043146	0.0995283	0.0499027	0.00188895
0.998689	0.0430638	0.0994509	0.0498501	0.00188095
0.998689	0.0429816	0.0993736	0.0497974	0.00188041
0.998689	0.0428994	0.0992963	0.0497447	0.00187925
0.998689	0.0428172	0.0992189	0.0496919	0.00187811
0.998689	0.042735	0.0991416	0.0496391	0.00187574
0.998689	0.0426529	0.0990643	0.0495862	0.00187554
0.998689	0.0425707	0.0989869	0.0495333	0.00187308
0.998689	0.0424885	0.0989096	0.0494803	0.00186941
0.998689	0.0424063	0.0988323	0.0494273	0.00186609
0.998689	0.0423241	0.0987549	0.0493743	0.0018557
0.998689	0.0422419	0.0986776	0.0493212	0.00185566
0.998689	0.0421598	0.0986003	0.049268	0.00185357
0.998689	0.0420776	0.0985229	0.0492148	0.00184672
0.998689	0.0419954	0.0984456	0.0491615	0.00183444
0.998689	0.0419132	0.0983683	0.0491082	0.00183317
0.998689	0.041831	0.0982909	0.0490549	0.00183039
0.998689	0.0417488	0.0982136	0.0490015	0.00182825
0.998689	0.0416667	0.0981363	0.0489481	0.00182473
0.998689	0.0415845	0.0980589	0.0488946	0.00181641
0.998689	0.0415023	0.0979816	0.048841	0.00181568
0.998689	0.0414201	0.0979043	0.0487874	0.00181023
0.998689	0.0413379	0.0978269	0.0487338	0.00180954
0.998689	0.0412558	0.0977496	0.0486801	0.00180903
0.998689	0.0411736	0.0976723	0.0486263	0.00180749
0.998689	0.0410914	0.0975949	0.0485725	0.00180564
0.998689	0.0410092	0.0975176	0.0485187	0.00180353
0.998689	0.040927	0.0974403	0.0484648	0.00179945
0.998689	0.0408448	0.0973629	0.0484108	0.00179894
0.998689	0.0407627	0.0972856	0.0483568	0.00179865
0.998689	0.0406805	0.0972083	0.0483028	0.00179637
0.998689	0.0405983	0.0971309	0.0482487	0.00178858
0.998689	0.0405161	0.0970536	0.0481945	0.00178435
0.998689	0.0404339	0.0969763	0.0481403	0.00178196
0.998689	0.0403517	0.0968989	0.048086	0.00178084
0.998689	0.0402696	0.0968216	0.0480317	0.00177979
0.998689	0.0401874	0.0967443	0.0479773	0.00177686
0.998689	0.0401052	0.0966669	0.0479229	0.00177674
0.998689	0.040023	0.0965896	0.0478685	0.00177402
0.998689	0.0399408	0.0965123	0.0478139	0.00177265
0.998689	0.0398586	0.0964349	0.0477594	0.00177049
0.998689	0.0397765	0.0963576	0.0477047	0.001768
0.998689	0.0396943	0.0962803	0.04765	0.00176532
0.998689	0.0396121	0.0962029	0.0475953	0.00175923
0.998689	0.0395299	0.0961256	0.0475405	0.00175697
0.998689	0.0394477	0.0960483	0.0474857	0.00175292
0.998689	0.0393655	0.0959709	0.0474308	0.00174798
0.998689	0.0392834	0.0958936	0.0473758	0.00174105
0.998689	0.0392012	0.0958163	0.0473208	0.00173916
0.998689	0.039119	0.0957389	0.0472657	0.00173208
0.998689	0.0390368	0.0956616	0.0472106	0.00172824
0.998689	0.0389546	0.0955843	0.0471554	0.00172529
0.998689	0.0388725	0.0955069	0.0471002	0.00172175
0.998689	0.0387903	0.0954296	0.0470449	0.00172028
0.998689	0.0387081	0.0953523	0.0469896	0.00171823
0.998689	0.0386259	0.0952749	0.0469342	0.00171649
0.998689	0.0385437	0.0951976	0.0468787	0.00171591
0.998689	0.0384615	0.0951203	0.0468232	0.00171473
0.998689	0.0383794	0.0950429	0.0467676	0.00171144
0.998689	0.0382972	0.0949656	0.046712	0.00169354
1	0.0382972	0.0950429	0.0484172	0.00168425
1	0.038215	0.0949656	0.0483633	0.00168263
1	0.0381328	0.0948883	0.0483093	0.00167974
1	0.0380506	0.0948109	0.0482553	0.00167866
1	0.0379684	0.0947336	0.0482012	0.00167505
1	0.0378863	0.0946563	0.0481471	0.00167181
1	0.0378041	0.0945789	0.0480929	0.00166866
1	0.0377219	0.0945016	0.0480387	0.00166634
1	0.0376397	0.0944243	0.0479844	0.00166594
1	0.0375575	0.0943469	0.0479301	0.00166216
1	0.0374753	0.0942696	0.0478757	0.00166173
1	0.0373932	0.0941923	0.0478212	0.00166018
1	0.037311	0.0941149	0.0477667	0.00165524
1	0.0372288	0.0940376	0.0477122	0.00165508
1	0.0371466	0.0939603	0.0476576	0.00165477
1	0.0370644	0.0938829	0.0476029	0.00165254
1	0.0369822	0.0938056	0.0475482	0.00163973
1	0.0369001	0.0937282	0.0474935	0.00163742
1	0.0368179	0.0936509	0.0474386	0.00163403
1	0.0367357	0.0935736	0.0473838	0.00163296
1	0.0366535	0.0934962	0.0473288	0.00163268
1	0.0365713	0.0934189	0.0472739	0.00163205
1	0.0364892	0.0933416	0.0472188	0.00162953
1	0.036407	0.0932642	0.0471637	0.00162481
1	0.0363248	0.0931869	0.0471086	0.00162403
1	0.0362426	0.0931096	0.0470534	0.0016215
1	0.0361604	0.0930322	0.0469981	0.00161905
1	0.0360782	0.0929549	0.0469428	0.00161868
1	0.0359961	0.0928776	0.0468874	0.00161604
1	0.0359139	0.0928002	0.046832	0.00161497
1	0.0358317	0.0927229	0.0467765	0.00160703
1	0.0357495	0.0926456	0.046721	0.00159423
1	0.0356673	0.0925682	0.0466654	0.00159407
1	0.0355851	0.0924909	0.0466097	0.00159262
1	0.035503	0.0924136	0.046554	0.001592
1	0.0354208	0.0923362	0.0464982	0.00158995
1	0.0353386	0.0922589	0.0464424	0.00158954
1	0.0352564	0.0921816	0.0463865	0.00158634
1	0.0351742	0.0921042	0.0463305	0.00158283
1	0.035092	0.0920269	0.0462745	0.00158074
1	0.0350099	0.0919496	0.0462185	0.0015803
1	0.0349277	0.0918722	0.0461624	0.00157743
1	0.0348455	0.0917949	0.0461062	0.0015749
1	0.0347633	0.0917176	0.0460499	0.00157323
1	0.0346811	0.0916402	0.0459936	0.00156749
1	0.0345989	0.0915629	0.0459373	0.00156721
1	0.0345168	0.0914856	0.0458808	0.0015579
1	0.0344346	0.0914082	0.0458243	0.00155787
1	0.0343524	0.0913309	0.0457678	0.00155711
1	0.0342702	0.0912536	0.0457112	0.00155588
1	0.034188	0.0911762	0.0456545	0.0015549
1	0.0341059	0.0910989	0.0455978	0.00154945
1	0.0340237	0.0910216	0.045541	0.00153956
1	0.0339415	0.0909442	0.0454842	0.00153681
1	0.0338593	0.0908669	0.0454273	0.00153269
1	0.0337771	0.0907896	0.0453703	0.00153264
1	0.0336949	0.0907122	0.0453132	0.00152823
1	0.0336128	0.0906349	0.0452561	0.00152812
1	0.0335306	0.0905576	0.045199	0.00152557
1	0.0334484	0.0904802	0.0451417	0.00152493
1	0.0333662	0.0904029	0.0450845	0.00152483
1	0.033284	0.0903256	0.0450271	0.00152031
1	0.0332018	0.0902482	0.0449697	0.00151929
1	0.0331197	0.0901709	0.0449122	0.00151888
1	0.0330375	0.0900936	0.0448547	0.00151597
1	0.0329553	0.0900162	0.044797	0.00151195
1	0.0328731	0.0899389	0.0447394	0.00150998
1	0.0327909	0.0898616	0.0446816	0.00150888
1	0.0327087	0.0897842	0.0446238	0.0015048
1	0.0326266	0.0897069	0.0445659	0.00150429
1	0.0325444	0.0896296	0.044508	0.00149816
1	0.0324622	0.0895522	0.04445	0.00149688
1	0.03238	0.0894749	0.0443919	0.0014947
1	0.0322978	0.0893976	0.0443338	0.00149433
1	0.0322156	0.0893202	0.0442756	0.00149109
1	0.0321335	0.0892429	0.0442173	0.0014855
1	0.0320513	0.0891656	0.044159	0.00148088
1	0.0319691	0.0890882	0.0441006	0.00147976
1	0.0318869	0.0890109	0.0440421	0.00147888
1	0.0318047	0.0889336	0.0439835	0.00147754
1	0.0317226	0.0888562	0.0439249	0.00147568
1	0.0316404	0.0887789	0.0438662	0.00147421
1	0.0315582	0.0887016	0.0438075	0.00147151
1	0.031476	0.0886242	0.0437487	0.00147041
1	0.0313938	0.0885469	0.0436898	0.00147018
1	0.0313116	0.0884696	0.0436308	0.00146941
1	0.0312295	0.0883922	0.0435718	0.00146899
1	0.0311473	0.0883149	0.0435127	0.00146747
1	0.0310651	0.0882376	0.0434535	0.00146147
1	0.0309829	0.0881602	0.0433943	0.00145181
1	0.0309007	0.0880829	0.0433349	0.0014492
1	0.0308185	0.0880056	0.0432756	0.00144756
1	0.0307364	0.0879282	0.0432161	0.0014448
1	0.0306542	0.0878509	0.0431566	0.00144187
1	0.030572	0.0877736	0.043097	0.00143841
1	0.0304898	0.0876962	0.0430373	0.00143583
1	0.0304076	0.0876189	0.0429775	0.00142638
1	0.0303254	0.0875416	0.0429177	0.00142368
1	0.0302433	0.0874642	0.0428578	0.00142188
1	0.0301611	0.0873869	0.0427978	0.00142115
1	0.0300789	0.0873096	0.0427378	0.00141788
1	0.0299967	0.0872322	0.0426777	0.0014161
1	0.0299145	0.0871549	0.0426175	0.00141558
1	0.0298323	0.0870776	0.0425572	0.00141546
1	0.0297502	0.0870002	0.0424968	0.00141407
1	0.029668	0.0869229	0.0424364	0.00141346
1	0.0295858	0.0868456	0.0423759	0.00141246
1	0.0295036	0.0867682	0.0423153	0.00141206
1	0.0294214	0.0866909	0.0422547	0.00140694
1	0.0293393	0.0866136	0.0421939	0.00140611
1	0.0292571	0.0865362	0.0421331	0.00140309
1	0.0291749	0.0864589	0.0420722	0.00140199
1	0.0290927	0.0863816	0.0420113	0.00139968
1	0.0290105	0.0863042	0.0419502	0.00139933
1	0.0289283	0.0862269	0.0418891	0.00139839
1	0.0288462	0.0861496	0.0418279	0.00139428
1	0.028764	0.0860722	0.0417666	0.00139196
1	0.0286818	0.0859949	0.0417052	0.00138972
1	0.0285996	0.0859176	0.0416438	0.00138839
1	0.0285174	0.0858402	0.0415823	0.00138569
1	0.0284352	0.0857629	0.0415206	0.00137983
1	0.0283531	0.0856856	0.041459	0.00137941
1	0.0282709	0.0856082	0.0413972	0.0013782
1	0.0281887	0.0855309	0.0413353	0.00137514
1	0.0281065	0.0854536	0.0412734	0.00137062
1	0.0280243	0.0853762	0.0412114	0.00136559
1	0.0279421	0.0852989	0.0411493	0.00136118
1	0.02786	0.0852216	0.0410871	0.00135816
1	0.0277778	0.0851442	0.0410248	0.00135146
1	0.0276956	0.0850669	0.0409624	0.00135029
1	0.0276134	0.0849896	0.0409	0.00135001
1	0.0275312	0.0849122	0.0408375	0.00134888
1	0.027449	0.0848349	0.0407748	0.00133089
1	0.0273669	0.0847576	0.0407121	0.00132936
1	0.0272847	0.0846802	0.0406494	0.00132604
1	0.0272025	0.0846029	0.0405865	0.00132511
1	0.0271203	0.0845256	0.0405235	0.00132417
1	0.0270381	0.0844482	0.0404605	0.00132394
1	0.026956	0.0843709	0.0403973	0.00131888
1	0.0268738	0.0842936	0.0403341	0.00131309
1	0.0267916	0.0842162	0.0402708	0.0013127
1	0.0267094	0.0841389	0.0402074	0.00131191
1	0.0266272	0.0840616	0.0401439	0.00130812
1	0.026545	0.0839842	0.0400803	0.00130092
1	0.0264629	0.0839069	0.0400166	0.00129849
1	0.0263807	0.0838296	0.0399528	0.00129821
1	0.0262985	0.0837522	0.039889	0.00129788
1	0.0262163	0.0836749	0.039825	0.00129737
1	0.0261341	0.0835976	0.039761	0.00129729
1	0.0260519	0.0835202	0.0396968	0.00129406
1	0.0259698	0.0834429	0.0396326	0.00129162
1	0.0258876	0.0833656	0.0395683	0.00129035
1	0.0258054	0.0832882	0.0395039	0.001288
1	0.0257232	0.0832109	0.0394393	0.00128756
1	0.025641	0.0831336	0.0393747	0.00127767
1	0.0255588	0.0830562	0.03931	0.00127684
1	0.0254767	0.0829789	0.0392452	0.00127098
1	0.0253945	0.0829016	0.0391803	0.00126162
1	0.0253123	0.0828242	0.0391153	0.00125675
1	0.0252301	0.0827469	0.0390502	0.00125464
1	0.0251479	0.0826696	0.038985	0.00125281
1	0.0250657	0.0825922	0.0389197	0.00124971
1	0.0249836	0.0825149	0.0388543	0.00124733
1	0.0249014	0.0824376	0.0387888	0.00124497
1	0.0248192	0.0823602	0.0387232	0.00124044
1	0.024737	0.0822829	0.0386575	0.00124011
1	0.0246548	0.0822056	0.0385917	0.00123857
1	0.0245726	0.0821282	0.0385258	0.00122989
1	0.0244905	0.0820509	0.0384598	0.0012284
1	0.0244083	0.0819736	0.0383937	0.00122268
1	0.0243261	0.0818962	0.0383275	0.00122219
1	0.0242439	0.0818189	0.0382612	0.00121911
1	0.0241617	0.0817416	0.0381948	0.00121893
1	0.0240796	0.0816642	0.0381283	0.00121833
1	0.0239974	0.0815869	0.0380617	0.00121734
1	0.0239152	0.0815096	0.0379949	0.0012166
1	0.023833	0.0814322	0.0379281	0.00120871
1	0.0237508	0.0813549	0.0378611	0.00120186
1	0.0236686	0.0812776	0.0377941	0.00120122
1	0.0235865	0.0812002	0.0377269	0.00119803
1	0.0235043	0.0811229	0.0376596	0.00119721
1	0.0234221	0.0810455	0.0375923	0.00119491
1	0.0233399	0.0809682	0.0375248	0.00118983
1	0.0232577	0.0808909	0.0374572	0.001185
1	0.0231755	0.0808135	0.0373895	0.00118275
1	0.0230934	0.0807362	0.0373216	0.00118044
1	0.0230112	0.0806589	0.0372537	0.0011736
1	0.022929	0.0805815	0.0371856	0.00117285
1	0.0228468	0.0805042	0.0371175	0.00116927
1	0.0227646	0.0804269	0.0370492	0.0011623
1	0.0226824	0.0803495	0.0369808	0.00115833
1	0.0226003	0.0802722	0.0369123	0.00115779
1	0.0225181	0.0801949	0.0368436	0.00115041
1	0.0224359	0.0801175	0.0367749	0.00114379
1	0.0223537	0.0800402	0.036706	0.00114138
1	0.0222715	0.0799629	0.036637	0.00114069
1	0.0221893	0.0798855	0.0365679	0.00113812
1	0.0221072	0.0798082	0.0364987	0.0011374
1	0.022025	0.0797309	0.0364294	0.00113528
1	0.0219428	0.0796535	0.0363599	0.00113428
1	0.0218606	0.0795762	0.0362903	0.00112867
1	0.0217784	0.0794989	0.0362206	0.00112778
1	0.0216963	0.0794215	0.0361508	0.00112407
1	0.0216141	0.0793442	0.0360808	0.00112287
1	0.0215319	0.0792669	0.0360107	0.00112032
1	0.0214497	0.0791895	0.0359405	0.00111526
1	0.0213675	0.0791122	0.0358702	0.00110901
1	0.0212853	0.0790349	0.0357997	0.00110737
1	0.0212032	0.0789575	0.0357292	0.00110585
1	0.021121	0.0788802	0.0356584	0.00110581
1	0.0210388	0.0788029	0.0355876	0.00110196
1	0.0209566	0.0787255	0.0355166	0.00110075
1	0.0208744	0.0786482	0.0354455	0.00109594
1	0.0207922	0.0785709	0.0353743	0.00108715
1	0.0207101	0.0784935	0.0353029	0.00108688
1	0.0206279	0.0784162	0.0352314	0.00108606
1	0.0205457	0.0783389	0.0351598	0.00108161
1	0.0204635	0.0782615	0.035088	0.00108147
1	0.0203813	0.0781842	0.0350161	0.00107626
1	0.0202991	0.0781069	0.034944	0.00107293
1	0.020217	0.0780295	0.0348718	0.00107083
1	0.0201348	0.0779522	0.0347995	0.00107014
1	0.0200526	0.0778749	0.0347271	0.00106788
1	0.0199704	0.0777975	0.0346545	0.00106722
1	0.0198882	0.0777202	0.0345817	0.00106261
1	0.019806	0.0776429	0.0345088	0.00106138
1	0.0197239	0.0775655	0.0344358	0.00105999
1	0.0196417	0.0774882	0.0343626	0.00105608
1	0.0195595	0.0774109	0.0342893	0.00105492
1	0.0194773	0.0773335	0.0342159	0.00105104
1	0.0193951	0.0772562	0.0341423	0.00104983
1	0.019313	0.0771789	0.0340685	0.00104546
1	0.0192308	0.0771015	0.0339946	0.00104476
1	0.0191486	0.0770242	0.0339206	0.00104135
1	0.0190664	0.0769469	0.0338464	0.00103892
1	0.0189842	0.0768695	0.033772	0.00103734
1	0.018902	0.0767922	0.0336975	0.00103373
1	0.0188199	0.0767149	0.0336228	0.00103042
1	0.0187377	0.0766375	0.033548	0.00102914
1	0.0186555	0.0765602	0.0334731	0.00102249
1	0.0185733	0.0764829	0.0333979	0.00102091
1	0.0184911	0.0764055	0.0333226	0.00101877
1	0.0184089	0.0763282	0.0332472	0.0010185
1	0.0183268	0.0762509	0.0331716	0.00101632
1	0.0182446	0.0761735	0.0330958	0.00101467
1	0.0181624	0.0760962	0.0330199	0.0010131
1	0.0180802	0.0760189	0.0329438	0.00100827
1	0.017998	0.0759415	0.0328676	0.00100532
1	0.0179158	0.0758642	0.0327912	0.000999578
1	0.0178337	0.0757869	0.0327146	0.000999139
1	0.0177515	0.0757095	0.0326378	0.000997813
1	0.0176693	0.0756322	0.0325609	0.000995829
1	0.0175871	0.0755549	0.0324838	0.000994532
1	0.0175049	0.0754775	0.0324066	0.000994151
1	0.0174227	0.0754002	0.0323291	0.000992556
1	0.0173406	0.0753229	0.0322515	0.000987037
1	0.0172584	0.0752455	0.0321738	0.000979365
1	0.0171762	0.0751682	0.0320958	0.000977711
1	0.017094	0.0750909	0.0320177	0.00097575
1	0.0170118	0.0750135	0.0319393	0.000971281
1	0.0169297	0.0749362	0.0318609	0.000960803
1	0.0168475	0.0748589	0.0317822	0.00095761
1	0.0167653	0.0747815	0.0317033	0.000949109
1	0.0166831	0.0747042	0.0316243	0.000946067
1	0.0166009	0.0746269	0.031545	0.000944814
1	0.0165187	0.0745495	0.0314656	0.000943684
1	0.0164366	0.0744722	0.031386	0.000938922
1	0.0163544	0.0743949	0.0313062	0.000936132
1	0.0162722	0.0743175	0.0312263	0.000936114
1	0.01619	0.0742402	0.0311461	0.000930559
1	0.0161078	0.0741629	0.0310657	0.000923058
1	0.0160256	0.0740855	0.0309851	0.000919218
1	0.0159435	0.0740082	0.0309044	0.000917614
1	0.0158613	0.0739309	0.0308234	0.000912474
1	0.0157791	0.0738535	0.0307422	0.000908388
1	0.0156969	0.0737762	0.0306609	0.000901552
1	0.0156147	0.0736989	0.0305793	0.000897947
1	0.0155325	0.0736215	0.0304975	0.000897164
1	0.0154504	0.0735442	0.0304156	0.000896246
1	0.0153682	0.0734669	0.0303334	0.000883233
1	0.015286	0.0733895	0.030251	0.00087847
1	0.0152038	0.0733122	0.0301684	0.000876293
1	0.0151216	0.0732349	0.0300855	0.000867718
1	0.0150394	0.0731575	0.0300025	0.000858624
1	0.0149573	0.0730802	0.0299192	0.000858494
1	0.0148751	0.0730029	0.0298357	0.000848268
1	0.0147929	0.0729255	0.029752	0.000847602
1	0.0147107	0.0728482	0.0296681	0.000843852
1	0.0146285	0.0727709	0.029584	0.000839609
1	0.0145464	0.0726935	0.0294996	0.000837811
1	0.0144642	0.0726162	0.029415	0.000833077
1	0.014382	0.0725389	0.0293302	0.000832246
1	0.0142998	0.0724615	0.0292451	0.00082966
1	0.0142176	0.0723842	0.0291598	0.000828606
1	0.0141354	0.0723069	0.0290743	0.000821894
1	0.0140533	0.0722295	0.0289885	0.000818102
1	0.0139711	0.0721522	0.0289025	0.000817025
1	0.0138889	0.0720749	0.0288162	0.000815962
1	0.0138067	0.0719975	0.0287297	0.00081467
1	0.0137245	0.0719202	0.0286429	0.000814022
1	0.0136423	0.0718429	0.0285559	0.000812632
1	0.0135602	0.0717655	0.0284687	0.00081056
1	0.013478	0.0716882	0.0283812	0.000808779
1	0.0133958	0.0716109	0.0282934	0.000807381
1	0.0133136	0.0715335	0.0282054	0.000805235
1	0.0132314	0.0714562	0.0281171	0.000802089
1	0.0131492	0.0713789	0.0280285	0.0008002
1	0.0130671	0.0713015	0.0279397	0.000799114
1	0.0129849	0.0712242	0.0278506	0.000799008
1	0.0129027	0.0711469	0.0277613	0.000788103
1	0.0128205	0.0710695	0.0276716	0.000787436
1	0.0127383	0.0709922	0.0275817	0.000787255
1	0.0126561	0.0709149	0.0274915	0.000781574
1	0.012574	0.0708375	0.027401	0.000781145
1	0.0124918	0.0707602	0.0273103	0.000777802
1	0.0124096	0.0706829	0.0272192	0.000774029
1	0.0123274	0.0706055	0.0271279	0.000773269
1	0.0122452	0.0705282	0.0270362	0.000771469
1	0.0121631	0.0704509	0.0269443	0.000769419
1	0.0120809	0.0703735	0.0268521	0.000764771
1	0.0119987	0.0702962	0.0267595	0.000764759
1	0.0119165	0.0702189	0.0266667	0.000758349
1	0.0118343	0.0701415	0.0265736	0.00075823
1	0.0117521	0.0700642	0.0264801	0.00075803
1	0.01167	0.0699869	0.0263863	0.000753355
1	0.0115878	0.0699095	0.0262922	0.000752304
1	0.0115056	0.0698322	0.0261978	0.000752232
1	0.0114234	0.0697549	0.026103	0.000749401
1	0.0113412	0.0696775	0.0260079	0.000749054
1	0.011259	0.0696002	0.0259125	0.000748951
1	0.0111769	0.0695229	0.0258168	0.000745922
1	0.0110947	0.0694455	0.0257207	0.000742556
1	0.0110125	0.0693682	0.0256242	0.000738699
1	0.0109303	0.0692909	0.0255275	0.000738359
1	0.0108481	0.0692135	0.0254303	0.000734842
1	0.0107659	0.0691362	0.0253328	0.000729156
1	0.0106838	0.0690589	0.0252349	0.000725524
1	0.0106016	0.0689815	0.0251367	0.000722183
1	0.0105194	0.0689042	0.0250381	0.000715107
1	0.0104372	0.0688269	0.0249392	0.000714673
1	0.010355	0.0687495	0.0248398	0.000713512
1	0.0102728	0.0686722	0.0247401	0.000713443
1	0.0101907	0.0685948	0.0246399	0.000712316
1	0.0101085	0.0685175	0.0245394	0.000710958
1	0.0100263	0.0684402	0.0244385	0.000707163
1	0.00994412	0.0683628	0.0243372	0.000705503
1	0.00986193	0.0682855	0.0242355	0.000703458
1	0.00977975	0.0682082	0.0241334	0.000702834
1	0.00969757	0.0681308	0.0240308	0.000701618
1	0.00961538	0.0680535	0.0239278	0.000699937
1	0.0095332	0.0679762	0.0238244	0.000693849
1	0.00945102	0.0678988	0.0237206	0.000680203
1	0.00936884	0.0678215	0.0236163	0.000679741
1	0.00928665	0.0677442	0.0235116	0.000675962
1	0.00920447	0.0676668	0.0234064	0.000675207
1	0.00912229	0.0675895	0.0233008	0.000672451
1	0.00904011	0.0675122	0.0231947	0.000672403
1	0.00895792	0.0674348	0.0230881	0.000662036
1	0.00887574	0.0673575	0.022981	0.000657587
1	0.00879356	0.0672802	0.0228735	0.000656278
1	0.00871137	0.0672028	0.0227655	0.0006533
1	0.00862919	0.0671255	0.022657	0.000653148
1	0.00854701	0.0670482	0.0225479	0.000652753
1	0.00846483	0.0669708	0.0224384	0.000642252
1	0.00838264	0.0668935	0.0223283	0.000634819
1	0.00830046	0.0668162	0.0222177	0.000632512
1	0.00821828	0.0667388	0.0221066	0.000628298
1	0.00813609	0.0666615	0.021995	0.000626537
1	0.00805391	0.0665842	0.0218827	0.000624594
1	0.00797173	0.0665068	0.02177	0.00062276
1	0.00788955	0.0664295	0.0216566	0.000619205
1	0.00780736	0.0663522	0.0215427	0.000615134
1	0.00772518	0.0662748	0.0214282	0.000611019
1	0.007643	0.0661975	0.021313	0.000599931
1	0.00756082	0.0661202	0.0211973	0.000594515
1	0.00747863	0.0660428	0.021081	0.00059209
1	0.00739645	0.0659655	0.020964	0.000584583
1	0.00731427	0.0658882	0.0208464	0.000572837
1	0.00723208	0.0658108	0.0207282	0.000570089
1	0.0071499	0.0657335	0.0206092	0.000564113
1	0.00706772	0.0656562	0.0204897	0.000559794
1	0.00698554	0.0655788	0.0203694	0.000557826
1	0.00690335	0.0655015	0.0202484	0.000555556
1	0.00682117	0.0654242	0.0201268	0.000555497
1	0.00673899	0.0653468	0.0200044	0.000552688
1	0.0066568	0.0652695	0.0198812	0.000552148
1	0.00657462	0.0651922	0.0197574	0.000548887
1	0.00649244	0.0651148	0.0196327	0.000548742
1	0.00641026	0.0650375	0.0195073	0.00054794
1	0.00632807	0.0649602	0.0193811	0.000539057
1	0.00624589	0.0648828	0.0192541	0.000535136
1	0.00616371	0.0648055	0.0191263	0.000534509
1	0.00608153	0.0647282	0.0189976	0.000534461
1	0.00599934	0.0646508	0.0188681	0.000519295
1	0.00591716	0.0645735	0.0187377	0.000516297
1	0.00583498	0.0644962	0.0186064	0.000516089
1	0.00575279	0.0644188	0.0184741	0.00051561
1	0.00567061	0.0643415	0.018341	0.000511193
1	0.00558843	0.0642642	0.0182069	0.000510022
1	0.00550625	0.0641868	0.0180718	0.000506206
1	0.00542406	0.0641095	0.0179358	0.00050438
1	0.00534188	0.0640322	0.0177987	0.000497779
1	0.0052597	0.0639548	0.0176605	0.000497466
1	0.00517751	0.0638775	0.0175213	0.00049489
1	0.00509533	0.0638002	0.0173811	0.000488289
1	0.00501315	0.0637228	0.0172396	0.000486077
1	0.00493097	0.0636455	0.0170971	0.000483983
1	0.00484878	0.0635682	0.0169534	0.000475169
1	0.0047666	0.0634908	0.0168084	0.000469439
1	0.00468442	0.0634135	0.0166622	0.000467678
1	0.00460224	0.0633362	0.0165148	0.000465686
1	0.00452005	0.0632588	0.016366	0.00046565
1	0.00443787	0.0631815	0.0162159	0.000461025
1	0.00435569	0.0631042	0.0160645	0.000457909
1	0.0042735	0.0630268	0.0159116	0.000456826
1	0.00419132	0.0629495	0.0157572	0.000456475
1	0.00410914	0.0628722	0.0156014	0.000454005
1	0.00402696	0.0627948	0.015444	0.000447241
1	0.00394477	0.0627175	0.015285	0.000446543
1	0.00386259	0.0626402	0.0151243	0.000440753
1	0.00378041	0.0625628	0.014962	0.000435017
1	0.00369822	0.0624855	0.0147979	0.000418763
1	0.00361604	0.0624082	0.014632	0.000418537
1	0.00353386	0.0623308	0.0144642	0.000418128
1	0.00345168	0.0622535	0.0142945	0.000417677
1	0.00336949	0.0621762	0.0141227	0.000417385
1	0.00328731	0.0620988	0.0139489	0.000411806
1	0.00320513	0.0620215	0.0137729	0.000406816
1	0.00312295	0.0619442	0.0135946	0.000404949
1	0.00304076	0.0618668	0.013414	0.000402704
1	0.00295858	0.0617895	0.013231	0.000397853
1	0.0028764	0.0617122	0.0130455	0.000394016
1	0.00279421	0.0616348	0.0128572	0.000390177
1	0.00271203	0.0615575	0.0126663	0.00038746
1	0.00262985	0.0614802	0.0124724	0.000385319
1	0.00254767	0.0614028	0.0122755	0.000379118
1	0.00246548	0.0613255	0.0120754	0.000367622
1	0.0023833	0.0612482	0.011872	0.00036464
1	0.00230112	0.0611708	0.011665	0.000363862
1	0.00221893	0.0610935	0.0114544	0.000355296
1	0.00213675	0.0610162	0.0112398	0.000354766
1	0.00205457	0.0609388	0.0110211	0.000354748
1	0.00197239	0.0608615	0.0107981	0.000354617
1	0.0018902	0.0607842	0.0105703	0.000348898
1	0.00180802	0.0607068	0.0103376	0.000329865
1	0.00172584	0.0606295	0.0100995	0.000314114
1	0.00164366	0.0605522	0.00985571	0.000300562
1	0.00156147	0.0604748	0.00960578	0.000296595
1	0.00147929	0.0603975	0.00934922	0.00029111
1	0.00139711	0.0603202	0.00908546	0.000287028
1	0.00131492	0.0602428	0.00881385	0.00028374
1	0.00123274	0.0601655	0.00853364	0.000280535
1	0.00115056	0.0600882	0.00824396	0.000278361
1	0.00106838	0.0600108	0.00794377	0.000275522
1	0.000986193	0.0599335	0.00763183	0.000262095
1	0.000904011	0.0598562	0.00730664	0.000261915
1	0.000821828	0.0597788	0.00696634	0.000261428
1	0.000739645	0.0597015	0.00660859	0.000252625
1	0.000657462	0.0596242	0.0062304	0.000252292
1	0.000575279	0.0595468	0.00582778	0.000241546
1	0.000493097	0.0594695	0.00539527	0.000240021
1	0.000410914	0.0593922	0.00492499	0.000237481
1	0.000328731	0.0593148	0.00440488	0.000226585
1	0.000246548	0.0592375	0.00381459	0.000201224
1	0.000164366	0.0591602	0.00311448	0.000179621
1	8.21828e-05	0.0590828	0.00220218	0.000130111
1	0	0.0590055	-nan	4.88594e-05
1	0	0.0590055	-nan	-1000
