Sn	Sp	Acc	MCC	<<Cutoff
0	1	0.930656	-nan	1000
0.356436	0.947252	0.906282	0.295072	0.23569
0.356436	0.946883	0.905939	0.294085	0.235689
0.356436	0.946514	0.905596	0.293104	0.235683
0.356436	0.946145	0.905252	0.292129	0.235682
0.356436	0.945776	0.904909	0.29116	0.235671
0.356436	0.945408	0.904566	0.290197	0.235667
0.356436	0.945039	0.904222	0.289239	0.235643
0.361386	0.945039	0.904566	0.29338	0.235643
0.361386	0.94467	0.904222	0.292424	0.235635
0.361386	0.944301	0.903879	0.291473	0.235632
0.366337	0.944301	0.904222	0.295589	0.235624
0.366337	0.943932	0.903879	0.294639	0.235617
0.371287	0.943932	0.904222	0.298736	0.235614
0.371287	0.943563	0.903879	0.297787	0.23561
0.376238	0.943563	0.904222	0.301864	0.235605
0.381188	0.943563	0.904566	0.305927	0.235585
0.386139	0.943563	0.904909	0.309975	0.235584
0.386139	0.943194	0.904566	0.309018	0.235575
0.391089	0.943194	0.904909	0.313047	0.235556
0.391089	0.942826	0.904566	0.312091	0.235539
0.391089	0.942457	0.904222	0.311141	0.235531
0.39604	0.942457	0.904566	0.315148	0.235517
0.40099	0.942457	0.904909	0.319141	0.235504
0.405941	0.942457	0.905252	0.323121	0.235491
0.405941	0.942088	0.904909	0.322163	0.23548
0.410891	0.942088	0.905252	0.326125	0.235466
0.410891	0.941719	0.904909	0.325168	0.235432
0.410891	0.94135	0.904566	0.324217	0.23543
0.410891	0.940981	0.904222	0.323271	0.235387
0.410891	0.940612	0.903879	0.32233	0.235383
0.410891	0.940243	0.903536	0.321394	0.235372
0.410891	0.939875	0.903193	0.320463	0.235368
0.415842	0.939875	0.903536	0.324389	0.235362
0.415842	0.939506	0.903193	0.323459	0.235336
0.420792	0.939506	0.903536	0.327367	0.235315
0.425743	0.939506	0.903879	0.331263	0.235305
0.425743	0.939137	0.903536	0.330331	0.23522
0.425743	0.938768	0.903193	0.329403	0.235137
0.430693	0.938768	0.903536	0.333279	0.235119
0.435644	0.938768	0.903879	0.337143	0.235108
0.435644	0.938399	0.903536	0.336213	0.23507
0.435644	0.93803	0.903193	0.335287	0.235002
0.435644	0.937661	0.902849	0.334367	0.23496
0.440594	0.937661	0.903193	0.338208	0.234959
0.440594	0.937293	0.902849	0.337289	0.234893
0.440594	0.936924	0.902506	0.336374	0.23481
0.445545	0.936924	0.902849	0.340196	0.234751
0.445545	0.936555	0.902506	0.339282	0.234749
0.445545	0.936186	0.902163	0.338374	0.234747
0.445545	0.935817	0.901819	0.337469	0.234709
0.445545	0.935448	0.901476	0.33657	0.234646
0.445545	0.935079	0.901133	0.335675	0.234644
0.445545	0.93471	0.90079	0.334784	0.234601
0.445545	0.934342	0.900446	0.333898	0.234565
0.445545	0.933973	0.900103	0.333016	0.234542
0.450495	0.933973	0.900446	0.336798	0.234515
0.455446	0.933973	0.90079	0.340569	0.23451
0.455446	0.933604	0.900446	0.339685	0.23448
0.455446	0.933235	0.900103	0.338805	0.234425
0.455446	0.932866	0.89976	0.337929	0.234352
0.455446	0.932497	0.899416	0.337058	0.234294
0.455446	0.932128	0.899073	0.33619	0.234279
0.455446	0.931759	0.89873	0.335327	0.234224
0.455446	0.931391	0.898387	0.334468	0.234203
0.455446	0.931022	0.898043	0.333613	0.234197
0.455446	0.930653	0.8977	0.332762	0.234194
0.455446	0.930284	0.897357	0.331915	0.234164
0.455446	0.929915	0.897013	0.331072	0.234074
0.460396	0.929915	0.897357	0.334796	0.234073
0.460396	0.929546	0.897013	0.333954	0.234059
0.460396	0.929177	0.89667	0.333115	0.234006
0.460396	0.928809	0.896327	0.332281	0.233988
0.460396	0.92844	0.895984	0.33145	0.233865
0.460396	0.928071	0.89564	0.330623	0.233796
0.460396	0.927702	0.895297	0.3298	0.233664
0.460396	0.927333	0.894954	0.328981	0.233646
0.465347	0.927333	0.895297	0.332672	0.233394
0.465347	0.926964	0.894954	0.331853	0.233327
0.470297	0.926964	0.895297	0.335531	0.233289
0.470297	0.926595	0.894954	0.334712	0.233287
0.470297	0.926226	0.89461	0.333898	0.233214
0.470297	0.925858	0.894267	0.333087	0.233125
0.475248	0.925858	0.89461	0.336745	0.233102
0.475248	0.925489	0.894267	0.335935	0.23307
0.475248	0.92512	0.893924	0.335128	0.232971
0.480198	0.92512	0.894267	0.338771	0.232798
0.485149	0.92512	0.89461	0.342404	0.23278
0.485149	0.924751	0.894267	0.341595	0.232705
0.485149	0.924382	0.893924	0.340789	0.232562
0.485149	0.924013	0.893581	0.339987	0.232555
0.490099	0.924013	0.893924	0.343601	0.232522
0.490099	0.923644	0.893581	0.3428	0.232518
0.490099	0.923276	0.893237	0.342001	0.232444
0.490099	0.922907	0.892894	0.341206	0.232368
0.490099	0.922538	0.892551	0.340415	0.232127
0.490099	0.922169	0.892207	0.339627	0.23195
0.49505	0.922169	0.892551	0.343218	0.231916
0.49505	0.9218	0.892207	0.34243	0.231912
0.49505	0.921431	0.891864	0.341646	0.231856
0.49505	0.921062	0.891521	0.340865	0.23179
0.49505	0.920693	0.891177	0.340087	0.231669
0.49505	0.920325	0.890834	0.339313	0.231663
0.49505	0.919956	0.890491	0.338542	0.231569
0.5	0.919956	0.890834	0.342107	0.231535
0.5	0.919587	0.890491	0.341336	0.2315
0.5	0.919218	0.890148	0.340568	0.231397
0.5	0.918849	0.889804	0.339804	0.231312
0.5	0.91848	0.889461	0.339042	0.231167
0.5	0.918111	0.889118	0.338284	0.227902
0.5	0.917743	0.888774	0.337529	0.22752
0.5	0.917374	0.888431	0.336776	0.227264
0.5	0.917005	0.888088	0.336027	0.226855
0.5	0.916636	0.887745	0.335281	0.22673
0.50495	0.916636	0.888088	0.338813	0.226695
0.509901	0.916636	0.888431	0.342336	0.225761
0.514851	0.916636	0.888774	0.345851	0.225756
0.514851	0.916267	0.888431	0.3451	0.225636
0.514851	0.915898	0.888088	0.344352	0.224856
0.514851	0.915529	0.887745	0.343607	0.224355
0.514851	0.91516	0.887401	0.342864	0.224318
0.514851	0.914792	0.887058	0.342125	0.223565
0.514851	0.914423	0.886715	0.341388	0.223119
0.514851	0.914054	0.886371	0.340654	0.223028
0.514851	0.913685	0.886028	0.339924	0.22299
0.514851	0.913316	0.885685	0.339196	0.222874
0.514851	0.912947	0.885342	0.33847	0.22219
0.519802	0.912947	0.885685	0.341951	0.222009
0.519802	0.912578	0.885342	0.341226	0.22134
0.519802	0.91221	0.884998	0.340504	0.221322
0.519802	0.911841	0.884655	0.339784	0.221073
0.519802	0.911472	0.884312	0.339068	0.220957
0.519802	0.911103	0.883968	0.338354	0.220638
0.519802	0.910734	0.883625	0.337642	0.220122
0.519802	0.910365	0.883282	0.336934	0.219856
0.519802	0.909996	0.882939	0.336228	0.219632
0.519802	0.909627	0.882595	0.335524	0.21875
0.524752	0.909627	0.882939	0.338975	0.218263
0.529703	0.909627	0.883282	0.342417	0.218224
0.534653	0.909627	0.883625	0.345852	0.217873
0.534653	0.909259	0.883282	0.345144	0.2176
0.534653	0.90889	0.882939	0.344439	0.217399
0.534653	0.908521	0.882595	0.343736	0.216936
0.534653	0.908152	0.882252	0.343035	0.216912
0.534653	0.907783	0.881909	0.342338	0.216829
0.534653	0.907414	0.881565	0.341642	0.216653
0.534653	0.907045	0.881222	0.340949	0.216621
0.534653	0.906677	0.880879	0.340259	0.216272
0.539604	0.906677	0.881222	0.343668	0.215832
0.544554	0.906677	0.881565	0.347069	0.214568
0.544554	0.906308	0.881222	0.346377	0.214546
0.544554	0.905939	0.880879	0.345687	0.213854
0.544554	0.90557	0.880536	0.344999	0.213354
0.549505	0.90557	0.880879	0.348386	0.213098
0.549505	0.905201	0.880536	0.347699	0.212087
0.549505	0.904832	0.880192	0.347014	0.211689
0.549505	0.904463	0.879849	0.346331	0.211136
0.549505	0.904094	0.879506	0.345651	0.210319
0.549505	0.903726	0.879162	0.344974	0.210224
0.554455	0.903726	0.879506	0.348342	0.209911
0.554455	0.903357	0.879162	0.347665	0.209517
0.554455	0.902988	0.878819	0.346989	0.20947
0.554455	0.902619	0.878476	0.346317	0.209335
0.554455	0.90225	0.878133	0.345646	0.209304
0.554455	0.901881	0.877789	0.344978	0.208386
0.554455	0.901512	0.877446	0.344312	0.207671
0.554455	0.901143	0.877103	0.343648	0.207603
0.554455	0.900775	0.876759	0.342987	0.207387
0.554455	0.900406	0.876416	0.342327	0.207048
0.559406	0.900406	0.876759	0.345669	0.206088
0.559406	0.900037	0.876416	0.34501	0.205839
0.559406	0.899668	0.876073	0.344353	0.205179
0.559406	0.899299	0.875729	0.343699	0.204949
0.559406	0.89893	0.875386	0.343046	0.20443
0.564356	0.89893	0.875729	0.346373	0.204296
0.564356	0.898561	0.875386	0.34572	0.204095
0.564356	0.898193	0.875043	0.34507	0.203982
0.569307	0.898193	0.875386	0.348386	0.203858
0.569307	0.897824	0.875043	0.347736	0.203148
0.569307	0.897455	0.8747	0.347088	0.202896
0.569307	0.897086	0.874356	0.346442	0.202545
0.574257	0.897086	0.8747	0.349745	0.202534
0.574257	0.896717	0.874356	0.349099	0.202504
0.574257	0.896348	0.874013	0.348455	0.202397
0.574257	0.895979	0.87367	0.347814	0.20212
0.574257	0.89561	0.873326	0.347174	0.201319
0.574257	0.895242	0.872983	0.346536	0.200223
0.574257	0.894873	0.87264	0.345901	0.200201
0.574257	0.894504	0.872297	0.345268	0.200135
0.574257	0.894135	0.871953	0.344636	0.199817
0.574257	0.893766	0.87161	0.344007	0.199617
0.574257	0.893397	0.871267	0.34338	0.199524
0.574257	0.893028	0.870923	0.342754	0.199237
0.579208	0.893028	0.871267	0.346029	0.199179
0.579208	0.89266	0.870923	0.345403	0.19917
0.579208	0.892291	0.87058	0.34478	0.198794
0.579208	0.891922	0.870237	0.344159	0.198716
0.579208	0.891553	0.869894	0.343539	0.198533
0.579208	0.891184	0.86955	0.342922	0.197858
0.579208	0.890815	0.869207	0.342306	0.196926
0.579208	0.890446	0.868864	0.341692	0.196428
0.579208	0.890077	0.86852	0.341081	0.195781
0.579208	0.889709	0.868177	0.340471	0.195383
0.579208	0.88934	0.867834	0.339863	0.193747
0.579208	0.888971	0.867491	0.339257	0.1933
0.579208	0.888602	0.867147	0.338653	0.192383
0.579208	0.888233	0.866804	0.33805	0.192287
0.579208	0.887864	0.866461	0.33745	0.192212
0.579208	0.887495	0.866117	0.336851	0.192174
0.584158	0.887495	0.866461	0.34009	0.192011
0.584158	0.887127	0.866117	0.339491	0.191515
0.584158	0.886758	0.865774	0.338894	0.191299
0.589109	0.886758	0.866117	0.342124	0.189907
0.589109	0.886389	0.865774	0.341526	0.189692
0.589109	0.88602	0.865431	0.340931	0.189203
0.594059	0.88602	0.865774	0.344151	0.188137
0.59901	0.88602	0.866117	0.347365	0.187136
0.59901	0.885651	0.865774	0.346768	0.186945
0.59901	0.885282	0.865431	0.346172	0.186906
0.60396	0.885282	0.865774	0.349377	0.186903
0.60396	0.884913	0.865431	0.348782	0.186827
0.60396	0.884544	0.865088	0.348188	0.186727
0.60396	0.884176	0.864744	0.347596	0.18658
0.60396	0.883807	0.864401	0.347006	0.186504
0.60396	0.883438	0.864058	0.346417	0.184717
0.60396	0.883069	0.863714	0.345831	0.18469
0.60396	0.8827	0.863371	0.345246	0.184647
0.60396	0.882331	0.863028	0.344662	0.183152
0.60396	0.881962	0.862685	0.344081	0.183131
0.60396	0.881594	0.862341	0.343501	0.18276
0.60396	0.881225	0.861998	0.342922	0.182371
0.60396	0.880856	0.861655	0.342346	0.182293
0.60396	0.880487	0.861311	0.341771	0.182144
0.60396	0.880118	0.860968	0.341198	0.180732
0.60396	0.879749	0.860625	0.340626	0.180574
0.60396	0.87938	0.860281	0.340056	0.180161
0.60396	0.879011	0.859938	0.339487	0.180146
0.60396	0.878643	0.859595	0.338921	0.179321
0.60396	0.878274	0.859252	0.338356	0.179118
0.608911	0.878274	0.859595	0.341521	0.178159
0.613861	0.878274	0.859938	0.344681	0.178083
0.613861	0.877905	0.859595	0.344114	0.177833
0.613861	0.877536	0.859252	0.343549	0.177775
0.618812	0.877536	0.859595	0.3467	0.1773
0.618812	0.877167	0.859252	0.346135	0.177052
0.618812	0.876798	0.858908	0.345571	0.176762
0.618812	0.876429	0.858565	0.345008	0.17673
0.618812	0.87606	0.858222	0.344447	0.17659
0.618812	0.875692	0.857878	0.343888	0.176278
0.618812	0.875323	0.857535	0.34333	0.176262
0.618812	0.874954	0.857192	0.342774	0.175848
0.618812	0.874585	0.856849	0.342219	0.175129
0.618812	0.874216	0.856505	0.341666	0.174689
0.618812	0.873847	0.856162	0.341115	0.174261
0.618812	0.873478	0.855819	0.340564	0.173739
0.623762	0.873478	0.856162	0.343693	0.173702
0.623762	0.87311	0.855819	0.343142	0.173529
0.628713	0.87311	0.856162	0.346264	0.173039
0.628713	0.872741	0.855819	0.345713	0.172961
0.628713	0.872372	0.855475	0.345164	0.172775
0.628713	0.872003	0.855132	0.344617	0.172412
0.633663	0.872003	0.855475	0.347729	0.172118
0.633663	0.871634	0.855132	0.347181	0.171813
0.633663	0.871265	0.854789	0.346635	0.171617
0.633663	0.870896	0.854446	0.34609	0.171433
0.633663	0.870527	0.854102	0.345547	0.171427
0.633663	0.870159	0.853759	0.345005	0.171367
0.633663	0.86979	0.853416	0.344465	0.171346
0.633663	0.869421	0.853072	0.343926	0.171264
0.633663	0.869052	0.852729	0.343389	0.170248
0.633663	0.868683	0.852386	0.342853	0.170158
0.638614	0.868683	0.852729	0.345945	0.169404
0.638614	0.868314	0.852386	0.345409	0.169262
0.638614	0.867945	0.852043	0.344874	0.168655
0.638614	0.867577	0.851699	0.344341	0.168446
0.643564	0.867577	0.852043	0.347424	0.168382
0.643564	0.867208	0.851699	0.346891	0.168368
0.643564	0.866839	0.851356	0.346359	0.167912
0.643564	0.86647	0.851013	0.345828	0.167786
0.643564	0.866101	0.850669	0.345298	0.16688
0.648515	0.866101	0.851013	0.348371	0.16591
0.648515	0.865732	0.850669	0.347842	0.164887
0.648515	0.865363	0.850326	0.347313	0.164828
0.653465	0.865363	0.850669	0.350379	0.164436
0.653465	0.864994	0.850326	0.34985	0.16428
0.653465	0.864626	0.849983	0.349323	0.163718
0.653465	0.864257	0.84964	0.348798	0.163495
0.653465	0.863888	0.849296	0.348273	0.163336
0.653465	0.863519	0.848953	0.34775	0.162533
0.653465	0.86315	0.84861	0.347228	0.162179
0.653465	0.862781	0.848266	0.346708	0.162079
0.658416	0.862781	0.84861	0.349759	0.161906
0.658416	0.862412	0.848266	0.349238	0.160936
0.658416	0.862044	0.847923	0.348719	0.160477
0.658416	0.861675	0.84758	0.348201	0.16044
0.658416	0.861306	0.847237	0.347684	0.160269
0.658416	0.860937	0.846893	0.347169	0.160247
0.658416	0.860568	0.84655	0.346655	0.15971
0.658416	0.860199	0.846207	0.346142	0.159432
0.658416	0.85983	0.845863	0.345631	0.159269
0.658416	0.859461	0.84552	0.34512	0.159211
0.663366	0.859461	0.845863	0.348154	0.158884
0.663366	0.859093	0.84552	0.347643	0.158813
0.663366	0.858724	0.845177	0.347134	0.158573
0.663366	0.858355	0.844834	0.346626	0.158054
0.668317	0.858355	0.845177	0.349651	0.157453
0.668317	0.857986	0.844834	0.349143	0.157366
0.673267	0.857986	0.845177	0.352162	0.157121
0.678218	0.857986	0.84552	0.355177	0.156588
0.678218	0.857617	0.845177	0.354668	0.156426
0.678218	0.857248	0.844834	0.354159	0.156066
0.678218	0.856879	0.84449	0.353652	0.155829
0.678218	0.856511	0.844147	0.353146	0.155253
0.678218	0.856142	0.843804	0.352642	0.155151
0.678218	0.855773	0.84346	0.352138	0.155005
0.678218	0.855404	0.843117	0.351636	0.15492
0.678218	0.855035	0.842774	0.351135	0.154533
0.678218	0.854666	0.84243	0.350635	0.15445
0.678218	0.854297	0.842087	0.350136	0.153986
0.683168	0.854297	0.84243	0.353134	0.153307
0.688119	0.854297	0.842774	0.356127	0.152704
0.688119	0.853928	0.84243	0.355627	0.15232
0.688119	0.85356	0.842087	0.355128	0.152313
0.688119	0.853191	0.841744	0.35463	0.152021
0.688119	0.852822	0.841401	0.354134	0.151755
0.688119	0.852453	0.841057	0.353638	0.151518
0.688119	0.852084	0.840714	0.353144	0.150694
0.688119	0.851715	0.840371	0.352651	0.150309
0.688119	0.851346	0.840027	0.352159	0.149176
0.688119	0.850977	0.839684	0.351668	0.149056
0.688119	0.850609	0.839341	0.351178	0.148891
0.688119	0.85024	0.838998	0.35069	0.148303
0.688119	0.849871	0.838654	0.350202	0.147947
0.688119	0.849502	0.838311	0.349716	0.147886
0.688119	0.849133	0.837968	0.349231	0.147851
0.688119	0.848764	0.837624	0.348747	0.146955
0.688119	0.848395	0.837281	0.348264	0.146673
0.688119	0.848027	0.836938	0.347782	0.146524
0.693069	0.848027	0.837281	0.35075	0.146419
0.693069	0.847658	0.836938	0.350268	0.146375
0.693069	0.847289	0.836595	0.349787	0.145268
0.693069	0.84692	0.836251	0.349307	0.14509
0.693069	0.846551	0.835908	0.348828	0.144647
0.693069	0.846182	0.835565	0.348351	0.144631
0.693069	0.845813	0.835221	0.347874	0.143925
0.693069	0.845444	0.834878	0.347399	0.143774
0.693069	0.845076	0.834535	0.346924	0.142959
0.693069	0.844707	0.834192	0.346451	0.142418
0.693069	0.844338	0.833848	0.345979	0.142322
0.693069	0.843969	0.833505	0.345508	0.142204
0.693069	0.8436	0.833162	0.345037	0.141431
0.69802	0.8436	0.833505	0.347986	0.141085
0.70297	0.8436	0.833848	0.350931	0.140981
0.707921	0.8436	0.834192	0.353873	0.140792
0.707921	0.843231	0.833848	0.3534	0.14072
0.707921	0.842862	0.833505	0.352928	0.14067
0.707921	0.842494	0.833162	0.352457	0.140351
0.712871	0.842494	0.833505	0.355392	0.139963
0.717822	0.842494	0.833848	0.358323	0.139631
0.717822	0.842125	0.833505	0.357851	0.1392
0.717822	0.841756	0.833162	0.35738	0.139099
0.717822	0.841387	0.832818	0.35691	0.138909
0.717822	0.841018	0.832475	0.356441	0.138593
0.717822	0.840649	0.832132	0.355973	0.138053
0.722772	0.840649	0.832475	0.358894	0.13771
0.727723	0.840649	0.832818	0.361812	0.137665
0.727723	0.84028	0.832475	0.361343	0.137634
0.727723	0.839911	0.832132	0.360875	0.13748
0.727723	0.839543	0.831789	0.360408	0.137443
0.727723	0.839174	0.831445	0.359942	0.137234
0.727723	0.838805	0.831102	0.359476	0.137026
0.727723	0.838436	0.830759	0.359012	0.13676
0.727723	0.838067	0.830415	0.358549	0.136711
0.727723	0.837698	0.830072	0.358087	0.136478
0.727723	0.837329	0.829729	0.357626	0.136009
0.727723	0.836961	0.829386	0.357166	0.135882
0.727723	0.836592	0.829042	0.356706	0.135857
0.727723	0.836223	0.828699	0.356248	0.135827
0.727723	0.835854	0.828356	0.355791	0.135722
0.727723	0.835485	0.828012	0.355335	0.135713
0.727723	0.835116	0.827669	0.35488	0.135605
0.732673	0.835116	0.828012	0.357777	0.135543
0.732673	0.834747	0.827669	0.357322	0.135377
0.737624	0.834747	0.828012	0.360215	0.135198
0.737624	0.834378	0.827669	0.359759	0.135094
0.737624	0.83401	0.827326	0.359305	0.134854
0.737624	0.833641	0.826982	0.358851	0.134749
0.737624	0.833272	0.826639	0.358398	0.134747
0.737624	0.832903	0.826296	0.357947	0.134494
0.737624	0.832534	0.825953	0.357496	0.13393
0.737624	0.832165	0.825609	0.357046	0.13308
0.737624	0.831796	0.825266	0.356597	0.132799
0.742574	0.831796	0.825609	0.359478	0.132702
0.742574	0.831428	0.825266	0.359029	0.132641
0.742574	0.831059	0.824923	0.358581	0.132577
0.742574	0.83069	0.824579	0.358134	0.132444
0.747525	0.83069	0.824923	0.361009	0.132191
0.747525	0.830321	0.824579	0.360561	0.132167
0.747525	0.829952	0.824236	0.360115	0.131498
0.747525	0.829583	0.823893	0.359669	0.13132
0.747525	0.829214	0.82355	0.359225	0.130708
0.747525	0.828845	0.823206	0.358781	0.130661
0.747525	0.828477	0.822863	0.358338	0.130563
0.747525	0.828108	0.82252	0.357896	0.130522
0.747525	0.827739	0.822176	0.357455	0.130351
0.747525	0.82737	0.821833	0.357015	0.129731
0.747525	0.827001	0.82149	0.356576	0.129033
0.747525	0.826632	0.821147	0.356138	0.128911
0.747525	0.826263	0.820803	0.3557	0.128619
0.747525	0.825895	0.82046	0.355264	0.128389
0.747525	0.825526	0.820117	0.354828	0.128173
0.747525	0.825157	0.819773	0.354393	0.128012
0.747525	0.824788	0.81943	0.353959	0.127749
0.747525	0.824419	0.819087	0.353526	0.127455
0.747525	0.82405	0.818744	0.353094	0.127439
0.747525	0.823681	0.8184	0.352663	0.126801
0.747525	0.823312	0.818057	0.352233	0.126582
0.747525	0.822944	0.817714	0.351803	0.126296
0.747525	0.822575	0.81737	0.351374	0.126199
0.747525	0.822206	0.817027	0.350946	0.126177
0.747525	0.821837	0.816684	0.350519	0.126078
0.747525	0.821468	0.816341	0.350093	0.125769
0.752475	0.821468	0.816684	0.352939	0.125685
0.752475	0.821099	0.816341	0.352512	0.12538
0.752475	0.82073	0.815997	0.352087	0.125263
0.752475	0.820361	0.815654	0.351662	0.125016
0.752475	0.819993	0.815311	0.351238	0.124323
0.752475	0.819624	0.814967	0.350815	0.124289
0.752475	0.819255	0.814624	0.350393	0.124131
0.752475	0.818886	0.814281	0.349972	0.123852
0.752475	0.818517	0.813938	0.349551	0.123288
0.752475	0.818148	0.813594	0.349131	0.123214
0.752475	0.817779	0.813251	0.348712	0.122881
0.752475	0.817411	0.812908	0.348294	0.12235
0.752475	0.817042	0.812564	0.347877	0.12228
0.752475	0.816673	0.812221	0.34746	0.121873
0.752475	0.816304	0.811878	0.347045	0.121661
0.752475	0.815935	0.811535	0.34663	0.121435
0.757426	0.815935	0.811878	0.349458	0.121319
0.757426	0.815566	0.811535	0.349042	0.121137
0.757426	0.815197	0.811191	0.348628	0.121063
0.757426	0.814828	0.810848	0.348214	0.120661
0.762376	0.814828	0.811191	0.351037	0.120172
0.762376	0.81446	0.810848	0.350623	0.119985
0.762376	0.814091	0.810505	0.35021	0.119765
0.762376	0.813722	0.810161	0.349798	0.11973
0.762376	0.813353	0.809818	0.349387	0.118567
0.762376	0.812984	0.809475	0.348976	0.118377
0.762376	0.812615	0.809131	0.348566	0.118357
0.762376	0.812246	0.808788	0.348157	0.117979
0.762376	0.811878	0.808445	0.347749	0.11775
0.762376	0.811509	0.808102	0.347341	0.117671
0.767327	0.811509	0.808445	0.350152	0.117258
0.767327	0.81114	0.808102	0.349744	0.117182
0.767327	0.810771	0.807758	0.349338	0.116918
0.767327	0.810402	0.807415	0.348931	0.11653
0.767327	0.810033	0.807072	0.348526	0.116367
0.767327	0.809664	0.806728	0.348121	0.116144
0.767327	0.809295	0.806385	0.347717	0.116016
0.767327	0.808927	0.806042	0.347314	0.116005
0.767327	0.808558	0.805699	0.346912	0.115712
0.767327	0.808189	0.805355	0.34651	0.1153
0.767327	0.80782	0.805012	0.346109	0.11501
0.767327	0.807451	0.804669	0.345709	0.114825
0.772277	0.807451	0.805012	0.348507	0.114788
0.772277	0.807082	0.804669	0.348106	0.114523
0.772277	0.806713	0.804325	0.347707	0.114459
0.772277	0.806345	0.803982	0.347308	0.1143
0.777228	0.806345	0.804325	0.350101	0.114235
0.777228	0.805976	0.803982	0.349702	0.114049
0.777228	0.805607	0.803639	0.349303	0.113818
0.777228	0.805238	0.803296	0.348906	0.112989
0.777228	0.804869	0.802952	0.348509	0.112647
0.777228	0.8045	0.802609	0.348112	0.112638
0.782178	0.8045	0.802952	0.350898	0.112057
0.782178	0.804131	0.802609	0.350502	0.112047
0.782178	0.803762	0.802266	0.350106	0.111755
0.782178	0.803394	0.801922	0.349711	0.111597
0.782178	0.803025	0.801579	0.349317	0.110874
0.782178	0.802656	0.801236	0.348923	0.110509
0.782178	0.802287	0.800893	0.34853	0.11012
0.782178	0.801918	0.800549	0.348138	0.10996
0.782178	0.801549	0.800206	0.347747	0.109822
0.782178	0.80118	0.799863	0.347356	0.108858
0.782178	0.800812	0.799519	0.346966	0.108594
0.782178	0.800443	0.799176	0.346576	0.108495
0.782178	0.800074	0.798833	0.346188	0.108433
0.782178	0.799705	0.79849	0.3458	0.107679
0.782178	0.799336	0.798146	0.345412	0.107652
0.782178	0.798967	0.797803	0.345026	0.107651
0.782178	0.798598	0.79746	0.34464	0.107406
0.782178	0.798229	0.797116	0.344254	0.10704
0.782178	0.797861	0.796773	0.34387	0.107028
0.782178	0.797492	0.79643	0.343486	0.106807
0.782178	0.797123	0.796087	0.343102	0.106786
0.782178	0.796754	0.795743	0.34272	0.106495
0.782178	0.796385	0.7954	0.342338	0.106331
0.782178	0.796016	0.795057	0.341957	0.105427
0.782178	0.795647	0.794713	0.341576	0.105353
0.782178	0.795278	0.79437	0.341196	0.104841
0.782178	0.79491	0.794027	0.340817	0.104695
0.782178	0.794541	0.793683	0.340438	0.104671
0.782178	0.794172	0.79334	0.34006	0.104605
0.782178	0.793803	0.792997	0.339682	0.104442
0.782178	0.793434	0.792654	0.339306	0.10442
0.782178	0.793065	0.79231	0.33893	0.104369
0.782178	0.792696	0.791967	0.338554	0.104258
0.787129	0.792696	0.79231	0.34131	0.104224
0.787129	0.792328	0.791967	0.340935	0.104108
0.787129	0.791959	0.791624	0.34056	0.103836
0.787129	0.79159	0.79128	0.340185	0.10315
0.787129	0.791221	0.790937	0.339812	0.103073
0.792079	0.791221	0.79128	0.342563	0.103037
0.792079	0.790852	0.790937	0.342189	0.10278
0.792079	0.790483	0.790594	0.341815	0.102479
0.792079	0.790114	0.790251	0.341443	0.102405
0.792079	0.789745	0.789907	0.341071	0.10216
0.792079	0.789377	0.789564	0.340699	0.102117
0.792079	0.789008	0.789221	0.340328	0.102077
0.792079	0.788639	0.788877	0.339958	0.101993
0.79703	0.788639	0.789221	0.342701	0.101879
0.79703	0.78827	0.788877	0.342331	0.101757
0.79703	0.787901	0.788534	0.341961	0.101044
0.79703	0.787532	0.788191	0.341592	0.100735
0.79703	0.787163	0.787848	0.341224	0.100427
0.79703	0.786795	0.787504	0.340856	0.1004
0.79703	0.786426	0.787161	0.340488	0.0998857
0.80198	0.786426	0.787504	0.343225	0.0998722
0.80198	0.786057	0.787161	0.342857	0.0998074
0.80198	0.785688	0.786818	0.34249	0.0995817
0.80198	0.785319	0.786474	0.342124	0.0991275
0.80198	0.78495	0.786131	0.341758	0.0990491
0.80198	0.784581	0.785788	0.341393	0.0986733
0.80198	0.784212	0.785445	0.341029	0.0986022
0.80198	0.783844	0.785101	0.340665	0.098554
0.80198	0.783475	0.784758	0.340302	0.098484
0.80198	0.783106	0.784415	0.339939	0.0983484
0.80198	0.782737	0.784071	0.339577	0.0980846
0.806931	0.782737	0.784415	0.342304	0.0978688
0.806931	0.782368	0.784071	0.341941	0.0977155
0.806931	0.781999	0.783728	0.34158	0.0975079
0.806931	0.78163	0.783385	0.341219	0.0975029
0.806931	0.781262	0.783042	0.340858	0.0971026
0.806931	0.780893	0.782698	0.340498	0.0970252
0.806931	0.780524	0.782355	0.340139	0.0970051
0.806931	0.780155	0.782012	0.33978	0.0967545
0.811881	0.780155	0.782355	0.342499	0.0967411
0.811881	0.779786	0.782012	0.342141	0.0964638
0.811881	0.779417	0.781668	0.341782	0.0963666
0.811881	0.779048	0.781325	0.341424	0.0963152
0.811881	0.778679	0.780982	0.341067	0.0962534
0.811881	0.778311	0.780639	0.340711	0.0955407
0.811881	0.777942	0.780295	0.340355	0.0953231
0.811881	0.777573	0.779952	0.339999	0.0952866
0.811881	0.777204	0.779609	0.339644	0.0952649
0.811881	0.776835	0.779265	0.33929	0.094941
0.811881	0.776466	0.778922	0.338936	0.0948232
0.811881	0.776097	0.778579	0.338583	0.0937577
0.811881	0.775729	0.778235	0.33823	0.0935504
0.811881	0.77536	0.777892	0.337878	0.0935291
0.811881	0.774991	0.777549	0.337527	0.0935046
0.811881	0.774622	0.777206	0.337176	0.0934784
0.811881	0.774253	0.776862	0.336825	0.0933346
0.811881	0.773884	0.776519	0.336475	0.0931056
0.811881	0.773515	0.776176	0.336126	0.0930654
0.811881	0.773146	0.775832	0.335777	0.0930633
0.811881	0.772778	0.775489	0.335429	0.0925829
0.811881	0.772409	0.775146	0.335081	0.0924369
0.811881	0.77204	0.774803	0.334734	0.0924112
0.811881	0.771671	0.774459	0.334387	0.0923551
0.811881	0.771302	0.774116	0.334041	0.092308
0.811881	0.770933	0.773773	0.333695	0.0922115
0.811881	0.770564	0.773429	0.33335	0.0919589
0.816832	0.770564	0.773773	0.336049	0.091814
0.816832	0.770195	0.773429	0.335704	0.0917002
0.816832	0.769827	0.773086	0.335359	0.0916576
0.816832	0.769458	0.772743	0.335015	0.0915205
0.816832	0.769089	0.7724	0.334671	0.0911542
0.816832	0.76872	0.772056	0.334328	0.0910161
0.816832	0.768351	0.771713	0.333985	0.0908895
0.816832	0.767982	0.77137	0.333643	0.0907404
0.816832	0.767613	0.771026	0.333302	0.0904483
0.816832	0.767245	0.770683	0.332961	0.0903826
0.816832	0.766876	0.77034	0.33262	0.0903738
0.816832	0.766507	0.769997	0.33228	0.0897516
0.816832	0.766138	0.769653	0.331941	0.0894045
0.816832	0.765769	0.76931	0.331602	0.0883817
0.816832	0.7654	0.768967	0.331263	0.0875423
0.816832	0.765031	0.768623	0.330925	0.0870382
0.816832	0.764662	0.76828	0.330588	0.0865947
0.816832	0.764294	0.767937	0.330251	0.0865464
0.816832	0.763925	0.767594	0.329914	0.0865093
0.816832	0.763556	0.76725	0.329578	0.0863571
0.816832	0.763187	0.766907	0.329243	0.0862647
0.816832	0.762818	0.766564	0.328908	0.0861547
0.816832	0.762449	0.76622	0.328574	0.0859463
0.816832	0.76208	0.765877	0.32824	0.0858974
0.816832	0.761712	0.765534	0.327906	0.0855066
0.816832	0.761343	0.765191	0.327573	0.0853954
0.816832	0.760974	0.764847	0.327241	0.0852905
0.816832	0.760605	0.764504	0.326909	0.0852608
0.816832	0.760236	0.764161	0.326577	0.0849791
0.816832	0.759867	0.763817	0.326246	0.084746
0.816832	0.759498	0.763474	0.325916	0.0843165
0.816832	0.759129	0.763131	0.325585	0.0842861
0.821782	0.759129	0.763474	0.328262	0.0842098
0.821782	0.758761	0.763131	0.327931	0.0841882
0.821782	0.758392	0.762788	0.327602	0.084073
0.826733	0.758392	0.763131	0.330275	0.0838756
0.826733	0.758023	0.762788	0.329945	0.0836724
0.826733	0.757654	0.762444	0.329616	0.0834587
0.826733	0.757285	0.762101	0.329287	0.0834534
0.826733	0.756916	0.761758	0.328958	0.0832651
0.826733	0.756547	0.761414	0.32863	0.0831931
0.826733	0.756179	0.761071	0.328303	0.0830843
0.826733	0.75581	0.760728	0.327976	0.0830836
0.826733	0.755441	0.760384	0.327649	0.0827345
0.826733	0.755072	0.760041	0.327323	0.0825348
0.826733	0.754703	0.759698	0.326998	0.0824196
0.826733	0.754334	0.759355	0.326672	0.0822911
0.826733	0.753965	0.759011	0.326348	0.0820006
0.826733	0.753596	0.758668	0.326023	0.081958
0.826733	0.753228	0.758325	0.3257	0.081935
0.831683	0.753228	0.758668	0.328363	0.0818752
0.831683	0.752859	0.758325	0.328039	0.0818276
0.831683	0.75249	0.757981	0.327715	0.0817292
0.836634	0.75249	0.758325	0.330375	0.0815569
0.836634	0.752121	0.757981	0.330052	0.0815199
0.836634	0.751752	0.757638	0.329729	0.0813125
0.836634	0.751383	0.757295	0.329406	0.0811289
0.836634	0.751014	0.756952	0.329084	0.0811152
0.836634	0.750646	0.756608	0.328762	0.081086
0.836634	0.750277	0.756265	0.328441	0.0807411
0.836634	0.749908	0.755922	0.32812	0.080545
0.836634	0.749539	0.755578	0.327799	0.0804525
0.836634	0.74917	0.755235	0.327479	0.080277
0.836634	0.748801	0.754892	0.32716	0.0802496
0.836634	0.748432	0.754549	0.326841	0.0802259
0.836634	0.748063	0.754205	0.326522	0.0801338
0.841584	0.748063	0.754549	0.329173	0.0800549
0.841584	0.747695	0.754205	0.328855	0.0799018
0.841584	0.747326	0.753862	0.328536	0.0791561
0.841584	0.746957	0.753519	0.328219	0.0789489
0.841584	0.746588	0.753175	0.327901	0.078813
0.841584	0.746219	0.752832	0.327584	0.0785677
0.841584	0.74585	0.752489	0.327268	0.0783998
0.841584	0.745481	0.752146	0.326951	0.0783151
0.841584	0.745113	0.751802	0.326636	0.0780828
0.841584	0.744744	0.751459	0.326321	0.0779935
0.846535	0.744744	0.751802	0.328965	0.0779634
0.846535	0.744375	0.751459	0.32865	0.0778909
0.846535	0.744006	0.751116	0.328335	0.0777211
0.846535	0.743637	0.750772	0.32802	0.0776878
0.846535	0.743268	0.750429	0.327706	0.0776434
0.846535	0.742899	0.750086	0.327393	0.0775065
0.846535	0.74253	0.749743	0.32708	0.0774046
0.846535	0.742162	0.749399	0.326767	0.0771309
0.846535	0.741793	0.749056	0.326454	0.0771211
0.846535	0.741424	0.748713	0.326142	0.0769158
0.846535	0.741055	0.748369	0.325831	0.0766174
0.846535	0.740686	0.748026	0.32552	0.0766114
0.851485	0.740686	0.748369	0.328157	0.0765427
0.851485	0.740317	0.748026	0.327846	0.0765339
0.851485	0.739948	0.747683	0.327535	0.0764414
0.851485	0.739579	0.74734	0.327225	0.0763703
0.851485	0.739211	0.746996	0.326915	0.0763543
0.851485	0.738842	0.746653	0.326605	0.0762543
0.851485	0.738473	0.74631	0.326296	0.076093
0.851485	0.738104	0.745966	0.325987	0.0760327
0.851485	0.737735	0.745623	0.325679	0.0757465
0.851485	0.737366	0.74528	0.325371	0.0756332
0.851485	0.736997	0.744936	0.325064	0.0755071
0.851485	0.736629	0.744593	0.324757	0.0754932
0.851485	0.73626	0.74425	0.32445	0.0753927
0.851485	0.735891	0.743907	0.324144	0.0753672
0.851485	0.735522	0.743563	0.323838	0.0751731
0.851485	0.735153	0.74322	0.323532	0.0750099
0.851485	0.734784	0.742877	0.323227	0.0749664
0.851485	0.734415	0.742533	0.322923	0.0747493
0.851485	0.734046	0.74219	0.322619	0.0746265
0.856436	0.734046	0.742533	0.325245	0.0745563
0.856436	0.733678	0.74219	0.32494	0.0744725
0.856436	0.733309	0.741847	0.324636	0.0744011
0.856436	0.73294	0.741504	0.324333	0.0743382
0.856436	0.732571	0.74116	0.32403	0.074309
0.856436	0.732202	0.740817	0.323727	0.0741763
0.856436	0.731833	0.740474	0.323425	0.0740266
0.856436	0.731464	0.74013	0.323123	0.0740227
0.856436	0.731096	0.739787	0.322821	0.0737262
0.861386	0.731096	0.74013	0.325442	0.0737077
0.861386	0.730727	0.739787	0.32514	0.0731165
0.861386	0.730358	0.739444	0.324839	0.0728962
0.861386	0.729989	0.739101	0.324538	0.0728934
0.861386	0.72962	0.738757	0.324238	0.072862
0.861386	0.729251	0.738414	0.323938	0.0728216
0.861386	0.728882	0.738071	0.323638	0.0727791
0.861386	0.728513	0.737727	0.323338	0.0726665
0.861386	0.728145	0.737384	0.32304	0.0725284
0.861386	0.727776	0.737041	0.322741	0.0725038
0.861386	0.727407	0.736698	0.322443	0.0723509
0.861386	0.727038	0.736354	0.322145	0.072205
0.861386	0.726669	0.736011	0.321848	0.0721857
0.861386	0.7263	0.735668	0.321551	0.0721742
0.861386	0.725931	0.735324	0.321254	0.0720633
0.861386	0.725563	0.734981	0.320958	0.0719241
0.861386	0.725194	0.734638	0.320662	0.0718929
0.861386	0.724825	0.734295	0.320366	0.0717446
0.861386	0.724456	0.733951	0.320071	0.0715225
0.861386	0.724087	0.733608	0.319776	0.0714267
0.861386	0.723718	0.733265	0.319482	0.0714079
0.866337	0.723718	0.733608	0.322092	0.0712386
0.866337	0.723349	0.733265	0.321797	0.0712282
0.866337	0.72298	0.732921	0.321503	0.0711101
0.866337	0.722612	0.732578	0.321209	0.0710661
0.866337	0.722243	0.732235	0.320916	0.0710032
0.866337	0.721874	0.731892	0.320623	0.0709787
0.866337	0.721505	0.731548	0.32033	0.0709742
0.866337	0.721136	0.731205	0.320038	0.0708551
0.866337	0.720767	0.730862	0.319746	0.0707643
0.866337	0.720398	0.730518	0.319455	0.0707337
0.866337	0.72003	0.730175	0.319163	0.0705038
0.866337	0.719661	0.729832	0.318873	0.0702311
0.866337	0.719292	0.729488	0.318582	0.0699168
0.866337	0.718923	0.729145	0.318292	0.0699137
0.866337	0.718554	0.728802	0.318002	0.0698903
0.866337	0.718185	0.728459	0.317713	0.0697678
0.866337	0.717816	0.728115	0.317424	0.0693281
0.866337	0.717447	0.727772	0.317135	0.0691562
0.866337	0.717079	0.727429	0.316847	0.0690682
0.866337	0.71671	0.727085	0.316559	0.0689176
0.866337	0.716341	0.726742	0.316271	0.0685682
0.866337	0.715972	0.726399	0.315984	0.0684358
0.866337	0.715603	0.726056	0.315697	0.0683857
0.866337	0.715234	0.725712	0.315411	0.0683389
0.866337	0.714865	0.725369	0.315124	0.0682092
0.866337	0.714496	0.725026	0.314839	0.0679633
0.871287	0.714496	0.725369	0.317436	0.0679373
0.871287	0.714128	0.725026	0.31715	0.0678381
0.871287	0.713759	0.724682	0.316864	0.0676999
0.871287	0.71339	0.724339	0.316579	0.067541
0.871287	0.713021	0.723996	0.316294	0.0673243
0.871287	0.712652	0.723653	0.316009	0.0672641
0.871287	0.712283	0.723309	0.315725	0.0672158
0.871287	0.711914	0.722966	0.315441	0.0669931
0.871287	0.711546	0.722623	0.315158	0.0668516
0.871287	0.711177	0.722279	0.314875	0.066826
0.871287	0.710808	0.721936	0.314592	0.0668211
0.871287	0.710439	0.721593	0.314309	0.0667955
0.871287	0.71007	0.72125	0.314027	0.066729
0.871287	0.709701	0.720906	0.313745	0.0664562
0.871287	0.709332	0.720563	0.313464	0.0662629
0.871287	0.708963	0.72022	0.313183	0.066252
0.871287	0.708595	0.719876	0.312902	0.0662394
0.871287	0.708226	0.719533	0.312622	0.0661871
0.871287	0.707857	0.71919	0.312341	0.0660816
0.871287	0.707488	0.718847	0.312062	0.0657905
0.871287	0.707119	0.718503	0.311782	0.0657072
0.871287	0.70675	0.71816	0.311503	0.0655743
0.876238	0.70675	0.718503	0.31409	0.0651569
0.876238	0.706381	0.71816	0.313811	0.0650016
0.876238	0.706013	0.717817	0.313532	0.0649643
0.876238	0.705644	0.717473	0.313253	0.0648797
0.876238	0.705275	0.71713	0.312975	0.0648763
0.876238	0.704906	0.716787	0.312697	0.0648381
0.876238	0.704537	0.716444	0.31242	0.0648231
0.876238	0.704168	0.7161	0.312142	0.0647809
0.876238	0.703799	0.715757	0.311865	0.0646467
0.876238	0.70343	0.715414	0.311589	0.06444
0.876238	0.703062	0.71507	0.311312	0.0640077
0.876238	0.702693	0.714727	0.311036	0.0639555
0.876238	0.702324	0.714384	0.310761	0.063855
0.876238	0.701955	0.714041	0.310486	0.0637716
0.876238	0.701586	0.713697	0.310211	0.0635468
0.876238	0.701217	0.713354	0.309936	0.0634545
0.876238	0.700848	0.713011	0.309661	0.0634334
0.876238	0.70048	0.712667	0.309387	0.0633175
0.876238	0.700111	0.712324	0.309114	0.0633006
0.876238	0.699742	0.711981	0.30884	0.0630536
0.876238	0.699373	0.711637	0.308567	0.0630417
0.876238	0.699004	0.711294	0.308294	0.0629819
0.876238	0.698635	0.710951	0.308022	0.0628149
0.876238	0.698266	0.710608	0.30775	0.0627916
0.876238	0.697897	0.710264	0.307478	0.0627856
0.876238	0.697529	0.709921	0.307206	0.0627048
0.876238	0.69716	0.709578	0.306935	0.0624087
0.876238	0.696791	0.709234	0.306664	0.0615988
0.876238	0.696422	0.708891	0.306393	0.0615461
0.876238	0.696053	0.708548	0.306123	0.0614059
0.876238	0.695684	0.708205	0.305853	0.0613999
0.876238	0.695315	0.707861	0.305583	0.0613646
0.876238	0.694947	0.707518	0.305314	0.0613307
0.881188	0.694947	0.707861	0.307888	0.06102
0.881188	0.694578	0.707518	0.307618	0.0608682
0.881188	0.694209	0.707175	0.307349	0.0608487
0.881188	0.69384	0.706831	0.30708	0.0607033
0.881188	0.693471	0.706488	0.306812	0.0605733
0.881188	0.693102	0.706145	0.306543	0.0605352
0.881188	0.692733	0.705802	0.306275	0.0604269
0.881188	0.692364	0.705458	0.306008	0.0604009
0.881188	0.691996	0.705115	0.30574	0.0602759
0.881188	0.691627	0.704772	0.305473	0.0598688
0.881188	0.691258	0.704428	0.305207	0.0598216
0.881188	0.690889	0.704085	0.30494	0.0597466
0.881188	0.69052	0.703742	0.304674	0.0596407
0.881188	0.690151	0.703399	0.304408	0.0595059
0.881188	0.689782	0.703055	0.304142	0.0594614
0.881188	0.689414	0.702712	0.303877	0.0593486
0.881188	0.689045	0.702369	0.303612	0.05933
0.881188	0.688676	0.702025	0.303347	0.0592712
0.881188	0.688307	0.701682	0.303083	0.0591028
0.881188	0.687938	0.701339	0.302819	0.0589428
0.886139	0.687938	0.701682	0.305385	0.0589391
0.886139	0.687569	0.701339	0.305121	0.0588774
0.886139	0.6872	0.700996	0.304857	0.0588742
0.886139	0.686831	0.700652	0.304593	0.0588297
0.886139	0.686463	0.700309	0.30433	0.0587911
0.886139	0.686094	0.699966	0.304067	0.0587798
0.886139	0.685725	0.699622	0.303804	0.058641
0.886139	0.685356	0.699279	0.303542	0.058508
0.886139	0.684987	0.698936	0.30328	0.0584367
0.886139	0.684618	0.698593	0.303018	0.058309
0.886139	0.684249	0.698249	0.302756	0.0574903
0.886139	0.68388	0.697906	0.302495	0.0574092
0.886139	0.683512	0.697563	0.302234	0.0573988
0.886139	0.683143	0.697219	0.301973	0.0573876
0.886139	0.682774	0.696876	0.301713	0.0573545
0.886139	0.682405	0.696533	0.301452	0.0573413
0.886139	0.682036	0.696189	0.301192	0.0571516
0.891089	0.682036	0.696533	0.303752	0.0570786
0.891089	0.681667	0.696189	0.303492	0.0568118
0.891089	0.681298	0.695846	0.303232	0.0567473
0.891089	0.68093	0.695503	0.302973	0.0567305
0.891089	0.680561	0.69516	0.302714	0.0566974
0.891089	0.680192	0.694816	0.302455	0.0566942
0.891089	0.679823	0.694473	0.302197	0.0565717
0.891089	0.679454	0.69413	0.301938	0.0565508
0.891089	0.679085	0.693786	0.30168	0.0565269
0.891089	0.678716	0.693443	0.301423	0.056426
0.891089	0.678347	0.6931	0.301165	0.0563962
0.891089	0.677979	0.692757	0.300908	0.0563402
0.891089	0.67761	0.692413	0.300651	0.0561287
0.891089	0.677241	0.69207	0.300394	0.0560363
0.891089	0.676872	0.691727	0.300138	0.0559006
0.891089	0.676503	0.691383	0.299882	0.0558736
0.891089	0.676134	0.69104	0.299626	0.0558088
0.891089	0.675765	0.690697	0.299371	0.0557788
0.891089	0.675397	0.690354	0.299115	0.0557558
0.891089	0.675028	0.69001	0.29886	0.0556201
0.891089	0.674659	0.689667	0.298606	0.0556134
0.891089	0.67429	0.689324	0.298351	0.0556123
0.891089	0.673921	0.68898	0.298097	0.0553992
0.891089	0.673552	0.688637	0.297843	0.0552014
0.891089	0.673183	0.688294	0.297589	0.0550962
0.891089	0.672814	0.687951	0.297336	0.0549384
0.891089	0.672446	0.687607	0.297083	0.0548938
0.891089	0.672077	0.687264	0.29683	0.054804
0.891089	0.671708	0.686921	0.296577	0.0547274
0.891089	0.671339	0.686577	0.296325	0.0546845
0.891089	0.67097	0.686234	0.296073	0.054649
0.891089	0.670601	0.685891	0.295821	0.0545654
0.891089	0.670232	0.685548	0.295569	0.0542572
0.891089	0.669864	0.685204	0.295318	0.0537605
0.891089	0.669495	0.684861	0.295067	0.0536984
0.891089	0.669126	0.684518	0.294816	0.0536508
0.891089	0.668757	0.684174	0.294565	0.0536314
0.891089	0.668388	0.683831	0.294315	0.0536044
0.891089	0.668019	0.683488	0.294065	0.0535771
0.891089	0.66765	0.683145	0.293815	0.0535048
0.891089	0.667281	0.682801	0.293566	0.0534123
0.89604	0.667281	0.683145	0.296112	0.0532948
0.90099	0.667281	0.683488	0.298658	0.0531747
0.90099	0.666913	0.683145	0.298409	0.053028
0.90099	0.666544	0.682801	0.298159	0.052897
0.90099	0.666175	0.682458	0.29791	0.0528953
0.90099	0.665806	0.682115	0.297661	0.0528769
0.90099	0.665437	0.681771	0.297412	0.0528132
0.90099	0.665068	0.681428	0.297163	0.0527727
0.90099	0.664699	0.681085	0.296915	0.0527639
0.90099	0.664331	0.680742	0.296667	0.0525821
0.905941	0.664331	0.681085	0.29921	0.0525782
0.905941	0.663962	0.680742	0.298962	0.0525465
0.905941	0.663593	0.680398	0.298714	0.0525034
0.905941	0.663224	0.680055	0.298466	0.052469
0.905941	0.662855	0.679712	0.298219	0.0524065
0.905941	0.662486	0.679368	0.297972	0.0523871
0.905941	0.662117	0.679025	0.297725	0.0522197
0.905941	0.661748	0.678682	0.297479	0.0522126
0.905941	0.66138	0.678338	0.297232	0.0522092
0.910891	0.66138	0.678682	0.299773	0.0521343
0.910891	0.661011	0.678338	0.299526	0.0520767
0.910891	0.660642	0.677995	0.29928	0.0520583
0.910891	0.660273	0.677652	0.299034	0.0520224
0.910891	0.659904	0.677309	0.298789	0.0518842
0.910891	0.659535	0.676965	0.298543	0.0518494
0.910891	0.659166	0.676622	0.298298	0.0518388
0.910891	0.658797	0.676279	0.298053	0.0518255
0.910891	0.658429	0.675935	0.297809	0.0516797
0.910891	0.65806	0.675592	0.297564	0.0516283
0.910891	0.657691	0.675249	0.29732	0.0515681
0.910891	0.657322	0.674906	0.297076	0.0514142
0.910891	0.656953	0.674562	0.296833	0.0513858
0.910891	0.656584	0.674219	0.296589	0.0511898
0.910891	0.656215	0.673876	0.296346	0.0510569
0.910891	0.655847	0.673532	0.296103	0.0510557
0.910891	0.655478	0.673189	0.29586	0.050812
0.910891	0.655109	0.672846	0.295618	0.0506773
0.910891	0.65474	0.672503	0.295376	0.0506501
0.910891	0.654371	0.672159	0.295134	0.0504962
0.910891	0.654002	0.671816	0.294892	0.0504505
0.910891	0.653633	0.671473	0.29465	0.0503884
0.910891	0.653264	0.671129	0.294409	0.0503787
0.910891	0.652896	0.670786	0.294168	0.0503526
0.910891	0.652527	0.670443	0.293927	0.0503432
0.910891	0.652158	0.6701	0.293686	0.0502743
0.910891	0.651789	0.669756	0.293446	0.0502016
0.910891	0.65142	0.669413	0.293206	0.0500984
0.915842	0.65142	0.669756	0.295739	0.0500141
0.915842	0.651051	0.669413	0.295499	0.0500053
0.915842	0.650682	0.66907	0.295259	0.0498935
0.915842	0.650314	0.668726	0.29502	0.0498665
0.915842	0.649945	0.668383	0.29478	0.049704
0.915842	0.649576	0.66804	0.294541	0.0493488
0.915842	0.649207	0.667697	0.294302	0.0493434
0.915842	0.648838	0.667353	0.294063	0.0491513
0.915842	0.648469	0.66701	0.293825	0.0491269
0.915842	0.6481	0.666667	0.293587	0.0489662
0.915842	0.647731	0.666323	0.293348	0.0489125
0.915842	0.647363	0.66598	0.293111	0.0486891
0.915842	0.646994	0.665637	0.292873	0.0486629
0.915842	0.646625	0.665294	0.292636	0.0486421
0.915842	0.646256	0.66495	0.292399	0.0484214
0.915842	0.645887	0.664607	0.292162	0.0482227
0.915842	0.645518	0.664264	0.291925	0.0481356
0.915842	0.645149	0.66392	0.291688	0.0480949
0.915842	0.644781	0.663577	0.291452	0.0480917
0.915842	0.644412	0.663234	0.291216	0.0478896
0.915842	0.644043	0.66289	0.29098	0.0478185
0.915842	0.643674	0.662547	0.290745	0.0477774
0.915842	0.643305	0.662204	0.290509	0.0476782
0.915842	0.642936	0.661861	0.290274	0.0476324
0.920792	0.642936	0.662204	0.292802	0.0474161
0.920792	0.642567	0.661861	0.292567	0.0473703
0.920792	0.642198	0.661517	0.292332	0.0473434
0.925743	0.642198	0.661861	0.294859	0.0472924
0.925743	0.64183	0.661517	0.294624	0.0472488
0.925743	0.641461	0.661174	0.29439	0.0471953
0.925743	0.641092	0.660831	0.294155	0.0471196
0.925743	0.640723	0.660487	0.293921	0.0470454
0.925743	0.640354	0.660144	0.293687	0.0470286
0.925743	0.639985	0.659801	0.293453	0.0470182
0.925743	0.639616	0.659458	0.29322	0.0470057
0.925743	0.639248	0.659114	0.292986	0.047003
0.925743	0.638879	0.658771	0.292753	0.0469775
0.925743	0.63851	0.658428	0.29252	0.0469484
0.925743	0.638141	0.658084	0.292288	0.0468764
0.925743	0.637772	0.657741	0.292055	0.0467609
0.925743	0.637403	0.657398	0.291823	0.0466614
0.925743	0.637034	0.657055	0.291591	0.0466299
0.925743	0.636665	0.656711	0.291359	0.0462621
0.925743	0.636297	0.656368	0.291128	0.0462214
0.925743	0.635928	0.656025	0.290896	0.0461946
0.925743	0.635559	0.655681	0.290665	0.04617
0.925743	0.63519	0.655338	0.290434	0.0461187
0.925743	0.634821	0.654995	0.290203	0.0460008
0.925743	0.634452	0.654652	0.289973	0.0459577
0.925743	0.634083	0.654308	0.289742	0.0458696
0.925743	0.633714	0.653965	0.289512	0.0458172
0.925743	0.633346	0.653622	0.289282	0.0456773
0.925743	0.632977	0.653278	0.289053	0.0456138
0.925743	0.632608	0.652935	0.288823	0.0455366
0.925743	0.632239	0.652592	0.288594	0.0452971
0.925743	0.63187	0.652249	0.288365	0.045152
0.925743	0.631501	0.651905	0.288136	0.0450152
0.925743	0.631132	0.651562	0.287907	0.044977
0.925743	0.630764	0.651219	0.287679	0.0449327
0.925743	0.630395	0.650875	0.28745	0.0447336
0.925743	0.630026	0.650532	0.287222	0.0447176
0.925743	0.629657	0.650189	0.286994	0.044671
0.925743	0.629288	0.649846	0.286767	0.0446337
0.925743	0.628919	0.649502	0.286539	0.0446092
0.925743	0.62855	0.649159	0.286312	0.0445601
0.930693	0.62855	0.649502	0.288832	0.0444747
0.930693	0.628181	0.649159	0.288605	0.0444535
0.930693	0.627813	0.648816	0.288378	0.0444502
0.930693	0.627444	0.648472	0.288151	0.0443873
0.930693	0.627075	0.648129	0.287925	0.0443696
0.930693	0.626706	0.647786	0.287698	0.0443457
0.930693	0.626337	0.647442	0.287472	0.0441021
0.935644	0.626337	0.647786	0.289991	0.0440176
0.935644	0.625968	0.647442	0.289765	0.0440153
0.935644	0.625599	0.647099	0.289539	0.0439906
0.935644	0.625231	0.646756	0.289313	0.0439609
0.935644	0.624862	0.646413	0.289088	0.0439367
0.935644	0.624493	0.646069	0.288862	0.043797
0.935644	0.624124	0.645726	0.288637	0.0437099
0.935644	0.623755	0.645383	0.288412	0.0436177
0.935644	0.623386	0.645039	0.288188	0.0435869
0.935644	0.623017	0.644696	0.287963	0.0432531
0.935644	0.622648	0.644353	0.287739	0.0430894
0.935644	0.62228	0.64401	0.287515	0.0430535
0.935644	0.621911	0.643666	0.287291	0.0429744
0.935644	0.621542	0.643323	0.287067	0.0429338
0.935644	0.621173	0.64298	0.286843	0.0427706
0.935644	0.620804	0.642636	0.28662	0.0426443
0.935644	0.620435	0.642293	0.286397	0.0426384
0.935644	0.620066	0.64195	0.286174	0.0425939
0.935644	0.619698	0.641607	0.285951	0.0425803
0.935644	0.619329	0.641263	0.285729	0.0424592
0.935644	0.61896	0.64092	0.285506	0.0424047
0.935644	0.618591	0.640577	0.285284	0.0419745
0.935644	0.618222	0.640233	0.285062	0.0418556
0.935644	0.617853	0.63989	0.28484	0.0415487
0.935644	0.617484	0.639547	0.284619	0.0414519
0.935644	0.617115	0.639204	0.284397	0.0413763
0.935644	0.616747	0.63886	0.284176	0.0412769
0.935644	0.616378	0.638517	0.283955	0.0412196
0.935644	0.616009	0.638174	0.283734	0.0411806
0.935644	0.61564	0.63783	0.283513	0.0411162
0.935644	0.615271	0.637487	0.283293	0.0411015
0.935644	0.614902	0.637144	0.283073	0.0410956
0.935644	0.614533	0.636801	0.282852	0.0410483
0.935644	0.614165	0.636457	0.282633	0.0409552
0.935644	0.613796	0.636114	0.282413	0.0409206
0.935644	0.613427	0.635771	0.282193	0.0408592
0.935644	0.613058	0.635427	0.281974	0.0408406
0.935644	0.612689	0.635084	0.281755	0.0408405
0.935644	0.61232	0.634741	0.281536	0.040769
0.935644	0.611951	0.634398	0.281317	0.0407506
0.935644	0.611582	0.634054	0.281098	0.0407237
0.935644	0.611214	0.633711	0.28088	0.0406993
0.935644	0.610845	0.633368	0.280662	0.0406561
0.935644	0.610476	0.633024	0.280443	0.0404809
0.935644	0.610107	0.632681	0.280226	0.0404297
0.935644	0.609738	0.632338	0.280008	0.0402048
0.935644	0.609369	0.631995	0.27979	0.0401231
0.935644	0.609	0.631651	0.279573	0.0399659
0.935644	0.608632	0.631308	0.279356	0.0398999
0.935644	0.608263	0.630965	0.279139	0.0398061
0.935644	0.607894	0.630621	0.278922	0.039761
0.935644	0.607525	0.630278	0.278705	0.0396269
0.935644	0.607156	0.629935	0.278489	0.0396157
0.935644	0.606787	0.629591	0.278273	0.039611
0.935644	0.606418	0.629248	0.278057	0.0394902
0.935644	0.606049	0.628905	0.277841	0.0394148
0.935644	0.605681	0.628562	0.277625	0.0393679
0.935644	0.605312	0.628218	0.277409	0.0392855
0.935644	0.604943	0.627875	0.277194	0.0391015
0.935644	0.604574	0.627532	0.276979	0.0390734
0.940594	0.604574	0.627875	0.279491	0.0389714
0.940594	0.604205	0.627532	0.279276	0.0389078
0.940594	0.603836	0.627188	0.279061	0.0388958
0.940594	0.603467	0.626845	0.278846	0.038862
0.940594	0.603098	0.626502	0.278631	0.0388493
0.940594	0.60273	0.626159	0.278417	0.0388276
0.940594	0.602361	0.625815	0.278203	0.0387928
0.940594	0.601992	0.625472	0.277989	0.0387701
0.940594	0.601623	0.625129	0.277775	0.0386272
0.940594	0.601254	0.624785	0.277561	0.0386077
0.940594	0.600885	0.624442	0.277348	0.0385613
0.940594	0.600516	0.624099	0.277134	0.0384055
0.940594	0.600148	0.623756	0.276921	0.038356
0.940594	0.599779	0.623412	0.276708	0.0383035
0.940594	0.59941	0.623069	0.276495	0.0382438
0.940594	0.599041	0.622726	0.276283	0.038239
0.940594	0.598672	0.622382	0.27607	0.0381615
0.940594	0.598303	0.622039	0.275858	0.038132
0.940594	0.597934	0.621696	0.275646	0.0381107
0.940594	0.597565	0.621353	0.275434	0.0380529
0.940594	0.597197	0.621009	0.275222	0.0379054
0.940594	0.596828	0.620666	0.27501	0.0378366
0.940594	0.596459	0.620323	0.274799	0.0376827
0.940594	0.59609	0.619979	0.274587	0.0375306
0.940594	0.595721	0.619636	0.274376	0.0374442
0.940594	0.595352	0.619293	0.274165	0.0372435
0.940594	0.594983	0.61895	0.273954	0.0372378
0.940594	0.594615	0.618606	0.273744	0.0371261
0.945545	0.594615	0.61895	0.276254	0.0371067
0.945545	0.594246	0.618606	0.276043	0.0370539
0.945545	0.593877	0.618263	0.275833	0.0370312
0.945545	0.593508	0.61792	0.275623	0.0370244
0.945545	0.593139	0.617576	0.275413	0.0369688
0.945545	0.59277	0.617233	0.275203	0.0368571
0.945545	0.592401	0.61689	0.274993	0.0367458
0.945545	0.592032	0.616547	0.274783	0.0366858
0.945545	0.591664	0.616203	0.274574	0.0365664
0.945545	0.591295	0.61586	0.274365	0.0364503
0.945545	0.590926	0.615517	0.274156	0.0364476
0.945545	0.590557	0.615173	0.273947	0.0364315
0.945545	0.590188	0.61483	0.273738	0.0364058
0.945545	0.589819	0.614487	0.27353	0.0362057
0.945545	0.58945	0.614143	0.273321	0.0361571
0.950495	0.58945	0.614487	0.27583	0.0361182
0.950495	0.589082	0.614143	0.275622	0.036084
0.950495	0.588713	0.6138	0.275414	0.036053
0.950495	0.588344	0.613457	0.275206	0.0360509
0.950495	0.587975	0.613114	0.274998	0.0360485
0.950495	0.587606	0.61277	0.274791	0.0359869
0.950495	0.587237	0.612427	0.274583	0.0359536
0.950495	0.586868	0.612084	0.274376	0.0359517
0.950495	0.586499	0.61174	0.274169	0.035948
0.950495	0.586131	0.611397	0.273962	0.0358991
0.950495	0.585762	0.611054	0.273755	0.0357099
0.950495	0.585393	0.610711	0.273548	0.0357088
0.950495	0.585024	0.610367	0.273342	0.0356834
0.950495	0.584655	0.610024	0.273135	0.0356564
0.950495	0.584286	0.609681	0.272929	0.0356319
0.950495	0.583917	0.609337	0.272723	0.0355365
0.950495	0.583549	0.608994	0.272517	0.0355308
0.950495	0.58318	0.608651	0.272312	0.0355008
0.950495	0.582811	0.608308	0.272106	0.0353655
0.950495	0.582442	0.607964	0.271901	0.0352957
0.950495	0.582073	0.607621	0.271695	0.0352645
0.950495	0.581704	0.607278	0.27149	0.0351879
0.950495	0.581335	0.606934	0.271285	0.0348637
0.950495	0.580966	0.606591	0.271081	0.0348316
0.950495	0.580598	0.606248	0.270876	0.0348174
0.950495	0.580229	0.605905	0.270672	0.0347722
0.950495	0.57986	0.605561	0.270467	0.034744
0.950495	0.579491	0.605218	0.270263	0.0347038
0.950495	0.579122	0.604875	0.270059	0.0346388
0.950495	0.578753	0.604531	0.269855	0.0345613
0.950495	0.578384	0.604188	0.269652	0.0345214
0.950495	0.578015	0.603845	0.269448	0.0344978
0.950495	0.577647	0.603502	0.269245	0.0344839
0.950495	0.577278	0.603158	0.269041	0.0344459
0.950495	0.576909	0.602815	0.268838	0.0343242
0.950495	0.57654	0.602472	0.268635	0.0342278
0.950495	0.576171	0.602128	0.268433	0.0341882
0.950495	0.575802	0.601785	0.26823	0.0341511
0.950495	0.575433	0.601442	0.268027	0.0339266
0.950495	0.575065	0.601099	0.267825	0.0339062
0.950495	0.574696	0.600755	0.267623	0.0338911
0.950495	0.574327	0.600412	0.267421	0.0338581
0.950495	0.573958	0.600069	0.267219	0.0338548
0.950495	0.573589	0.599725	0.267017	0.0338382
0.950495	0.57322	0.599382	0.266816	0.0337092
0.950495	0.572851	0.599039	0.266614	0.0336455
0.950495	0.572482	0.598696	0.266413	0.0336189
0.950495	0.572114	0.598352	0.266212	0.0335407
0.950495	0.571745	0.598009	0.266011	0.0334876
0.950495	0.571376	0.597666	0.26581	0.0334566
0.950495	0.571007	0.597322	0.265609	0.0332579
0.950495	0.570638	0.596979	0.265409	0.0332142
0.950495	0.570269	0.596636	0.265208	0.0332138
0.950495	0.5699	0.596292	0.265008	0.0332002
0.950495	0.569532	0.595949	0.264808	0.0331489
0.950495	0.569163	0.595606	0.264608	0.0330812
0.950495	0.568794	0.595263	0.264408	0.0330032
0.950495	0.568425	0.594919	0.264208	0.0328784
0.950495	0.568056	0.594576	0.264009	0.032848
0.950495	0.567687	0.594233	0.263809	0.0328211
0.950495	0.567318	0.593889	0.26361	0.0327824
0.950495	0.566949	0.593546	0.263411	0.0327717
0.950495	0.566581	0.593203	0.263212	0.0327248
0.950495	0.566212	0.59286	0.263013	0.0326286
0.950495	0.565843	0.592516	0.262814	0.0325162
0.950495	0.565474	0.592173	0.262616	0.0324131
0.950495	0.565105	0.59183	0.262417	0.0322943
0.950495	0.564736	0.591486	0.262219	0.0322342
0.950495	0.564367	0.591143	0.262021	0.0322294
0.950495	0.563999	0.5908	0.261823	0.0322248
0.950495	0.56363	0.590457	0.261625	0.032206
0.950495	0.563261	0.590113	0.261427	0.0321752
0.950495	0.562892	0.58977	0.26123	0.0321669
0.950495	0.562523	0.589427	0.261032	0.0321017
0.950495	0.562154	0.589083	0.260835	0.032094
0.950495	0.561785	0.58874	0.260638	0.0320905
0.950495	0.561416	0.588397	0.260441	0.0320816
0.950495	0.561048	0.588054	0.260244	0.0320053
0.950495	0.560679	0.58771	0.260047	0.0319273
0.950495	0.56031	0.587367	0.259851	0.0318886
0.950495	0.559941	0.587024	0.259654	0.0318559
0.950495	0.559572	0.58668	0.259458	0.031828
0.950495	0.559203	0.586337	0.259262	0.0318023
0.950495	0.558834	0.585994	0.259065	0.0317191
0.950495	0.558466	0.585651	0.25887	0.0316934
0.950495	0.558097	0.585307	0.258674	0.0316454
0.950495	0.557728	0.584964	0.258478	0.0315537
0.950495	0.557359	0.584621	0.258283	0.0314652
0.950495	0.55699	0.584277	0.258087	0.0314339
0.950495	0.556621	0.583934	0.257892	0.0313995
0.950495	0.556252	0.583591	0.257697	0.031352
0.950495	0.555883	0.583248	0.257502	0.0312295
0.950495	0.555515	0.582904	0.257307	0.0311965
0.950495	0.555146	0.582561	0.257112	0.0311372
0.950495	0.554777	0.582218	0.256918	0.0311147
0.950495	0.554408	0.581874	0.256723	0.0310679
0.950495	0.554039	0.581531	0.256529	0.0308375
0.950495	0.55367	0.581188	0.256335	0.0308192
0.950495	0.553301	0.580844	0.25614	0.0307421
0.950495	0.552932	0.580501	0.255947	0.0306525
0.950495	0.552564	0.580158	0.255753	0.0306157
0.950495	0.552195	0.579815	0.255559	0.0306014
0.950495	0.551826	0.579471	0.255365	0.0305717
0.950495	0.551457	0.579128	0.255172	0.03049
0.950495	0.551088	0.578785	0.254979	0.0304035
0.950495	0.550719	0.578441	0.254786	0.0303967
0.950495	0.55035	0.578098	0.254593	0.0303569
0.950495	0.549982	0.577755	0.2544	0.0301595
0.950495	0.549613	0.577412	0.254207	0.0300048
0.950495	0.549244	0.577068	0.254014	0.0300028
0.950495	0.548875	0.576725	0.253822	0.0299774
0.950495	0.548506	0.576382	0.253629	0.0299538
0.950495	0.548137	0.576038	0.253437	0.0299299
0.950495	0.547768	0.575695	0.253245	0.0298993
0.950495	0.547399	0.575352	0.253053	0.0298882
0.950495	0.547031	0.575009	0.252861	0.0298881
0.950495	0.546662	0.574665	0.252669	0.029861
0.950495	0.546293	0.574322	0.252478	0.0298529
0.950495	0.545924	0.573979	0.252286	0.0296728
0.950495	0.545555	0.573635	0.252095	0.0296553
0.950495	0.545186	0.573292	0.251903	0.0296462
0.950495	0.544817	0.572949	0.251712	0.0296403
0.950495	0.544449	0.572606	0.251521	0.0296252
0.950495	0.54408	0.572262	0.25133	0.0295741
0.950495	0.543711	0.571919	0.25114	0.0295039
0.950495	0.543342	0.571576	0.250949	0.0294833
0.950495	0.542973	0.571232	0.250758	0.0294681
0.950495	0.542604	0.570889	0.250568	0.0294542
0.950495	0.542235	0.570546	0.250378	0.0294516
0.950495	0.541866	0.570203	0.250188	0.0293746
0.950495	0.541498	0.569859	0.249998	0.0293161
0.950495	0.541129	0.569516	0.249808	0.0291978
0.950495	0.54076	0.569173	0.249618	0.0291758
0.950495	0.540391	0.568829	0.249428	0.0291124
0.950495	0.540022	0.568486	0.249239	0.0289531
0.950495	0.539653	0.568143	0.249049	0.0289432
0.950495	0.539284	0.5678	0.24886	0.0288451
0.950495	0.538916	0.567456	0.248671	0.0288386
0.950495	0.538547	0.567113	0.248482	0.0288025
0.950495	0.538178	0.56677	0.248293	0.0287987
0.955446	0.538178	0.567113	0.250807	0.0287311
0.955446	0.537809	0.56677	0.250618	0.0287009
0.955446	0.53744	0.566426	0.250429	0.0286921
0.955446	0.537071	0.566083	0.250241	0.0286918
0.960396	0.537071	0.566426	0.252755	0.0286796
0.960396	0.536702	0.566083	0.252567	0.0286553
0.960396	0.536333	0.56574	0.252379	0.0285542
0.960396	0.535965	0.565396	0.252191	0.0285442
0.960396	0.535596	0.565053	0.252003	0.0285325
0.960396	0.535227	0.56471	0.251815	0.0284972
0.960396	0.534858	0.564367	0.251628	0.0284836
0.960396	0.534489	0.564023	0.25144	0.0284129
0.960396	0.53412	0.56368	0.251253	0.028308
0.960396	0.533751	0.563337	0.251065	0.0282514
0.960396	0.533383	0.562993	0.250878	0.0282246
0.960396	0.533014	0.56265	0.250691	0.0282175
0.960396	0.532645	0.562307	0.250504	0.0281697
0.960396	0.532276	0.561964	0.250317	0.0281631
0.960396	0.531907	0.56162	0.250131	0.0280868
0.960396	0.531538	0.561277	0.249944	0.0280823
0.960396	0.531169	0.560934	0.249758	0.0279873
0.960396	0.5308	0.56059	0.249571	0.0277636
0.960396	0.530432	0.560247	0.249385	0.027603
0.960396	0.530063	0.559904	0.249199	0.0275817
0.960396	0.529694	0.559561	0.249013	0.0275561
0.960396	0.529325	0.559217	0.248827	0.0275366
0.960396	0.528956	0.558874	0.248641	0.0275091
0.960396	0.528587	0.558531	0.248455	0.027445
0.960396	0.528218	0.558187	0.24827	0.0274025
0.960396	0.52785	0.557844	0.248084	0.027259
0.960396	0.527481	0.557501	0.247899	0.0272477
0.960396	0.527112	0.557158	0.247714	0.0272316
0.960396	0.526743	0.556814	0.247529	0.0270523
0.960396	0.526374	0.556471	0.247344	0.0270461
0.960396	0.526005	0.556128	0.247159	0.0269939
0.960396	0.525636	0.555784	0.246974	0.0269546
0.960396	0.525267	0.555441	0.24679	0.0268339
0.960396	0.524899	0.555098	0.246605	0.0268033
0.960396	0.52453	0.554755	0.246421	0.0267921
0.960396	0.524161	0.554411	0.246236	0.0267127
0.960396	0.523792	0.554068	0.246052	0.0266808
0.960396	0.523423	0.553725	0.245868	0.0266567
0.960396	0.523054	0.553381	0.245684	0.0266536
0.965347	0.523054	0.553725	0.248203	0.0266443
0.965347	0.522685	0.553381	0.24802	0.026608
0.965347	0.522316	0.553038	0.247836	0.0265658
0.965347	0.521948	0.552695	0.247653	0.0265586
0.965347	0.521579	0.552352	0.247469	0.0264156
0.965347	0.52121	0.552008	0.247286	0.0263438
0.965347	0.520841	0.551665	0.247103	0.0263314
0.965347	0.520472	0.551322	0.24692	0.026323
0.965347	0.520103	0.550978	0.246737	0.026257
0.965347	0.519734	0.550635	0.246554	0.0262517
0.965347	0.519366	0.550292	0.246371	0.0262176
0.965347	0.518997	0.549949	0.246189	0.0261828
0.965347	0.518628	0.549605	0.246006	0.0260343
0.965347	0.518259	0.549262	0.245824	0.026021
0.965347	0.51789	0.548919	0.245642	0.0258312
0.965347	0.517521	0.548575	0.245459	0.0258306
0.965347	0.517152	0.548232	0.245277	0.0257746
0.965347	0.516783	0.547889	0.245095	0.0257712
0.965347	0.516415	0.547545	0.244913	0.0257262
0.965347	0.516046	0.547202	0.244732	0.0256686
0.965347	0.515677	0.546859	0.24455	0.0256183
0.965347	0.515308	0.546516	0.244369	0.0256002
0.965347	0.514939	0.546172	0.244187	0.0255708
0.965347	0.51457	0.545829	0.244006	0.0254415
0.965347	0.514201	0.545486	0.243825	0.0254324
0.965347	0.513833	0.545142	0.243643	0.0253977
0.965347	0.513464	0.544799	0.243462	0.0253876
0.965347	0.513095	0.544456	0.243282	0.0253743
0.965347	0.512726	0.544113	0.243101	0.0253115
0.965347	0.512357	0.543769	0.24292	0.0253111
0.965347	0.511988	0.543426	0.24274	0.0252699
0.965347	0.511619	0.543083	0.242559	0.0252674
0.965347	0.51125	0.542739	0.242379	0.025245
0.965347	0.510882	0.542396	0.242198	0.0252257
0.965347	0.510513	0.542053	0.242018	0.0251849
0.965347	0.510144	0.54171	0.241838	0.0251788
0.965347	0.509775	0.541366	0.241658	0.0251296
0.965347	0.509406	0.541023	0.241478	0.0250843
0.965347	0.509037	0.54068	0.241299	0.0249875
0.965347	0.508668	0.540336	0.241119	0.0249115
0.965347	0.5083	0.539993	0.240939	0.0248693
0.965347	0.507931	0.53965	0.24076	0.0248148
0.965347	0.507562	0.539307	0.240581	0.0248104
0.965347	0.507193	0.538963	0.240401	0.0247738
0.965347	0.506824	0.53862	0.240222	0.0247684
0.965347	0.506455	0.538277	0.240043	0.0247576
0.965347	0.506086	0.537933	0.239864	0.0247266
0.965347	0.505717	0.53759	0.239685	0.0246278
0.965347	0.505349	0.537247	0.239507	0.0245567
0.965347	0.50498	0.536904	0.239328	0.0245007
0.965347	0.504611	0.53656	0.239149	0.0244696
0.965347	0.504242	0.536217	0.238971	0.0244066
0.965347	0.503873	0.535874	0.238793	0.0244057
0.970297	0.503873	0.536217	0.241322	0.0243359
0.970297	0.503504	0.535874	0.241144	0.0243129
0.970297	0.503135	0.53553	0.240966	0.0242701
0.970297	0.502767	0.535187	0.240788	0.0242609
0.970297	0.502398	0.534844	0.24061	0.024173
0.970297	0.502029	0.534501	0.240432	0.0240912
0.970297	0.50166	0.534157	0.240255	0.0240123
0.970297	0.501291	0.533814	0.240077	0.0239607
0.970297	0.500922	0.533471	0.2399	0.0239318
0.970297	0.500553	0.533127	0.239723	0.023856
0.970297	0.500184	0.532784	0.239546	0.0238211
0.970297	0.499816	0.532441	0.239369	0.023812
0.970297	0.499447	0.532097	0.239192	0.0237997
0.970297	0.499078	0.531754	0.239015	0.0237901
0.970297	0.498709	0.531411	0.238838	0.0237704
0.970297	0.49834	0.531068	0.238662	0.0237244
0.970297	0.497971	0.530724	0.238485	0.0235621
0.970297	0.497602	0.530381	0.238309	0.0235619
0.970297	0.497233	0.530038	0.238132	0.0235478
0.970297	0.496865	0.529694	0.237956	0.023531
0.970297	0.496496	0.529351	0.23778	0.0233905
0.970297	0.496127	0.529008	0.237604	0.0233498
0.970297	0.495758	0.528665	0.237428	0.0232793
0.970297	0.495389	0.528321	0.237252	0.0232285
0.970297	0.49502	0.527978	0.237076	0.0232179
0.970297	0.494651	0.527635	0.2369	0.0231795
0.970297	0.494283	0.527291	0.236725	0.0231538
0.970297	0.493914	0.526948	0.236549	0.0231196
0.970297	0.493545	0.526605	0.236374	0.0231064
0.970297	0.493176	0.526262	0.236198	0.0231031
0.970297	0.492807	0.525918	0.236023	0.0230645
0.970297	0.492438	0.525575	0.235848	0.0230613
0.970297	0.492069	0.525232	0.235673	0.0230526
0.970297	0.4917	0.524888	0.235498	0.0229942
0.970297	0.491332	0.524545	0.235323	0.022975
0.970297	0.490963	0.524202	0.235149	0.0229523
0.970297	0.490594	0.523859	0.234974	0.0229495
0.970297	0.490225	0.523515	0.234799	0.0229205
0.970297	0.489856	0.523172	0.234625	0.0229004
0.970297	0.489487	0.522829	0.23445	0.0228139
0.970297	0.489118	0.522485	0.234276	0.022775
0.970297	0.48875	0.522142	0.234102	0.0227743
0.970297	0.488381	0.521799	0.233928	0.0227578
0.970297	0.488012	0.521456	0.233754	0.0227386
0.970297	0.487643	0.521112	0.23358	0.0226552
0.970297	0.487274	0.520769	0.233406	0.0225967
0.970297	0.486905	0.520426	0.233232	0.0225718
0.970297	0.486536	0.520082	0.233059	0.0225545
0.970297	0.486167	0.519739	0.232885	0.0225417
0.970297	0.485799	0.519396	0.232712	0.0224727
0.970297	0.48543	0.519053	0.232538	0.0224559
0.970297	0.485061	0.518709	0.232365	0.0224111
0.970297	0.484692	0.518366	0.232192	0.0223981
0.970297	0.484323	0.518023	0.232018	0.0223973
0.970297	0.483954	0.517679	0.231845	0.0223931
0.970297	0.483585	0.517336	0.231672	0.0223882
0.970297	0.483217	0.516993	0.2315	0.022321
0.970297	0.482848	0.51665	0.231327	0.0223183
0.970297	0.482479	0.516306	0.231154	0.0223093
0.970297	0.48211	0.515963	0.230982	0.0222694
0.970297	0.481741	0.51562	0.230809	0.0222495
0.970297	0.481372	0.515276	0.230637	0.0222124
0.970297	0.481003	0.514933	0.230464	0.0221958
0.970297	0.480634	0.51459	0.230292	0.0221955
0.970297	0.480266	0.514246	0.23012	0.0221569
0.970297	0.479897	0.513903	0.229948	0.0221317
0.970297	0.479528	0.51356	0.229776	0.0221136
0.970297	0.479159	0.513217	0.229604	0.0220824
0.970297	0.47879	0.512873	0.229432	0.0220742
0.970297	0.478421	0.51253	0.22926	0.0220725
0.970297	0.478052	0.512187	0.229089	0.0220036
0.970297	0.477684	0.511843	0.228917	0.0219516
0.970297	0.477315	0.5115	0.228746	0.0219171
0.970297	0.476946	0.511157	0.228574	0.0218613
0.970297	0.476577	0.510814	0.228403	0.0217946
0.970297	0.476208	0.51047	0.228232	0.0217696
0.970297	0.475839	0.510127	0.228061	0.0217649
0.970297	0.47547	0.509784	0.22789	0.0217106
0.970297	0.475101	0.50944	0.227719	0.0216057
0.970297	0.474733	0.509097	0.227548	0.0215915
0.970297	0.474364	0.508754	0.227377	0.0215427
0.970297	0.473995	0.508411	0.227206	0.0215292
0.970297	0.473626	0.508067	0.227036	0.0215182
0.970297	0.473257	0.507724	0.226865	0.0215127
0.970297	0.472888	0.507381	0.226695	0.0214277
0.970297	0.472519	0.507037	0.226524	0.02141
0.970297	0.47215	0.506694	0.226354	0.0213436
0.970297	0.471782	0.506351	0.226184	0.021325
0.970297	0.471413	0.506008	0.226014	0.0213112
0.970297	0.471044	0.505664	0.225843	0.0212088
0.970297	0.470675	0.505321	0.225673	0.021174
0.970297	0.470306	0.504978	0.225504	0.0211066
0.970297	0.469937	0.504634	0.225334	0.0210817
0.975248	0.469937	0.504978	0.227887	0.0209766
0.975248	0.469568	0.504634	0.227718	0.0209752
0.975248	0.4692	0.504291	0.227548	0.0209634
0.975248	0.468831	0.503948	0.227379	0.0209167
0.975248	0.468462	0.503605	0.22721	0.020881
0.975248	0.468093	0.503261	0.227041	0.0208744
0.975248	0.467724	0.502918	0.226872	0.0208724
0.975248	0.467355	0.502575	0.226703	0.0208446
0.975248	0.466986	0.502231	0.226534	0.0208357
0.975248	0.466617	0.501888	0.226365	0.0208221
0.975248	0.466249	0.501545	0.226196	0.0208116
0.975248	0.46588	0.501202	0.226028	0.0207645
0.975248	0.465511	0.500858	0.225859	0.0207623
0.975248	0.465142	0.500515	0.225691	0.0207576
0.975248	0.464773	0.500172	0.225522	0.0207083
0.975248	0.464404	0.499828	0.225354	0.0205945
0.975248	0.464035	0.499485	0.225186	0.0205841
0.975248	0.463667	0.499142	0.225018	0.0205809
0.975248	0.463298	0.498798	0.22485	0.0205808
0.975248	0.462929	0.498455	0.224682	0.0205784
0.975248	0.46256	0.498112	0.224514	0.020537
0.975248	0.462191	0.497769	0.224346	0.0205326
0.975248	0.461822	0.497425	0.224178	0.0205309
0.975248	0.461453	0.497082	0.224011	0.020495
0.975248	0.461084	0.496739	0.223843	0.0204815
0.975248	0.460716	0.496395	0.223675	0.0204559
0.975248	0.460347	0.496052	0.223508	0.0203823
0.975248	0.459978	0.495709	0.223341	0.0203347
0.975248	0.459609	0.495366	0.223173	0.0201788
0.975248	0.45924	0.495022	0.223006	0.0201481
0.975248	0.458871	0.494679	0.222839	0.0200894
0.975248	0.458502	0.494336	0.222672	0.0200812
0.975248	0.458134	0.493992	0.222505	0.0200673
0.975248	0.457765	0.493649	0.222338	0.0200476
0.975248	0.457396	0.493306	0.222171	0.0199796
0.975248	0.457027	0.492963	0.222004	0.0199348
0.975248	0.456658	0.492619	0.221838	0.0199251
0.975248	0.456289	0.492276	0.221671	0.019901
0.975248	0.45592	0.491933	0.221505	0.0198349
0.975248	0.455551	0.491589	0.221338	0.0197546
0.975248	0.455183	0.491246	0.221172	0.0196777
0.975248	0.454814	0.490903	0.221005	0.0196749
0.975248	0.454445	0.49056	0.220839	0.0196741
0.975248	0.454076	0.490216	0.220673	0.0195572
0.975248	0.453707	0.489873	0.220507	0.0195391
0.975248	0.453338	0.48953	0.220341	0.0195251
0.975248	0.452969	0.489186	0.220175	0.0195152
0.975248	0.452601	0.488843	0.220009	0.0194781
0.975248	0.452232	0.4885	0.219843	0.0193956
0.975248	0.451863	0.488157	0.219678	0.0193912
0.975248	0.451494	0.487813	0.219512	0.0193073
0.975248	0.451125	0.48747	0.219346	0.0192939
0.975248	0.450756	0.487127	0.219181	0.019269
0.975248	0.450387	0.486783	0.219015	0.0192606
0.975248	0.450018	0.48644	0.21885	0.0192257
0.975248	0.44965	0.486097	0.218685	0.0191779
0.975248	0.449281	0.485754	0.21852	0.0191294
0.975248	0.448912	0.48541	0.218354	0.0191282
0.975248	0.448543	0.485067	0.218189	0.0190711
0.975248	0.448174	0.484724	0.218024	0.0190509
0.975248	0.447805	0.48438	0.217859	0.0190218
0.975248	0.447436	0.484037	0.217695	0.0190065
0.975248	0.447068	0.483694	0.21753	0.0189696
0.975248	0.446699	0.48335	0.217365	0.0189536
0.975248	0.44633	0.483007	0.2172	0.0189327
0.975248	0.445961	0.482664	0.217036	0.0188603
0.975248	0.445592	0.482321	0.216871	0.0188577
0.975248	0.445223	0.481977	0.216707	0.0188537
0.975248	0.444854	0.481634	0.216543	0.0188209
0.975248	0.444485	0.481291	0.216378	0.0187838
0.975248	0.444117	0.480947	0.216214	0.0187827
0.975248	0.443748	0.480604	0.21605	0.018745
0.975248	0.443379	0.480261	0.215886	0.0187339
0.975248	0.44301	0.479918	0.215722	0.0187058
0.975248	0.442641	0.479574	0.215558	0.018668
0.975248	0.442272	0.479231	0.215394	0.0185691
0.975248	0.441903	0.478888	0.21523	0.0185461
0.975248	0.441534	0.478544	0.215066	0.018528
0.975248	0.441166	0.478201	0.214903	0.0185112
0.975248	0.440797	0.477858	0.214739	0.0184767
0.975248	0.440428	0.477515	0.214575	0.0184138
0.975248	0.440059	0.477171	0.214412	0.0183935
0.975248	0.43969	0.476828	0.214248	0.0183365
0.975248	0.439321	0.476485	0.214085	0.0183075
0.975248	0.438952	0.476141	0.213922	0.0182926
0.975248	0.438584	0.475798	0.213759	0.0182608
0.975248	0.438215	0.475455	0.213595	0.0182608
0.975248	0.437846	0.475112	0.213432	0.0181435
0.975248	0.437477	0.474768	0.213269	0.0181148
0.975248	0.437108	0.474425	0.213106	0.0181037
0.975248	0.436739	0.474082	0.212943	0.0180987
0.975248	0.43637	0.473738	0.212781	0.0180648
0.975248	0.436001	0.473395	0.212618	0.0180465
0.975248	0.435633	0.473052	0.212455	0.01804
0.975248	0.435264	0.472709	0.212292	0.0180147
0.975248	0.434895	0.472365	0.21213	0.018007
0.975248	0.434526	0.472022	0.211967	0.017933
0.975248	0.434157	0.471679	0.211805	0.017911
0.975248	0.433788	0.471335	0.211642	0.0177712
0.975248	0.433419	0.470992	0.21148	0.0177531
0.975248	0.433051	0.470649	0.211318	0.0177531
0.975248	0.432682	0.470306	0.211156	0.0177385
0.975248	0.432313	0.469962	0.210994	0.0177317
0.975248	0.431944	0.469619	0.210832	0.0176095
0.975248	0.431575	0.469276	0.21067	0.017587
0.975248	0.431206	0.468932	0.210508	0.0175683
0.975248	0.430837	0.468589	0.210346	0.0175395
0.975248	0.430468	0.468246	0.210184	0.0175303
0.975248	0.4301	0.467903	0.210022	0.0175203
0.975248	0.429731	0.467559	0.20986	0.017512
0.975248	0.429362	0.467216	0.209699	0.0175109
0.975248	0.428993	0.466873	0.209537	0.0175059
0.975248	0.428624	0.466529	0.209376	0.0174856
0.975248	0.428255	0.466186	0.209214	0.0174779
0.975248	0.427886	0.465843	0.209053	0.0174427
0.975248	0.427518	0.465499	0.208892	0.0174225
0.975248	0.427149	0.465156	0.20873	0.0174111
0.975248	0.42678	0.464813	0.208569	0.017377
0.975248	0.426411	0.46447	0.208408	0.0173737
0.975248	0.426042	0.464126	0.208247	0.0173303
0.975248	0.425673	0.463783	0.208086	0.0173016
0.975248	0.425304	0.46344	0.207925	0.0173006
0.975248	0.424935	0.463096	0.207764	0.0172847
0.975248	0.424567	0.462753	0.207603	0.017281
0.975248	0.424198	0.46241	0.207442	0.017265
0.975248	0.423829	0.462067	0.207282	0.0170295
0.975248	0.42346	0.461723	0.207121	0.0170009
0.975248	0.423091	0.46138	0.20696	0.0169651
0.975248	0.422722	0.461037	0.2068	0.0168843
0.975248	0.422353	0.460693	0.206639	0.016883
0.975248	0.421985	0.46035	0.206479	0.0168286
0.975248	0.421616	0.460007	0.206318	0.0168216
0.975248	0.421247	0.459664	0.206158	0.0168138
0.975248	0.420878	0.45932	0.205998	0.0168024
0.975248	0.420509	0.458977	0.205838	0.0167146
0.975248	0.42014	0.458634	0.205677	0.016699
0.975248	0.419771	0.45829	0.205517	0.016696
0.975248	0.419402	0.457947	0.205357	0.0166576
0.975248	0.419034	0.457604	0.205197	0.0166394
0.975248	0.418665	0.457261	0.205037	0.0166218
0.975248	0.418296	0.456917	0.204878	0.0165287
0.975248	0.417927	0.456574	0.204718	0.0164975
0.975248	0.417558	0.456231	0.204558	0.016428
0.975248	0.417189	0.455887	0.204398	0.0164195
0.975248	0.41682	0.455544	0.204239	0.0163808
0.975248	0.416451	0.455201	0.204079	0.0163349
0.975248	0.416083	0.454858	0.20392	0.0163164
0.975248	0.415714	0.454514	0.20376	0.0163025
0.975248	0.415345	0.454171	0.203601	0.0162799
0.975248	0.414976	0.453828	0.203441	0.0162722
0.975248	0.414607	0.453484	0.203282	0.016272
0.975248	0.414238	0.453141	0.203123	0.0162396
0.975248	0.413869	0.452798	0.202963	0.0162352
0.975248	0.413501	0.452455	0.202804	0.0162278
0.975248	0.413132	0.452111	0.202645	0.0161973
0.975248	0.412763	0.451768	0.202486	0.0161923
0.975248	0.412394	0.451425	0.202327	0.016142
0.975248	0.412025	0.451081	0.202168	0.0161409
0.975248	0.411656	0.450738	0.202009	0.0161091
0.975248	0.411287	0.450395	0.201851	0.0161021
0.975248	0.410918	0.450051	0.201692	0.0160854
0.975248	0.41055	0.449708	0.201533	0.016029
0.975248	0.410181	0.449365	0.201374	0.0159904
0.975248	0.409812	0.449022	0.201216	0.0159837
0.975248	0.409443	0.448678	0.201057	0.015946
0.975248	0.409074	0.448335	0.200899	0.0159237
0.975248	0.408705	0.447992	0.20074	0.0158932
0.975248	0.408336	0.447648	0.200582	0.015858
0.975248	0.407968	0.447305	0.200423	0.0158569
0.975248	0.407599	0.446962	0.200265	0.0158383
0.975248	0.40723	0.446619	0.200107	0.0158162
0.975248	0.406861	0.446275	0.199949	0.0158109
0.975248	0.406492	0.445932	0.199791	0.0157824
0.975248	0.406123	0.445589	0.199632	0.0157758
0.975248	0.405754	0.445245	0.199474	0.0157619
0.975248	0.405385	0.444902	0.199316	0.0157514
0.975248	0.405017	0.444559	0.199158	0.015734
0.975248	0.404648	0.444216	0.199001	0.0157121
0.975248	0.404279	0.443872	0.198843	0.0156681
0.975248	0.40391	0.443529	0.198685	0.0156246
0.975248	0.403541	0.443186	0.198527	0.0155827
0.975248	0.403172	0.442842	0.198369	0.0155811
0.975248	0.402803	0.442499	0.198212	0.0155647
0.975248	0.402435	0.442156	0.198054	0.0155296
0.975248	0.402066	0.441813	0.197897	0.015503
0.975248	0.401697	0.441469	0.197739	0.0154646
0.975248	0.401328	0.441126	0.197582	0.0154601
0.975248	0.400959	0.440783	0.197424	0.0154199
0.975248	0.40059	0.440439	0.197267	0.0154061
0.975248	0.400221	0.440096	0.19711	0.0153803
0.975248	0.399852	0.439753	0.196952	0.0153766
0.975248	0.399484	0.43941	0.196795	0.0153476
0.975248	0.399115	0.439066	0.196638	0.0153418
0.975248	0.398746	0.438723	0.196481	0.0152849
0.975248	0.398377	0.43838	0.196324	0.015254
0.975248	0.398008	0.438036	0.196167	0.0152491
0.975248	0.397639	0.437693	0.19601	0.0151562
0.975248	0.39727	0.43735	0.195853	0.01509
0.975248	0.396902	0.437007	0.195696	0.0150797
0.975248	0.396533	0.436663	0.195539	0.0150465
0.975248	0.396164	0.43632	0.195382	0.0149628
0.975248	0.395795	0.435977	0.195226	0.0149362
0.975248	0.395426	0.435633	0.195069	0.014917
0.975248	0.395057	0.43529	0.194912	0.0148886
0.975248	0.394688	0.434947	0.194756	0.0148806
0.980198	0.394319	0.434947	0.197244	0.014878
0.980198	0.393951	0.434604	0.197088	0.0148758
0.980198	0.393582	0.43426	0.196932	0.0148739
0.980198	0.393213	0.433917	0.196776	0.0148709
0.980198	0.392844	0.433574	0.196621	0.014856
0.980198	0.392475	0.43323	0.196465	0.0148424
0.980198	0.392106	0.432887	0.196309	0.0148255
0.980198	0.391737	0.432544	0.196153	0.014804
0.980198	0.391368	0.4322	0.195998	0.0147677
0.980198	0.391	0.431857	0.195842	0.0147347
0.980198	0.390631	0.431514	0.195687	0.0147324
0.980198	0.390262	0.431171	0.195531	0.0147249
0.980198	0.389893	0.430827	0.195376	0.0146933
0.980198	0.389524	0.430484	0.19522	0.0146434
0.980198	0.389155	0.430141	0.195065	0.0145731
0.980198	0.388786	0.429797	0.19491	0.0145717
0.980198	0.388418	0.429454	0.194755	0.0145198
0.980198	0.388049	0.429111	0.194599	0.0144774
0.980198	0.38768	0.428768	0.194444	0.014475
0.980198	0.387311	0.428424	0.194289	0.0144674
0.980198	0.386942	0.428081	0.194134	0.014458
0.980198	0.386573	0.427738	0.193979	0.0144466
0.980198	0.386204	0.427394	0.193824	0.0144099
0.980198	0.385835	0.427051	0.193669	0.0144052
0.980198	0.385467	0.426708	0.193514	0.0144035
0.980198	0.385098	0.426365	0.193359	0.0143977
0.980198	0.384729	0.426021	0.193204	0.014345
0.980198	0.38436	0.425678	0.19305	0.0143001
0.980198	0.383991	0.425335	0.192895	0.0142971
0.980198	0.383622	0.424991	0.19274	0.0142536
0.980198	0.383253	0.424648	0.192586	0.0141364
0.980198	0.382885	0.424305	0.192431	0.0141122
0.980198	0.382516	0.423962	0.192276	0.0140814
0.980198	0.382147	0.423618	0.192122	0.0140707
0.980198	0.381778	0.423275	0.191967	0.0140358
0.980198	0.381409	0.422932	0.191813	0.0140339
0.980198	0.38104	0.422588	0.191659	0.0139593
0.980198	0.380671	0.422245	0.191504	0.0138949
0.980198	0.380302	0.421902	0.19135	0.013884
0.980198	0.379934	0.421559	0.191196	0.0138509
0.980198	0.379565	0.421215	0.191041	0.0138427
0.980198	0.379196	0.420872	0.190887	0.0138275
0.980198	0.378827	0.420529	0.190733	0.0138018
0.980198	0.378458	0.420185	0.190579	0.0137809
0.980198	0.378089	0.419842	0.190425	0.0137733
0.980198	0.37772	0.419499	0.190271	0.0137421
0.980198	0.377352	0.419156	0.190117	0.0136914
0.980198	0.376983	0.418812	0.189963	0.0136853
0.980198	0.376614	0.418469	0.189809	0.013646
0.980198	0.376245	0.418126	0.189655	0.0136366
0.980198	0.375876	0.417782	0.189501	0.0135782
0.980198	0.375507	0.417439	0.189347	0.0135733
0.980198	0.375138	0.417096	0.189194	0.0135702
0.980198	0.374769	0.416752	0.18904	0.0135326
0.980198	0.374401	0.416409	0.188886	0.0135261
0.980198	0.374032	0.416066	0.188733	0.0134808
0.980198	0.373663	0.415723	0.188579	0.013477
0.980198	0.373294	0.415379	0.188425	0.0134561
0.980198	0.372925	0.415036	0.188272	0.0134373
0.980198	0.372556	0.414693	0.188118	0.0133794
0.980198	0.372187	0.414349	0.187965	0.0133732
0.980198	0.371819	0.414006	0.187812	0.0133254
0.980198	0.37145	0.413663	0.187658	0.0133097
0.980198	0.371081	0.41332	0.187505	0.013309
0.980198	0.370712	0.412976	0.187351	0.0133038
0.980198	0.370343	0.412633	0.187198	0.0132483
0.980198	0.369974	0.41229	0.187045	0.0131842
0.980198	0.369605	0.411946	0.186892	0.013065
0.980198	0.369236	0.411603	0.186739	0.0130162
0.980198	0.368868	0.41126	0.186585	0.0130118
0.980198	0.368499	0.410917	0.186432	0.01301
0.980198	0.36813	0.410573	0.186279	0.0129757
0.980198	0.367761	0.41023	0.186126	0.0129728
0.980198	0.367392	0.409887	0.185973	0.0129266
0.980198	0.367023	0.409543	0.18582	0.0129256
0.980198	0.366654	0.4092	0.185667	0.0129156
0.980198	0.366286	0.408857	0.185514	0.0129117
0.980198	0.365917	0.408514	0.185362	0.0128499
0.980198	0.365548	0.40817	0.185209	0.0128164
0.980198	0.365179	0.407827	0.185056	0.012816
0.980198	0.36481	0.407484	0.184903	0.0128036
0.980198	0.364441	0.40714	0.18475	0.0128035
0.980198	0.364072	0.406797	0.184598	0.0128035
0.980198	0.363703	0.406454	0.184445	0.0128015
0.980198	0.363335	0.406111	0.184293	0.0127868
0.985149	0.363335	0.406454	0.186994	0.0127774
0.985149	0.362966	0.406111	0.186842	0.0127671
0.985149	0.362597	0.405767	0.186691	0.0127597
0.985149	0.362228	0.405424	0.186539	0.0127019
0.985149	0.361859	0.405081	0.186387	0.0126669
0.985149	0.36149	0.404737	0.186235	0.0126512
0.985149	0.361121	0.404394	0.186084	0.0125659
0.985149	0.360752	0.404051	0.185932	0.0125519
0.985149	0.360384	0.403708	0.18578	0.0125424
0.985149	0.360015	0.403364	0.185629	0.012504
0.985149	0.359646	0.403021	0.185477	0.0124858
0.985149	0.359277	0.402678	0.185326	0.0124844
0.985149	0.358908	0.402334	0.185174	0.0124577
0.985149	0.358539	0.401991	0.185023	0.0124267
0.985149	0.35817	0.401648	0.184871	0.0124205
0.985149	0.357802	0.401304	0.18472	0.0124156
0.985149	0.357433	0.400961	0.184569	0.0124003
0.985149	0.357064	0.400618	0.184417	0.0123824
0.985149	0.356695	0.400275	0.184266	0.0123782
0.985149	0.356326	0.399931	0.184115	0.0123648
0.985149	0.355957	0.399588	0.183964	0.0123645
0.985149	0.355588	0.399245	0.183812	0.0123389
0.985149	0.355219	0.398901	0.183661	0.0123383
0.985149	0.354851	0.398558	0.18351	0.0123137
0.985149	0.354482	0.398215	0.183359	0.0122721
0.985149	0.354113	0.397872	0.183208	0.0122678
0.985149	0.353744	0.397528	0.183057	0.0122235
0.985149	0.353375	0.397185	0.182906	0.0122097
0.985149	0.353006	0.396842	0.182755	0.012198
0.985149	0.352637	0.396498	0.182604	0.0121639
0.985149	0.352269	0.396155	0.182453	0.0121261
0.985149	0.3519	0.395812	0.182302	0.0121114
0.985149	0.351531	0.395469	0.182151	0.012107
0.985149	0.351162	0.395125	0.182001	0.0120743
0.985149	0.350793	0.394782	0.18185	0.0120134
0.985149	0.350424	0.394439	0.181699	0.0119984
0.985149	0.350055	0.394095	0.181548	0.01193
0.985149	0.349686	0.393752	0.181398	0.0119123
0.985149	0.349318	0.393409	0.181247	0.0118788
0.985149	0.348949	0.393066	0.181096	0.0117902
0.985149	0.34858	0.392722	0.180946	0.0117891
0.985149	0.348211	0.392379	0.180795	0.0117523
0.985149	0.347842	0.392036	0.180644	0.0117476
0.985149	0.347473	0.391692	0.180494	0.0117355
0.985149	0.347104	0.391349	0.180343	0.0117155
0.985149	0.346736	0.391006	0.180193	0.0116803
0.985149	0.346367	0.390663	0.180043	0.0116619
0.985149	0.345998	0.390319	0.179892	0.0116167
0.985149	0.345629	0.389976	0.179742	0.0115924
0.985149	0.34526	0.389633	0.179591	0.0115689
0.985149	0.344891	0.389289	0.179441	0.011568
0.985149	0.344522	0.388946	0.179291	0.0115008
0.985149	0.344153	0.388603	0.17914	0.0114755
0.985149	0.343785	0.38826	0.17899	0.011471
0.985149	0.343416	0.387916	0.17884	0.011369
0.985149	0.343047	0.387573	0.17869	0.0113475
0.985149	0.342678	0.38723	0.178539	0.0113319
0.985149	0.342309	0.386886	0.178389	0.0113268
0.985149	0.34194	0.386543	0.178239	0.0113078
0.985149	0.341571	0.3862	0.178089	0.0112951
0.985149	0.341203	0.385857	0.177939	0.0112698
0.985149	0.340834	0.385513	0.177789	0.0112238
0.985149	0.340465	0.38517	0.177639	0.0112006
0.985149	0.340096	0.384827	0.177489	0.0111953
0.985149	0.339727	0.384483	0.177339	0.0111813
0.985149	0.339358	0.38414	0.177189	0.0111514
0.985149	0.338989	0.383797	0.177039	0.0111506
0.985149	0.33862	0.383453	0.176889	0.011142
0.985149	0.338252	0.38311	0.176739	0.0111213
0.985149	0.337883	0.382767	0.176589	0.0110946
0.985149	0.337514	0.382424	0.17644	0.0110557
0.985149	0.337145	0.38208	0.17629	0.0110472
0.985149	0.336776	0.381737	0.17614	0.011039
0.985149	0.336407	0.381394	0.17599	0.0108755
0.985149	0.336038	0.38105	0.17584	0.010859
0.990099	0.336038	0.381394	0.178604	0.0108085
0.990099	0.335669	0.38105	0.178455	0.0107982
0.990099	0.335301	0.380707	0.178306	0.0107976
0.990099	0.334932	0.380364	0.178157	0.0107667
0.990099	0.334563	0.380021	0.178009	0.010758
0.990099	0.334194	0.379677	0.17786	0.0107451
0.990099	0.333825	0.379334	0.177711	0.0107275
0.990099	0.333456	0.378991	0.177562	0.0107086
0.990099	0.333087	0.378647	0.177414	0.0106985
0.990099	0.332719	0.378304	0.177265	0.0106819
0.990099	0.33235	0.377961	0.177117	0.0106442
0.990099	0.331981	0.377618	0.176968	0.0106286
0.990099	0.331612	0.377274	0.176819	0.0106265
0.990099	0.331243	0.376931	0.176671	0.0106023
0.990099	0.330874	0.376588	0.176522	0.010594
0.990099	0.330505	0.376244	0.176374	0.0105809
0.990099	0.330136	0.375901	0.176225	0.0105789
0.990099	0.329768	0.375558	0.176077	0.010506
0.990099	0.329399	0.375215	0.175928	0.0104893
0.990099	0.32903	0.374871	0.17578	0.0104678
0.990099	0.328661	0.374528	0.175632	0.0104646
0.990099	0.328292	0.374185	0.175483	0.0104571
0.990099	0.327923	0.373841	0.175335	0.0104354
0.990099	0.327554	0.373498	0.175187	0.010433
0.990099	0.327186	0.373155	0.175038	0.0104308
0.990099	0.326817	0.372812	0.17489	0.0103688
0.990099	0.326448	0.372468	0.174742	0.0103663
0.990099	0.326079	0.372125	0.174594	0.0103478
0.990099	0.32571	0.371782	0.174445	0.0102398
0.990099	0.325341	0.371438	0.174297	0.0102251
0.990099	0.324972	0.371095	0.174149	0.0101999
0.990099	0.324603	0.370752	0.174001	0.0101934
0.990099	0.324235	0.370409	0.173853	0.0101689
0.990099	0.323866	0.370065	0.173705	0.0101384
0.990099	0.323497	0.369722	0.173556	0.0101208
0.990099	0.323128	0.369379	0.173408	0.0100796
0.990099	0.322759	0.369035	0.17326	0.0100553
0.99505	0.322759	0.369379	0.176059	0.0100508
0.99505	0.32239	0.369035	0.175912	0.0100242
0.99505	0.322021	0.368692	0.175765	0.0100234
0.99505	0.321653	0.368349	0.175618	0.0100077
0.99505	0.321284	0.368005	0.175471	0.00999389
0.99505	0.320915	0.367662	0.175324	0.00998652
0.99505	0.320546	0.367319	0.175177	0.00995459
0.99505	0.320177	0.366976	0.17503	0.00994045
0.99505	0.319808	0.366632	0.174883	0.00994033
0.99505	0.319439	0.366289	0.174736	0.00992908
0.99505	0.31907	0.365946	0.174589	0.00991719
0.99505	0.318702	0.365602	0.174443	0.00990513
0.99505	0.318333	0.365259	0.174296	0.00987909
0.99505	0.317964	0.364916	0.174149	0.00986629
0.99505	0.317595	0.364573	0.174002	0.00985055
0.99505	0.317226	0.364229	0.173855	0.0098421
0.99505	0.316857	0.363886	0.173709	0.00983268
0.99505	0.316488	0.363543	0.173562	0.00982663
0.99505	0.31612	0.363199	0.173415	0.00982522
0.99505	0.315751	0.362856	0.173269	0.00980575
0.99505	0.315382	0.362513	0.173122	0.00978898
0.99505	0.315013	0.36217	0.172975	0.00975029
0.99505	0.314644	0.361826	0.172829	0.0097466
0.99505	0.314275	0.361483	0.172682	0.00972788
0.99505	0.313906	0.36114	0.172535	0.00969125
0.99505	0.313537	0.360796	0.172389	0.00968748
0.99505	0.313169	0.360453	0.172242	0.0096106
0.99505	0.3128	0.36011	0.172096	0.00960618
0.99505	0.312431	0.359767	0.171949	0.00957778
0.99505	0.312062	0.359423	0.171803	0.00955706
0.99505	0.311693	0.35908	0.171656	0.00953165
0.99505	0.311324	0.358737	0.17151	0.0095106
0.99505	0.310955	0.358393	0.171363	0.0095032
0.99505	0.310586	0.35805	0.171217	0.00949069
0.99505	0.310218	0.357707	0.17107	0.00947393
0.99505	0.309849	0.357364	0.170924	0.00943948
0.99505	0.30948	0.35702	0.170777	0.00941542
0.99505	0.309111	0.356677	0.170631	0.00938661
0.99505	0.308742	0.356334	0.170485	0.00936807
0.99505	0.308373	0.35599	0.170338	0.00934365
0.99505	0.308004	0.355647	0.170192	0.00933919
0.99505	0.307636	0.355304	0.170046	0.0093135
0.99505	0.307267	0.354961	0.169899	0.00928462
0.99505	0.306898	0.354617	0.169753	0.0092472
0.99505	0.306529	0.354274	0.169607	0.00923779
0.99505	0.30616	0.353931	0.16946	0.0092349
0.99505	0.305791	0.353587	0.169314	0.00921219
0.99505	0.305422	0.353244	0.169168	0.00920609
0.99505	0.305053	0.352901	0.169022	0.00918246
0.99505	0.304685	0.352558	0.168876	0.00918057
0.99505	0.304316	0.352214	0.168729	0.00908914
0.99505	0.303947	0.351871	0.168583	0.00908467
0.99505	0.303578	0.351528	0.168437	0.00906174
0.99505	0.303209	0.351184	0.168291	0.00902392
0.99505	0.30284	0.350841	0.168145	0.00901221
0.99505	0.302471	0.350498	0.167999	0.00900066
0.99505	0.302103	0.350154	0.167852	0.00892684
0.99505	0.301734	0.349811	0.167706	0.00890631
0.99505	0.301365	0.349468	0.16756	0.00888519
0.99505	0.300996	0.349125	0.167414	0.00887688
0.99505	0.300627	0.348781	0.167268	0.00887509
0.99505	0.300258	0.348438	0.167122	0.00886025
0.99505	0.299889	0.348095	0.166976	0.00869946
0.99505	0.29952	0.347751	0.16683	0.00866197
0.99505	0.299152	0.347408	0.166684	0.00861305
0.99505	0.298783	0.347065	0.166538	0.00859795
0.99505	0.298414	0.346722	0.166392	0.00857358
0.99505	0.298045	0.346378	0.166246	0.00856955
0.99505	0.297676	0.346035	0.1661	0.00855587
0.99505	0.297307	0.345692	0.165954	0.00853647
0.99505	0.296938	0.345348	0.165808	0.00853422
0.99505	0.29657	0.345005	0.165662	0.00852095
0.99505	0.296201	0.344662	0.165516	0.00851495
0.99505	0.295832	0.344319	0.16537	0.0084873
0.99505	0.295463	0.343975	0.165224	0.0084756
0.99505	0.295094	0.343632	0.165078	0.00846634
0.99505	0.294725	0.343289	0.164932	0.00845833
0.99505	0.294356	0.342945	0.164787	0.00843651
0.99505	0.293987	0.342602	0.164641	0.00843416
0.99505	0.293619	0.342259	0.164495	0.00843073
0.99505	0.29325	0.341916	0.164349	0.0084043
0.99505	0.292881	0.341572	0.164203	0.00839463
0.99505	0.292512	0.341229	0.164057	0.00838339
0.99505	0.292143	0.340886	0.163911	0.0083511
0.99505	0.291774	0.340542	0.163766	0.00833911
0.99505	0.291405	0.340199	0.16362	0.0083388
0.99505	0.291037	0.339856	0.163474	0.00833845
0.99505	0.290668	0.339513	0.163328	0.00830885
0.99505	0.290299	0.339169	0.163182	0.00827562
0.99505	0.28993	0.338826	0.163037	0.00827382
0.99505	0.289561	0.338483	0.162891	0.00821698
0.99505	0.289192	0.338139	0.162745	0.00820158
0.99505	0.288823	0.337796	0.162599	0.00818706
0.99505	0.288454	0.337453	0.162453	0.00815232
0.99505	0.288086	0.33711	0.162308	0.00813969
0.99505	0.287717	0.336766	0.162162	0.00811909
0.99505	0.287348	0.336423	0.162016	0.00811412
0.99505	0.286979	0.33608	0.16187	0.00810074
0.99505	0.28661	0.335736	0.161725	0.00810063
0.99505	0.286241	0.335393	0.161579	0.00809727
0.99505	0.285872	0.33505	0.161433	0.00808241
0.99505	0.285504	0.334706	0.161287	0.00806935
0.99505	0.285135	0.334363	0.161142	0.00800585
0.99505	0.284766	0.33402	0.160996	0.00799687
0.99505	0.284397	0.333677	0.16085	0.00797371
0.99505	0.284028	0.333333	0.160705	0.00797212
0.99505	0.283659	0.33299	0.160559	0.00796325
0.99505	0.28329	0.332647	0.160413	0.00794028
0.99505	0.282921	0.332303	0.160268	0.00792246
0.99505	0.282553	0.33196	0.160122	0.00791484
0.99505	0.282184	0.331617	0.159976	0.00788817
0.99505	0.281815	0.331274	0.15983	0.00788503
0.99505	0.281446	0.33093	0.159685	0.00788292
0.99505	0.281077	0.330587	0.159539	0.00787928
0.99505	0.280708	0.330244	0.159393	0.00786187
0.99505	0.280339	0.3299	0.159248	0.00784681
0.99505	0.27997	0.329557	0.159102	0.00784248
0.99505	0.279602	0.329214	0.158956	0.00782558
0.99505	0.279233	0.328871	0.158811	0.00779334
1	0.279233	0.329214	0.161746	0.0077892
1	0.278864	0.328871	0.161602	0.00774944
1	0.278495	0.328527	0.161458	0.00774338
1	0.278126	0.328184	0.161313	0.00773289
1	0.277757	0.327841	0.161169	0.00772188
1	0.277388	0.327497	0.161025	0.00771691
1	0.27702	0.327154	0.16088	0.00767305
1	0.276651	0.326811	0.160736	0.00766944
1	0.276282	0.326468	0.160592	0.00766812
1	0.275913	0.326124	0.160447	0.00766061
1	0.275544	0.325781	0.160303	0.0076417
1	0.275175	0.325438	0.160159	0.00763857
1	0.274806	0.325094	0.160015	0.00760929
1	0.274437	0.324751	0.15987	0.00759726
1	0.274069	0.324408	0.159726	0.00758993
1	0.2737	0.324065	0.159582	0.0075849
1	0.273331	0.323721	0.159437	0.00757785
1	0.272962	0.323378	0.159293	0.00747139
1	0.272593	0.323035	0.159149	0.0074438
1	0.272224	0.322691	0.159005	0.00743875
1	0.271855	0.322348	0.15886	0.00742277
1	0.271487	0.322005	0.158716	0.0074176
1	0.271118	0.321662	0.158572	0.00738173
1	0.270749	0.321318	0.158427	0.00737741
1	0.27038	0.320975	0.158283	0.00736506
1	0.270011	0.320632	0.158139	0.00735196
1	0.269642	0.320288	0.157995	0.00733883
1	0.269273	0.319945	0.15785	0.00732968
1	0.268904	0.319602	0.157706	0.0072871
1	0.268536	0.319258	0.157562	0.00727609
1	0.268167	0.318915	0.157418	0.00727606
1	0.267798	0.318572	0.157273	0.0072648
1	0.267429	0.318229	0.157129	0.00724828
1	0.26706	0.317885	0.156985	0.00723548
1	0.266691	0.317542	0.15684	0.00722232
1	0.266322	0.317199	0.156696	0.00721907
1	0.265954	0.316855	0.156552	0.007218
1	0.265585	0.316512	0.156408	0.00721538
1	0.265216	0.316169	0.156263	0.00720699
1	0.264847	0.315826	0.156119	0.00716185
1	0.264478	0.315482	0.155975	0.00714767
1	0.264109	0.315139	0.15583	0.00708948
1	0.26374	0.314796	0.155686	0.0070822
1	0.263371	0.314452	0.155542	0.00707557
1	0.263003	0.314109	0.155398	0.00707543
1	0.262634	0.313766	0.155253	0.00706361
1	0.262265	0.313423	0.155109	0.00704794
1	0.261896	0.313079	0.154965	0.00704686
1	0.261527	0.312736	0.15482	0.00702643
1	0.261158	0.312393	0.154676	0.00699493
1	0.260789	0.312049	0.154532	0.00698909
1	0.260421	0.311706	0.154387	0.00698677
1	0.260052	0.311363	0.154243	0.00697051
1	0.259683	0.31102	0.154099	0.00696438
1	0.259314	0.310676	0.153955	0.00696286
1	0.258945	0.310333	0.15381	0.00696038
1	0.258576	0.30999	0.153666	0.00693633
1	0.258207	0.309646	0.153522	0.00692062
1	0.257838	0.309303	0.153377	0.00690554
1	0.25747	0.30896	0.153233	0.00690287
1	0.257101	0.308617	0.153088	0.0068942
1	0.256732	0.308273	0.152944	0.00686122
1	0.256363	0.30793	0.1528	0.0068606
1	0.255994	0.307587	0.152655	0.00683788
1	0.255625	0.307243	0.152511	0.00681986
1	0.255256	0.3069	0.152367	0.00676817
1	0.254887	0.306557	0.152222	0.00676256
1	0.254519	0.306214	0.152078	0.00674
1	0.25415	0.30587	0.151933	0.00671559
1	0.253781	0.305527	0.151789	0.00667757
1	0.253412	0.305184	0.151645	0.00662832
1	0.253043	0.30484	0.1515	0.00662173
1	0.252674	0.304497	0.151356	0.00661916
1	0.252305	0.304154	0.151211	0.00659371
1	0.251937	0.303811	0.151067	0.00648365
1	0.251568	0.303467	0.150922	0.00643304
1	0.251199	0.303124	0.150778	0.00642791
1	0.25083	0.302781	0.150633	0.00642099
1	0.250461	0.302437	0.150489	0.00641425
1	0.250092	0.302094	0.150344	0.00639895
1	0.249723	0.301751	0.1502	0.00637068
1	0.249354	0.301407	0.150055	0.00636284
1	0.248986	0.301064	0.149911	0.00633717
1	0.248617	0.300721	0.149766	0.00632769
1	0.248248	0.300378	0.149622	0.00631518
1	0.247879	0.300034	0.149477	0.00631325
1	0.24751	0.299691	0.149333	0.00628644
1	0.247141	0.299348	0.149188	0.00627617
1	0.246772	0.299004	0.149043	0.00625307
1	0.246404	0.298661	0.148899	0.00624687
1	0.246035	0.298318	0.148754	0.00624268
1	0.245666	0.297975	0.148609	0.00623761
1	0.245297	0.297631	0.148465	0.0062352
1	0.244928	0.297288	0.14832	0.00619975
1	0.244559	0.296945	0.148176	0.00618577
1	0.24419	0.296601	0.148031	0.00617982
1	0.243821	0.296258	0.147886	0.00617434
1	0.243453	0.295915	0.147741	0.00617081
1	0.243084	0.295572	0.147597	0.00616747
1	0.242715	0.295228	0.147452	0.00615553
1	0.242346	0.294885	0.147307	0.00615296
1	0.241977	0.294542	0.147162	0.00608862
1	0.241608	0.294198	0.147018	0.00606536
1	0.241239	0.293855	0.146873	0.00603368
1	0.240871	0.293512	0.146728	0.0060323
1	0.240502	0.293169	0.146583	0.00601819
1	0.240133	0.292825	0.146438	0.00601056
1	0.239764	0.292482	0.146294	0.00594716
1	0.239395	0.292139	0.146149	0.00592334
1	0.239026	0.291795	0.146004	0.00591596
1	0.238657	0.291452	0.145859	0.00589683
1	0.238288	0.291109	0.145714	0.00587352
1	0.23792	0.290766	0.145569	0.00587217
1	0.237551	0.290422	0.145424	0.00581668
1	0.237182	0.290079	0.145279	0.00579524
1	0.236813	0.289736	0.145134	0.0057897
1	0.236444	0.289392	0.144989	0.00578092
1	0.236075	0.289049	0.144844	0.00576302
1	0.235706	0.288706	0.144699	0.00575718
1	0.235338	0.288363	0.144554	0.00573667
1	0.234969	0.288019	0.144409	0.00573612
1	0.2346	0.287676	0.144264	0.00572851
1	0.234231	0.287333	0.144119	0.00572152
1	0.233862	0.286989	0.143974	0.00570925
1	0.233493	0.286646	0.143829	0.00568662
1	0.233124	0.286303	0.143683	0.00564298
1	0.232755	0.285959	0.143538	0.00564144
1	0.232387	0.285616	0.143393	0.00563181
1	0.232018	0.285273	0.143248	0.00562808
1	0.231649	0.28493	0.143103	0.00562198
1	0.23128	0.284586	0.142957	0.0055988
1	0.230911	0.284243	0.142812	0.00558548
1	0.230542	0.2839	0.142667	0.00558336
1	0.230173	0.283556	0.142521	0.00556142
1	0.229805	0.283213	0.142376	0.00556044
1	0.229436	0.28287	0.142231	0.00555257
1	0.229067	0.282527	0.142085	0.00555223
1	0.228698	0.282183	0.14194	0.0055456
1	0.228329	0.28184	0.141795	0.00553742
1	0.22796	0.281497	0.141649	0.00553341
1	0.227591	0.281153	0.141504	0.00551904
1	0.227222	0.28081	0.141358	0.00551158
1	0.226854	0.280467	0.141213	0.00548583
1	0.226485	0.280124	0.141067	0.00548103
1	0.226116	0.27978	0.140921	0.00546162
1	0.225747	0.279437	0.140776	0.00545321
1	0.225378	0.279094	0.14063	0.00544675
1	0.225009	0.27875	0.140485	0.00543319
1	0.22464	0.278407	0.140339	0.00541113
1	0.224271	0.278064	0.140193	0.00538794
1	0.223903	0.277721	0.140048	0.00535685
1	0.223534	0.277377	0.139902	0.00534476
1	0.223165	0.277034	0.139756	0.00530399
1	0.222796	0.276691	0.13961	0.00528499
1	0.222427	0.276347	0.139464	0.00527579
1	0.222058	0.276004	0.139319	0.00527257
1	0.221689	0.275661	0.139173	0.00526251
1	0.221321	0.275318	0.139027	0.0052448
1	0.220952	0.274974	0.138881	0.00518202
1	0.220583	0.274631	0.138735	0.00517559
1	0.220214	0.274288	0.138589	0.00514583
1	0.219845	0.273944	0.138443	0.00514283
1	0.219476	0.273601	0.138297	0.00513867
1	0.219107	0.273258	0.138151	0.00512649
1	0.218738	0.272915	0.138005	0.00511769
1	0.21837	0.272571	0.137859	0.00511045
1	0.218001	0.272228	0.137713	0.0050956
1	0.217632	0.271885	0.137566	0.00507082
1	0.217263	0.271541	0.13742	0.00505838
1	0.216894	0.271198	0.137274	0.00505205
1	0.216525	0.270855	0.137128	0.00503132
1	0.216156	0.270512	0.136981	0.00499711
1	0.215788	0.270168	0.136835	0.00498032
1	0.215419	0.269825	0.136689	0.0049535
1	0.21505	0.269482	0.136542	0.0049278
1	0.214681	0.269138	0.136396	0.00491036
1	0.214312	0.268795	0.136249	0.00490297
1	0.213943	0.268452	0.136103	0.00489815
1	0.213574	0.268108	0.135956	0.00489716
1	0.213205	0.267765	0.13581	0.00487142
1	0.212837	0.267422	0.135663	0.00485525
1	0.212468	0.267079	0.135517	0.00485434
1	0.212099	0.266735	0.13537	0.00481769
1	0.21173	0.266392	0.135223	0.00480448
1	0.211361	0.266049	0.135077	0.00479427
1	0.210992	0.265705	0.13493	0.00479069
1	0.210623	0.265362	0.134783	0.00478327
1	0.210255	0.265019	0.134636	0.00478095
1	0.209886	0.264676	0.134489	0.00477376
1	0.209517	0.264332	0.134343	0.00476945
1	0.209148	0.263989	0.134196	0.00476064
1	0.208779	0.263646	0.134049	0.00475179
1	0.20841	0.263302	0.133902	0.00470605
1	0.208041	0.262959	0.133755	0.00470053
1	0.207672	0.262616	0.133608	0.0046831
1	0.207304	0.262273	0.133461	0.00466991
1	0.206935	0.261929	0.133313	0.00466472
1	0.206566	0.261586	0.133166	0.00466378
1	0.206197	0.261243	0.133019	0.00464844
1	0.205828	0.260899	0.132872	0.00463959
1	0.205459	0.260556	0.132724	0.00463746
1	0.20509	0.260213	0.132577	0.00463177
1	0.204722	0.25987	0.13243	0.00463177
1	0.204353	0.259526	0.132282	0.00462274
1	0.203984	0.259183	0.132135	0.00460988
1	0.203615	0.25884	0.131987	0.00459881
1	0.203246	0.258496	0.13184	0.00459448
1	0.202877	0.258153	0.131692	0.00457929
1	0.202508	0.25781	0.131545	0.00457437
1	0.202139	0.257467	0.131397	0.00457002
1	0.201771	0.257123	0.131249	0.00456204
1	0.201402	0.25678	0.131102	0.00456186
1	0.201033	0.256437	0.130954	0.00454762
1	0.200664	0.256093	0.130806	0.00453749
1	0.200295	0.25575	0.130658	0.00451923
1	0.199926	0.255407	0.13051	0.00451492
1	0.199557	0.255064	0.130362	0.0045103
1	0.199188	0.25472	0.130214	0.00450244
1	0.19882	0.254377	0.130066	0.00450105
1	0.198451	0.254034	0.129918	0.0044978
1	0.198082	0.25369	0.12977	0.00448416
1	0.197713	0.253347	0.129622	0.00447825
1	0.197344	0.253004	0.129474	0.00447521
1	0.196975	0.25266	0.129326	0.00447352
1	0.196606	0.252317	0.129177	0.00446659
1	0.196238	0.251974	0.129029	0.00446659
1	0.195869	0.251631	0.128881	0.00445649
1	0.1955	0.251287	0.128732	0.00438388
1	0.195131	0.250944	0.128584	0.00436313
1	0.194762	0.250601	0.128435	0.00431227
1	0.194393	0.250257	0.128287	0.00430295
1	0.194024	0.249914	0.128138	0.0042799
1	0.193655	0.249571	0.127989	0.00427212
1	0.193287	0.249228	0.127841	0.00426087
1	0.192918	0.248884	0.127692	0.00425357
1	0.192549	0.248541	0.127543	0.00419267
1	0.19218	0.248198	0.127394	0.00418372
1	0.191811	0.247854	0.127245	0.00416476
1	0.191442	0.247511	0.127096	0.00414267
1	0.191073	0.247168	0.126947	0.00413695
1	0.190705	0.246825	0.126798	0.00413655
1	0.190336	0.246481	0.126649	0.00413643
1	0.189967	0.246138	0.1265	0.00413164
1	0.189598	0.245795	0.126351	0.00412344
1	0.189229	0.245451	0.126201	0.00407572
1	0.18886	0.245108	0.126052	0.00407372
1	0.188491	0.244765	0.125903	0.00406031
1	0.188122	0.244422	0.125753	0.00403187
1	0.187754	0.244078	0.125604	0.00401939
1	0.187385	0.243735	0.125454	0.00399366
1	0.187016	0.243392	0.125305	0.00397764
1	0.186647	0.243048	0.125155	0.00397592
1	0.186278	0.242705	0.125005	0.00397271
1	0.185909	0.242362	0.124856	0.00395584
1	0.18554	0.242019	0.124706	0.00393973
1	0.185172	0.241675	0.124556	0.00392468
1	0.184803	0.241332	0.124406	0.00389928
1	0.184434	0.240989	0.124256	0.00387895
1	0.184065	0.240645	0.124106	0.00385517
1	0.183696	0.240302	0.123956	0.00385422
1	0.183327	0.239959	0.123806	0.00384921
1	0.182958	0.239616	0.123656	0.00384664
1	0.182589	0.239272	0.123505	0.00383269
1	0.182221	0.238929	0.123355	0.00382128
1	0.181852	0.238586	0.123205	0.0037983
1	0.181483	0.238242	0.123054	0.00378863
1	0.181114	0.237899	0.122904	0.00378645
1	0.180745	0.237556	0.122753	0.00377284
1	0.180376	0.237212	0.122602	0.00376573
1	0.180007	0.236869	0.122452	0.00374242
1	0.179639	0.236526	0.122301	0.00374121
1	0.17927	0.236183	0.12215	0.00374119
1	0.178901	0.235839	0.121999	0.00373968
1	0.178532	0.235496	0.121848	0.00373706
1	0.178163	0.235153	0.121697	0.00373447
1	0.177794	0.234809	0.121546	0.00373253
1	0.177425	0.234466	0.121395	0.00372068
1	0.177056	0.234123	0.121244	0.00371893
1	0.176688	0.23378	0.121093	0.00371749
1	0.176319	0.233436	0.120942	0.00370402
1	0.17595	0.233093	0.12079	0.00370221
1	0.175581	0.23275	0.120639	0.00367978
1	0.175212	0.232406	0.120487	0.00365729
1	0.174843	0.232063	0.120336	0.00365367
1	0.174474	0.23172	0.120184	0.00363886
1	0.174105	0.231377	0.120032	0.00356544
1	0.173737	0.231033	0.119881	0.00355381
1	0.173368	0.23069	0.119729	0.00352861
1	0.172999	0.230347	0.119577	0.00352811
1	0.17263	0.230003	0.119425	0.00352712
1	0.172261	0.22966	0.119273	0.00352234
1	0.171892	0.229317	0.119121	0.00351677
1	0.171523	0.228974	0.118968	0.0035136
1	0.171155	0.22863	0.118816	0.00348967
1	0.170786	0.228287	0.118664	0.00348442
1	0.170417	0.227944	0.118511	0.00348334
1	0.170048	0.2276	0.118359	0.00346392
1	0.169679	0.227257	0.118206	0.00345873
1	0.16931	0.226914	0.118054	0.00345563
1	0.168941	0.226571	0.117901	0.00343407
1	0.168572	0.226227	0.117748	0.00342807
1	0.168204	0.225884	0.117596	0.00339763
1	0.167835	0.225541	0.117443	0.00339173
1	0.167466	0.225197	0.11729	0.00336135
1	0.167097	0.224854	0.117137	0.00334054
1	0.166728	0.224511	0.116983	0.00333353
1	0.166359	0.224168	0.11683	0.00332733
1	0.16599	0.223824	0.116677	0.00330758
1	0.165622	0.223481	0.116524	0.00330719
1	0.165253	0.223138	0.11637	0.00330265
1	0.164884	0.222794	0.116217	0.00329416
1	0.164515	0.222451	0.116063	0.00328702
1	0.164146	0.222108	0.115909	0.00326165
1	0.163777	0.221765	0.115756	0.00325551
1	0.163408	0.221421	0.115602	0.00324629
1	0.163039	0.221078	0.115448	0.00320798
1	0.162671	0.220735	0.115294	0.00318209
1	0.162302	0.220391	0.11514	0.00314903
1	0.161933	0.220048	0.114986	0.00314651
1	0.161564	0.219705	0.114831	0.00314191
1	0.161195	0.219361	0.114677	0.00313954
1	0.160826	0.219018	0.114523	0.00313899
1	0.160457	0.218675	0.114368	0.00311511
1	0.160089	0.218332	0.114214	0.00309813
1	0.15972	0.217988	0.114059	0.00308496
1	0.159351	0.217645	0.113904	0.00308026
1	0.158982	0.217302	0.113749	0.00306651
1	0.158613	0.216958	0.113594	0.00306537
1	0.158244	0.216615	0.113439	0.00306251
1	0.157875	0.216272	0.113284	0.00306249
1	0.157506	0.215929	0.113129	0.00305286
1	0.157138	0.215585	0.112974	0.00304913
1	0.156769	0.215242	0.112818	0.00304677
1	0.1564	0.214899	0.112663	0.00304072
1	0.156031	0.214555	0.112507	0.00302897
1	0.155662	0.214212	0.112352	0.00302656
1	0.155293	0.213869	0.112196	0.00302117
1	0.154924	0.213526	0.11204	0.0030152
1	0.154556	0.213182	0.111884	0.0030113
1	0.154187	0.212839	0.111728	0.00299275
1	0.153818	0.212496	0.111572	0.00298763
1	0.153449	0.212152	0.111416	0.00298139
1	0.15308	0.211809	0.11126	0.00296445
1	0.152711	0.211466	0.111104	0.00294599
1	0.152342	0.211123	0.110947	0.00294568
1	0.151973	0.210779	0.110791	0.00292512
1	0.151605	0.210436	0.110634	0.00292332
1	0.151236	0.210093	0.110477	0.00288513
1	0.150867	0.209749	0.11032	0.00288026
1	0.150498	0.209406	0.110163	0.00288016
1	0.150129	0.209063	0.110006	0.00286145
1	0.14976	0.20872	0.109849	0.00285668
1	0.149391	0.208376	0.109692	0.00284994
1	0.149023	0.208033	0.109535	0.00279798
1	0.148654	0.20769	0.109377	0.00279797
1	0.148285	0.207346	0.10922	0.00278013
1	0.147916	0.207003	0.109062	0.00277265
1	0.147547	0.20666	0.108904	0.00276482
1	0.147178	0.206317	0.108746	0.00275325
1	0.146809	0.205973	0.108588	0.00274741
1	0.14644	0.20563	0.10843	0.00274409
1	0.146072	0.205287	0.108272	0.00274396
1	0.145703	0.204943	0.108114	0.00274318
1	0.145334	0.2046	0.107956	0.00273771
1	0.144965	0.204257	0.107797	0.00269533
1	0.144596	0.203913	0.107638	0.0026852
1	0.144227	0.20357	0.10748	0.00267646
1	0.143858	0.203227	0.107321	0.00266703
1	0.143489	0.202884	0.107162	0.00266619
1	0.143121	0.20254	0.107003	0.00264586
1	0.142752	0.202197	0.106844	0.00263922
1	0.142383	0.201854	0.106685	0.00263767
1	0.142014	0.20151	0.106525	0.00263468
1	0.141645	0.201167	0.106366	0.00262281
1	0.141276	0.200824	0.106206	0.00260541
1	0.140907	0.200481	0.106047	0.00258483
1	0.140539	0.200137	0.105887	0.00258277
1	0.14017	0.199794	0.105727	0.00256958
1	0.139801	0.199451	0.105567	0.00255652
1	0.139432	0.199107	0.105407	0.00252826
1	0.139063	0.198764	0.105246	0.00250985
1	0.138694	0.198421	0.105086	0.00250816
1	0.138325	0.198078	0.104925	0.00250643
1	0.137956	0.197734	0.104765	0.0024883
1	0.137588	0.197391	0.104604	0.00248527
1	0.137219	0.197048	0.104443	0.00248385
1	0.13685	0.196704	0.104282	0.00247972
1	0.136481	0.196361	0.104121	0.0024667
1	0.136112	0.196018	0.10396	0.00246579
1	0.135743	0.195675	0.103798	0.00245703
1	0.135374	0.195331	0.103637	0.00244318
1	0.135006	0.194988	0.103475	0.00241283
1	0.134637	0.194645	0.103314	0.002394
1	0.134268	0.194301	0.103152	0.0023937
1	0.133899	0.193958	0.10299	0.00239254
1	0.13353	0.193615	0.102828	0.00238317
1	0.133161	0.193272	0.102665	0.00238021
1	0.132792	0.192928	0.102503	0.0023503
1	0.132423	0.192585	0.102341	0.00234762
1	0.132055	0.192242	0.102178	0.0023423
1	0.131686	0.191898	0.102015	0.00233658
1	0.131317	0.191555	0.101852	0.00233072
1	0.130948	0.191212	0.101689	0.00232615
1	0.130579	0.190869	0.101526	0.00229423
1	0.13021	0.190525	0.101363	0.00227535
1	0.129841	0.190182	0.101199	0.00225651
1	0.129473	0.189839	0.101036	0.00225345
1	0.129104	0.189495	0.100872	0.00225022
1	0.128735	0.189152	0.100708	0.00219836
1	0.128366	0.188809	0.100544	0.00218672
1	0.127997	0.188465	0.10038	0.0021831
1	0.127628	0.188122	0.100216	0.00217229
1	0.127259	0.187779	0.100051	0.00217159
1	0.12689	0.187436	0.0998868	0.00216687
1	0.126522	0.187092	0.0997221	0.00213907
1	0.126153	0.186749	0.0995573	0.00213234
1	0.125784	0.186406	0.0993923	0.00212623
1	0.125415	0.186062	0.0992271	0.00211956
1	0.125046	0.185719	0.0990619	0.00211941
1	0.124677	0.185376	0.0988964	0.00211837
1	0.124308	0.185033	0.0987309	0.00211431
1	0.12394	0.184689	0.0985651	0.0020768
1	0.123571	0.184346	0.0983993	0.00206392
1	0.123202	0.184003	0.0982332	0.00205543
1	0.122833	0.183659	0.0980671	0.002041
1	0.122464	0.183316	0.0979007	0.00203864
1	0.122095	0.182973	0.0977343	0.00203758
1	0.121726	0.18263	0.0975676	0.00203137
1	0.121357	0.182286	0.0974008	0.00202016
1	0.120989	0.181943	0.0972339	0.0020183
1	0.12062	0.1816	0.0970668	0.0020086
1	0.120251	0.181256	0.0968995	0.00200043
1	0.119882	0.180913	0.0967321	0.00199651
1	0.119513	0.18057	0.0965645	0.00199488
1	0.119144	0.180227	0.0963967	0.00199175
1	0.118775	0.179883	0.0962288	0.00196547
1	0.118406	0.17954	0.0960607	0.00195722
1	0.118038	0.179197	0.0958925	0.00195222
1	0.117669	0.178853	0.0957241	0.00191396
1	0.1173	0.17851	0.0955555	0.00190922
1	0.116931	0.178167	0.0953868	0.00187947
1	0.116562	0.177824	0.0952179	0.00187838
1	0.116193	0.17748	0.0950488	0.00185429
1	0.115824	0.177137	0.0948795	0.00184129
1	0.115456	0.176794	0.0947101	0.00184025
1	0.115087	0.17645	0.0945405	0.00182389
1	0.114718	0.176107	0.0943708	0.00179642
1	0.114349	0.175764	0.0942008	0.00179474
1	0.11398	0.175421	0.0940307	0.00177911
1	0.113611	0.175077	0.0938604	0.00177704
1	0.113242	0.174734	0.0936899	0.00177389
1	0.112873	0.174391	0.0935193	0.00176954
1	0.112505	0.174047	0.0933484	0.00176429
1	0.112136	0.173704	0.0931774	0.00173966
1	0.111767	0.173361	0.0930062	0.00173648
1	0.111398	0.173018	0.0928348	0.00172652
1	0.111029	0.172674	0.0926633	0.0017205
1	0.11066	0.172331	0.0924915	0.00169626
1	0.110291	0.171988	0.0923196	0.00169581
1	0.109923	0.171644	0.0921474	0.00169473
1	0.109554	0.171301	0.0919751	0.00168985
1	0.109185	0.170958	0.0918026	0.00167704
1	0.108816	0.170614	0.0916299	0.00166023
1	0.108447	0.170271	0.091457	0.00165735
1	0.108078	0.169928	0.0912839	0.0016555
1	0.107709	0.169585	0.0911106	0.00165534
1	0.10734	0.169241	0.0909371	0.0016528
1	0.106972	0.168898	0.0907634	0.00165149
1	0.106603	0.168555	0.0905895	0.00164988
1	0.106234	0.168211	0.0904154	0.001647
1	0.105865	0.167868	0.0902411	0.00164304
1	0.105496	0.167525	0.0900666	0.00162678
1	0.105127	0.167182	0.0898919	0.00161595
1	0.104758	0.166838	0.089717	0.00161168
1	0.10439	0.166495	0.0895419	0.00161048
1	0.104021	0.166152	0.0893666	0.00159972
1	0.103652	0.165808	0.089191	0.00159463
1	0.103283	0.165465	0.0890153	0.00158307
1	0.102914	0.165122	0.0888393	0.00157245
1	0.102545	0.164779	0.0886631	0.0015671
1	0.102176	0.164435	0.0884867	0.00155118
1	0.101807	0.164092	0.0883101	0.00154984
1	0.101439	0.163749	0.0881333	0.00154521
1	0.10107	0.163405	0.0879562	0.00154402
1	0.100701	0.163062	0.0877789	0.00154189
1	0.100332	0.162719	0.0876014	0.00154056
1	0.0999631	0.162376	0.0874237	0.00151288
1	0.0995942	0.162032	0.0872457	0.00151017
1	0.0992254	0.161689	0.0870676	0.001504
1	0.0988565	0.161346	0.0868891	0.00150125
1	0.0984876	0.161002	0.0867105	0.00148963
1	0.0981188	0.160659	0.0865316	0.00148369
1	0.0977499	0.160316	0.0863525	0.00146782
1	0.097381	0.159973	0.0861731	0.00145675
1	0.0970122	0.159629	0.0859935	0.00143502
1	0.0966433	0.159286	0.0858137	0.00143419
1	0.0962744	0.158943	0.0856336	0.0014274
1	0.0959056	0.158599	0.0854533	0.0014158
1	0.0955367	0.158256	0.0852728	0.00140191
1	0.0951678	0.157913	0.085092	0.00139455
1	0.094799	0.15757	0.0849109	0.00138138
1	0.0944301	0.157226	0.0847296	0.00137599
1	0.0940612	0.156883	0.084548	0.00135818
1	0.0936924	0.15654	0.0843662	0.00134166
1	0.0933235	0.156196	0.0841842	0.0013361
1	0.0929546	0.155853	0.0840018	0.00132441
1	0.0925858	0.15551	0.0838192	0.0013214
1	0.0922169	0.155166	0.0836364	0.00129988
1	0.091848	0.154823	0.0834533	0.00128876
1	0.0914792	0.15448	0.0832699	0.0012824
1	0.0911103	0.154137	0.0830863	0.00128172
1	0.0907414	0.153793	0.0829024	0.00127846
1	0.0903726	0.15345	0.0827182	0.00127471
1	0.0900037	0.153107	0.0825337	0.0012674
1	0.0896348	0.152763	0.082349	0.00126252
1	0.089266	0.15242	0.082164	0.00124748
1	0.0888971	0.152077	0.0819787	0.00123275
1	0.0885282	0.151734	0.0817932	0.0012274
1	0.0881594	0.15139	0.0816073	0.0012075
1	0.0877905	0.151047	0.0814212	0.00119103
1	0.0874216	0.150704	0.0812348	0.00118454
1	0.0870527	0.15036	0.0810481	0.00118044
1	0.0866839	0.150017	0.0808611	0.00117808
1	0.086315	0.149674	0.0806738	0.00117
1	0.0859461	0.149331	0.0804862	0.00116873
1	0.0855773	0.148987	0.0802983	0.00116698
1	0.0852084	0.148644	0.0801101	0.0011502
1	0.0848395	0.148301	0.0799217	0.00114373
1	0.0844707	0.147957	0.0797329	0.00113948
1	0.0841018	0.147614	0.0795438	0.00113058
1	0.0837329	0.147271	0.0793544	0.00112994
1	0.0833641	0.146928	0.0791647	0.00112726
1	0.0829952	0.146584	0.0789746	0.00111802
1	0.0826263	0.146241	0.0787843	0.00111099
1	0.0822575	0.145898	0.0785936	0.00110301
1	0.0818886	0.145554	0.0784026	0.00109289
1	0.0815197	0.145211	0.0782113	0.00108264
1	0.0811509	0.144868	0.0780197	0.00107778
1	0.080782	0.144525	0.0778277	0.00107412
1	0.0804131	0.144181	0.0776354	0.00107147
1	0.0800443	0.143838	0.0774428	0.00106819
1	0.0796754	0.143495	0.0772498	0.00105662
1	0.0793065	0.143151	0.0770565	0.00104256
1	0.0789377	0.142808	0.0768628	0.00100129
1	0.0785688	0.142465	0.0766688	0.00097689
1	0.0781999	0.142122	0.0764745	0.000973563
1	0.0778311	0.141778	0.0762798	0.000971018
1	0.0774622	0.141435	0.0760847	0.000963049
1	0.0770933	0.141092	0.0758893	0.000961014
1	0.0767245	0.140748	0.0756936	0.000946218
1	0.0763556	0.140405	0.0754974	0.000946008
1	0.0759867	0.140062	0.0753009	0.00094348
1	0.0756179	0.139719	0.0751041	0.000942564
1	0.075249	0.139375	0.0749068	0.000918799
1	0.0748801	0.139032	0.0747092	0.000902136
1	0.0745113	0.138689	0.0745113	0.000897734
1	0.0741424	0.138345	0.0743129	0.000874569
1	0.0737735	0.138002	0.0741141	0.000863982
1	0.0734046	0.137659	0.073915	0.000851209
1	0.0730358	0.137315	0.0737155	0.000841717
1	0.0726669	0.136972	0.0735155	0.000831241
1	0.072298	0.136629	0.0733152	0.000830611
1	0.0719292	0.136286	0.0731145	0.000828516
1	0.0715603	0.135942	0.0729134	0.000821989
1	0.0711914	0.135599	0.0727118	0.000804547
1	0.0708226	0.135256	0.0725099	0.000797168
1	0.0704537	0.134912	0.0723075	0.000796783
1	0.0700848	0.134569	0.0721048	0.00078418
1	0.069716	0.134226	0.0719016	0.000774436
1	0.0693471	0.133883	0.0716979	0.000769806
1	0.0689782	0.133539	0.0714939	0.000768429
1	0.0686094	0.133196	0.0712894	0.000767799
1	0.0682405	0.132853	0.0710844	0.000732178
1	0.0678716	0.132509	0.0708791	0.000726449
1	0.0675028	0.132166	0.0706733	0.000726182
1	0.0671339	0.131823	0.070467	0.000722381
1	0.066765	0.13148	0.0702603	0.000718021
1	0.0663962	0.131136	0.0700531	0.000716418
1	0.0660273	0.130793	0.0698455	0.000711104
1	0.0656584	0.13045	0.0696374	0.000699905
1	0.0652896	0.130106	0.0694288	0.000698315
1	0.0649207	0.129763	0.0692197	0.000698055
1	0.0645518	0.12942	0.0690102	0.000677123
1	0.064183	0.129077	0.0688002	0.000676934
1	0.0638141	0.128733	0.0685897	0.000669239
1	0.0634452	0.12839	0.0683787	0.000665596
1	0.0630764	0.128047	0.0681672	0.000657996
1	0.0627075	0.127703	0.0679552	0.000649228
1	0.0623386	0.12736	0.0677427	0.000647024
1	0.0619698	0.127017	0.0675296	0.000639576
1	0.0616009	0.126674	0.0673161	0.000637841
1	0.061232	0.12633	0.067102	0.000635171
1	0.0608632	0.125987	0.0668874	0.000626478
1	0.0604943	0.125644	0.0666723	0.000625921
1	0.0601254	0.1253	0.0664566	0.000616278
1	0.0597565	0.124957	0.0662404	0.000613095
1	0.0593877	0.124614	0.0660237	0.000613051
1	0.0590188	0.124271	0.0658064	0.000596474
1	0.0586499	0.123927	0.0655885	0.000587936
1	0.0582811	0.123584	0.06537	0.00058128
1	0.0579122	0.123241	0.065151	0.000577157
1	0.0575433	0.122897	0.0649314	0.000552977
1	0.0571745	0.122554	0.0647112	0.000552083
1	0.0568056	0.122211	0.0644905	0.000548521
1	0.0564367	0.121867	0.0642691	0.000529921
1	0.0560679	0.121524	0.0640471	0.000529029
1	0.055699	0.121181	0.0638245	0.000526012
1	0.0553301	0.120838	0.0636013	0.000524409
1	0.0549613	0.120494	0.0633775	0.000512003
1	0.0545924	0.120151	0.063153	0.000510298
1	0.0542235	0.119808	0.0629279	0.000509699
1	0.0538547	0.119464	0.0627022	0.000505832
1	0.0534858	0.119121	0.0624758	0.000502319
1	0.0531169	0.118778	0.0622488	0.000499437
1	0.0527481	0.118435	0.062021	0.000492257
1	0.0523792	0.118091	0.0617927	0.000487265
1	0.0520103	0.117748	0.0615636	0.000478131
1	0.0516415	0.117405	0.0613338	0.000475936
1	0.0512726	0.117061	0.0611034	0.000474358
1	0.0509037	0.116718	0.0608722	0.000471733
1	0.0505349	0.116375	0.0606403	0.000456821
1	0.050166	0.116032	0.0604077	0.000451212
1	0.0497971	0.115688	0.0601744	0.000451058
1	0.0494283	0.115345	0.0599403	0.00045091
1	0.0490594	0.115002	0.0597055	0.000450869
1	0.0486905	0.114658	0.0594699	0.000447393
1	0.0483217	0.114315	0.0592336	0.000443701
1	0.0479528	0.113972	0.0589965	0.000429062
1	0.0475839	0.113629	0.0587586	0.00041992
1	0.047215	0.113285	0.0585199	0.000414567
1	0.0468462	0.112942	0.0582804	0.000404062
1	0.0464773	0.112599	0.05804	0.000401123
1	0.0461084	0.112255	0.0577989	0.000396143
1	0.0457396	0.111912	0.0575569	0.000392706
1	0.0453707	0.111569	0.0573141	0.000386649
1	0.0450018	0.111226	0.0570704	0.000384814
1	0.044633	0.110882	0.0568258	0.000376971
1	0.0442641	0.110539	0.0565804	0.000367781
1	0.0438952	0.110196	0.0563341	0.000364086
1	0.0435264	0.109852	0.0560868	0.000345605
1	0.0431575	0.109509	0.0558387	0.000342738
1	0.0427886	0.109166	0.0555896	0.000337919
1	0.0424198	0.108823	0.0553396	0.000335373
1	0.0420509	0.108479	0.0550886	0.00033403
1	0.041682	0.108136	0.0548367	0.000329433
1	0.0413132	0.107793	0.0545838	0.00032685
1	0.0409443	0.107449	0.0543298	0.000322783
1	0.0405754	0.107106	0.0540749	0.0003085
1	0.0402066	0.106763	0.0538189	0.000304928
1	0.0398377	0.106419	0.0535619	0.000302004
1	0.0394688	0.106076	0.0533039	0.000301551
1	0.0391	0.105733	0.0530448	0.000299473
1	0.0387311	0.10539	0.0527846	0.00029703
1	0.0383622	0.105046	0.0525233	0.000291034
1	0.0379934	0.104703	0.0522608	0.000289997
1	0.0376245	0.10436	0.0519973	0.000288403
1	0.0372556	0.104016	0.0517326	0.000274984
1	0.0368868	0.103673	0.0514667	0.000269247
1	0.0365179	0.10333	0.0511996	0.000268811
1	0.036149	0.102987	0.0509313	0.000265833
1	0.0357802	0.102643	0.0506618	0.000265119
1	0.0354113	0.1023	0.050391	0.00026317
1	0.0350424	0.101957	0.050119	0.000262509
1	0.0346736	0.101613	0.0498457	0.000250874
1	0.0343047	0.10127	0.049571	0.000248619
1	0.0339358	0.100927	0.049295	0.000248597
1	0.0335669	0.100584	0.0490177	0.000244628
1	0.0331981	0.10024	0.048739	0.000241646
1	0.0328292	0.099897	0.0484589	0.00022907
1	0.0324603	0.0995537	0.0481774	0.00022821
1	0.0320915	0.0992104	0.0478944	0.000225107
1	0.0317226	0.0988671	0.0476099	0.000223963
1	0.0313537	0.0985239	0.0473239	0.000221387
1	0.0309849	0.0981806	0.0470364	0.000213582
1	0.030616	0.0978373	0.0467473	0.000211868
1	0.0302471	0.097494	0.0464567	0.000209793
1	0.0298783	0.0971507	0.0461644	0.000207069
1	0.0295094	0.0968074	0.0458704	0.000205346
1	0.0291405	0.0964641	0.0455748	0.000203385
1	0.0287717	0.0961208	0.0452774	0.000193328
1	0.0284028	0.0957775	0.0449783	0.000190431
1	0.0280339	0.0954343	0.0446774	0.000189089
1	0.0276651	0.095091	0.0443747	0.000188811
1	0.0272962	0.0947477	0.0440701	0.000186289
1	0.0269273	0.0944044	0.0437636	0.000184681
1	0.0265585	0.0940611	0.0434552	0.000183207
1	0.0261896	0.0937178	0.0431448	0.000178406
1	0.0258207	0.0933745	0.0428323	0.000172876
1	0.0254519	0.0930312	0.0425178	0.000171723
1	0.025083	0.092688	0.0422011	0.00017146
1	0.0247141	0.0923447	0.0418823	0.000170132
1	0.0243453	0.0920014	0.0415613	0.000167076
1	0.0239764	0.0916581	0.041238	0.000164269
1	0.0236075	0.0913148	0.0409124	0.000164021
1	0.0232387	0.0909715	0.0405844	0.000162857
1	0.0228698	0.0906282	0.0402539	0.000153944
1	0.0225009	0.0902849	0.039921	0.000152668
1	0.0221321	0.0899416	0.0395855	0.000150036
1	0.0217632	0.0895984	0.0392473	0.000147396
1	0.0213943	0.0892551	0.0389065	0.000144679
1	0.0210255	0.0889118	0.0385629	0.000143737
1	0.0206566	0.0885685	0.0382164	0.000142844
1	0.0202877	0.0882252	0.037867	0.000134502
1	0.0199188	0.0878819	0.0375146	0.000134192
1	0.01955	0.0875386	0.0371592	0.000129772
1	0.0191811	0.0871953	0.0368005	0.000126172
1	0.0188122	0.086852	0.0364386	0.000125775
1	0.0184434	0.0865088	0.0360732	0.000123435
1	0.0180745	0.0861655	0.0357045	0.000121721
1	0.0177056	0.0858222	0.0353321	0.00012078
1	0.0173368	0.0854789	0.034956	0.000120778
1	0.0169679	0.0851356	0.0345761	0.000120217
1	0.016599	0.0847923	0.0341922	0.000119086
1	0.0162302	0.084449	0.0338043	0.000114173
1	0.0158613	0.0841057	0.0334121	0.000111087
1	0.0154924	0.0837624	0.0330156	0.000109118
1	0.0151236	0.0834192	0.0326145	0.000107842
1	0.0147547	0.0830759	0.0322087	0.000106419
1	0.0143858	0.0827326	0.031798	0.000105963
1	0.014017	0.0823893	0.0313822	0.000105041
1	0.0136481	0.082046	0.0309612	0.000103828
1	0.0132792	0.0817027	0.0305346	0.000100848
1	0.0129104	0.0813594	0.0301023	9.38156e-05
1	0.0125415	0.0810161	0.029664	9.1786e-05
1	0.0121726	0.0806728	0.0292194	8.6778e-05
1	0.0118038	0.0803296	0.0287683	7.99185e-05
1	0.0114349	0.0799863	0.0283103	7.85925e-05
1	0.011066	0.079643	0.0278451	7.64295e-05
1	0.0106972	0.0792997	0.0273724	7.58188e-05
1	0.0103283	0.0789564	0.0268916	7.50744e-05
1	0.00995942	0.0786131	0.0264025	6.83949e-05
1	0.00959056	0.0782698	0.0259044	6.60318e-05
1	0.00922169	0.0779265	0.025397	5.98826e-05
1	0.00885282	0.0775832	0.0248796	5.94912e-05
1	0.00848395	0.07724	0.0243515	5.57436e-05
1	0.00811509	0.0768967	0.0238121	5.348e-05
1	0.00774622	0.0765534	0.0232606	5.12935e-05
1	0.00737735	0.0762101	0.0226961	4.9378e-05
1	0.00700848	0.0758668	0.0221176	4.87714e-05
1	0.00663962	0.0755235	0.021524	4.58666e-05
1	0.00627075	0.0751802	0.020914	4.44004e-05
1	0.00590188	0.0748369	0.020286	4.37765e-05
1	0.00553301	0.0744936	0.0196385	4.08883e-05
1	0.00516415	0.0741504	0.0189693	3.98466e-05
1	0.00479528	0.0738071	0.0182761	3.89962e-05
1	0.00442641	0.0734638	0.0175561	3.80819e-05
1	0.00405754	0.0731205	0.0168058	3.53789e-05
1	0.00368868	0.0727772	0.0160209	3.22484e-05
1	0.00331981	0.0724339	0.0151962	3.04238e-05
1	0.00295094	0.0720906	0.0143246	3.01603e-05
1	0.00258207	0.0717473	0.0133971	2.7333e-05
1	0.00221321	0.0714041	0.0124012	2.25893e-05
1	0.00184434	0.0710608	0.0113188	2.22635e-05
1	0.00147547	0.0707175	0.0101221	2.15064e-05
1	0.0011066	0.0703742	0.00876446	2.06584e-05
1	0.000737735	0.0700309	0.00715492	1.98661e-05
1	0.000368868	0.0696876	0.00505842	8.91916e-06
1	0	0.0693443	-nan	8.71304e-06
1	0	0.0693443	-nan	-1000
