0.0004976164782419801	0.0
0.008576715365052223	0.0
0.3414834141731262	1.0
0.0017034068005159497	0.0
0.37084877490997314	1.0
0.3771377205848694	1.0
0.15997900068759918	0.0
0.031397316604852676	0.0
0.0041298517026007175	0.0
0.0070406487211585045	0.0
0.03803049772977829	0.0
0.3731115162372589	0.0
0.12528742849826813	0.0
0.03618587180972099	0.0
0.020127052441239357	0.0
0.23516768217086792	0.0
0.031488943845033646	1.0
0.0492125079035759	0.0
0.3717166781425476	0.0
0.10410276055335999	0.0
0.35950273275375366	0.0
0.35223737359046936	0.0
0.3756985366344452	0.0
0.2654658555984497	1.0
0.03974420949816704	0.0
0.35806646943092346	0.0
0.3680743873119354	0.0
0.12545230984687805	1.0
0.28588438034057617	0.0
0.36089447140693665	0.0
0.05665634945034981	0.0
0.06791992485523224	0.0
0.001287079299800098	0.0
0.0005240541067905724	0.0
0.020189648494124413	0.0
0.35823509097099304	1.0
0.06781357526779175	1.0
0.21542979776859283	1.0
0.3771377205848694	0.0
0.3770903944969177	1.0
0.3320448696613312	0.0
0.3771377205848694	0.0
0.36451250314712524	0.0
0.13379323482513428	0.0
0.2516670823097229	0.0
0.13019658625125885	0.0
0.061378754675388336	0.0
0.37106385827064514	0.0
0.374950110912323	0.0
0.016456324607133865	0.0
0.09600131213665009	0.0
0.01846841536462307	0.0
0.002375300507992506	0.0
0.2494940310716629	0.0
0.001142503460869193	0.0
0.004884460009634495	0.0
0.35425522923469543	0.0
0.3768171966075897	0.0
0.08947033435106277	0.0
0.04177170246839523	0.0
0.00018202124920208007	0.0
0.3769605755805969	1.0
0.08572282642126083	0.0
0.060101721435785294	0.0
0.3756212294101715	0.0
0.01822572387754917	0.0
0.00453465199097991	0.0
0.3771377205848694	0.0
0.1927729845046997	1.0
0.1653624176979065	0.0
0.3768390715122223	1.0
0.2893828749656677	0.0
0.1518757939338684	0.0
0.0544157400727272	0.0
0.08343803882598877	0.0
0.36625584959983826	0.0
0.3771377205848694	0.0
0.2680568993091583	0.0
0.09689641743898392	1.0
0.20706890523433685	0.0
0.07443232834339142	0.0
0.000763135903980583	0.0
0.0010001960908994079	0.0
0.008839773014187813	0.0
0.008556452579796314	0.0
0.003666443983092904	0.0
0.00010121039667865261	0.0
0.1244269460439682	0.0
0.2536637783050537	1.0
0.12829729914665222	0.0
0.09934933483600616	0.0
0.3771377205848694	0.0
0.0113839041441679	0.0
0.2904517650604248	1.0
0.009662414900958538	0.0
0.03022855520248413	0.0
0.11979005485773087	0.0
0.3595713973045349	0.0
0.024608440697193146	0.0
0.05073554813861847	0.0
0.3768354654312134	0.0
0.3054235577583313	0.0
0.05802019312977791	0.0
0.008939141407608986	0.0
0.3771377205848694	1.0
0.35991668701171875	0.0
0.32222509384155273	0.0
0.07390454411506653	1.0
0.36376434564590454	0.0
0.3223365843296051	0.0
0.26940587162971497	0.0
0.29848477244377136	0.0
0.04765980690717697	0.0
0.05541839450597763	0.0
0.07558147609233856	0.0
0.2865426540374756	0.0
0.3771323561668396	0.0
0.3602682054042816	1.0
0.03982919082045555	0.0
0.11141518503427505	0.0
0.24094760417938232	0.0
0.31472209095954895	0.0
0.3771377205848694	1.0
0.09656985849142075	0.0
0.3771377205848694	1.0
0.3335925042629242	1.0
0.025597739964723587	0.0
0.07033035904169083	0.0
0.36843371391296387	0.0
0.360723078250885	1.0
0.17184978723526	0.0
0.01032215915620327	0.0
0.3704019784927368	0.0
0.28763338923454285	0.0
0.3771377205848694	1.0
0.3768354654312134	0.0
0.10036362707614899	0.0
0.0008824940887279809	0.0
0.2247532159090042	1.0
0.02982732467353344	0.0
0.3646617829799652	0.0
0.0010462034260854125	0.0
0.00012786984734702855	0.0
0.22731348872184753	0.0
0.33096039295196533	0.0
0.07994713634252548	0.0
0.35843753814697266	0.0
0.05553177744150162	0.0
0.1949993371963501	0.0
0.06553426384925842	0.0
0.0006136122974567115	0.0
0.030140982940793037	0.0
0.28261399269104004	0.0
0.11392498016357422	0.0
0.37565767765045166	1.0
0.201324462890625	0.0
0.28879740834236145	0.0
0.3580858111381531	0.0
0.1266338974237442	0.0
0.3771377205848694	0.0
0.07907658070325851	0.0
0.22757911682128906	0.0
0.3365856409072876	0.0
0.15664710104465485	1.0
0.08533180505037308	0.0
0.020864007994532585	0.0
0.017036475241184235	0.0
0.24566181004047394	1.0
0.37029969692230225	0.0
0.030907349660992622	0.0
0.3771377205848694	1.0
0.3584124743938446	0.0
0.30715230107307434	0.0
0.003671664744615555	0.0
0.3771377205848694	1.0
0.3771377205848694	1.0
0.3771377205848694	1.0
0.09819027781486511	1.0
0.18198664486408234	0.0
0.3771377205848694	0.0
0.07637345045804977	0.0
0.0024040841963142157	0.0
0.17474105954170227	0.0
0.1587378829717636	0.0
0.05154140293598175	0.0
0.24260704219341278	0.0
0.3726213872432709	0.0
0.3354681730270386	0.0
0.3744751214981079	1.0
0.3771377205848694	0.0
0.012655711732804775	0.0
0.13998693227767944	0.0
0.3537534177303314	1.0
0.014302314259111881	0.0
0.16730980575084686	1.0
0.017225446179509163	0.0
0.05588774383068085	1.0
0.04453147575259209	0.0
0.30730560421943665	0.0
0.35784608125686646	1.0
0.3640802502632141	1.0
0.3771377205848694	0.0
0.13771504163742065	1.0
0.3771377205848694	1.0
0.039503078907728195	0.0
0.06028682738542557	0.0
0.3770429193973541	1.0
0.005768704228103161	0.0
0.0003338228561915457	0.0
0.27376654744148254	0.0
0.37475669384002686	1.0
0.0017995026428252459	0.0
0.0018442377913743258	0.0
0.3771377205848694	1.0
0.3708418011665344	1.0
0.06388393044471741	0.0
0.013106847181916237	0.0
0.2766799330711365	0.0
0.002949646906927228	0.0
0.0013384375488385558	0.0
0.3650031089782715	1.0
0.07183779776096344	0.0
0.1674562692642212	0.0
0.07231040298938751	0.0
0.3771377205848694	0.0
0.1827636957168579	1.0
0.0007584824925288558	0.0
0.03437548875808716	0.0
0.37603551149368286	0.0
0.0034734325017780066	0.0
0.001052991719916463	0.0
0.012883828952908516	0.0
0.0019289918709546328	0.0
0.1657433807849884	1.0
0.32595813274383545	0.0
0.06075120344758034	0.0
0.0011728721437975764	0.0
0.0009885511826723814	0.0
0.10670452564954758	0.0
0.3771377205848694	0.0
0.37713000178337097	1.0
0.030608687549829483	0.0
0.03839578106999397	0.0
0.00978456437587738	0.0
0.10253226011991501	0.0
0.021113505586981773	0.0
0.13170583546161652	0.0
0.0014773759758099914	0.0
0.0010577287757769227	0.0
0.08191690593957901	0.0
0.10738929361104965	0.0
0.1463567316532135	0.0
0.3541884124279022	0.0
0.1592891365289688	0.0
0.006839918904006481	0.0
0.06018023192882538	0.0
0.18440653383731842	1.0
0.0019507488468661904	0.0
0.00019007085938937962	0.0
0.1766894906759262	0.0
0.3675200939178467	0.0
0.375870019197464	1.0
0.37032532691955566	0.0
0.10748197883367538	0.0
0.015457812696695328	0.0
0.1516561359167099	0.0
0.36112844944000244	0.0
0.04213334247469902	0.0
0.0007601749384775758	0.0
0.06385590136051178	1.0
0.057384319603443146	0.0
0.37711140513420105	0.0
0.02098762057721615	0.0
0.02079026773571968	0.0
0.02136974036693573	0.0
0.023616258054971695	0.0
0.37691646814346313	0.0
0.36197492480278015	0.0
0.12422472983598709	0.0
0.01728929951786995	0.0
0.37648192048072815	1.0
0.00023705416242592037	0.0
0.3768354654312134	1.0
0.00021331342577468604	0.0
0.0381755605340004	0.0
9.158879402093589e-05	0.0
0.008350114338099957	0.0
0.19461748003959656	1.0
0.3151092529296875	0.0
0.1367839276790619	0.0
0.01055880542844534	0.0
0.06719670444726944	0.0
0.2977425158023834	0.0
0.016648022457957268	0.0
0.32769739627838135	0.0
0.3771377205848694	1.0
0.026385081931948662	0.0
0.013060854747891426	0.0
0.15439023077487946	0.0
0.19847767055034637	0.0
0.14676359295845032	0.0
0.3771377205848694	0.0
0.1457386016845703	0.0
0.023045148700475693	0.0
0.23474057018756866	1.0
0.03874124586582184	0.0
0.022436730563640594	0.0
0.3717065453529358	0.0
0.36764076352119446	0.0
0.09920266270637512	0.0
0.03321881219744682	0.0
0.3771108090877533	0.0
0.11624103784561157	0.0
0.3114393949508667	0.0
0.2925916016101837	0.0
0.29735955595970154	1.0
0.03997297212481499	0.0
0.13720084726810455	0.0
0.007443678565323353	0.0
0.002776855370029807	0.0
0.36550572514533997	1.0
0.36670631170272827	1.0
0.3771372139453888	1.0
0.313407838344574	0.0
0.3746565580368042	1.0
0.3237925171852112	1.0
0.21345114707946777	0.0
0.01821340247988701	0.0
0.15099136531352997	0.0
0.36369723081588745	0.0
0.0284658744931221	0.0
0.3689563572406769	0.0
0.3688466250896454	0.0
0.33683696389198303	1.0
0.36503124237060547	0.0
0.06878942251205444	0.0
0.006595721002668142	0.0
0.18396367132663727	0.0
0.211020827293396	1.0
0.3771377205848694	1.0
0.10941258817911148	0.0
0.33480191230773926	1.0
0.01278664916753769	0.0
0.010115780867636204	0.0
0.29965704679489136	1.0
0.3771377205848694	0.0
0.36282944679260254	1.0
0.24770915508270264	0.0
0.011245100758969784	0.0
0.0007237620302475989	0.0
0.003959696739912033	0.0
0.03349708765745163	0.0
0.0005206122878007591	0.0
0.03932928666472435	0.0
0.1549057960510254	0.0
0.07545085996389389	0.0
0.10874789208173752	0.0
0.02772333100438118	0.0
0.008853795938193798	0.0
0.2309029996395111	0.0
0.0005572097143158317	0.0
0.11431316286325455	0.0
0.25847867131233215	0.0
0.01868484914302826	0.0
0.1845509111881256	0.0
0.16849803924560547	0.0
0.3768225610256195	1.0
0.21457554399967194	0.0
0.18312515318393707	0.0
0.06750620156526566	0.0
0.3115294873714447	1.0
0.37703636288642883	1.0
0.376836359500885	0.0
0.00666778115555644	0.0
0.14413173496723175	0.0
0.17951983213424683	0.0
0.17280560731887817	1.0
0.014969970099627972	0.0
0.07899492979049683	0.0
0.050728198140859604	0.0
0.33643028140068054	0.0
0.0006516290013678372	0.0
0.15598848462104797	0.0
0.2245735228061676	0.0
0.019469082355499268	1.0
0.3768354654312134	0.0
0.06340815126895905	0.0
0.04904887452721596	0.0
0.3771377205848694	0.0
0.26477664709091187	0.0
0.05299726873636246	1.0
0.14593422412872314	0.0
0.0026664675679057837	0.0
0.11051609367132187	0.0
0.055206313729286194	0.0
0.04156610369682312	0.0
0.3548795282840729	1.0
0.0005577498232014477	0.0
0.001541128964163363	0.0
0.08972688019275665	0.0
0.09220241010189056	0.0
0.3732925057411194	1.0
0.3698280155658722	0.0
0.3704519271850586	0.0
0.001620269613340497	0.0
0.35153287649154663	0.0
0.1893415004014969	0.0
0.35209962725639343	0.0
0.3765808939933777	1.0
0.0321204848587513	0.0
0.007948240265250206	0.0
0.04539977386593819	0.0
0.3771377205848694	0.0
0.0026917101349681616	0.0
0.3767099678516388	0.0
0.004564989358186722	0.0
0.0021076148841530085	0.0
0.36366400122642517	0.0
0.05625827983021736	0.0
0.19544155895709991	0.0
0.003798623336479068	0.0
0.02455943264067173	0.0
0.28149357438087463	0.0
0.2190743386745453	0.0
0.3771377205848694	0.0
0.049610238522291183	0.0
0.006049927324056625	0.0
0.0014575815293937922	0.0
0.18393878638744354	0.0
0.02306305430829525	0.0
0.003663621610030532	0.0
0.3771289885044098	0.0
6.757020310033113e-05	0.0
0.34958183765411377	0.0
0.2402483969926834	0.0
0.09076948463916779	0.0
0.08926741778850555	0.0
0.038178518414497375	0.0
2.347966619709041e-05	0.0
0.3697648346424103	0.0
0.0012381784617900848	0.0
0.03385322540998459	0.0
0.3768354654312134	0.0
0.3754119277000427	0.0
0.3771377205848694	1.0
0.003255818272009492	0.0
0.004921268206089735	0.0
0.3771377205848694	1.0
0.37460020184516907	0.0
0.0007156483479775488	0.0
0.2490690052509308	1.0
0.009214606136083603	0.0
0.010447599925100803	0.0
0.04240752384066582	0.0
0.37077444791793823	0.0
0.3765738904476166	0.0
0.00891027133911848	0.0
0.054865945130586624	0.0
0.022191494703292847	0.0
0.0352553129196167	0.0
0.14671869575977325	0.0
0.36689621210098267	1.0
0.012825862504541874	0.0
0.005502650048583746	0.0
0.12688514590263367	0.0
0.08396054804325104	0.0
0.008136587217450142	0.0
0.015018337406218052	0.0
0.016600003466010094	0.0
0.008069880306720734	0.0
0.3635808825492859	0.0
0.3269002437591553	1.0
0.014204894192516804	0.0
0.03626411035656929	0.0
0.051262687891721725	0.0
0.13701151311397552	0.0
0.3769078850746155	1.0
0.24965476989746094	1.0
0.3750833570957184	0.0
0.03983256593346596	0.0
0.0001015461384668015	0.0
0.16910168528556824	0.0
0.025851819664239883	0.0
0.06785784661769867	0.0
0.3771377205848694	1.0
0.15720437467098236	0.0
0.00633449899032712	0.0
0.37682870030403137	1.0
0.009600475430488586	0.0
4.663873369281646e-06	0.0
0.0002864930429495871	0.0
0.3771377205848694	0.0
0.3765560984611511	0.0
0.056171830743551254	0.0
0.14061525464057922	0.0
0.3436145782470703	1.0
0.03322193771600723	0.0
0.12198749929666519	0.0
0.3664415776729584	1.0
0.04793331027030945	0.0
0.02065250836312771	0.0
0.013974647037684917	0.0
0.018713736906647682	0.0
0.028780411928892136	0.0
0.010007767006754875	0.0
0.06131121143698692	0.0
0.17405712604522705	0.0
0.1549517959356308	0.0
0.37543344497680664	1.0
0.3536021411418915	0.0
0.004457441624253988	0.0
0.3761056065559387	1.0
0.3771345615386963	0.0
0.34401124715805054	0.0
0.0664462000131607	0.0
0.09294116497039795	0.0
0.37133094668388367	0.0
0.001992593053728342	0.0
0.3755016624927521	0.0
0.32023894786834717	0.0
6.732689143973403e-06	0.0
0.04068765044212341	0.0
0.010522515513002872	0.0
0.0017950355540961027	0.0
0.33367133140563965	0.0
0.35921260714530945	0.0
0.2585720717906952	1.0
0.0045924922451376915	0.0
0.33171358704566956	0.0
0.00955641083419323	0.0
0.04447992146015167	0.0
0.04065379872918129	0.0
0.06593528389930725	0.0
0.2529548406600952	0.0
0.1424558162689209	0.0
0.08012013882398605	0.0
0.056652460247278214	0.0
0.36338332295417786	0.0
0.375033974647522	0.0
0.043026719242334366	0.0
0.028123443946242332	0.0
0.02117280662059784	0.0
0.001382653252221644	0.0
0.3771377205848694	1.0
0.3667226731777191	1.0
0.1008046492934227	0.0
0.04723850637674332	0.0
0.0047361780889332294	0.0
0.3344261050224304	0.0
0.21540872752666473	0.0
0.3639708161354065	1.0
0.3692137897014618	1.0
0.004558525513857603	0.0
0.03793662041425705	0.0
0.047326404601335526	0.0
0.04115523025393486	0.0
0.34825634956359863	1.0
0.03190086409449577	0.0
0.14689327776432037	0.0
0.06138188764452934	1.0
0.004770352505147457	0.0
0.3771377205848694	0.0
0.016986599192023277	0.0
0.11106696724891663	0.0
0.001155777950771153	0.0
0.006609006784856319	0.0
0.37710294127464294	0.0
0.030423574149608612	0.0
0.009308098815381527	0.0
0.03059542551636696	0.0
0.019427940249443054	0.0
0.08996032923460007	0.0
0.013551538810133934	0.0
0.017316535115242004	0.0
0.0640997588634491	0.0
0.038384221494197845	1.0
0.3770061135292053	0.0
0.015483385883271694	0.0
0.24649006128311157	0.0
0.3755452334880829	0.0
0.1222783550620079	0.0
0.14600692689418793	0.0
0.11029905080795288	0.0
0.35013192892074585	0.0
0.0036206289660185575	0.0
0.06635306030511856	0.0
0.024556605145335197	0.0
0.003973843529820442	0.0
0.009891598485410213	0.0
0.20269247889518738	0.0
0.376993864774704	1.0
0.09482784569263458	0.0
0.034832440316677094	0.0
0.37588900327682495	0.0
0.00016353999671991915	0.0
0.08236397802829742	1.0
0.06086796894669533	0.0
0.03589693829417229	0.0
0.019735200330615044	0.0
0.3757607340812683	0.0
0.3771377205848694	1.0
0.03315410390496254	0.0
0.0020095540676265955	0.0
0.004324147943407297	0.0
0.3765197992324829	1.0
0.2723815143108368	0.0
0.235717311501503	0.0
0.02778804861009121	0.0
0.007263947278261185	0.0
0.011782527901232243	0.0
0.07511534541845322	0.0
0.008311796002089977	0.0
0.2178291380405426	1.0
0.1321854591369629	1.0
0.12184473127126694	0.0
0.02175148017704487	0.0
0.19184181094169617	0.0
0.2896632254123688	0.0
0.04293177276849747	0.0
0.3711244761943817	0.0
0.3299495279788971	1.0
0.042629729956388474	0.0
0.13001011312007904	0.0
0.08259963989257812	0.0
0.05650821700692177	0.0
0.03591673821210861	0.0
0.023142758756875992	0.0
0.025286659598350525	0.0
0.2191045731306076	1.0
0.0027054736856371164	0.0
0.3656083941459656	0.0
0.004349175840616226	0.0
0.1754283756017685	0.0
0.37006911635398865	1.0
0.006882842164486647	0.0
0.009329823777079582	0.0
1.4008855032443535e-05	0.0
0.34234344959259033	0.0
0.23452113568782806	0.0
0.3736991286277771	1.0
9.447072079638019e-05	0.0
0.3771185874938965	0.0
0.19783763587474823	0.0
0.1337364763021469	0.0
0.1326266974210739	0.0
0.3680765628814697	0.0
0.3771377205848694	0.0
0.0017079649260267615	0.0
0.17007359862327576	1.0
0.18696318566799164	1.0
0.08786828070878983	0.0
0.002514707623049617	0.0
0.03291968256235123	0.0
0.047318313270807266	0.0
0.3771377205848694	1.0
0.23033452033996582	0.0
0.012494558468461037	0.0
0.34339627623558044	0.0
0.376935750246048	0.0
0.004543440882116556	0.0
0.007800521329045296	0.0
0.3755244016647339	0.0
0.32487377524375916	0.0
0.02315898798406124	0.0
0.22635070979595184	0.0
0.3771377205848694	0.0
0.3760588467121124	0.0
0.0005788059788756073	0.0
0.15654440224170685	0.0
0.01001062709838152	0.0
0.04414081200957298	0.0
0.11582323163747787	0.0
0.32375723123550415	0.0
0.01556610781699419	0.0
0.35167983174324036	0.0
0.18827995657920837	0.0
0.20020093023777008	0.0
0.05312163382768631	0.0
0.11816304177045822	0.0
0.007349972613155842	0.0
0.00025480787735432386	0.0
0.28515860438346863	0.0
0.0015208465047180653	0.0
0.1499032974243164	0.0
0.3771377205848694	1.0
0.1562199741601944	0.0
0.012893960811197758	0.0
0.3771377205848694	1.0
0.3771377205848694	1.0
0.37645241618156433	0.0
0.009342782199382782	0.0
0.0010125773260369897	0.0
0.02190006896853447	0.0
0.0027770281303673983	0.0
0.3639465868473053	1.0
0.3658349812030792	0.0
0.025650236755609512	0.0
0.3716946840286255	1.0
0.0008006285643205047	0.0
0.004704034887254238	0.0
0.06096417456865311	0.0
0.1484752893447876	0.0
0.3655567765235901	0.0
0.051398325711488724	0.0
0.0001218337201862596	0.0
0.31043121218681335	0.0
0.36341699957847595	0.0
0.3340580463409424	0.0
0.002219258574768901	0.0
0.3730373680591583	0.0
0.043419212102890015	0.0
0.08672383427619934	0.0
0.040785688906908035	0.0
0.0015972970286384225	0.0
0.3640722334384918	0.0
0.3291216790676117	0.0
0.2816757261753082	0.0
0.17011164128780365	0.0
0.017863456159830093	0.0
0.0038325164932757616	0.0
0.007087980397045612	0.0
0.039971865713596344	0.0
0.019480952993035316	0.0
0.3759743869304657	0.0
0.08011014014482498	0.0
0.2486542910337448	0.0
0.029431432485580444	0.0
0.36057645082473755	1.0
0.015496334992349148	0.0
0.007027526386082172	0.0
0.09336189180612564	0.0
0.36177346110343933	0.0
0.3771377205848694	0.0
0.37356898188591003	1.0
0.008364107459783554	0.0
0.03067907691001892	0.0
0.3686937987804413	0.0
0.1616200953722	0.0
0.3771377205848694	1.0
0.10274156183004379	0.0
0.006565188057720661	0.0
0.08460944145917892	0.0
0.0004674977681133896	0.0
0.025079676881432533	0.0
0.001578217837959528	0.0
0.04610668122768402	0.0
0.2052266001701355	0.0
0.1809782087802887	0.0
0.01254129409790039	0.0
0.012634474784135818	0.0
0.11267358809709549	0.0
0.001634578569792211	0.0
0.3665117919445038	0.0
0.3771377205848694	1.0
0.36939066648483276	1.0
0.002873769961297512	0.0
0.363618403673172	1.0
0.013458318077027798	0.0
0.13143537938594818	0.0
0.3624679148197174	0.0
0.2543419897556305	0.0
0.1215069591999054	0.0
0.1250988245010376	0.0
0.2991164028644562	1.0
0.12719404697418213	0.0
0.26547542214393616	0.0
0.284249484539032	0.0
0.23838531970977783	1.0
0.011228821240365505	0.0
0.36149075627326965	1.0
0.04070178046822548	0.0
0.17642872035503387	0.0
0.18269838392734528	0.0
0.024013619869947433	0.0
0.0007556266500614583	0.0
0.3771377205848694	1.0
0.29265305399894714	1.0
0.12916994094848633	0.0
0.2704007029533386	0.0
0.19565875828266144	0.0
0.0639415979385376	0.0
0.31342700123786926	0.0
0.03920828551054001	0.0
0.02853444032371044	0.0
0.37416350841522217	0.0
0.07531394064426422	0.0
0.002394181676208973	0.0
0.3716519773006439	0.0
0.16025957465171814	0.0
0.32319551706314087	0.0
0.024155469611287117	0.0
0.007386413868516684	0.0
0.08581159263849258	0.0
0.17907971143722534	0.0
0.1523197442293167	0.0
0.3771377205848694	0.0
0.028731007128953934	0.0
0.3771377205848694	1.0
0.005242975428700447	0.0
0.3771377205848694	1.0
0.3370281159877777	0.0
0.1232435405254364	0.0
0.3771377205848694	1.0
0.2714739441871643	0.0
0.37251314520835876	0.0
0.3759910762310028	1.0
0.0003752786433324218	0.0
0.00178954575676471	0.0
0.21210399270057678	0.0
0.007923849858343601	0.0
0.3771377205848694	0.0
0.36440160870552063	1.0
0.006746523082256317	0.0
0.0011606606421992183	0.0
0.0692061260342598	0.0
0.3658798038959503	0.0
0.009252019226551056	0.0
0.016466282308101654	0.0
0.16851209104061127	1.0
0.367677241563797	0.0
0.1890520602464676	0.0
0.012944619171321392	0.0
0.013147279620170593	0.0
0.02029363065958023	0.0
0.344830185174942	0.0
0.3770774304866791	0.0
0.1269761025905609	0.0
0.032955557107925415	0.0
0.2875290513038635	1.0
0.28447669744491577	0.0
0.09080957621335983	0.0
0.37243524193763733	1.0
0.03248877823352814	0.0
0.0007203957648016512	0.0
0.24931633472442627	0.0
0.06740085780620575	0.0
0.36193183064460754	1.0
0.251892626285553	0.0
0.004449333995580673	0.0
0.12956932187080383	0.0
0.26796603202819824	1.0
0.03463387489318848	0.0
0.24004299938678741	0.0
0.0022841165773570538	0.0
0.33057737350463867	0.0
0.37700003385543823	0.0
0.2768997550010681	0.0
0.1172856017947197	0.0
0.12017611414194107	0.0
0.3237091302871704	1.0
0.2981916069984436	0.0
0.03441861271858215	0.0
0.018632588908076286	0.0
0.01084521971642971	0.0
0.3771377205848694	0.0
0.13981999456882477	0.0
0.23696541786193848	0.0
0.3768802881240845	1.0
0.3307787775993347	0.0
0.28127917647361755	0.0
0.36855608224868774	0.0
0.10386818647384644	0.0
0.07352092117071152	0.0
0.10872586071491241	0.0
0.11765371263027191	0.0
0.11667051166296005	0.0
0.024698395282030106	0.0
0.07903606444597244	0.0
0.0006376577657647431	0.0
0.06414510309696198	0.0
0.0030509792268276215	0.0
0.02919401414692402	0.0
0.13652953505516052	0.0
0.37418946623802185	1.0
0.3770833909511566	1.0
0.2711091637611389	0.0
0.3771377205848694	0.0
0.02525291219353676	0.0
0.26304134726524353	0.0
0.1515064835548401	0.0
0.10943696647882462	1.0
0.034226808696985245	0.0
0.3684847950935364	0.0
0.36560559272766113	1.0
0.00011063449346693233	0.0
0.05673209950327873	0.0
0.03761763870716095	0.0
0.034931689500808716	0.0
0.3618060052394867	1.0
0.15757586061954498	0.0
0.11879073083400726	0.0
0.10211699455976486	0.0
0.07151442766189575	0.0
0.24390774965286255	1.0
0.00787750817835331	0.0
0.021037224680185318	0.0
0.1975993812084198	0.0
0.10571909695863724	0.0
0.01199596282094717	0.0
0.007477200124412775	0.0
0.2775113582611084	1.0
0.019428793340921402	0.0
0.37682610750198364	1.0
0.3771377205848694	0.0
0.3732888400554657	0.0
0.24270328879356384	0.0
0.0001785456988727674	0.0
0.08446907252073288	0.0
0.07241874933242798	0.0
0.04394780099391937	0.0
0.27001532912254333	0.0
0.08357317000627518	0.0
0.19259536266326904	0.0
0.002422262681648135	0.0
0.1315077692270279	1.0
0.16606977581977844	0.0
0.029027944430708885	0.0
0.04660885035991669	0.0
0.05049970746040344	0.0
7.972035382408649e-05	0.0
0.09151903539896011	0.0
0.0303347185254097	0.0
0.3752322494983673	0.0
0.12790583074092865	0.0
0.04242807626724243	0.0
0.09088575839996338	0.0
0.14769311249256134	0.0
0.3435889482498169	0.0
0.3764919340610504	0.0
0.3768354654312134	0.0
0.0028468065429478884	0.0
0.2587044835090637	0.0
0.27608194947242737	0.0
0.000789133133366704	0.0
0.03086571954190731	0.0
0.0005349112907424569	0.0
0.06894779205322266	0.0
0.09046605229377747	0.0
0.009162879548966885	0.0
0.3767789602279663	0.0
0.01056020986288786	0.0
0.10780970752239227	0.0
0.17659442126750946	0.0
0.028039418160915375	0.0
0.22922444343566895	1.0
0.3667721748352051	0.0
0.3680157959461212	0.0
0.037776656448841095	0.0
0.07298417389392853	0.0
0.2593041956424713	0.0
0.365260511636734	0.0
0.02893236093223095	0.0
0.008333330973982811	0.0
0.14835470914840698	1.0
0.18448494374752045	1.0
0.3733096420764923	0.0
0.07402727752923965	0.0
4.5533663069363683e-05	0.0
0.14324234426021576	1.0
0.25472384691238403	0.0
0.006215211004018784	0.0
0.08784143626689911	0.0
0.32562384009361267	0.0
0.009200045838952065	0.0
0.2927967607975006	1.0
0.031336795538663864	0.0
0.291256844997406	0.0
0.08140414953231812	1.0
0.2057349532842636	0.0
0.006162832025438547	0.0
0.09979335963726044	0.0
0.130174919962883	0.0
0.3771377205848694	1.0
0.11585379391908646	0.0
0.015881497412919998	0.0
0.3771377205848694	0.0
0.13371658325195312	0.0
0.2861982583999634	0.0
5.540477445720171e-07	0.0
0.015940755605697632	0.0
0.02109677717089653	0.0
0.03208528086543083	0.0
0.07938364148139954	0.0
0.021322080865502357	0.0
0.37583503127098083	0.0
0.28200802206993103	0.0
0.011686999350786209	0.0
0.2221827656030655	0.0
0.36830416321754456	0.0
0.1314973384141922	0.0
0.020319703966379166	0.0
0.345401406288147	0.0
0.3713853061199188	1.0
0.0011132184881716967	0.0
0.33895573019981384	0.0
0.0818091481924057	0.0
0.09703214466571808	0.0
0.2515392005443573	0.0
0.11687522381544113	1.0
0.3745836019515991	0.0
0.0036496955435723066	0.0
0.1684580147266388	0.0
0.05606171861290932	0.0
0.37076011300086975	0.0
0.37067723274230957	1.0
1.6767571651143953e-05	0.0
0.004111086949706078	0.0
0.06054582819342613	0.0
0.13437673449516296	0.0
0.36481973528862	0.0
0.3771377205848694	1.0
0.0668412446975708	0.0
0.2612985670566559	0.0
2.0877288989140652e-05	0.0
0.027312487363815308	0.0
0.3770611584186554	1.0
0.045902982354164124	0.0
0.3612033426761627	1.0
0.00019035559671465307	0.0
0.037435974925756454	0.0
0.10251334309577942	0.0
0.0002643429324962199	0.0
0.0003843845915980637	0.0
0.1087338775396347	0.0
0.0061410279013216496	0.0
0.034313052892684937	0.0
0.3001408278942108	1.0
0.07985869795084	0.0
0.3771377205848694	0.0
0.004480914678424597	0.0
0.18033917248249054	0.0
0.0009734881459735334	0.0
0.03546280413866043	0.0
0.1108395904302597	0.0
0.010706644505262375	0.0
0.3768354654312134	1.0
0.007659729104489088	0.0
0.31637945771217346	0.0
0.016684280708432198	0.0
0.08183132112026215	0.0
0.2302236557006836	0.0
0.040370527654886246	0.0
0.014972155913710594	0.0
0.23117968440055847	0.0
0.013515043072402477	0.0
0.3771377205848694	1.0
0.09083711355924606	0.0
0.006557439919561148	0.0
0.31158381700515747	0.0
0.16940972208976746	0.0
0.19676630198955536	0.0
0.10210779309272766	1.0
0.12675392627716064	0.0
0.202936589717865	0.0
0.047654520720243454	0.0
0.045377280563116074	0.0
0.3615281879901886	0.0
0.37225061655044556	0.0
0.05908680707216263	0.0
0.2683536112308502	0.0
0.028835363686084747	0.0
0.37160322070121765	0.0
0.1243167519569397	0.0
0.10854724794626236	0.0
0.0007755780243314803	0.0
0.03513867035508156	0.0
0.3771377205848694	0.0
0.00011651877866825089	0.0
0.3771377205848694	0.0
0.35402947664260864	1.0
0.20052245259284973	0.0
0.3771377205848694	0.0
0.052200328558683395	0.0
0.006797183770686388	0.0
0.37710443139076233	1.0
0.051448091864585876	0.0
0.09528663754463196	0.0
0.36635929346084595	0.0
0.03021445870399475	1.0
0.37705758213996887	0.0
0.3771377205848694	1.0
0.04447814077138901	1.0
0.28451550006866455	0.0
0.11745085567235947	0.0
0.04950786381959915	0.0
0.1264866292476654	0.0
0.3739306628704071	1.0
0.056015852838754654	0.0
0.19935056567192078	0.0
0.0664081871509552	0.0
0.364749938249588	0.0
0.005908530671149492	0.0
0.017319602891802788	0.0
0.1727031171321869	0.0
0.02869057096540928	0.0
0.3771377205848694	0.0
0.34839457273483276	0.0
0.2567582130432129	1.0
0.3759881854057312	1.0
0.05120755732059479	0.0
0.002496687462553382	0.0
0.013740628026425838	0.0
0.004097480792552233	0.0
0.013657637871801853	0.0
0.36458462476730347	0.0
0.17505304515361786	0.0
0.0098410714417696	0.0
0.007857710123062134	0.0
1.7879669030662626e-05	0.0
0.377004474401474	0.0
0.17398419976234436	0.0
0.3648265302181244	1.0
0.13946764171123505	0.0
0.020067958161234856	0.0
0.005524127744138241	0.0
3.711638055392541e-05	0.0
0.11977549642324448	0.0
0.33428069949150085	0.0
0.06686567515134811	0.0
0.2941972315311432	0.0
0.14264674484729767	0.0
0.07564505189657211	0.0
0.12976232171058655	0.0
0.13422133028507233	0.0
0.12346141040325165	0.0
0.037436485290527344	0.0
0.020335212349891663	0.0
0.005741891451179981	0.0
0.05610186234116554	0.0
0.026889430359005928	0.0
0.22601762413978577	0.0
0.36368030309677124	0.0
0.33147159218788147	1.0
0.21580272912979126	0.0
0.28326520323753357	0.0
0.06452497094869614	0.0
0.023716650903224945	0.0
0.0003365802112966776	0.0
0.3770761489868164	0.0
0.24387183785438538	1.0
0.05558336153626442	0.0
0.02464369870722294	0.0
0.020638030022382736	0.0
0.02461782842874527	0.0
0.003068645019084215	0.0
0.22188439965248108	0.0
0.0023715170100331306	0.0
0.25038501620292664	0.0
0.08671163767576218	0.0
0.13045763969421387	0.0
0.0013875649310648441	0.0
0.1275804489850998	0.0
0.019864534959197044	0.0
0.37591710686683655	0.0
0.1838996261358261	0.0
0.30054110288619995	0.0
0.07669296860694885	0.0
0.17011216282844543	0.0
0.1046895831823349	0.0
0.14233428239822388	0.0
0.1777607947587967	0.0
0.25336748361587524	0.0
0.13505546748638153	0.0
0.00011951956548728049	0.0
0.06209757924079895	0.0
1.894560773507692e-05	0.0
0.05712560564279556	0.0
0.13028240203857422	1.0
0.12323898822069168	0.0
0.08540807664394379	0.0
0.37696006894111633	0.0
0.1744665503501892	0.0
0.00102814135607332	0.0
0.36312925815582275	0.0
0.01954636164009571	0.0
0.17293508350849152	0.0
0.36687639355659485	0.0
0.0018583323108032346	0.0
0.3771377205848694	1.0
5.2400817367015406e-05	0.0
0.001689595403149724	0.0
0.3483019471168518	1.0
0.3771377205848694	1.0
0.041251618415117264	0.0
0.3771377205848694	0.0
0.3768354654312134	1.0
0.345933735370636	0.0
0.05169015750288963	0.0
0.008482487872242928	0.0
0.04853500798344612	0.0
0.11787760257720947	0.0
0.3738827705383301	1.0
0.02285398729145527	0.0
0.0093635693192482	0.0
0.07107692956924438	0.0
0.03335193544626236	0.0
0.376878559589386	1.0
0.06664934754371643	0.0
0.03722502291202545	1.0
0.3709113299846649	1.0
0.004540685564279556	0.0
0.15298739075660706	0.0
0.27112817764282227	0.0
0.007820545695722103	0.0
0.3134763240814209	1.0
0.07127529382705688	0.0
0.03070448897778988	0.0
0.02728617563843727	0.0
0.0172630213201046	0.0
0.09423477202653885	0.0
0.23104186356067657	0.0
0.3687245845794678	0.0
0.3596099317073822	0.0
0.21501052379608154	0.0
0.07255084812641144	0.0
0.34850576519966125	0.0
0.13841034471988678	0.0
0.0002267413801746443	0.0
0.36516308784484863	0.0
0.002249841345474124	0.0
0.3771377205848694	1.0
0.0027917867992073298	0.0
0.02741040289402008	0.0
0.2659364938735962	1.0
0.01974104717373848	0.0
0.3410411775112152	0.0
0.016844289377331734	0.0
0.320627361536026	0.0
0.17960065603256226	0.0
0.22076497972011566	0.0
0.3771003186702728	1.0
0.37639278173446655	0.0
0.09446520358324051	1.0
0.028462935239076614	0.0
0.028119591996073723	0.0
0.1381833851337433	1.0
0.17719946801662445	1.0
0.33526360988616943	1.0
0.37625375390052795	1.0
0.0023567136377096176	0.0
0.0755896046757698	0.0
0.3771377205848694	0.0
0.014475689269602299	0.0
0.37476247549057007	0.0
0.028096115216612816	0.0
0.3700341582298279	1.0
0.1543419361114502	0.0
0.12003287672996521	0.0
0.3709021508693695	1.0
0.1882311850786209	0.0
0.01137421652674675	0.0
0.3770734369754791	1.0
0.3727794587612152	1.0
0.3733803331851959	0.0
0.3711673617362976	1.0
0.37160196900367737	0.0
0.37697434425354004	1.0
0.0005131806246936321	0.0
0.00622780853882432	0.0
0.0020611246582120657	0.0
0.03604767099022865	0.0
0.2047402709722519	0.0
0.0017423209501430392	0.0
0.09983247518539429	0.0
0.0014609749196097255	0.0
0.02516523376107216	0.0
0.003083664458245039	0.0
0.0029857843182981014	0.0
0.1506890058517456	0.0
0.36041638255119324	1.0
0.16641639173030853	0.0
0.10316770523786545	1.0
0.37460342049598694	0.0
0.01858697645366192	0.0
0.06092130392789841	0.0
0.02070741169154644	0.0
0.01413790974766016	0.0
0.3379529118537903	1.0
0.16408182680606842	1.0
0.009191305376589298	0.0
0.0005055372603237629	0.0
0.37646228075027466	1.0
0.3759242296218872	0.0
0.0848362147808075	0.0
0.0018019052222371101	0.0
0.3768354654312134	0.0
0.1453211009502411	0.0
0.3183276951313019	0.0
0.17591285705566406	0.0
0.226423442363739	0.0
0.01571502536535263	0.0
0.2404128462076187	1.0
0.002339973347261548	0.0
0.015458812937140465	0.0
0.022982798516750336	0.0
0.011103788390755653	0.0
0.2172510325908661	0.0
0.040386758744716644	0.0
0.3687145709991455	0.0
0.3669581115245819	0.0
0.0031596259213984013	0.0
0.0008229205850511789	0.0
0.12373384088277817	0.0
0.005477318540215492	0.0
0.06802999973297119	0.0
0.3771377205848694	1.0
0.3771377205848694	1.0
0.3278055489063263	0.0
0.009159564040601254	0.0
0.02132146805524826	0.0
0.16311827301979065	0.0
0.18048693239688873	0.0
0.17508719861507416	0.0
0.3263606131076813	0.0
0.06705254316329956	0.0
0.1253833770751953	1.0
0.0008182551828213036	0.0
0.00629216805100441	0.0
0.36258837580680847	0.0
0.11423444002866745	0.0
0.0464717335999012	0.0
0.00934551004320383	0.0
0.10324985533952713	0.0
0.1274290531873703	1.0
0.3771377205848694	1.0
0.37260106205940247	1.0
0.33526670932769775	0.0
0.24049444496631622	1.0
0.37332531809806824	1.0
0.3127342760562897	0.0
0.12759558856487274	0.0
0.37678444385528564	1.0
0.3694570064544678	0.0
0.12364117801189423	0.0
0.3674602210521698	1.0
0.0005254744319245219	0.0
0.3737840950489044	1.0
0.05313040316104889	1.0
0.3675292134284973	0.0
0.009002726525068283	0.0
0.374282568693161	1.0
9.277557546738535e-05	0.0
0.06491511315107346	0.0
0.023933619260787964	0.0
0.3767283856868744	1.0
0.08169728517532349	0.0
0.00839260034263134	0.0
0.2113124281167984	0.0
0.2235943228006363	0.0
0.3481403887271881	0.0
0.24009937047958374	0.0
0.370999276638031	0.0
0.01020523440092802	0.0
0.04198499768972397	0.0
0.37252679467201233	0.0
0.12377411127090454	0.0
0.348031222820282	1.0
0.007817501202225685	0.0
0.37706315517425537	1.0
0.3272678256034851	0.0
0.1664028763771057	0.0
0.3565763831138611	0.0
0.37526437640190125	0.0
0.370712548494339	1.0
0.1985519975423813	0.0
0.3770239055156708	1.0
0.051143500953912735	0.0
0.0062828813679516315	0.0
0.371232271194458	1.0
0.37683457136154175	0.0
0.11461648344993591	0.0
0.007009007502347231	0.0
0.06726191937923431	0.0
0.024072779342532158	0.0
0.37703937292099	0.0
0.02042492851614952	0.0
0.27256399393081665	0.0
0.1669105440378189	0.0
0.06561274081468582	0.0
0.16729317605495453	0.0
0.024304231628775597	0.0
0.09257917106151581	0.0
0.16433794796466827	1.0
0.1487404704093933	0.0
0.184424489736557	0.0
0.013989504426717758	0.0
0.1754610687494278	0.0
0.012558146379888058	0.0
0.3760628402233124	1.0
0.3754795491695404	0.0
0.20075252652168274	0.0
0.3284549117088318	1.0
0.1110934317111969	0.0
0.3771377205848694	1.0
0.3115968406200409	0.0
0.3651772439479828	0.0
0.251179039478302	0.0
0.04800496622920036	0.0
0.37222743034362793	0.0
0.27777165174484253	0.0
0.17504873871803284	0.0
0.056039780378341675	0.0
0.3771377205848694	0.0
0.3770570755004883	0.0
0.001178935868665576	0.0
0.0007044515805318952	0.0
0.01447443850338459	0.0
0.05406620725989342	0.0
0.37664109468460083	0.0
0.18581324815750122	0.0
0.3165978491306305	1.0
0.37695759534835815	1.0
0.35822999477386475	0.0
0.11658531427383423	0.0
0.1583695262670517	1.0
0.0024655621964484453	0.0
0.3760874569416046	1.0
0.37178370356559753	0.0
0.3767201006412506	0.0
0.005584480706602335	0.0
0.2470179796218872	0.0
0.3771377205848694	1.0
0.2908187210559845	0.0
0.3182845711708069	0.0
0.011551673524081707	0.0
0.185146763920784	0.0
0.008265036158263683	0.0
0.002359968377277255	0.0
0.02117345854640007	1.0
0.0012316997162997723	0.0
0.3768649995326996	1.0
0.011216359212994576	0.0
0.3771377205848694	1.0
0.1757136434316635	0.0
0.07228950411081314	0.0
0.36377719044685364	0.0
0.001150182681158185	0.0
0.0036995927803218365	0.0
0.3521036207675934	0.0
0.34267085790634155	1.0
0.021266423165798187	0.0
0.04937943071126938	1.0
0.0729101374745369	0.0
0.1502867341041565	0.0
0.013490759767591953	0.0
0.002108045155182481	0.0
0.21125341951847076	0.0
0.03956099599599838	0.0
0.015297990292310715	0.0
0.06530661880970001	0.0
0.36188891530036926	0.0
0.15124408900737762	1.0
0.1123352125287056	0.0
0.005472478456795216	0.0
0.07170653343200684	0.0
0.09904658049345016	0.0
0.0632694810628891	0.0
0.23842424154281616	0.0
0.008129928261041641	1.0
0.17209967970848083	0.0
0.015848662704229355	0.0
0.07130008935928345	0.0
0.3680393397808075	1.0
0.0004853671707678586	0.0
0.06963856518268585	0.0
0.014470820315182209	0.0
0.19511784613132477	0.0
0.34508997201919556	0.0
0.2556038498878479	1.0
0.16208378970623016	0.0
5.508060348802246e-05	0.0
0.039309579879045486	0.0
0.07767920941114426	0.0
0.046765200793743134	0.0
0.23717866837978363	0.0
0.3752343952655792	0.0
5.393202809500508e-05	0.0
0.20057937502861023	1.0
0.3266797363758087	1.0
0.005988646764308214	0.0
0.3654935657978058	0.0
0.018346836790442467	0.0
0.07028407603502274	0.0
0.36318036913871765	1.0
0.3736133575439453	1.0
0.04440980404615402	0.0
0.3771377205848694	1.0
0.034031566232442856	0.0
0.3742496073246002	0.0
0.27783554792404175	1.0
0.0394529365003109	0.0
0.010216685011982918	0.0
0.3428577184677124	0.0
0.013965575955808163	0.0
0.08744466304779053	0.0
0.01928568445146084	1.0
0.006558440160006285	0.0
0.009719590656459332	0.0
0.025577398017048836	0.0
0.1280360370874405	0.0
0.22974053025245667	0.0
0.0634227991104126	0.0
0.3761358857154846	0.0
0.2193133682012558	0.0
0.29908108711242676	0.0
0.35536178946495056	1.0
0.008603707887232304	0.0
0.015320878475904465	0.0
0.18156366050243378	0.0
0.36848312616348267	0.0
0.2152484655380249	0.0
0.137269526720047	0.0
0.0212772898375988	0.0
0.35242941975593567	0.0
0.13296329975128174	0.0
0.3760773241519928	0.0
0.00017644943727646023	0.0
0.3533484935760498	0.0
0.06254605948925018	0.0
0.37685781717300415	0.0
0.36737707257270813	1.0
0.09350132942199707	0.0
0.23330481350421906	0.0
0.0020926869474351406	0.0
0.011472786776721478	0.0
0.19845925271511078	0.0
0.036303840577602386	0.0
0.02606136165559292	0.0
0.16638576984405518	0.0
0.2481321096420288	0.0
0.00010951767762890086	0.0
0.3597724735736847	1.0
0.06830542534589767	0.0
0.02440865896642208	0.0
0.3768323063850403	0.0
0.20478716492652893	0.0
0.3771377205848694	0.0
0.29120349884033203	0.0
0.012826664373278618	0.0
0.2862703204154968	0.0
0.11730525642633438	0.0
0.07046657055616379	0.0
0.006490316707640886	0.0
0.06770151853561401	0.0
0.1779600977897644	0.0
0.0943114161491394	0.0
0.13521923124790192	0.0
0.1144724115729332	0.0
0.007819265127182007	0.0
0.3124348521232605	0.0
0.09240487962961197	0.0
0.3771377205848694	1.0
0.02457142062485218	0.0
0.04194362834095955	0.0
0.3722097873687744	0.0
0.07050418853759766	0.0
0.025119366124272346	0.0
0.2784120440483093	0.0
0.16759251058101654	0.0
0.3554157614707947	0.0
0.36631935834884644	1.0
0.09847867488861084	0.0
0.057857315987348557	0.0
0.03392898291349411	0.0
0.2457147091627121	0.0
0.19362807273864746	0.0
0.00023543284623883665	0.0
0.37640395760536194	0.0
0.373705118894577	1.0
0.15057812631130219	0.0
0.37496522068977356	0.0
0.06653531640768051	0.0
0.3771377205848694	0.0
0.0023927914444357157	0.0
0.12703536450862885	0.0
0.3081445097923279	0.0
0.1913190484046936	0.0
0.09049181640148163	0.0
0.002862818306311965	0.0
0.054350171238183975	0.0
0.35007721185684204	0.0
0.16780711710453033	0.0
0.045015040785074234	0.0
0.2988348603248596	0.0
0.00039399019442498684	0.0
0.0020890734158456326	0.0
0.3736921548843384	0.0
0.059393253177404404	0.0
0.04392390698194504	0.0
0.012953042984008789	0.0
0.14354032278060913	0.0
0.3766497075557709	1.0
0.00959926936775446	0.0
0.3771377205848694	1.0
0.29666444659233093	0.0
0.03204907849431038	0.0
0.05946297198534012	0.0
0.002401801524683833	0.0
0.36991384625434875	0.0
0.37616321444511414	0.0
0.02600587159395218	0.0
0.2518017590045929	0.0
0.007336732465773821	0.0
0.05591777712106705	0.0
0.22935746610164642	0.0
0.37386712431907654	1.0
0.19710375368595123	1.0
0.180270716547966	1.0
0.16233578324317932	0.0
0.003937414847314358	0.0
0.00012813873763661832	0.0
0.33404603600502014	0.0
0.043802738189697266	0.0
0.009557693265378475	0.0
0.012007339857518673	0.0
0.007170045282691717	0.0
0.00042663956992328167	0.0
0.16578000783920288	0.0
0.34713098406791687	0.0
0.0006641139625571668	0.0
0.03541924059391022	0.0
0.0012577861780300736	0.0
0.0024353512562811375	0.0
0.015322266146540642	0.0
0.003611420514062047	0.0
0.005778435152024031	0.0
0.06418408453464508	0.0
0.07757586240768433	0.0
0.15383851528167725	0.0
0.3662184178829193	1.0
0.36260539293289185	1.0
0.37645193934440613	0.0
0.37709900736808777	1.0
0.29229646921157837	1.0
0.0670509785413742	0.0
0.036985594779253006	0.0
0.24421817064285278	1.0
0.2530106008052826	0.0
0.10535925626754761	0.0
0.0013425197685137391	0.0
0.1700884848833084	0.0
0.3771377205848694	0.0
0.011634254828095436	0.0
0.37708398699760437	0.0
0.3321317732334137	1.0
0.0014562681317329407	0.0
0.11104951798915863	0.0
0.12625302374362946	0.0
0.002178819151595235	0.0
0.12083803117275238	0.0
0.00729720015078783	0.0
0.0016612759791314602	0.0
0.35777392983436584	0.0
0.09699001163244247	0.0
0.3771377205848694	1.0
0.24733243882656097	0.0
0.12311946600675583	1.0
0.3770999610424042	1.0
0.03484250232577324	0.0
0.37012267112731934	1.0
0.2912290096282959	0.0
0.21676205098628998	0.0
0.000694863498210907	0.0
0.21506604552268982	0.0
0.060257572680711746	0.0
0.17876335978507996	1.0
0.14006462693214417	0.0
0.0039183469489216805	0.0
0.2915819585323334	1.0
0.10300105810165405	0.0
0.0032774764113128185	0.0
0.23383645713329315	0.0
0.003902752185240388	0.0
0.003967670723795891	0.0
0.009952221065759659	0.0
0.09959231317043304	0.0
0.1433812975883484	0.0
0.12127702683210373	0.0
0.007663325406610966	0.0
0.2556777000427246	1.0
0.011620133183896542	0.0
0.3266083002090454	0.0
0.13566075265407562	0.0
0.25738197565078735	0.0
0.26191192865371704	0.0
0.368904173374176	0.0
0.36526739597320557	1.0
0.013142764568328857	0.0
0.13135376572608948	0.0
0.12212047725915909	0.0
0.05446206033229828	0.0
0.021437887102365494	0.0
0.035827599465847015	0.0
0.10685364902019501	0.0
0.29648786783218384	0.0
0.0011535666417330503	0.0
0.3771377205848694	1.0
0.06929732859134674	0.0
0.25187912583351135	0.0
0.06270574033260345	1.0
0.343749076128006	0.0
0.3770642578601837	1.0
0.37566158175468445	1.0
0.18636591732501984	0.0
0.0358806811273098	0.0
0.12112510204315186	0.0
0.00031761900754645467	0.0
0.3088882267475128	1.0
0.3359740972518921	0.0
0.24755871295928955	1.0
0.12249580770730972	0.0
0.04528156295418739	0.0
0.2357044667005539	0.0
0.021177737042307854	0.0
0.06464862823486328	0.0
0.3713691532611847	1.0
0.3197246193885803	0.0
0.3063432574272156	0.0
0.36239093542099	1.0
0.004187486134469509	0.0
0.004685981664806604	0.0
0.17309756577014923	0.0
0.36477118730545044	0.0
0.32266107201576233	0.0
0.06238618493080139	0.0
0.3731483519077301	0.0
0.19981123507022858	0.0
0.0343179814517498	0.0
0.018242545425891876	0.0
0.375543475151062	1.0
0.008532410487532616	0.0
0.3540298342704773	0.0
0.004312070552259684	0.0
0.313073068857193	0.0
0.36245301365852356	0.0
0.37569472193717957	1.0
0.3771377205848694	1.0
0.03145334869623184	0.0
0.17277953028678894	0.0
0.22756412625312805	0.0
0.010095412842929363	0.0
0.08416470885276794	0.0
0.003045317716896534	0.0
0.001839193981140852	0.0
0.07619072496891022	0.0
0.004185756668448448	0.0
0.37617596983909607	1.0
0.05246836692094803	0.0
0.3771377205848694	1.0
0.3771377205848694	1.0
0.019567126408219337	0.0
0.35642144083976746	0.0
0.11468196660280228	0.0
0.10906559228897095	0.0
0.017122289165854454	0.0
0.19601044058799744	0.0
0.008912689052522182	0.0
0.09953673183917999	0.0
0.3672049045562744	0.0
0.3771377205848694	0.0
0.0632728636264801	0.0
0.01342834997922182	0.0
0.22788973152637482	0.0
0.011568962596356869	0.0
0.10863250494003296	0.0
0.37682417035102844	1.0
0.114773690700531	1.0
0.36311331391334534	0.0
0.25416040420532227	0.0
0.3770173490047455	0.0
0.37104278802871704	1.0
0.15576153993606567	0.0
0.025514213368296623	0.0
0.0042000096291303635	0.0
0.2745314836502075	0.0
0.14992962777614594	0.0
0.3666655421257019	0.0
0.09035078436136246	0.0
0.014513840898871422	0.0
0.08344239741563797	1.0
0.36856067180633545	1.0
0.01910044439136982	0.0
0.3771377205848694	0.0
0.14990781247615814	0.0
0.012188384309411049	0.0
0.04649823531508446	0.0
0.1040257140994072	0.0
0.1682395488023758	0.0
0.08618319779634476	0.0
0.0021289922297000885	0.0
0.3749954104423523	1.0
0.005341568496078253	0.0
0.36677223443984985	1.0
0.0499737448990345	0.0
0.0008357736514881253	0.0
0.3598562777042389	0.0
0.0006631760625168681	0.0
0.3593652844429016	0.0
0.07149452716112137	0.0
0.06960083544254303	0.0
0.12533627450466156	0.0
0.02164517156779766	0.0
0.1910899430513382	0.0
0.012336635030806065	0.0
0.0977528914809227	0.0
0.3746943175792694	1.0
0.15907582640647888	0.0
0.022819116711616516	0.0
0.17248201370239258	0.0
0.15872246026992798	0.0
0.013197020627558231	0.0
0.01883896440267563	0.0
0.017142916098237038	0.0
0.034556057304143906	0.0
0.0940723642706871	0.0
0.05761440098285675	1.0
0.366306871175766	0.0
0.10547671467065811	0.0
0.14235901832580566	0.0
0.0076550329104065895	0.0
0.008329808712005615	0.0
0.2274698168039322	0.0
0.0008058444363996387	0.0
0.2321484535932541	0.0
0.032076645642519	0.0
0.0008046604343689978	0.0
0.010753697715699673	0.0
0.03128596022725105	0.0
0.0700359120965004	0.0
0.3395005166530609	1.0
0.3741280138492584	0.0
0.3750761151313782	1.0
0.1327095478773117	0.0
0.26081815361976624	0.0
0.19510966539382935	0.0
0.14830957353115082	0.0
0.01534099131822586	0.0
0.03536417707800865	0.0
0.12146125733852386	0.0
0.1837465614080429	0.0
0.02361227571964264	0.0
0.117979995906353	0.0
0.1729767918586731	0.0
0.11834486573934555	1.0
0.0678887888789177	0.0
0.04395747184753418	0.0
0.002847043564543128	0.0
0.303781121969223	0.0
0.04831646382808685	0.0
0.1293979436159134	0.0
0.17741553485393524	1.0
0.008182664401829243	0.0
0.03119170106947422	0.0
0.010441908612847328	0.0
0.3602503538131714	0.0
0.015710527077317238	0.0
0.20492511987686157	0.0
0.3615453839302063	0.0
0.3771377205848694	1.0
0.2835118770599365	0.0
0.04397343471646309	0.0
0.36458343267440796	0.0
0.2437489926815033	0.0
0.37689223885536194	1.0
0.36069756746292114	0.0
0.006086195819079876	0.0
0.004488592967391014	0.0
0.11574312299489975	0.0
0.15046042203903198	0.0
0.3637057840824127	1.0
0.01697528176009655	0.0
0.002970535308122635	0.0
0.022523924708366394	0.0
0.02872350998222828	0.0
0.034903448075056076	0.0
0.12603157758712769	0.0
0.3307247459888458	0.0
0.177280992269516	0.0
0.3768354654312134	1.0
0.021956229582428932	0.0
0.3600274622440338	1.0
0.3771377205848694	0.0
0.3326217234134674	1.0
0.34353312849998474	0.0
0.0042871045880019665	0.0
0.3771377205848694	0.0
0.08383550494909286	0.0
0.22497841715812683	0.0
0.047610968351364136	0.0
0.0065781353041529655	0.0
0.36217331886291504	0.0
0.010665384121239185	0.0
0.01440657489001751	0.0
0.023784274235367775	0.0
0.006297628860920668	0.0
0.10273517668247223	0.0
0.1074226126074791	0.0
0.03591425344347954	0.0
0.07935062795877457	0.0
0.05018528178334236	0.0
0.08566217124462128	0.0
0.020986929535865784	0.0
0.37697961926460266	0.0
0.01382577233016491	0.0
0.11815857142210007	0.0
0.03011469915509224	0.0
0.37571612000465393	0.0
0.3771377205848694	1.0
0.13562199473381042	0.0
0.3715363144874573	0.0
0.36357489228248596	1.0
0.3764386773109436	0.0
0.0035986360162496567	0.0
0.11773249506950378	0.0
0.1589745134115219	1.0
0.3771377205848694	1.0
0.36686304211616516	0.0
0.33079051971435547	0.0
0.007707640528678894	0.0
0.3612080216407776	0.0
0.22933825850486755	1.0
0.1736259162425995	1.0
0.029017621651291847	0.0
0.3751130998134613	0.0
0.0001743992615956813	0.0
0.03148815408349037	0.0
0.2722254693508148	0.0
0.010747849941253662	0.0
0.0002201180614065379	0.0
0.029715392738580704	0.0
0.3287246525287628	0.0
0.036882102489471436	0.0
0.20794397592544556	1.0
0.01415883470326662	0.0
0.01506179478019476	0.0
0.01611107401549816	0.0
0.30221280455589294	1.0
0.00047337578143924475	0.0
0.004940812010318041	0.0
0.3770459294319153	0.0
0.09962933510541916	0.0
0.025914805009961128	0.0
0.019418710842728615	0.0
0.3681393265724182	1.0
0.19601178169250488	0.0
0.0031930916011333466	0.0
0.16745465993881226	0.0
0.16840317845344543	1.0
0.22037436068058014	0.0
0.02602219767868519	0.0
0.3453264832496643	1.0
0.3576410412788391	0.0
0.32343965768814087	0.0
0.022628387436270714	0.0
0.3465327024459839	0.0
0.008495213463902473	0.0
0.010747991502285004	1.0
0.0707007646560669	0.0
0.20342406630516052	0.0
0.0039135185070335865	0.0
0.3613772988319397	0.0
0.2679460942745209	0.0
0.024941058829426765	0.0
0.16043344140052795	0.0
0.3757745623588562	1.0
0.07677993923425674	1.0
0.3771377205848694	1.0
0.054668840020895004	0.0
0.053696900606155396	0.0
0.05838564783334732	1.0
0.37711113691329956	1.0
0.10757594555616379	0.0
0.004369643051177263	0.0
0.050431281328201294	0.0
0.10816121101379395	0.0
0.0005667192745022476	0.0
0.37175846099853516	0.0
0.03051024116575718	0.0
0.0016159797087311745	0.0
0.0004028503317385912	0.0
0.3453531861305237	0.0
0.28810930252075195	0.0
0.0013249523472040892	0.0
0.22135044634342194	0.0
0.010993747971951962	0.0
0.0037425283808261156	0.0
0.3771377205848694	0.0
0.3755359947681427	0.0
0.37712615728378296	1.0
0.008436431176960468	0.0
0.10926784574985504	0.0
0.07504131644964218	0.0
0.3626626133918762	0.0
0.04109431803226471	0.0
0.002250988269224763	0.0
0.015378808602690697	0.0
0.08790390193462372	0.0
0.10958490520715714	0.0
0.27268362045288086	0.0
0.001468965783715248	0.0
0.013292661868035793	0.0
0.36073338985443115	1.0
0.37703853845596313	0.0
0.16316106915473938	0.0
0.1356935054063797	0.0
0.02508164756000042	0.0
0.07990581542253494	0.0
0.37115612626075745	0.0
0.0015355313662439585	0.0
0.0551154762506485	0.0
0.05976655334234238	0.0
0.3771377205848694	1.0
0.3725931942462921	0.0
0.023093722760677338	0.0
0.2570713460445404	0.0
0.046828579157590866	0.0
0.37706291675567627	1.0
0.01745847798883915	0.0
0.036242883652448654	0.0
0.19670186936855316	0.0
0.00472183246165514	0.0
0.18376879394054413	0.0
0.0028309097979217768	0.0
0.0038250868674367666	0.0
0.17963045835494995	0.0
0.10065370798110962	0.0
0.03787507116794586	0.0
0.002061963314190507	0.0
0.08613969385623932	0.0
0.3548198938369751	0.0
0.3727693259716034	1.0
0.0025315568782389164	0.0
0.17088177800178528	0.0
0.027237240225076675	0.0
0.0010674080112949014	0.0
0.0010348797077313066	0.0
0.3692789375782013	0.0
0.0005061621777713299	0.0
0.2073250710964203	0.0
0.0592181496322155	0.0
0.37369897961616516	1.0
0.02697797678411007	0.0
0.36753228306770325	1.0
0.0069511220790445805	0.0
0.008242293260991573	0.0
0.03654251620173454	0.0
0.020015062764286995	0.0
0.019757578149437904	0.0
0.022585516795516014	0.0
0.2270020842552185	1.0
0.001984804403036833	0.0
0.010840121656656265	0.0
0.183159738779068	0.0
0.0020621928852051497	0.0
0.0021937838755548	0.0
0.36983025074005127	0.0
0.0052098422311246395	0.0
0.26305142045021057	0.0
0.15628394484519958	0.0
0.028937460854649544	0.0
0.37707480788230896	0.0
0.3769809305667877	0.0
0.07903795689344406	0.0
0.0706971064209938	0.0
0.04537683725357056	0.0
0.21207596361637115	0.0
0.31759288907051086	0.0
0.22791442275047302	0.0
0.0570223443210125	0.0
0.006186877377331257	0.0
0.374481737613678	0.0
0.020757175981998444	0.0
0.37413305044174194	0.0
0.0018335449276492	0.0
0.18891772627830505	0.0
0.3652711510658264	1.0
0.1305454522371292	1.0
0.030480336397886276	0.0
0.36636558175086975	0.0
0.19807478785514832	0.0
0.08209850639104843	0.0
0.000532128382474184	0.0
0.17328770458698273	0.0
0.03194449841976166	0.0
0.17094887793064117	0.0
0.006558477412909269	0.0
0.0010924657108262181	0.0
0.028108257800340652	1.0
0.03215035796165466	0.0
0.3572825789451599	0.0
0.3771377205848694	0.0
0.027221497148275375	0.0
0.01203775405883789	0.0
0.0230997484177351	0.0
0.2919197678565979	0.0
0.15671679377555847	0.0
0.002992964116856456	0.0
0.3418738543987274	1.0
0.027356747537851334	0.0
0.004443577956408262	0.0
0.0015607360983267426	0.0
0.06092052534222603	0.0
0.11904455721378326	1.0
0.19212225079536438	0.0
0.37041017413139343	0.0
0.3771377205848694	0.0
0.0035895255859941244	0.0
0.2182786464691162	0.0
0.359983891248703	1.0
0.07518003135919571	0.0
0.2598436176776886	0.0
0.3642195761203766	1.0
0.22526468336582184	0.0
0.10567492246627808	0.0
0.37173330783843994	0.0
0.37668710947036743	1.0
0.2590712308883667	0.0
0.04698567092418671	0.0
0.03234190493822098	0.0
0.09954731911420822	1.0
0.3771377205848694	1.0
0.3771377205848694	0.0
0.10714739561080933	0.0
0.09643060714006424	0.0
0.0007464055088348687	0.0
0.025795605033636093	0.0
0.36741551756858826	0.0
0.24234998226165771	0.0
0.15193137526512146	0.0
0.3464404046535492	0.0
0.0006182418437674642	0.0
0.06905872374773026	0.0
0.17752818763256073	1.0
0.00023390332353301346	0.0
0.3404502868652344	0.0
0.3608190417289734	0.0
0.06537242978811264	0.0
0.3771377205848694	0.0
0.3771377205848694	1.0
0.013543902896344662	0.0
0.045966897159814835	0.0
0.06242842227220535	0.0
0.3111344873905182	0.0
0.14081549644470215	1.0
0.37254971265792847	0.0
0.06279879063367844	0.0
0.06343003362417221	0.0
0.12182669341564178	0.0
0.37583109736442566	1.0
5.462254921440035e-05	0.0
0.28926923871040344	1.0
0.04447159543633461	0.0
0.003305028658360243	0.0
0.013178962282836437	0.0
0.1167534738779068	0.0
0.021633844822645187	0.0
0.008902030996978283	0.0
0.0014512332854792476	0.0
0.3346942961215973	0.0
0.09196434915065765	0.0
0.1685093194246292	0.0
0.012798969633877277	0.0
0.02750786952674389	1.0
0.18089376389980316	0.0
0.35407358407974243	0.0
0.36383339762687683	0.0
0.010588277131319046	0.0
0.01215434167534113	1.0
0.009633338078856468	0.0
0.30323702096939087	0.0
9.143913484876975e-05	0.0
0.012997223995625973	0.0
0.37611451745033264	1.0
0.0024238715413957834	0.0
0.02290581539273262	0.0
0.015884140506386757	0.0
0.3036893904209137	0.0
0.033667877316474915	0.0
0.07776404917240143	0.0
0.1641554981470108	1.0
0.3759351074695587	0.0
0.046318698674440384	0.0
0.0005266015650704503	0.0
0.2520185708999634	1.0
0.20020192861557007	0.0
0.3697003126144409	0.0
0.2338872104883194	0.0
0.3771377205848694	0.0
0.03307483345270157	0.0
0.31552451848983765	1.0
0.3771377205848694	1.0
0.36298924684524536	0.0
0.004074841272085905	0.0
0.0028413867112249136	0.0
0.04533149674534798	0.0
0.11217787861824036	0.0
0.064939945936203	0.0
0.01895378902554512	0.0
0.3763558566570282	0.0
0.10334848612546921	0.0
0.1314130574464798	0.0
0.3771377205848694	0.0
0.29078561067581177	1.0
0.37675905227661133	1.0
0.37299153208732605	1.0
0.0846920907497406	1.0
0.03128957003355026	0.0
0.3771377205848694	1.0
0.3243196904659271	0.0
0.3771377205848694	0.0
0.24486996233463287	0.0
0.3746388852596283	1.0
0.1205468475818634	0.0
0.1478939652442932	1.0
0.03797950968146324	0.0
0.03801465034484863	0.0
0.18973757326602936	0.0
0.36930590867996216	0.0
0.2792380154132843	0.0
0.3670629858970642	1.0
0.24785234034061432	0.0
2.2971014914219268e-05	0.0
0.003022783901542425	0.0
0.06914544105529785	0.0
0.31989163160324097	1.0
0.01608266308903694	0.0
0.0301740150898695	0.0
0.3765178918838501	1.0
0.2456924319267273	1.0
0.37467440962791443	0.0
0.01756163127720356	0.0
0.14153780043125153	0.0
0.03148333355784416	0.0
0.3719760477542877	0.0
0.0066045839339494705	0.0
0.3194323182106018	0.0
0.0519503578543663	0.0
0.02332778461277485	0.0
0.09433068335056305	0.0
0.15347011387348175	0.0
0.014057162217795849	0.0
0.11122369021177292	1.0
0.002969813533127308	0.0
0.36188215017318726	0.0
0.3657852113246918	0.0
0.038385920226573944	0.0
0.0006128048407845199	0.0
0.012654668651521206	0.0
0.10263662785291672	0.0
0.2587277293205261	0.0
0.008597125299274921	0.0
0.050699569284915924	0.0
0.0009061059099622071	0.0
0.1542467325925827	0.0
0.37711939215660095	0.0
0.14165908098220825	0.0
0.021614575758576393	0.0
0.009348511695861816	0.0
0.30653271079063416	0.0
0.20020264387130737	0.0
0.19795209169387817	0.0
0.10378453880548477	0.0
0.2730584442615509	1.0
0.3758326768875122	1.0
2.046105873887427e-05	0.0
0.368981271982193	1.0
0.35327431559562683	0.0
0.05644872412085533	0.0
0.09500950574874878	1.0
0.1797982156276703	0.0
0.055717065930366516	0.0
0.006610330659896135	0.0
0.007947311736643314	0.0
0.03835557773709297	0.0
0.35663580894470215	0.0
0.10559176653623581	0.0
0.00972755253314972	0.0
0.374884694814682	1.0
0.08531169593334198	0.0
0.000858943909406662	0.0
0.1676711142063141	1.0
0.0053668455220758915	0.0
0.01168801262974739	0.0
0.3549295961856842	0.0
0.16259543597698212	0.0
0.00027282407972961664	0.0
0.2135213017463684	1.0
0.02089725062251091	0.0
1.791118847904727e-05	0.0
0.14956235885620117	0.0
0.03642425686120987	0.0
0.17908968031406403	0.0
0.01967063546180725	0.0
0.1106157973408699	1.0
0.002290736185386777	0.0
0.0612642727792263	0.0
0.30139368772506714	0.0
0.27857980132102966	0.0
0.002502004848793149	0.0
0.005298397969454527	0.0
0.263016015291214	0.0
0.006684971507638693	0.0
0.040430791676044464	0.0
0.21608112752437592	0.0
0.01592184230685234	0.0
0.2975093424320221	0.0
0.043072763830423355	0.0
0.0007457855390384793	0.0
0.2607837915420532	0.0
0.008838624693453312	0.0
0.15868210792541504	0.0
0.007533371448516846	0.0
0.014613170176744461	0.0
0.16676731407642365	0.0
0.23196063935756683	1.0
0.0003410950012039393	0.0
0.1254391074180603	0.0
0.36731937527656555	0.0
0.18256115913391113	0.0
0.3771377205848694	1.0
0.0026609681081026793	0.0
0.003145689144730568	0.0
0.22878393530845642	0.0
0.3770119547843933	0.0
0.004079439677298069	0.0
0.3771377205848694	1.0
0.00267454469576478	0.0
0.0006325214053504169	0.0
0.06558369100093842	0.0
0.03227722644805908	0.0
0.00041934734326787293	0.0
0.13188965618610382	0.0
0.017452074214816093	0.0
0.07684739679098129	0.0
0.3095311224460602	0.0
0.3771377205848694	0.0
0.059268783777952194	0.0
0.011020828038454056	0.0
0.006677146069705486	0.0
0.001347137033008039	0.0
0.005222746171057224	0.0
0.05075076222419739	0.0
0.20270425081253052	0.0
0.006035888101905584	0.0
0.3117612302303314	0.0
0.306905597448349	0.0
0.0009859876008704305	0.0
0.0036257815081626177	0.0
0.3746245801448822	0.0
0.0018543017795309424	0.0
0.2919115424156189	0.0
0.3753800690174103	0.0
0.09923586249351501	0.0
0.29049476981163025	1.0
0.027747079730033875	0.0
0.14820978045463562	1.0
0.3768339455127716	0.0
0.011587810702621937	0.0
0.05479602515697479	0.0
0.009778901934623718	0.0
0.37707141041755676	0.0
0.36520302295684814	1.0
0.05559993162751198	1.0
0.09677829593420029	0.0
0.0020545735023915768	0.0
0.36951661109924316	0.0
0.37583979964256287	0.0
0.0034228910226374865	0.0
0.34562963247299194	0.0
0.36516353487968445	0.0
0.17140133678913116	0.0
0.10560432821512222	1.0
0.09449262171983719	0.0
0.008340568281710148	0.0
0.1415385901927948	0.0
0.038643982261419296	0.0
0.37098419666290283	0.0
0.18717214465141296	0.0
0.07013814151287079	0.0
0.003153444267809391	0.0
0.3669440746307373	0.0
0.20075663924217224	0.0
0.0716167613863945	0.0
0.016421722248196602	0.0
0.005612997338175774	0.0
0.02117479220032692	0.0
0.37626636028289795	0.0
0.37620773911476135	0.0
0.3771377205848694	0.0
0.374772310256958	1.0
0.3769926428794861	0.0
0.3496086895465851	0.0
0.37497222423553467	1.0
0.1425342559814453	0.0
0.32075971364974976	0.0
0.040368955582380295	0.0
0.37634074687957764	0.0
0.00025494344299659133	0.0
0.012897772714495659	0.0
0.1380724310874939	0.0
0.02266811951994896	0.0
0.10691617429256439	0.0
0.020719656720757484	0.0
0.1951640248298645	0.0
0.3334651291370392	0.0
0.00040928489761427045	0.0
0.04719537869095802	1.0
0.0032484435942023993	0.0
0.11478384584188461	1.0
0.04513430595397949	0.0
0.3713204264640808	0.0
0.0071573988534510136	0.0
0.0016260056290775537	0.0
0.08057254552841187	0.0
0.19026271998882294	0.0
0.038158971816301346	0.0
0.1850096881389618	0.0
0.02114783227443695	0.0
0.22877918183803558	1.0
0.3721722662448883	0.0
0.17909181118011475	0.0
0.281249463558197	0.0
0.3768354654312134	0.0
0.37687334418296814	1.0
0.00015668207197450101	0.0
0.0007217371021397412	0.0
0.14721868932247162	0.0
0.14021673798561096	0.0
0.1554502695798874	0.0
0.3771377205848694	0.0
0.3765108585357666	1.0
0.374596506357193	0.0
0.01529249083250761	0.0
0.3766687214374542	0.0
0.10545262694358826	0.0
0.3640340566635132	0.0
0.3768933117389679	0.0
0.11795257776975632	0.0
0.045365605503320694	0.0
0.3081304132938385	1.0
0.30408939719200134	0.0
0.08917129784822464	0.0
0.011060945689678192	0.0
0.10228001326322556	0.0
0.3614007830619812	1.0
0.027082988992333412	0.0
0.03850116953253746	0.0
0.2590740919113159	0.0
0.004221232607960701	0.0
0.31859296560287476	1.0
0.20615701377391815	0.0
0.0010599540546536446	0.0
0.23083257675170898	1.0
0.3676496148109436	0.0
0.04047582671046257	0.0
0.009695195592939854	0.0
0.028455594554543495	0.0
0.11940072476863861	0.0
0.0012912448728457093	0.0
0.0792175903916359	0.0
0.00040688132867217064	0.0
0.0014116335660219193	0.0
0.02252926304936409	0.0
0.3696792423725128	0.0
0.10291703045368195	0.0
0.0025922167114913464	0.0
0.1161939725279808	0.0
0.35491639375686646	0.0
0.37711742520332336	0.0
0.09238354861736298	0.0
0.0002488236641511321	0.0
0.3771377205848694	1.0
0.3169841766357422	1.0
0.010403540916740894	0.0
0.2547513246536255	1.0
0.02556888572871685	0.0
0.37538444995880127	0.0
0.16213972866535187	0.0
0.37708768248558044	0.0
0.11193278431892395	0.0
0.00880432315170765	0.0
0.0005766683607362211	0.0
0.20634488761425018	0.0
0.16614101827144623	0.0
0.30288490653038025	0.0
0.36051633954048157	0.0
0.12932568788528442	0.0
0.0021761138923466206	0.0
0.013368655927479267	0.0
0.3747827410697937	0.0
0.05707639828324318	0.0
0.37014102935791016	1.0
0.0004554482875391841	0.0
0.10052657127380371	1.0
0.051547836512327194	0.0
0.006688819732517004	0.0
0.044765252619981766	0.0
0.1704309582710266	0.0
0.36696773767471313	0.0
0.2696864604949951	0.0
0.004942089784890413	0.0
0.21215635538101196	0.0
0.11698262393474579	0.0
0.07467053085565567	0.0
0.03549211844801903	0.0
0.1631060689687729	0.0
0.1567256897687912	0.0
0.37505608797073364	0.0
0.3771291673183441	0.0
0.015962716192007065	0.0
0.3749755918979645	0.0
0.17726431787014008	0.0
0.06979180127382278	0.0
0.029984524473547935	0.0
0.3771377205848694	0.0
0.08939498662948608	0.0
0.3771377205848694	0.0
0.3771377205848694	1.0
0.061682529747486115	0.0
0.3768354654312134	0.0
0.21167171001434326	0.0
0.18126939237117767	0.0
0.18024587631225586	0.0
0.028063470497727394	0.0
0.1807096004486084	0.0
0.040381260216236115	0.0
0.35818374156951904	0.0
0.13377079367637634	0.0
0.0009084935882128775	0.0
0.006544722244143486	0.0
0.02354135364294052	0.0
0.3771377205848694	1.0
0.1041465699672699	0.0
0.36090925335884094	1.0
0.0002051396731985733	0.0
0.325554221868515	0.0
0.04957946017384529	0.0
0.3670835494995117	0.0
0.30503207445144653	0.0
0.01300248596817255	1.0
0.1808120161294937	0.0
0.002820580266416073	0.0
0.17757384479045868	0.0
0.05222388356924057	0.0
0.0019462928175926208	0.0
0.20968735218048096	0.0
0.15525077283382416	0.0
0.3086438477039337	0.0
0.21355421841144562	1.0
0.0030502250883728266	0.0
0.16941459476947784	0.0
0.12720109522342682	0.0
0.21629425883293152	0.0
0.07628261297941208	0.0
0.3771377205848694	1.0
0.285906583070755	0.0
0.33597829937934875	0.0
0.36656883358955383	0.0
0.05832319334149361	0.0
0.08495938777923584	1.0
0.04953741654753685	0.0
0.007280070334672928	0.0
0.15443731844425201	0.0
0.0034882689360529184	0.0
0.00010875111183850095	0.0
0.21355687081813812	0.0
0.19517101347446442	0.0
0.10192115604877472	0.0
0.2336454540491104	0.0
5.776837497251108e-05	0.0
0.1055905669927597	0.0
0.13631124794483185	0.0
0.3771377205848694	0.0
0.02131323143839836	0.0
0.06480349600315094	0.0
0.3093876540660858	0.0
0.08342736959457397	0.0
0.3015717566013336	0.0
0.13478712737560272	0.0
0.3771377205848694	1.0
0.15462395548820496	0.0
0.007341273128986359	0.0
0.17499202489852905	0.0
0.00173151062335819	0.0
0.11813138425350189	0.0
0.3626069128513336	0.0
0.14890576899051666	0.0
0.3421095311641693	1.0
0.015820395201444626	0.0
0.3770168423652649	0.0
0.1218591183423996	0.0
0.3771377205848694	1.0
0.03869110345840454	0.0
0.35035285353660583	1.0
0.1214858815073967	0.0
0.07321318238973618	0.0
0.017200246453285217	0.0
0.19415979087352753	0.0
0.3767791986465454	0.0
0.33223333954811096	0.0
0.10097015649080276	0.0
0.022925008088350296	0.0
0.06388060748577118	0.0
0.03746996447443962	0.0
0.07882974296808243	0.0
0.07022605091333389	0.0
0.01217640284448862	0.0
0.0780034065246582	0.0
0.3561704158782959	0.0
0.36207640171051025	0.0
0.37106093764305115	0.0
0.011985844932496548	0.0
0.1612134724855423	0.0
0.36458534002304077	0.0
0.04160911217331886	0.0
0.003419821383431554	0.0
0.1636894792318344	0.0
0.13693884015083313	0.0
0.3507853150367737	0.0
0.24721041321754456	0.0
0.15883779525756836	1.0
0.18553271889686584	0.0
0.37710726261138916	1.0
0.11584024876356125	0.0
0.376858651638031	0.0
0.3625888526439667	0.0
0.33249545097351074	1.0
0.009185222908854485	0.0
0.006392120383679867	0.0
0.07269630581140518	0.0
0.004197427537292242	0.0
0.3287959694862366	0.0
0.26736289262771606	0.0
0.30300235748291016	1.0
0.3673672676086426	1.0
0.004249221179634333	0.0
0.004652238916605711	1.0
0.17113588750362396	0.0
0.04518118500709534	1.0
0.135198175907135	0.0
0.31557416915893555	0.0
0.010612412355840206	0.0
0.3716818392276764	1.0
0.3730529844760895	0.0
0.0022619287483394146	0.0
0.04682788625359535	0.0
0.15111415088176727	0.0
0.3644370138645172	1.0
0.2859286963939667	0.0
0.0031647663563489914	0.0
0.004358694888651371	0.0
0.2386918067932129	0.0
0.004851575009524822	0.0
0.00020385102834552526	0.0
0.17789816856384277	0.0
0.23849175870418549	1.0
0.0015235643368214369	0.0
0.3199703097343445	0.0
0.2059478759765625	0.0
0.0029499989468604326	0.0
0.13198673725128174	1.0
0.37708115577697754	0.0
0.32873937487602234	1.0
0.35093826055526733	1.0
0.34381940960884094	0.0
0.0037690538447350264	0.0
0.0045425742864608765	0.0
0.36967340111732483	1.0
0.368889719247818	0.0
0.04266059771180153	0.0
0.08501677215099335	0.0
0.09536349028348923	0.0
0.030706435441970825	0.0
0.03085632063448429	0.0
0.3059431314468384	0.0
0.27885669469833374	0.0
0.044086553156375885	0.0
0.002165887737646699	0.0
0.012107878923416138	0.0
0.31461185216903687	0.0
0.027520587667822838	0.0
0.13115181028842926	0.0
0.36813247203826904	1.0
0.3771377205848694	1.0
0.008228454738855362	0.0
0.05133015662431717	0.0
0.05916624888777733	0.0
0.026898272335529327	0.0
0.0028751392383128405	0.0
0.07123086601495743	0.0
0.007729457691311836	0.0
0.3771377205848694	0.0
0.01933366246521473	0.0
0.37251272797584534	1.0
0.00365553330630064	0.0
0.375637948513031	0.0
0.010508598759770393	0.0
0.3404499590396881	1.0
0.3730100393295288	1.0
0.37664029002189636	0.0
0.008448990061879158	0.0
0.013856133446097374	0.0
0.375222772359848	0.0
0.013289409689605236	1.0
0.376267671585083	1.0
0.18661357462406158	0.0
0.30797168612480164	0.0
0.023206127807497978	0.0
0.011567201465368271	0.0
0.002375930082052946	0.0
0.05466960370540619	0.0
0.05540997162461281	0.0
0.16582009196281433	0.0
0.0027345975395292044	0.0
0.239728182554245	0.0
0.11157934367656708	0.0
7.348811777774245e-05	0.0
0.06643432378768921	0.0
0.3771377205848694	0.0
0.26670029759407043	0.0
0.3765875995159149	0.0
0.0036033564247190952	0.0
0.377082884311676	0.0
0.3211372494697571	0.0
0.006098172161728144	0.0
0.16158686578273773	0.0
0.06693655252456665	0.0
0.023280497640371323	0.0
0.3771377205848694	1.0
0.015176501125097275	0.0
0.022747384384274483	0.0
0.09161011129617691	0.0
0.2593885660171509	1.0
0.09889020770788193	0.0
0.08480149507522583	0.0
0.36539414525032043	1.0
0.12838278710842133	0.0
0.0347672700881958	0.0
0.00950229074805975	0.0
0.06908515840768814	0.0
0.13522358238697052	0.0
0.3771377205848694	1.0
0.3029983639717102	1.0
0.09005054831504822	0.0
0.3096477687358856	0.0
0.02675694227218628	0.0
0.15995605289936066	0.0
0.0564747229218483	0.0
0.3771377205848694	0.0
0.3771377205848694	0.0
0.018851934000849724	0.0
0.08623917400836945	0.0
0.2933926582336426	0.0
0.029637323692440987	0.0
0.02958606742322445	0.0
0.004542438313364983	0.0
0.3740329146385193	0.0
0.20677617192268372	0.0
0.08477772027254105	0.0
0.09963472187519073	1.0
0.11757484823465347	0.0
0.3771377205848694	0.0
0.26723212003707886	0.0
0.16958355903625488	0.0
0.014432061463594437	0.0
0.3771251142024994	0.0
0.017919937148690224	0.0
0.3763963282108307	0.0
0.04986894130706787	0.0
0.021799694746732712	0.0
0.0033320863731205463	0.0
0.049957919865846634	0.0
0.3771377205848694	1.0
0.3770782947540283	0.0
0.02188616618514061	0.0
0.001903620781376958	0.0
0.002324929228052497	0.0
0.0060498639941215515	0.0
0.036856651306152344	0.0
0.3675404489040375	0.0
0.028144776821136475	0.0
1.0415866199764423e-05	0.0
0.06264644861221313	0.0
0.10333269089460373	1.0
0.014153431169688702	0.0
0.0002019974635913968	0.0
0.3768354654312134	1.0
0.255067378282547	0.0
0.37060752511024475	0.0
0.16833223402500153	1.0
0.3692103326320648	0.0
0.377137154340744	1.0
0.21508805453777313	0.0
0.011665422469377518	0.0
0.24444244801998138	0.0
0.00045229296665638685	0.0
0.02082323469221592	0.0
0.12197702378034592	0.0
0.31489378213882446	1.0
0.37549376487731934	0.0
0.3771377205848694	0.0
0.3648597002029419	1.0
0.05065581947565079	0.0
0.02234475500881672	0.0
0.36772584915161133	0.0
0.36513859033584595	0.0
0.12197623401880264	1.0
0.08402009308338165	0.0
0.01679496094584465	0.0
0.27457937598228455	1.0
0.16532818973064423	0.0
0.35596540570259094	1.0
0.0011762197827920318	0.0
0.3768354654312134	1.0
0.30366358160972595	0.0
0.10439183562994003	0.0
0.07563146203756332	0.0
0.009095564484596252	0.0
0.12821608781814575	0.0
0.3743029534816742	1.0
0.3769693672657013	0.0
0.17485176026821136	0.0
0.0011711657280102372	0.0
0.012364232912659645	0.0
0.00916890799999237	0.0
0.003480423241853714	0.0
0.17020025849342346	0.0
0.010376065969467163	0.0
0.04926349222660065	0.0
0.22488239407539368	0.0
0.2837819457054138	0.0
0.34768807888031006	0.0
0.21985869109630585	0.0
0.2925882339477539	1.0
0.11895082145929337	0.0
0.028710974380373955	0.0
0.05742274224758148	0.0
0.04360928013920784	0.0
0.37713178992271423	0.0
0.3771377205848694	1.0
0.01391688548028469	0.0
0.2691352367401123	0.0
0.3702142536640167	1.0
0.1761408895254135	0.0
0.35860931873321533	0.0
0.18045781552791595	0.0
0.03630385547876358	0.0
0.3191034495830536	1.0
0.02299065887928009	0.0
0.07657701522111893	0.0
0.0650942400097847	0.0
0.24308323860168457	0.0
0.06354599446058273	0.0
0.0049248747527599335	0.0
0.24122768640518188	0.0
0.04827377200126648	0.0
0.0002618440776132047	0.0
0.002125138882547617	0.0
0.09071430563926697	0.0
0.15334956347942352	0.0
0.004294096026569605	0.0
0.041494082659482956	0.0
0.2938207685947418	0.0
0.19805744290351868	0.0
0.07317160815000534	0.0
0.02985401265323162	0.0
0.0017800192581489682	0.0
0.3593175411224365	0.0
0.037161488085985184	0.0
0.0015520730521529913	0.0
0.0013806655770167708	0.0
0.023152461275458336	0.0
0.0038289278745651245	0.0
0.026688292622566223	0.0
0.0009568813256919384	0.0
0.021292472258210182	0.0
0.005450145341455936	0.0
0.3721492886543274	1.0
0.04155775532126427	0.0
0.047313544899225235	0.0
0.006397482939064503	0.0
0.04105950519442558	0.0
0.04400284215807915	0.0
0.3303638994693756	0.0
0.3771377205848694	1.0
0.1424696147441864	0.0
0.3620271682739258	1.0
0.0005180466687306762	0.0
0.37702274322509766	1.0
0.002199789509177208	0.0
0.09234340488910675	0.0
0.3671705424785614	0.0
0.010589087381958961	0.0
0.0014902239199727774	0.0
0.2991604208946228	1.0
0.016352588310837746	0.0
0.00014340472989715636	0.0
0.13427838683128357	1.0
0.04006955400109291	0.0
0.012281850911676884	0.0
0.3694840371608734	0.0
0.3618357181549072	1.0
0.02672393247485161	0.0
0.08141504973173141	0.0
0.3624546527862549	0.0
0.12396129965782166	0.0
0.006351759657263756	0.0
0.01569858007133007	0.0
0.05588642135262489	0.0
0.002955989446491003	0.0
0.0034377723932266235	0.0
0.17032483220100403	0.0
0.11606741696596146	0.0
0.0022863138001412153	0.0
0.06784684211015701	1.0
0.3771377205848694	0.0
0.2860453724861145	0.0
0.0046858773566782475	0.0
0.3004753589630127	0.0
0.001028400962240994	0.0
0.3768354654312134	1.0
0.08120845258235931	0.0
0.3630206882953644	0.0
0.1453365832567215	0.0
0.002855889033526182	0.0
0.04039004072546959	0.0
0.03181380033493042	0.0
0.007050566840916872	0.0
0.0019594733603298664	0.0
0.3610403537750244	0.0
0.15321196615695953	0.0
3.5790412766800728e-06	0.0
0.018434837460517883	0.0
0.3655615448951721	0.0
0.17738975584506989	0.0
0.0018822208512574434	0.0
0.030180519446730614	0.0
0.10890193283557892	0.0
0.1042681634426117	0.0
0.37204548716545105	0.0
0.05326911434531212	0.0
0.00025328551419079304	0.0
0.21597804129123688	0.0
0.1872699111700058	0.0
0.07164546102285385	0.0
0.20952913165092468	0.0
0.018095942214131355	0.0
0.0001617611269466579	0.0
0.00526414206251502	0.0
0.15456804633140564	1.0
0.19214293360710144	0.0
0.25583359599113464	0.0
0.00046267214929684997	0.0
0.036489516496658325	0.0
0.14510102570056915	0.0
0.31165194511413574	0.0
0.0025815414264798164	0.0
0.3771377205848694	0.0
0.11714579910039902	0.0
0.01969705894589424	0.0
0.07849839329719543	0.0
0.36292508244514465	1.0
0.1633070409297943	1.0
0.0142378443852067	0.0
0.17233969271183014	0.0
0.1450853943824768	0.0
0.025535378605127335	0.0
0.26732808351516724	0.0
0.037202563136816025	0.0
0.04600398987531662	0.0
0.04108966141939163	0.0
0.03734835609793663	0.0
0.26988792419433594	1.0
0.11537789553403854	0.0
0.21627746522426605	0.0
0.18687522411346436	0.0
0.12755852937698364	0.0
0.0028549209237098694	0.0
0.10263831168413162	0.0
0.37712523341178894	0.0
0.1348281353712082	0.0
0.0011309534311294556	0.0
0.3687116205692291	1.0
0.07500391453504562	0.0
0.37693753838539124	1.0
0.37520599365234375	0.0
0.09198950231075287	0.0
0.04369308426976204	0.0
0.3660813868045807	1.0
0.3646506369113922	1.0
0.07729028910398483	0.0
0.08929739892482758	0.0
0.26206645369529724	0.0
0.0008969478658400476	0.0
0.20269005000591278	0.0
0.3771377205848694	1.0
0.02082141302525997	0.0
0.0015018385602161288	0.0
0.033371616154909134	0.0
0.3760991096496582	1.0
0.06190069764852524	0.0
0.004585339222103357	0.0
0.37563619017601013	1.0
0.01621065102517605	0.0
8.190869993995875e-05	0.0
0.2777698040008545	0.0
0.33537936210632324	1.0
0.005781018640846014	0.0
0.1505073457956314	0.0
0.11579720675945282	0.0
0.13708293437957764	0.0
0.3047040104866028	0.0
0.1550832986831665	1.0
0.007847181521356106	0.0
0.005347609054297209	0.0
0.0024665771052241325	0.0
0.008647700771689415	0.0
0.37166696786880493	1.0
7.995447231223807e-05	0.0
0.3632064163684845	0.0
0.0013317650882527232	0.0
0.24408449232578278	0.0
0.03735391050577164	0.0
0.11049192398786545	0.0
0.3771377205848694	1.0
0.05592919513583183	0.0
0.1167253851890564	0.0
0.05927497521042824	0.0
0.1390950232744217	0.0
0.0678585097193718	0.0
0.3714998960494995	0.0
0.22017879784107208	1.0
0.21011774241924286	0.0
0.2916699945926666	0.0
0.0014581020222976804	0.0
0.08576216548681259	0.0
0.30964890122413635	1.0
0.021003801375627518	0.0
0.048202790319919586	0.0
0.001462919870391488	0.0
0.007703512441366911	0.0
0.10609645396471024	0.0
0.25354230403900146	0.0
0.2364814728498459	0.0
0.07289718091487885	0.0
0.3100672662258148	0.0
0.03654397651553154	0.0
0.20595204830169678	0.0
0.2669844329357147	0.0
0.0028440493624657393	0.0
0.12626951932907104	0.0
0.02709539607167244	0.0
0.25701209902763367	0.0
0.003757783444598317	0.0
0.05465985834598541	0.0
0.15419720113277435	0.0
0.3771377205848694	0.0
0.040454767644405365	0.0
0.00021283923706505448	0.0
0.3766733705997467	1.0
0.01736339181661606	0.0
0.28920942544937134	0.0
0.03534127399325371	0.0
0.05337138846516609	0.0
0.3771377205848694	0.0
0.011795666068792343	0.0
0.14431367814540863	1.0
0.07030611485242844	0.0
0.0320303700864315	0.0
0.11228971928358078	0.0
0.322663813829422	0.0
0.0004147656145505607	0.0
0.09103438258171082	0.0
0.37541282176971436	1.0
0.06353574991226196	0.0
0.3715042173862457	0.0
0.08592546731233597	0.0
0.24539102613925934	1.0
0.3771377205848694	1.0
0.0014253666158765554	0.0
0.37067946791648865	1.0
0.37587592005729675	1.0
0.2938055396080017	0.0
0.010648169554769993	0.0
0.3186618685722351	0.0
0.026310836896300316	0.0
0.0540427602827549	1.0
0.018587864935398102	0.0
0.025112297385931015	0.0
0.010103278793394566	0.0
0.3009973466396332	0.0
0.004865710623562336	0.0
0.3768354654312134	0.0
0.36423540115356445	0.0
0.002541400957852602	0.0
0.07497461140155792	0.0
0.02184584178030491	0.0
0.3734291195869446	1.0
0.014395907521247864	0.0
0.21813413500785828	0.0
0.2843429446220398	0.0
0.0017811245052143931	0.0
0.37687185406684875	0.0
0.20063763856887817	1.0
7.198248204076663e-05	0.0
0.3378390967845917	1.0
0.016607781872153282	0.0
0.3771377205848694	1.0
0.32553279399871826	0.0
0.056745462119579315	0.0
0.006196512840688229	0.0
0.1849488914012909	0.0
0.05556981638073921	0.0
0.01058946643024683	0.0
0.02856777235865593	0.0
0.369040846824646	0.0
0.004221813753247261	0.0
0.007876486517488956	0.0
0.0020797064062207937	0.0
0.0033741609659045935	0.0
0.0675235241651535	0.0
0.031316060572862625	0.0
0.0022793239913880825	0.0
0.35100698471069336	1.0
0.04875509813427925	0.0
0.16919226944446564	1.0
0.042133111506700516	0.0
0.09632106125354767	0.0
0.08720682561397552	0.0
0.10683196038007736	0.0
0.0005149828502908349	0.0
0.008272364735603333	0.0
0.37704336643218994	0.0
0.21561259031295776	0.0
0.1161036267876625	0.0
0.3149573802947998	0.0
0.17134593427181244	0.0
0.3771377205848694	1.0
0.35496044158935547	1.0
0.3771377205848694	1.0
0.08392354846000671	0.0
0.009774811565876007	0.0
0.01431618258357048	1.0
0.022199366241693497	0.0
0.24492938816547394	0.0
0.0007596789509989321	0.0
0.26471471786499023	0.0
0.22570832073688507	0.0
0.03483929485082626	0.0
0.2700977623462677	0.0
0.002756025642156601	0.0
0.012477289885282516	0.0
0.35462892055511475	0.0
0.3771377205848694	0.0
0.07954403758049011	0.0
0.005844245199114084	0.0
0.07732107490301132	1.0
0.3024851977825165	0.0
0.12064695358276367	0.0
0.37683433294296265	1.0
0.265450656414032	0.0
0.004515308421105146	0.0
0.16802024841308594	0.0
0.3770846724510193	0.0
0.004166638012975454	0.0
0.009175468236207962	0.0
0.37560954689979553	0.0
0.1518757939338684	0.0
0.129128098487854	0.0
0.04549938812851906	0.0
0.18267108500003815	0.0
0.3718019425868988	0.0
0.1538228690624237	0.0
0.2912434935569763	0.0
0.16457930207252502	0.0
0.17481234669685364	1.0
0.037627045065164566	0.0
0.3770934045314789	0.0
0.018085727468132973	0.0
0.007680974900722504	0.0
0.007613528985530138	0.0
0.06711339205503464	0.0
0.24694278836250305	1.0
0.00022023961355444044	0.0
0.3316744863986969	0.0
0.001082243979908526	0.0
0.10847838222980499	0.0
9.236324694938958e-05	0.0
0.06047675758600235	0.0
0.3771377205848694	0.0
0.001455143210478127	0.0
0.0009018548298627138	0.0
0.3771377205848694	1.0
0.3771377205848694	0.0
0.28067219257354736	0.0
0.0034757342655211687	0.0
0.012137052603065968	0.0
0.012551714666187763	0.0
0.0049263425171375275	0.0
0.36358413100242615	1.0
0.17911814153194427	0.0
0.12577836215496063	0.0
0.06080775707960129	0.0
0.058707885444164276	0.0
0.013492987491190434	0.0
0.2570400536060333	0.0
0.014942971058189869	0.0
0.3770082890987396	0.0
0.015340113081037998	0.0
0.1906084418296814	1.0
0.29879599809646606	1.0
0.29598763585090637	0.0
0.008180857636034489	0.0
0.377031534910202	0.0
0.1857374906539917	0.0
0.04893592372536659	0.0
0.019795402884483337	0.0
0.015225126408040524	0.0
0.10975208133459091	0.0
0.017968052998185158	0.0
0.007710014469921589	0.0
0.37490570545196533	0.0
0.0007349355728365481	0.0
0.36246559023857117	0.0
0.05511026084423065	0.0
0.34093448519706726	0.0
0.3771377205848694	1.0
0.3691120743751526	0.0
0.14246299862861633	0.0
0.13328276574611664	0.0
0.15966196358203888	1.0
0.028906863182783127	0.0
0.37504005432128906	0.0
0.004115884192287922	0.0
0.37708672881126404	0.0
0.3349602520465851	0.0
0.029926849529147148	0.0
0.016453368589282036	0.0
0.15210090577602386	1.0
0.0191113892942667	0.0
0.36542829871177673	0.0
0.23162201046943665	1.0
0.37713730335235596	1.0
0.16673652827739716	0.0
0.013414287939667702	0.0
0.35599634051322937	0.0
0.07286882400512695	0.0
0.31491029262542725	1.0
0.061188116669654846	0.0
0.35342562198638916	0.0
0.17356468737125397	1.0
0.057558078318834305	0.0
0.3025458753108978	1.0
0.0003827477339655161	0.0
0.22460250556468964	0.0
0.24865597486495972	1.0
0.04798064008355141	0.0
0.0012931062374264002	0.0
0.21306511759757996	0.0
0.3771377205848694	0.0
0.03268267586827278	1.0
0.1163303330540657	0.0
0.03888896107673645	0.0
0.01159590296447277	0.0
0.05312013253569603	0.0
0.07347943633794785	1.0
0.002442113356664777	0.0
0.009823184460401535	0.0
0.00015012385847512633	0.0
0.0051058437675237656	0.0
0.000969978398643434	0.0
0.15214841067790985	0.0
0.19601579010486603	0.0
0.2402326762676239	0.0
0.04979442432522774	0.0
0.1287803053855896	0.0
0.37168508768081665	0.0
0.3750789761543274	0.0
0.11380056291818619	0.0
0.029121393337845802	0.0
0.08075537532567978	0.0
0.37210509181022644	0.0
0.13967446982860565	0.0
0.03411932662129402	0.0
0.007787231355905533	0.0
0.007373146712779999	0.0
0.2419329285621643	0.0
0.32642862200737	0.0
0.3771377205848694	0.0
0.012751639820635319	0.0
0.17580941319465637	0.0
0.3324528932571411	1.0
0.0968853235244751	0.0
0.3771377205848694	1.0
0.025335563346743584	0.0
0.004280890803784132	0.0
0.13208132982254028	0.0
0.28312948346138	0.0
0.10790934413671494	0.0
0.021621834486722946	0.0
0.0026267298962920904	0.0
0.36344340443611145	1.0
0.10790271311998367	0.0
0.373031347990036	0.0
0.024360686540603638	0.0
0.14598606526851654	0.0
0.3771377205848694	1.0
0.3771377205848694	1.0
0.3771377205848694	1.0
0.3091336488723755	0.0
0.003469486953690648	0.0
0.36482569575309753	0.0
0.13028490543365479	0.0
0.2966252267360687	0.0
0.0867413580417633	0.0
0.027351221069693565	0.0
0.06253661960363388	0.0
0.3631829619407654	0.0
0.031526118516922	0.0
0.34978243708610535	0.0
0.0007922699442133307	0.0
0.05176417902112007	0.0
0.0026754376012831926	0.0
0.3731228709220886	1.0
0.10869695246219635	0.0
0.36400312185287476	0.0
0.16459141671657562	0.0
0.3768354654312134	1.0
0.0010586511343717575	0.0
0.37334194779396057	0.0
0.3500587046146393	1.0
0.10973651707172394	0.0
2.430051790724974e-05	0.0
0.30569469928741455	0.0
0.375301331281662	0.0
0.10209725797176361	0.0
0.008709942921996117	0.0
0.3768054246902466	0.0
0.2997845411300659	0.0
0.00109620310831815	0.0
0.37599658966064453	1.0
0.18668729066848755	0.0
0.241676926612854	0.0
0.13485422730445862	0.0
0.012940820306539536	0.0
0.18235865235328674	0.0
0.3771377205848694	1.0
0.11325299739837646	0.0
0.1805175244808197	1.0
0.20658688247203827	0.0
0.22482188045978546	1.0
0.37622010707855225	1.0
0.09611215442419052	0.0
0.06020120158791542	0.0
0.36567893624305725	0.0
0.0008586996700614691	0.0
0.2724069058895111	0.0
0.006777954287827015	0.0
0.3769257068634033	1.0
0.12585321068763733	0.0
0.3732365667819977	0.0
0.0020980320405215025	0.0
0.11123281717300415	0.0
0.12201691418886185	0.0
0.17143258452415466	0.0
0.3068673610687256	1.0
0.3294556140899658	0.0
0.37709736824035645	0.0
0.15984785556793213	0.0
0.003342144191265106	0.0
0.36814987659454346	0.0
0.041556160897016525	0.0
0.061533208936452866	0.0
0.01592078246176243	0.0
0.024134553968906403	0.0
0.32949134707450867	0.0
0.006784598808735609	0.0
0.3746003210544586	0.0
0.0014752137940376997	0.0
0.3028528690338135	0.0
0.31744733452796936	0.0
0.031675923615694046	0.0
0.3078822195529938	0.0
0.37710848450660706	1.0
0.017930850386619568	0.0
0.06993585079908371	0.0
0.04615218937397003	0.0
0.05004731938242912	0.0
0.3053789734840393	0.0
0.18363580107688904	0.0
0.01849251613020897	0.0
0.2294134646654129	0.0
0.3771377205848694	1.0
0.37068986892700195	0.0
0.28179505467414856	0.0
0.18628385663032532	0.0
0.3768354654312134	0.0
0.37654754519462585	1.0
0.11550644040107727	0.0
0.10374632477760315	0.0
0.1625736504793167	0.0
0.0008013994665816426	0.0
0.36161407828330994	1.0
0.03919387608766556	0.0
0.37708526849746704	1.0
0.05279785022139549	0.0
0.03044651448726654	0.0
0.005029790569096804	0.0
0.3771377205848694	0.0
0.007509387098252773	0.0
0.0012788298772647977	0.0
0.3771377205848694	0.0
0.004228070843964815	0.0
0.3621963560581207	0.0
0.37188610434532166	1.0
0.027293745428323746	0.0
0.029597561806440353	0.0
0.36936861276626587	0.0
0.2905494272708893	0.0
0.1858632117509842	1.0
0.0015079086879268289	0.0
0.00016965855320449919	0.0
0.37443673610687256	0.0
0.2715672254562378	0.0
0.07398972660303116	0.0
0.011083188466727734	0.0
0.3748861849308014	0.0
0.3768354654312134	1.0
0.0014356689061969519	0.0
0.004153910093009472	0.0
0.3501843214035034	0.0
0.29119929671287537	1.0
0.15334899723529816	0.0
0.0625503659248352	0.0
0.16163958609104156	0.0
0.014631927013397217	0.0
0.37660396099090576	0.0
0.002220669761300087	0.0
0.12925876677036285	1.0
0.3753538131713867	0.0
0.377127468585968	0.0
0.12546375393867493	0.0
0.3706260025501251	1.0
0.0015494691906496882	0.0
0.08515647053718567	0.0
0.00253867800347507	0.0
0.37444400787353516	1.0
0.012454736046493053	0.0
0.2008058875799179	0.0
0.0009835449745878577	0.0
0.10845177620649338	0.0
0.3728606104850769	0.0
0.0001843913778429851	0.0
0.0016756902914494276	0.0
0.005519964266568422	0.0
0.10306867957115173	0.0
0.026878729462623596	0.0
0.12782342731952667	0.0
0.0017925568390637636	0.0
0.002846488729119301	0.0
0.1440940946340561	0.0
0.006438822019845247	0.0
0.10855255275964737	1.0
0.28079354763031006	0.0
0.35334423184394836	1.0
0.02674771659076214	0.0
0.33221402764320374	0.0
0.36021947860717773	1.0
0.08592454344034195	0.0
0.028143076226115227	0.0
0.27856016159057617	0.0
0.01874994859099388	0.0
0.20051318407058716	0.0
0.048105038702487946	0.0
0.30704233050346375	1.0
0.23324626684188843	1.0
0.3771377205848694	0.0
0.09285278618335724	0.0
0.16809195280075073	0.0
0.000997620401903987	0.0
0.292854368686676	0.0
0.1137458011507988	0.0
0.010410691611468792	0.0
0.027966683730483055	0.0
0.3771377205848694	1.0
0.08918996900320053	0.0
0.377096027135849	1.0
0.13604243099689484	0.0
0.3544253706932068	1.0
0.1193520724773407	0.0
0.1547299027442932	0.0
0.041555117815732956	0.0
0.23679396510124207	1.0
0.08683101087808609	0.0
0.3771377205848694	1.0
0.23618923127651215	0.0
8.777168113738298e-05	0.0
0.06356181204319	0.0
0.2743845582008362	0.0
0.11010560393333435	0.0
0.00615959707647562	0.0
0.0192447267472744	0.0
0.3771377205848694	1.0
0.02720785140991211	0.0
0.014090847223997116	0.0
0.0182022862136364	0.0
0.3712618350982666	1.0
0.3716779053211212	0.0
0.10524088889360428	0.0
7.3617729867692105e-06	0.0
0.2560257017612457	0.0
0.03533358871936798	0.0
0.022411933168768883	0.0
0.16703985631465912	0.0
0.051457904279232025	0.0
0.29696133732795715	0.0
0.03964858129620552	0.0
0.012703771702945232	0.0
0.006378195248544216	0.0
0.0058040008880198	0.0
0.01703808829188347	0.0
0.36443030834198	0.0
0.027660034596920013	0.0
0.006474074441939592	0.0
0.010942849330604076	0.0
0.016983987763524055	0.0
0.24949277937412262	1.0
0.30479925870895386	0.0
0.12034657597541809	0.0
0.09497183561325073	0.0
0.22965453565120697	0.0
0.00811334140598774	0.0
0.15648452937602997	0.0
0.003540820674970746	0.0
0.37497857213020325	0.0
0.0071106343530118465	0.0
0.16368354856967926	1.0
0.2224656343460083	1.0
0.3149830400943756	0.0
0.06692328304052353	0.0
0.013243505731225014	0.0
0.10282128304243088	0.0
0.051021333783864975	0.0
0.05471940338611603	0.0
0.07488583028316498	0.0
0.03164356201887131	0.0
0.3771377205848694	1.0
0.29252442717552185	1.0
0.1385856568813324	0.0
0.10006935894489288	0.0
0.06734269112348557	0.0
0.07452929764986038	0.0
0.0003453103417996317	0.0
0.14401045441627502	0.0
0.2931497395038605	1.0
0.0019607662688940763	0.0
0.2300322949886322	0.0
0.0020438742358237505	0.0
0.17290525138378143	0.0
0.04893608018755913	0.0
0.05158484727144241	0.0
0.006833669729530811	0.0
0.1655491143465042	1.0
0.009798513725399971	0.0
0.13836124539375305	0.0
0.16802211105823517	1.0
0.1681191623210907	0.0
0.3058331310749054	0.0
0.0322074219584465	0.0
0.32173800468444824	0.0
0.0006846357136964798	0.0
0.056324735283851624	0.0
0.07925731688737869	0.0
0.3770323693752289	0.0
0.0003071785031352192	0.0
0.19167007505893707	0.0
0.3637610971927643	0.0
0.37521350383758545	0.0
0.08349746465682983	0.0
0.024311989545822144	0.0
0.36177292466163635	1.0
0.0006355460500344634	0.0
0.047267112880945206	0.0
0.0016810217639431357	0.0
4.411167901707813e-05	0.0
0.25262099504470825	0.0
0.3206067383289337	0.0
0.21838541328907013	0.0
0.0008477478404529393	0.0
0.00033596516004763544	0.0
0.35985931754112244	0.0
0.06296571344137192	0.0
0.13700440526008606	0.0
0.365380197763443	0.0
0.3771377205848694	0.0
0.3557909429073334	0.0
0.16940069198608398	0.0
0.003978286869823933	0.0
0.3771377205848694	0.0
0.06621523946523666	0.0
0.16436754167079926	0.0
0.002355244243517518	0.0
0.027909167110919952	0.0
0.024770183488726616	0.0
0.07667623460292816	0.0
0.36694473028182983	0.0
0.3771339952945709	1.0
0.3771377205848694	0.0
0.001372594852000475	0.0
0.16233065724372864	0.0
0.2801421880722046	1.0
0.010094764642417431	0.0
0.03997718170285225	0.0
0.015967952087521553	0.0
0.3771377205848694	0.0
0.0028129457496106625	0.0
0.3771377205848694	1.0
0.019475970417261124	0.0
0.1504666656255722	1.0
0.00010120432125404477	0.0
0.054846033453941345	0.0
0.26237067580223083	1.0
0.007428383454680443	0.0
0.06980819255113602	0.0
0.004758829716593027	0.0
0.013276192359626293	0.0
0.01868816651403904	0.0
0.006846348289400339	0.0
0.15800385177135468	0.0
0.00205558561719954	0.0
0.03577210754156113	0.0
0.002866501919925213	0.0
0.3720911741256714	1.0
0.009145851247012615	0.0
0.07916516065597534	0.0
0.3248112201690674	0.0
0.3770490288734436	1.0
0.08905057609081268	0.0
0.00700206495821476	0.0
0.04943035542964935	0.0
0.0976932942867279	0.0
0.35045671463012695	0.0
0.3677953779697418	0.0
0.04121073707938194	0.0
0.32631760835647583	0.0
0.03817319497466087	0.0
0.006008022464811802	0.0
0.009588920511305332	0.0
0.3136254847049713	0.0
0.3698493540287018	1.0
0.36448952555656433	1.0
0.0006681233062408864	0.0
0.2284594029188156	1.0
1.8518076103646308e-05	0.0
0.20044925808906555	1.0
0.004316068720072508	0.0
0.3250705599784851	0.0
0.08460018783807755	0.0
0.20336350798606873	0.0
0.3771377205848694	0.0
0.03577280789613724	0.0
0.02250324748456478	0.0
0.021572943776845932	0.0
0.12698934972286224	0.0
0.31832683086395264	1.0
0.05941436067223549	0.0
0.035081543028354645	0.0
0.008183438330888748	0.0
0.36671772599220276	1.0
0.14813847839832306	0.0
0.37706828117370605	1.0
0.37354496121406555	1.0
0.018900839611887932	0.0
0.22303327918052673	0.0
0.07255100458860397	0.0
0.023918597027659416	0.0
0.00030773045727983117	0.0
0.008734672330319881	0.0
0.003308316459879279	0.0
0.10204627364873886	0.0
0.02449212223291397	0.0
0.24571040272712708	0.0
0.2029082328081131	1.0
0.10302511602640152	0.0
0.08205841481685638	0.0
0.15768936276435852	0.0
0.05759513005614281	0.0
0.3765719532966614	0.0
0.005168485920876265	0.0
0.14638970792293549	0.0
0.1851707249879837	0.0
0.0027685316745191813	0.0
0.01261614914983511	0.0
0.001009053667075932	0.0
0.12460886687040329	1.0
0.31175461411476135	0.0
0.14840950071811676	0.0
0.0009336593793705106	0.0
0.3030533194541931	0.0
0.010357964783906937	0.0
0.010412096977233887	0.0
0.3162936866283417	1.0
0.17883946001529694	0.0
0.012085653841495514	0.0
0.0328231118619442	0.0
0.02481725811958313	0.0
0.33572980761528015	0.0
0.009461957029998302	0.0
0.3771377205848694	0.0
0.31463128328323364	1.0
0.0029031962621957064	0.0
0.3650016784667969	1.0
0.3756868839263916	0.0
0.09730741381645203	1.0
0.012847887352108955	0.0
0.14832894504070282	0.0
0.021363787353038788	0.0
0.013010934926569462	0.0
0.2573910355567932	0.0
0.00019845386850647628	0.0
0.003312671324238181	0.0
0.026520630344748497	0.0
0.0007637768285349011	0.0
0.031479187309741974	0.0
0.3771377205848694	1.0
0.0051263305358588696	0.0
0.35697120428085327	0.0
3.069970625801943e-05	0.0
0.3754695653915405	0.0
0.3709821403026581	1.0
0.0064559029415249825	0.0
0.0007593318587169051	0.0
0.17731671035289764	1.0
0.3771377205848694	1.0
0.37697523832321167	1.0
0.3770741820335388	0.0
0.015088039450347424	0.0
0.15045520663261414	0.0
0.11913605779409409	0.0
0.09097975492477417	0.0
0.3769187033176422	0.0
0.0545039176940918	1.0
0.06544343382120132	1.0
0.01656937785446644	0.0
0.3452486991882324	0.0
0.15338654816150665	0.0
0.0007184239802882075	0.0
0.010775342583656311	0.0
0.01299372036010027	0.0
0.0003737396909855306	0.0
0.020199380815029144	0.0
0.0012414727825671434	0.0
0.3771034777164459	0.0
9.517955186311156e-05	0.0
0.21724098920822144	0.0
0.17611627280712128	0.0
0.11564243584871292	0.0
0.375119686126709	0.0
0.1486656367778778	0.0
0.058145251125097275	0.0
0.3725317120552063	0.0
0.0877176895737648	0.0
0.24281054735183716	0.0
0.17657344043254852	0.0
0.010901530273258686	0.0
0.27252519130706787	0.0
0.3769952058792114	0.0
0.0016320607392117381	0.0
0.1672716587781906	0.0
0.04119797796010971	0.0
0.2653956711292267	1.0
0.002017807448282838	0.0
0.10655435174703598	0.0
0.017894579097628593	0.0
0.308655709028244	1.0
0.07651139050722122	0.0
0.3771377205848694	1.0
0.3771006166934967	0.0
0.030633065849542618	0.0
0.3703603148460388	0.0
0.3771377205848694	0.0
0.04148112237453461	0.0
0.1783813238143921	0.0
0.37541061639785767	0.0
0.102941133081913	0.0
0.039002470672130585	0.0
0.35884618759155273	0.0
0.001532522845081985	0.0
0.2903406620025635	1.0
0.11307837814092636	1.0
0.000544271373655647	0.0
0.3771377205848694	1.0
3.43527426593937e-05	0.0
0.1649036556482315	0.0
0.21507464349269867	0.0
0.3751113712787628	0.0
0.010529275052249432	0.0
0.09497224539518356	0.0
0.025540579110383987	0.0
0.18156756460666656	0.0
0.348154753446579	0.0
0.0055082449689507484	0.0
0.37428683042526245	0.0
0.36667272448539734	0.0
0.012703221291303635	0.0
0.0182832982391119	0.0
0.36094149947166443	0.0
0.00044794546556659043	0.0
0.29268836975097656	1.0
0.058376941829919815	0.0
0.0017333165742456913	0.0
0.0028675266075879335	0.0
0.008193762972950935	0.0
0.032363686710596085	0.0
0.23391760885715485	0.0
0.37558677792549133	0.0
0.0848979651927948	0.0
0.10596982389688492	0.0
0.16250920295715332	1.0
0.2886745035648346	0.0
0.07549912482500076	0.0
0.09262405335903168	0.0
0.10375100374221802	0.0
0.17145831882953644	0.0
0.3229522109031677	0.0
0.058972373604774475	0.0
0.10578739643096924	0.0
0.3771377205848694	1.0
0.37713146209716797	0.0
0.019759217277169228	0.0
0.05093507841229439	0.0
0.23691299557685852	1.0
0.0014778972836211324	0.0
0.002161793177947402	0.0
0.007414634805172682	0.0
0.19477541744709015	0.0
0.01970636658370495	0.0
0.369607537984848	0.0
0.006589191034436226	0.0
0.12240247428417206	0.0
0.32162055373191833	0.0
0.3320581316947937	0.0
0.37551167607307434	0.0
0.07563579827547073	0.0
0.07776310294866562	1.0
0.1538299173116684	0.0
0.10586767643690109	0.0
0.3007885217666626	0.0
0.06980063766241074	0.0
0.049923647195100784	0.0
0.20490950345993042	1.0
0.02043427899479866	1.0
0.04441913217306137	0.0
0.03162616491317749	0.0
0.0013250866904854774	0.0
0.2577115595340729	0.0
0.01866825670003891	0.0
0.2885459363460541	0.0
0.08716488629579544	0.0
0.37711071968078613	0.0
0.006845408119261265	0.0
0.005580489058047533	0.0
0.021285388618707657	0.0
0.3574853539466858	0.0
0.0234612375497818	0.0
0.21740074455738068	0.0
0.10570047795772552	0.0
0.16262783110141754	0.0
0.16476130485534668	0.0
0.3771377205848694	0.0
0.2594031095504761	0.0
0.3768354654312134	1.0
0.37028276920318604	0.0
0.29592061042785645	0.0
0.0009057580609805882	0.0
0.05838572606444359	0.0
0.10601653158664703	0.0
3.0188188247848302e-05	0.0
0.018196294084191322	0.0
0.22643062472343445	1.0
0.1647062748670578	0.0
0.10321708023548126	0.0
0.09017245471477509	0.0
0.12261424958705902	0.0
0.3405444920063019	1.0
0.0036033564247190952	0.0
0.00500273983925581	0.0
0.3767235577106476	0.0
0.37646591663360596	0.0
0.0400032214820385	0.0
0.11675643175840378	0.0
0.022403933107852936	0.0
0.09308312833309174	0.0
0.3771377205848694	1.0
0.3771377205848694	1.0
0.2143935263156891	0.0
0.21375155448913574	1.0
0.1719485968351364	0.0
0.0016126743284985423	0.0
0.34454259276390076	0.0
0.05227543041110039	0.0
0.1454162448644638	0.0
0.05826947093009949	0.0
0.04902956634759903	0.0
0.02791246958076954	0.0
0.19730085134506226	0.0
0.3771377205848694	1.0
0.3768354654312134	0.0
0.12220766395330429	1.0
0.28103020787239075	0.0
0.000786005868576467	0.0
0.002393533941358328	0.0
0.002090214053168893	0.0
0.3771209716796875	0.0
0.029240697622299194	0.0
0.12816122174263	0.0
0.3638373613357544	1.0
0.01944766193628311	0.0
0.0010903405491262674	0.0
0.3643796741962433	0.0
0.3704907298088074	0.0
0.24149970710277557	1.0
0.11193443089723587	0.0
0.00013047322863712907	0.0
0.29016050696372986	1.0
0.19279462099075317	0.0
0.3736908435821533	0.0
0.24721083045005798	0.0
0.11839927732944489	0.0
0.2912095785140991	0.0
0.0866992324590683	0.0
0.37657618522644043	0.0
0.05449047312140465	0.0
0.08994785696268082	0.0
0.3771377205848694	1.0
0.28674983978271484	0.0
0.3770931661128998	0.0
0.14838282763957977	1.0
0.028036698698997498	0.0
0.026935584843158722	0.0
0.07213782519102097	0.0
0.046963274478912354	0.0
0.016021959483623505	0.0
0.0011932310881093144	0.0
0.36522534489631653	0.0
0.019141776487231255	0.0
0.031497176736593246	0.0
0.37503623962402344	0.0
0.23832768201828003	1.0
0.06338349729776382	0.0
0.25021663308143616	0.0
0.08986791968345642	0.0
0.00391283817589283	0.0
0.006413632072508335	0.0
0.17013350129127502	0.0
0.009634917601943016	0.0
0.01309030968695879	0.0
0.05671652406454086	1.0
0.19811689853668213	0.0
9.003622835734859e-05	0.0
0.3280842900276184	0.0
0.3706754148006439	1.0
0.08854348212480545	0.0
0.157874196767807	0.0
0.025926614180207253	0.0
1.2592335224326234e-05	0.0
0.22996075451374054	1.0
0.376693457365036	1.0
0.3756793737411499	0.0
0.007627683226019144	0.0
0.003945751581341028	0.0
0.0064575402066111565	0.0
0.0009426496690139174	0.0
0.21903908252716064	0.0
0.3489639461040497	0.0
0.011103310622274876	0.0
0.25734084844589233	0.0
0.325227290391922	1.0
0.3771377205848694	0.0
0.1035006120800972	0.0
0.365782767534256	0.0
0.0470682829618454	0.0
0.00982304010540247	0.0
0.0867086872458458	0.0
0.08674164116382599	1.0
0.020669814199209213	0.0
0.062312379479408264	1.0
0.01653691567480564	0.0
0.32653704285621643	0.0
0.05029125139117241	0.0
0.3771377205848694	0.0
0.3768357038497925	1.0
0.0265878364443779	0.0
0.023152509704232216	0.0
0.1386222094297409	0.0
0.0939614400267601	0.0
0.3768366873264313	1.0
0.3666786849498749	0.0
0.3504933714866638	0.0
0.16087739169597626	0.0
0.0147041454911232	0.0
0.3707306385040283	1.0
0.3655485510826111	0.0
0.047244295477867126	0.0
0.0003565413935575634	0.0
0.0004273930098861456	0.0
0.02179243043065071	0.0
0.08101731538772583	0.0
0.2878021001815796	1.0
0.04057510942220688	0.0
0.12307024747133255	0.0
0.00019831614918075502	0.0
0.33489108085632324	0.0
0.0469759963452816	0.0
0.004914391320198774	0.0
0.3770254850387573	1.0
0.3741466701030731	1.0
0.08811450004577637	0.0
0.1917361468076706	0.0
0.11897515505552292	0.0
0.3388950526714325	0.0
0.0818849578499794	0.0
0.01470268052071333	0.0
0.004904081113636494	0.0
0.07734555751085281	0.0
0.37671852111816406	0.0
0.016588300466537476	0.0
0.04197395220398903	0.0
0.2657301425933838	0.0
0.0037080540787428617	0.0
0.018978437408804893	0.0
3.393829319975339e-05	0.0
0.32997074723243713	0.0
0.20489948987960815	1.0
0.23410004377365112	0.0
0.3756951689720154	0.0
0.3441900908946991	0.0
8.011672616703436e-05	0.0
0.3749713599681854	0.0
0.37393641471862793	0.0
0.023843970149755478	0.0
0.005097107030451298	0.0
0.0744345411658287	1.0
0.03602934256196022	0.0
0.12194965034723282	0.0
0.10026468336582184	0.0
0.0048375981859862804	0.0
0.07289991527795792	0.0
0.13291238248348236	1.0
0.12373588234186172	0.0
0.019467569887638092	0.0
0.37587863206863403	0.0
0.03666038066148758	0.0
0.0018667421536520123	0.0
0.027015091851353645	0.0
0.20699436962604523	0.0
0.3185589015483856	0.0
0.37712985277175903	1.0
0.016721080988645554	0.0
9.884262544801459e-05	0.0
0.01024568174034357	0.0
0.3771377205848694	1.0
0.019130736589431763	0.0
0.25649207830429077	0.0
0.37639760971069336	1.0
0.3715657591819763	1.0
0.3671243190765381	0.0
0.3022664487361908	0.0
0.13451451063156128	0.0
0.24973605573177338	0.0
0.06727699190378189	0.0
0.3488656282424927	1.0
0.1358516663312912	0.0
0.09172841161489487	0.0
0.2891656458377838	0.0
0.000363885541446507	0.0
0.14289987087249756	0.0
0.07916288077831268	0.0
0.3771377205848694	0.0
0.37497925758361816	0.0
0.18364976346492767	0.0
0.06316544860601425	0.0
0.2645238935947418	0.0
0.17193472385406494	0.0
0.00918835774064064	0.0
0.2012566328048706	1.0
0.003962968476116657	0.0
0.3239802420139313	0.0
0.1877768337726593	1.0
0.04728544503450394	0.0
0.17607828974723816	0.0
0.02969987690448761	0.0
0.14976176619529724	0.0
0.0594903938472271	0.0
0.14265748858451843	0.0
0.03427042439579964	0.0
0.35485291481018066	0.0
0.008535880595445633	0.0
0.03910759463906288	0.0
0.3768840432167053	0.0
0.0007840015459805727	0.0
0.15070900321006775	1.0
0.298062264919281	1.0
0.017084181308746338	0.0
0.3771377205848694	1.0
0.04128668084740639	0.0
0.004166004713624716	0.0
0.00058266258565709	0.0
0.017568182200193405	0.0
0.3771377205848694	1.0
0.003935494925826788	0.0
0.3768354654312134	0.0
0.0008844765834510326	0.0
0.011928249150514603	0.0
0.050175730139017105	1.0
0.27010512351989746	0.0
0.34800541400909424	1.0
0.20215493440628052	0.0
0.10034354776144028	1.0
0.09330721199512482	0.0
0.02062710002064705	0.0
0.11546460539102554	0.0
0.37699219584465027	0.0
0.00035674968967214227	0.0
0.3771377205848694	1.0
0.014266408048570156	0.0
0.05053018033504486	1.0
0.004194463137537241	0.0
0.31643638014793396	0.0
0.36811089515686035	0.0
0.06845839321613312	0.0
0.002463711192831397	0.0
0.06320452690124512	0.0
0.1742810308933258	0.0
0.22329944372177124	1.0
0.16930922865867615	0.0
0.3692634403705597	0.0
0.06226179376244545	0.0
0.23888705670833588	0.0
0.3771377205848694	0.0
0.010938492603600025	0.0
0.005560338031500578	0.0
0.0016089933924376965	0.0
0.29926368594169617	0.0
0.0346282497048378	0.0
0.004031047690659761	0.0
0.3767901659011841	1.0
0.24635645747184753	0.0
0.013388112187385559	0.0
0.3725559711456299	0.0
0.17293986678123474	0.0
0.11437369883060455	0.0
0.008309818804264069	0.0
0.3591831624507904	0.0
0.3594066798686981	0.0
0.3222256898880005	0.0
0.37404271960258484	0.0
0.1741553097963333	1.0
2.522073009458836e-05	0.0
0.019318364560604095	0.0
0.34873563051223755	0.0
0.0015992214903235435	0.0
0.0010673032375052571	0.0
0.3771377205848694	1.0
0.042168036103248596	0.0
0.016177481040358543	0.0
0.0006614102749153972	0.0
0.031886208802461624	0.0
0.3762005865573883	0.0
0.0041315145790576935	0.0
0.19924485683441162	0.0
0.37353673577308655	0.0
0.3771377205848694	1.0
0.3719521462917328	1.0
0.035354387015104294	0.0
0.02327965945005417	0.0
0.17888393998146057	0.0
0.042883507907390594	0.0
0.0003016593982465565	0.0
0.3276832699775696	0.0
0.3771377205848694	1.0
0.37707194685935974	1.0
0.0042132786475121975	0.0
0.31658774614334106	1.0
0.03561629354953766	0.0
5.788147245766595e-05	0.0
0.15342453122138977	0.0
0.1507178544998169	0.0
0.11392668634653091	0.0
0.008323567919433117	0.0
0.3717041313648224	0.0
0.2542019486427307	0.0
0.18666663765907288	0.0
0.0019784707110375166	0.0
0.005292897112667561	0.0
0.042182501405477524	0.0
0.08262880146503448	0.0
0.3746514618396759	0.0
0.08914696425199509	0.0
0.154261976480484	0.0
0.016102874651551247	0.0
0.24217776954174042	1.0
0.11607595533132553	1.0
0.22025789320468903	0.0
0.007200076710432768	0.0
0.004243279341608286	0.0
0.015099451877176762	0.0
0.013347848318517208	0.0
0.08669783174991608	0.0
0.3771377205848694	1.0
0.3127202093601227	1.0
0.37613433599472046	1.0
0.14064717292785645	0.0
0.005027347709983587	0.0
0.0014987410977482796	0.0
0.3771377205848694	1.0
0.10536433756351471	0.0
0.03719193860888481	1.0
0.07470768690109253	0.0
0.24345536530017853	0.0
0.029327208176255226	0.0
0.04126518964767456	0.0
0.22955983877182007	1.0
0.3747590482234955	1.0
0.12235938757658005	0.0
0.0024967538192868233	0.0
0.0020171201322227716	0.0
0.0006873750826343894	0.0
0.01984497345983982	0.0
0.3284643590450287	0.0
0.17969350516796112	0.0
0.02920909784734249	0.0
0.00599777651950717	0.0
0.3724697530269623	0.0
0.02296224609017372	0.0
0.3708694279193878	0.0
0.3335963189601898	1.0
0.05914812907576561	0.0
0.013877606019377708	0.0
0.018662046641111374	0.0
0.2046467363834381	1.0
0.33283430337905884	0.0
0.024324750527739525	0.0
0.36993831396102905	0.0
0.026872815564274788	0.0
0.3029840886592865	1.0
0.2777779996395111	0.0
0.10568895190954208	1.0
0.14367878437042236	0.0
0.0002748568949755281	0.0
0.2624552845954895	0.0
0.37549665570259094	0.0
0.1599220484495163	0.0
0.10834966599941254	0.0
0.016555925831198692	0.0
0.33122995495796204	0.0
0.004485113080590963	0.0
0.044431623071432114	0.0
0.18383149802684784	0.0
0.3771377205848694	1.0
0.0026069902814924717	0.0
0.37713193893432617	0.0
0.000268936826614663	0.0
0.3765206038951874	0.0
0.3771377205848694	0.0
0.03093547187745571	0.0
0.3609550893306732	0.0
0.310543954372406	0.0
0.02101246826350689	0.0
0.19279901683330536	1.0
0.16195619106292725	0.0
0.3638378381729126	0.0
0.27229824662208557	1.0
0.287388414144516	1.0
0.0026676051784306765	0.0
0.05731571465730667	0.0
0.039084047079086304	0.0
0.37413740158081055	0.0
0.12037086486816406	0.0
0.005708039738237858	0.0
0.08274099230766296	0.0
0.3770473301410675	1.0
0.2879428565502167	0.0
0.0033418869134038687	0.0
0.2879561483860016	0.0
0.2845862805843353	0.0
0.30792126059532166	0.0
0.37689027190208435	1.0
0.08727676421403885	0.0
0.043462347239255905	0.0
0.3771377205848694	0.0
2.3167251129052602e-05	0.0
0.04164152964949608	0.0
0.376953125	1.0
0.15747210383415222	0.0
0.2154686003923416	0.0
0.06386493891477585	0.0
0.014832044951617718	0.0
0.3771308660507202	1.0
0.359184205532074	1.0
0.0060912021435797215	0.0
0.28058886528015137	1.0
0.3691600263118744	0.0
0.06834541261196136	0.0
0.20347636938095093	0.0
0.11021173000335693	0.0
0.0012995568104088306	0.0
0.01382325030863285	0.0
0.014539889059960842	0.0
3.711682211360312e-06	0.0
0.008494747802615166	0.0
0.0075452025048434734	0.0
0.2570717930793762	0.0
0.015542984940111637	0.0
0.3753693997859955	1.0
0.17339889705181122	0.0
0.3760140836238861	1.0
0.001017735106870532	0.0
0.005603788420557976	0.0
0.19179145991802216	0.0
0.01798146963119507	0.0
0.37682536244392395	1.0
0.030827950686216354	0.0
0.02672034129500389	0.0
0.026776423677802086	0.0
0.011878217570483685	0.0
0.09231893718242645	0.0
0.19338560104370117	0.0
0.03461465612053871	0.0
0.3771377205848694	0.0
0.28071433305740356	0.0
0.37098148465156555	0.0
0.3771377205848694	1.0
6.688737630611286e-05	0.0
0.06125076487660408	0.0
0.0502130351960659	0.0
0.036275316029787064	0.0
0.06776037067174911	0.0
0.0041230362839996815	0.0
0.37699609994888306	0.0
0.06498608738183975	0.0
0.3771377205848694	1.0
0.0006106516811996698	0.0
0.3710690438747406	1.0
0.0014335806481540203	0.0
0.18357698619365692	0.0
0.32906433939933777	0.0
0.17489828169345856	0.0
0.3671765923500061	0.0
0.10066097974777222	0.0
0.26233479380607605	0.0
0.00424937391653657	0.0
0.3765590786933899	0.0
0.004131628666073084	0.0
0.017931168898940086	0.0
0.37702396512031555	0.0
0.24779130518436432	0.0
0.3771377205848694	1.0
0.3761998116970062	1.0
3.3793254260672256e-05	0.0
0.37027162313461304	0.0
0.00016729823255445808	0.0
0.35673198103904724	0.0
0.005854124668985605	0.0
0.01972242258489132	0.0
0.02023407630622387	0.0
0.321372926235199	0.0
0.14091050624847412	0.0
0.37146636843681335	1.0
0.003589994739741087	0.0
0.003011103253811598	0.0
0.3771377205848694	0.0
0.09469262510538101	0.0
0.3648427724838257	0.0
0.3755868673324585	0.0
2.2845853891340084e-05	0.0
0.0013523823581635952	0.0
0.36142483353614807	1.0
0.07641744613647461	0.0
0.2730161249637604	0.0
0.08384273946285248	1.0
0.02879207395017147	0.0
0.20440031588077545	0.0
0.00040407528285868466	0.0
0.36985769867897034	0.0
0.023229803889989853	0.0
0.0018747956492006779	0.0
0.36840173602104187	0.0
0.02487999200820923	0.0
0.15131568908691406	0.0
0.00039336102781817317	0.0
0.03540333732962608	0.0
0.012184836901724339	0.0
0.14839324355125427	0.0
0.00044059468200430274	0.0
0.03037530742585659	0.0
0.02638912759721279	1.0
0.13150131702423096	0.0
0.3760681748390198	1.0
0.009806834161281586	0.0
0.25067344307899475	0.0
0.10996860265731812	0.0
0.1139785647392273	0.0
0.2785334587097168	0.0
0.377056747674942	0.0
0.3420756757259369	0.0
0.28144821524620056	0.0
0.3749147355556488	0.0
0.22423873841762543	0.0
0.062037091702222824	0.0
0.043953005224466324	0.0
0.09980166703462601	0.0
0.3768838047981262	1.0
0.01256506610661745	0.0
0.15369202196598053	0.0
0.1521330028772354	1.0
0.1826382577419281	0.0
0.0006568916141986847	0.0
0.19440069794654846	0.0
0.03534184396266937	1.0
0.3771377205848694	0.0
0.37674328684806824	1.0
0.06598036736249924	0.0
0.16110871732234955	0.0
0.0809418112039566	0.0
0.003877374343574047	0.0
0.013802255503833294	0.0
0.1671440452337265	0.0
0.3771377205848694	0.0
0.01789509877562523	0.0
0.024957669898867607	0.0
0.07694229483604431	0.0
0.18679077923297882	0.0
0.24681755900382996	0.0
0.36817118525505066	0.0
0.007182796485722065	0.0
0.19645483791828156	1.0
0.1276671439409256	0.0
0.10566731542348862	1.0
0.07312411814928055	0.0
0.10894333571195602	1.0
0.3768964409828186	0.0
0.007547469809651375	0.0
0.004748883191496134	0.0
0.37110647559165955	1.0
0.37012767791748047	1.0
0.3760221600532532	0.0
0.009462510235607624	0.0
0.07069803774356842	0.0
0.04557088389992714	0.0
0.3041299879550934	0.0
0.01876695454120636	0.0
0.23872126638889313	0.0
0.01302721444517374	0.0
0.262333482503891	0.0
0.004426589235663414	0.0
0.08436227589845657	0.0
0.03060891665518284	0.0
0.11614588648080826	0.0
0.2573237419128418	0.0
0.0002965607272926718	0.0
6.125493200670462e-06	0.0
0.3060374855995178	0.0
0.1994178593158722	0.0
0.37215039134025574	0.0
0.046455610543489456	0.0
0.36561521887779236	0.0
0.3771377205848694	1.0
0.28584104776382446	0.0
0.2099386602640152	0.0
0.3765058219432831	1.0
0.01165040209889412	0.0
0.0001546584680909291	0.0
0.031570788472890854	0.0
0.3771377205848694	0.0
0.004058551043272018	0.0
0.08917027711868286	1.0
0.000532572390511632	0.0
0.08357368409633636	0.0
0.360298752784729	0.0
0.2051430344581604	0.0
0.3771377205848694	0.0
0.29809388518333435	0.0
0.07936692982912064	0.0
0.2765522599220276	0.0
0.21867255866527557	1.0
0.06834497302770615	0.0
0.0006031086668372154	0.0
0.37672528624534607	0.0
0.05787578597664833	0.0
0.13872459530830383	0.0
0.18239827454090118	1.0
0.002624490996822715	0.0
0.37651005387306213	1.0
0.1541518270969391	1.0
0.19108188152313232	0.0
0.008826693519949913	0.0
0.011425478383898735	0.0
0.0055368212051689625	0.0
0.3026926815509796	0.0
0.07674064487218857	0.0
0.00222300598397851	0.0
0.19643811881542206	0.0
0.020678550004959106	0.0
0.003855903400108218	0.0
0.024429550394415855	0.0
0.18518158793449402	0.0
0.07558578997850418	0.0
0.3691624104976654	0.0
0.3771377205848694	1.0
0.1108643189072609	1.0
0.27690088748931885	0.0
0.00020874410984106362	0.0
0.07796711474657059	0.0
0.35314375162124634	0.0
0.10102827847003937	0.0
0.006807525642216206	0.0
0.0944935753941536	1.0
0.006404849700629711	0.0
0.0007589220767840743	0.0
0.3394688367843628	1.0
0.09553821384906769	0.0
0.24885912239551544	0.0
0.009698436595499516	0.0
0.37109169363975525	0.0
0.3770287036895752	0.0
0.09186160564422607	0.0
0.1122492328286171	0.0
0.015333055518567562	0.0
0.15290497243404388	1.0
0.12786343693733215	0.0
0.007657782640308142	0.0
0.0026074936613440514	0.0
0.0014303044881671667	0.0
0.11853714287281036	0.0
0.004383666440844536	0.0
0.11398670077323914	1.0
0.027447819709777832	0.0
0.312747597694397	0.0
0.3373722434043884	0.0
0.038516029715538025	0.0
0.021349554881453514	0.0
0.2805155813694	0.0
0.21072334051132202	0.0
0.007397518493235111	0.0
0.11800011992454529	0.0
0.2541399300098419	0.0
0.2481640726327896	0.0
0.34675878286361694	0.0
0.026485107839107513	0.0
0.3770594298839569	1.0
0.37629541754722595	1.0
0.20784880220890045	0.0
0.05104275420308113	0.0
0.36146700382232666	0.0
0.03546389564871788	0.0
0.030434714630246162	0.0
0.3341241478919983	1.0
0.007363284472376108	0.0
0.05430101603269577	0.0
0.04982547089457512	0.0
0.3771377205848694	1.0
0.043415408581495285	0.0
0.2187158763408661	0.0
0.26743456721305847	0.0
0.3771377205848694	1.0
0.37167564034461975	0.0
0.004481005948036909	0.0
0.04583994671702385	0.0
0.0074971262365579605	0.0
0.307754784822464	1.0
0.3771377205848694	1.0
0.14256173372268677	0.0
0.12364399433135986	0.0
0.3619416058063507	0.0
0.0974782407283783	0.0
0.3771377205848694	1.0
0.374717652797699	0.0
0.3766879141330719	0.0
0.1823836863040924	0.0
0.3625394105911255	0.0
0.03719574585556984	0.0
0.00044319647713564336	0.0
0.19836176931858063	0.0
0.09887783229351044	0.0
0.19524966180324554	0.0
0.10234586149454117	0.0
0.08108644932508469	0.0
0.18988680839538574	0.0
0.00037461629835888743	0.0
0.3735392391681671	1.0
0.0924450159072876	0.0
0.3738657236099243	0.0
0.14959079027175903	0.0
0.27277010679244995	0.0
0.0001043162337737158	0.0
0.10574152320623398	0.0
5.791973671875894e-05	0.0
0.2979738116264343	1.0
0.003172242548316717	0.0
0.16592471301555634	0.0
0.375209778547287	1.0
0.14145022630691528	0.0
0.16803763806819916	0.0
0.09889265894889832	0.0
0.009111638180911541	0.0
0.2953181862831116	0.0
0.003994083497673273	0.0
5.749735919380328e-06	0.0
0.3231711983680725	1.0
0.1644301563501358	0.0
0.25940489768981934	0.0
0.24874621629714966	0.0
0.37698894739151	1.0
0.16225136816501617	1.0
0.36999115347862244	0.0
0.3771096169948578	1.0
0.37056609988212585	0.0
0.007339355070143938	0.0
0.027219900861382484	0.0
0.11922112107276917	0.0
0.09402356296777725	0.0
0.19646278023719788	0.0
0.11153881996870041	0.0
0.010704285465180874	0.0
0.28693142533302307	1.0
0.028252538293600082	0.0
0.35383421182632446	1.0
0.37503868341445923	1.0
0.0008221391472034156	0.0
0.37017545104026794	0.0
0.07402842491865158	1.0
0.3212105333805084	1.0
0.3771377205848694	0.0
0.2146805077791214	0.0
0.3573063015937805	0.0
0.3071581721305847	0.0
0.05016065016388893	0.0
0.18229641020298004	0.0
0.0015930343652144074	0.0
0.04878396540880203	0.0
0.1649821251630783	1.0
0.21472248435020447	0.0
0.04968943074345589	0.0
0.3767152726650238	0.0
0.36971816420555115	0.0
0.002310351002961397	0.0
0.22497986257076263	1.0
0.3470545709133148	1.0
0.0024786710273474455	0.0
0.35319942235946655	0.0
0.252300500869751	0.0
0.20676830410957336	0.0
0.00030551955569535494	0.0
0.1716916561126709	1.0
0.0031437368597835302	0.0
0.016353469341993332	0.0
0.00150863837916404	0.0
0.0349961556494236	0.0
0.35796883702278137	1.0
0.3632248342037201	1.0
0.1060808077454567	0.0
0.30878302454948425	0.0
0.3741592764854431	0.0
0.09192045778036118	0.0
0.03338194265961647	0.0
0.028313176706433296	0.0
0.2860828936100006	0.0
3.985528746852651e-05	0.0
0.06626083701848984	0.0
0.058895278722047806	0.0
0.3770134150981903	0.0
0.1968049854040146	0.0
0.029699385166168213	0.0
0.3685794174671173	0.0
0.03918416053056717	0.0
0.029908226802945137	0.0
0.014398641884326935	0.0
0.1976603865623474	0.0
0.35919424891471863	1.0
0.000498335633892566	0.0
0.032705988734960556	0.0
0.20509009063243866	0.0
0.09238354861736298	0.0
0.07139012962579727	0.0
0.13238048553466797	0.0
0.17681141197681427	0.0
0.009408905170857906	0.0
0.1687278002500534	0.0
0.006758746225386858	0.0
0.37660086154937744	1.0
0.06422256678342819	0.0
0.18484269082546234	0.0
0.26243823766708374	0.0
0.3771000802516937	0.0
0.008589512668550014	0.0
0.002107633976265788	0.0
0.034125328063964844	0.0
0.10008665174245834	1.0
0.0001953940954990685	0.0
0.17589573562145233	0.0
0.3771377205848694	0.0
0.03466205298900604	0.0
0.11938131600618362	0.0
0.2138025015592575	0.0
0.0703972652554512	0.0
0.003342104610055685	0.0
0.038795534521341324	0.0
0.0834592655301094	0.0
0.37708425521850586	1.0
0.06994786113500595	0.0
0.3626140356063843	1.0
0.01208049152046442	0.0
0.005032230168581009	0.0
0.3747621476650238	1.0
0.04634476825594902	0.0
0.3771377205848694	1.0
0.087541364133358	0.0
0.013515157625079155	0.0
0.16686435043811798	0.0
0.3712155222892761	1.0
0.10820954293012619	0.0
0.014921635389328003	0.0
0.004219043999910355	0.0
0.008496792986989021	0.0
0.3435992896556854	0.0
0.0602027028799057	0.0
0.09304589778184891	0.0
0.3771377205848694	0.0
0.048906128853559494	0.0
0.07493195682764053	0.0
0.013204238377511501	0.0
0.374714732170105	0.0
0.057359784841537476	0.0
0.03678695112466812	0.0
0.3771377205848694	1.0
0.23352377116680145	1.0
0.24111506342887878	1.0
0.0014065410941839218	0.0
0.24880851805210114	1.0
0.023670565336942673	1.0
0.1859726756811142	0.0
0.012176809832453728	0.0
0.3431445360183716	0.0
0.37646687030792236	0.0
0.37219610810279846	1.0
0.1173258125782013	0.0
0.09939039498567581	0.0
0.002413470996543765	0.0
0.09207931160926819	0.0
0.3771377205848694	1.0
0.35728925466537476	0.0
0.24381136894226074	0.0
0.2597447335720062	0.0
0.11647994816303253	0.0
0.25707346200942993	0.0
0.3506838083267212	0.0
0.3771377205848694	1.0
0.029767261818051338	0.0
0.3747479021549225	1.0
0.33921897411346436	0.0
0.12825874984264374	0.0
0.04257601872086525	0.0
0.012941408902406693	0.0
0.0073585594072937965	0.0
0.19670747220516205	0.0
0.09340012073516846	0.0
0.047009021043777466	0.0
0.3608814477920532	0.0
0.36676090955734253	1.0
0.015550268813967705	0.0
0.004019978456199169	0.0
0.02076764777302742	0.0
0.00041165592847391963	0.0
0.08983919769525528	0.0
0.037268657237291336	0.0
0.21702952682971954	0.0
0.3771377205848694	1.0
0.01914927549660206	0.0
0.37121349573135376	1.0
0.32499703764915466	1.0
0.36017319560050964	0.0
0.06647621095180511	0.0
0.18624022603034973	0.0
0.0010961336083710194	0.0
0.08328890055418015	0.0
0.2007659375667572	0.0
0.0017658401047810912	0.0
0.05621100217103958	0.0
0.22090764343738556	1.0
0.10015878081321716	0.0
0.1048685684800148	1.0
0.03642198070883751	0.0
0.15540944039821625	0.0
0.0273747555911541	0.0
0.2507948577404022	0.0
0.364254891872406	1.0
0.0001675495004747063	0.0
0.07445202022790909	0.0
0.3771377205848694	1.0
0.18538348376750946	0.0
0.049705080687999725	0.0
0.3616889417171478	1.0
0.34056729078292847	0.0
7.436215128109325e-06	0.0
0.3676320016384125	0.0
0.09702374786138535	0.0
0.21491122245788574	0.0
0.020792219787836075	0.0
0.37157443165779114	0.0
0.00876705814152956	0.0
0.18167157471179962	0.0
0.015407484956085682	0.0
0.09250394254922867	0.0
0.0021893219090998173	0.0
0.1460469514131546	0.0
0.06720483303070068	0.0
0.0016192903276532888	0.0
0.22039063274860382	1.0
0.27344268560409546	0.0
0.3608689606189728	0.0
0.09584227949380875	0.0
0.024491101503372192	0.0
0.05874904617667198	0.0
0.053788259625434875	0.0
0.005841389298439026	0.0
0.3041971027851105	0.0
0.2592324912548065	0.0
0.1280760020017624	1.0
0.0027425105217844248	0.0
0.3707011342048645	0.0
0.00085585901979357	0.0
0.07345766574144363	1.0
0.005910225212574005	0.0
0.014886106364428997	0.0
0.08671289682388306	0.0
0.27103617787361145	0.0
0.0036624569911509752	0.0
0.3120741844177246	0.0
0.21993133425712585	0.0
0.36512258648872375	0.0
0.030857089906930923	0.0
0.3729197680950165	1.0
0.09985552728176117	0.0
0.3622061014175415	0.0
0.3769574761390686	0.0
0.015573731623589993	0.0
0.33752867579460144	0.0
0.06931401789188385	0.0
0.04487628489732742	0.0
0.04355129227042198	0.0
0.2661207914352417	1.0
0.35349926352500916	0.0
0.012365242466330528	0.0
0.0013447464443743229	0.0
0.005201232153922319	0.0
0.23826518654823303	0.0
0.022424060851335526	0.0
0.09280869364738464	0.0
0.012190807610750198	0.0
0.36103639006614685	0.0
0.3620477318763733	0.0
0.009721128270030022	0.0
0.010928087867796421	0.0
0.08608889579772949	0.0
0.3768354654312134	0.0
0.07205076515674591	0.0
0.01611601747572422	0.0
0.0006174442241899669	0.0
0.016996746882796288	0.0
0.03857727721333504	0.0
0.3371354937553406	1.0
2.3891907403594814e-05	0.0
0.023900752887129784	0.0
0.22240713238716125	0.0
0.06726500391960144	0.0
0.024530714377760887	0.0
0.3771377205848694	1.0
0.31839367747306824	0.0
0.3771377205848694	1.0
0.3771377205848694	1.0
0.2855352461338043	1.0
0.005977391265332699	0.0
0.09998930990695953	0.0
0.37105506658554077	1.0
0.3771357536315918	0.0
0.07472692430019379	0.0
0.03364083170890808	0.0
0.0007398996967822313	0.0
0.37582504749298096	1.0
0.3771377205848694	1.0
0.025705954059958458	0.0
0.002229935023933649	0.0
0.07577601820230484	0.0
0.06036818027496338	0.0
0.23300418257713318	0.0
0.06320833414793015	0.0
0.003924562130123377	0.0
0.31984832882881165	0.0
0.0059533207677304745	0.0
0.2917803227901459	0.0
0.3531039357185364	0.0
0.04164858162403107	0.0
0.03902525454759598	0.0
0.13913390040397644	0.0
0.00521566066890955	0.0
0.18734169006347656	0.0
0.017267100512981415	0.0
0.12605491280555725	0.0
0.12827807664871216	0.0
0.0021748151630163193	0.0
0.005383895710110664	0.0
0.3771377205848694	1.0
0.00029299716698005795	0.0
0.35780346393585205	1.0
0.2027483582496643	0.0
0.3771377205848694	1.0
0.2500835061073303	0.0
0.03966078534722328	0.0
0.0006834922824054956	0.0
0.06189846619963646	0.0
0.3764411211013794	0.0
0.37482431530952454	1.0
0.020617468282580376	0.0
0.01729716919362545	0.0
0.16435270011425018	0.0
0.0010257961694151163	0.0
0.00838315300643444	0.0
0.0003403034352231771	0.0
0.30423855781555176	0.0
0.04854988306760788	0.0
0.011111916042864323	0.0
0.3669389486312866	1.0
0.13035418093204498	1.0
0.16234131157398224	0.0
0.36641350388526917	1.0
0.3444390296936035	0.0
0.019874373450875282	0.0
0.10771699994802475	1.0
0.0020758998580276966	0.0
0.09176617860794067	0.0
0.35751092433929443	0.0
0.10772456973791122	0.0
0.23439596593379974	0.0
0.0853225439786911	0.0
0.2025468498468399	0.0
0.3771377205848694	1.0
0.3692103922367096	0.0
0.36907655000686646	1.0
0.3602125346660614	0.0
0.37604373693466187	0.0
0.12680578231811523	0.0
0.3765394985675812	1.0
0.3657790422439575	0.0
0.37326890230178833	1.0
0.06987366080284119	0.0
0.013642808422446251	0.0
0.061329830437898636	0.0
0.05533498898148537	0.0
0.3705373704433441	1.0
0.37663036584854126	1.0
0.002569611417129636	0.0
0.2197515219449997	0.0
0.009181804023683071	0.0
0.08971662819385529	0.0
0.007003877777606249	0.0
0.3351331949234009	0.0
0.08729071915149689	0.0
0.004375239368528128	0.0
0.3768354654312134	0.0
3.242244929424487e-05	0.0
0.15642237663269043	0.0
0.05450943484902382	0.0
0.15599729120731354	0.0
0.33333832025527954	0.0
0.0006919752922840416	0.0
0.18366575241088867	1.0
0.3771377205848694	1.0
0.019025195389986038	0.0
0.0065796226263046265	0.0
0.3434845209121704	0.0
0.07259251922369003	0.0
0.057383861392736435	0.0
0.270804226398468	0.0
0.19005806744098663	0.0
0.2403561919927597	0.0
0.29927560687065125	0.0
0.2146161049604416	0.0
0.3771377205848694	0.0
0.07489727437496185	0.0
0.06668136268854141	0.0
0.3075442910194397	1.0
0.007152104750275612	0.0
0.06734490394592285	0.0
0.024639476090669632	0.0
0.005351843778043985	0.0
0.057609569281339645	0.0
0.3771377205848694	0.0
0.04563950002193451	0.0
0.039343953132629395	0.0
0.006680992431938648	0.0
0.000921049970202148	0.0
0.21200653910636902	0.0
0.37381941080093384	0.0
0.002080629114061594	0.0
0.37713274359703064	1.0
0.36079418659210205	1.0
0.1252063810825348	0.0
0.026749245822429657	0.0
0.0005606671911664307	0.0
0.34015148878097534	0.0
0.004367651883512735	0.0
0.04175826162099838	0.0
0.1532997339963913	0.0
0.2873445153236389	1.0
0.34558457136154175	1.0
0.0001879315823316574	0.0
0.04490704461932182	0.0
0.06242082640528679	0.0
0.36389121413230896	1.0
0.2929157316684723	0.0
0.0009231590665876865	0.0
0.019975049421191216	0.0
0.012936593033373356	0.0
0.016072794795036316	0.0
0.036913175135850906	0.0
0.04109782353043556	0.0
0.09360993653535843	0.0
0.3771377205848694	0.0
0.35583940148353577	1.0
0.27151593565940857	0.0
0.14022700488567352	0.0
0.3771205544471741	1.0
0.2137739509344101	0.0
0.3701145350933075	0.0
0.26866957545280457	0.0
0.021733110770583153	0.0
0.005495262332260609	0.0
0.33719831705093384	0.0
0.09917836636304855	0.0
0.2693180739879608	1.0
0.36114415526390076	0.0
1.004412661131937e-05	0.0
0.007905338890850544	0.0
0.12510442733764648	0.0
0.3771377205848694	1.0
0.001777771976776421	0.0
0.09704858809709549	1.0
0.050460029393434525	0.0
0.36256685853004456	0.0
0.3728274405002594	1.0
0.00032927352003753185	0.0
0.3754798471927643	1.0
0.36193183064460754	1.0
0.04923480004072189	1.0
0.18236173689365387	0.0
0.3715393543243408	1.0
0.18274295330047607	0.0
0.12535502016544342	0.0
0.03805197402834892	1.0
0.37105241417884827	0.0
0.37695184350013733	1.0
0.02292877808213234	0.0
0.3567768335342407	0.0
0.02199433371424675	0.0
0.3107401728630066	1.0
0.0009525874047540128	0.0
0.3570427894592285	0.0
0.2492402046918869	0.0
0.029637381434440613	0.0
0.024321330711245537	0.0
0.0216070506721735	0.0
0.3667270839214325	0.0
0.00011702205665642396	0.0
0.04250390827655792	0.0
6.462624696723651e-06	0.0
0.09745220094919205	0.0
0.1318388432264328	0.0
0.1691138595342636	0.0
0.11041036993265152	0.0
0.16139917075634003	0.0
0.006375249940901995	0.0
0.037678517401218414	0.0
0.04541273042559624	0.0
0.3760612905025482	1.0
0.3431466817855835	0.0
0.37102067470550537	0.0
0.28892049193382263	0.0
0.0022114096209406853	0.0
0.012373222038149834	0.0
0.3771155774593353	1.0
0.006872608792036772	0.0
0.10244564712047577	0.0
0.012251853942871094	0.0
0.01158320251852274	0.0
0.09614887088537216	0.0
0.01105105597525835	0.0
0.17984575033187866	0.0
0.0021194980945438147	0.0
0.202699214220047	0.0
0.3758600354194641	1.0
0.31506484746932983	0.0
0.18818345665931702	1.0
0.06475770473480225	0.0
0.1166871041059494	0.0
0.1570528745651245	0.0
0.34973907470703125	0.0
0.007040442433208227	0.0
0.14282509684562683	0.0
0.28030925989151	0.0
0.11948446929454803	0.0
0.004470753949135542	0.0
0.18944166600704193	0.0
0.21977399289608002	0.0
0.0867297500371933	0.0
5.871241228305735e-05	0.0
0.3771377205848694	0.0
0.006727604661136866	0.0
0.00848210696130991	0.0
0.3771377205848694	0.0
0.3148980438709259	0.0
0.03536513075232506	0.0
0.08825987577438354	0.0
0.04766320437192917	0.0
0.012341399677097797	0.0
0.33614829182624817	0.0
0.23307909071445465	0.0
0.0695541501045227	0.0
0.37609434127807617	1.0
0.22175076603889465	0.0
0.3771377205848694	1.0
0.012802597135305405	0.0
0.3750135600566864	0.0
0.049509547650814056	0.0
0.001279482850804925	0.0
0.002555286278948188	0.0
0.3771377205848694	1.0
0.11222272366285324	0.0
0.07830241322517395	0.0
0.08405560255050659	0.0
0.04971041902899742	0.0
0.15729226171970367	0.0
0.1162421703338623	0.0
0.3771377205848694	0.0
0.005177595186978579	0.0
0.0036462366115301847	0.0
0.3637183606624603	0.0
0.06648707389831543	0.0
0.2845069468021393	0.0
0.19280239939689636	0.0
0.03721624240279198	0.0
0.1995600461959839	0.0
0.018437745049595833	0.0
0.07764075696468353	0.0
0.0079366909340024	0.0
0.12468945980072021	0.0
0.2741256654262543	0.0
0.28871795535087585	0.0
0.3205246031284332	0.0
0.19477075338363647	1.0
0.3771377205848694	0.0
0.3771232068538666	1.0
0.0003674357431009412	0.0
0.3330954611301422	0.0
0.019472140818834305	0.0
0.0670931488275528	1.0
0.26116299629211426	1.0
0.0018882396398112178	0.0
0.08250698447227478	0.0
0.37503817677497864	0.0
0.37480995059013367	0.0
0.3759671747684479	0.0
0.306281715631485	0.0
0.17162805795669556	0.0
0.020424073562026024	0.0
0.3768959641456604	1.0
0.00781968329101801	0.0
0.03675664961338043	0.0
0.3156898021697998	0.0
0.3514994978904724	1.0
0.3544006645679474	0.0
0.05581596866250038	0.0
0.0020154265221208334	0.0
0.07888428121805191	1.0
0.1285018026828766	0.0
0.0001918078778544441	0.0
0.002932073315605521	0.0
0.37021932005882263	0.0
0.0007533172611147165	0.0
0.14135678112506866	1.0
0.15678738057613373	1.0
0.2976800501346588	1.0
0.06852907687425613	0.0
0.005379832349717617	0.0
0.10336665064096451	0.0
0.2661128342151642	0.0
0.20846055448055267	0.0
0.06544847041368484	0.0
0.0027695363387465477	1.0
0.2932719886302948	1.0
0.35266995429992676	0.0
0.033142175525426865	0.0
0.2843429446220398	0.0
0.13122545182704926	0.0
0.015385720878839493	0.0
0.30177825689315796	0.0
0.3771377205848694	1.0
0.3771377205848694	0.0
0.13017839193344116	0.0
0.008091192692518234	0.0
0.13240377604961395	0.0
0.13785472512245178	0.0
0.2820565700531006	0.0
0.04746844619512558	0.0
0.03716684877872467	0.0
0.37691181898117065	0.0
0.37683677673339844	1.0
0.14628764986991882	1.0
9.018994751386344e-05	0.0
0.05241728574037552	0.0
0.025178397074341774	0.0
0.23853017389774323	0.0
0.17730388045310974	0.0
0.040202926844358444	0.0
0.1288767158985138	0.0
0.3750644624233246	1.0
0.012338876724243164	0.0
0.3154536783695221	0.0
0.3771217167377472	0.0
0.2405199408531189	0.0
0.17882297933101654	0.0
0.007075879257172346	0.0
0.13898135721683502	1.0
0.21880397200584412	0.0
0.16592517495155334	0.0
0.23129920661449432	0.0
0.37638673186302185	1.0
0.07660969346761703	0.0
0.18994051218032837	0.0
0.3771377205848694	0.0
0.05752554535865784	0.0
0.18429036438465118	0.0
0.005465983878821135	0.0
0.27215126156806946	1.0
0.014372159726917744	0.0
0.3766803443431854	0.0
0.005087337456643581	0.0
0.3771377205848694	0.0
0.011282318271696568	0.0
0.3610321879386902	0.0
0.05336659401655197	0.0
0.007582836784422398	0.0
0.0006936563295312226	0.0
0.0236534234136343	0.0
0.04722438007593155	0.0
0.31019964814186096	0.0
0.050274383276700974	0.0
0.37667906284332275	0.0
0.37701451778411865	0.0
0.22142747044563293	0.0
0.31494951248168945	0.0
0.05053780972957611	0.0
0.32248154282569885	0.0
0.008128482848405838	0.0
0.00013152463361620903	0.0
0.2713141441345215	0.0
0.010104404762387276	0.0
0.053288768976926804	0.0
0.09746292978525162	0.0
0.12405163794755936	1.0
0.18679745495319366	0.0
0.014436599798500538	0.0
0.167254239320755	0.0
0.08205068856477737	1.0
0.06884543597698212	0.0
0.0704415887594223	0.0
0.059672463685274124	0.0
0.14600960910320282	0.0
0.027211030945181847	0.0
0.2142222374677658	0.0
0.3403380811214447	0.0
0.01275290735065937	0.0
0.37260162830352783	0.0
0.005740081425756216	0.0
0.004377678502351046	0.0
0.14913509786128998	1.0
0.23073476552963257	0.0
0.15807241201400757	0.0
0.023646732792258263	0.0
0.011769331991672516	0.0
0.13410913944244385	0.0
0.06880050152540207	0.0
0.0537741556763649	0.0
0.16216760873794556	0.0
0.008234473876655102	0.0
0.3768354654312134	1.0
0.008848111145198345	0.0
0.016085494309663773	0.0
0.3760213553905487	1.0
0.37621745467185974	1.0
0.1629936695098877	0.0
0.37610524892807007	0.0
0.045854225754737854	0.0
0.1071145236492157	0.0
0.08887697756290436	0.0
0.15406428277492523	0.0
0.3744046092033386	0.0
0.23367856442928314	0.0
0.18428687751293182	0.0
0.2870080769062042	0.0
0.0416603609919548	0.0
0.24414512515068054	0.0
0.18988914787769318	0.0
0.3771377205848694	1.0
0.3771377205848694	1.0
0.20128436386585236	0.0
0.013456147164106369	0.0
0.3720988929271698	1.0
0.371004194021225	0.0
0.005130278877913952	0.0
0.3512153625488281	0.0
0.07396556437015533	0.0
0.009601876139640808	0.0
0.24600762128829956	0.0
0.2935172915458679	0.0
0.03719733655452728	1.0
0.1728062480688095	1.0
0.3665008246898651	0.0
0.0320129320025444	0.0
0.05996442213654518	0.0
0.35917168855667114	1.0
0.3771377205848694	0.0
0.21879899501800537	0.0
0.37710708379745483	1.0
0.004192008171230555	0.0
0.0008916741353459656	0.0
0.014808041043579578	0.0
0.09978016465902328	0.0
0.19873064756393433	0.0
0.22097721695899963	1.0
0.08122999221086502	1.0
0.018419954925775528	0.0
0.36755746603012085	1.0
0.0012625481467694044	0.0
0.2506101429462433	0.0
0.11331522464752197	1.0
0.37677955627441406	0.0
0.013743025250732899	0.0
0.06922842562198639	0.0
0.14046022295951843	0.0
0.018634287640452385	0.0
0.015575465746223927	0.0
0.37458744645118713	0.0
0.023969203233718872	0.0
0.25758764147758484	0.0
0.024461666122078896	0.0
0.08570580929517746	0.0
0.3771377205848694	1.0
0.0661340281367302	0.0
0.08433283120393753	0.0
0.15730637311935425	0.0
0.05028519406914711	0.0
0.23912286758422852	0.0
0.15289664268493652	1.0
0.34406721591949463	0.0
0.03140544146299362	0.0
0.36128777265548706	1.0
0.06823678314685822	0.0
0.0260685533285141	0.0
0.0010826869402080774	0.0
0.3771377205848694	1.0
0.0022434473503381014	0.0
0.06374616175889969	0.0
0.37682074308395386	0.0
0.039109572768211365	0.0
0.27290764451026917	1.0
0.3771377205848694	1.0
0.29075321555137634	0.0
0.12890121340751648	0.0
0.1084253340959549	0.0
0.028813093900680542	0.0
0.10711641609668732	0.0
0.09557072818279266	0.0
0.034313369542360306	0.0
0.028379039838910103	0.0
0.3365713059902191	0.0
0.14906346797943115	0.0
0.3770717978477478	1.0
0.3771377205848694	1.0
0.03825569152832031	0.0
0.13801060616970062	0.0
0.13359032571315765	0.0
0.016607867553830147	0.0
0.06926435232162476	0.0
0.3185604512691498	1.0
0.08910521119832993	0.0
0.3771377205848694	1.0
0.37629735469818115	0.0
0.16205912828445435	0.0
0.06944671273231506	1.0
0.07302308827638626	0.0
0.02259158529341221	0.0
0.05887855589389801	0.0
0.017835577949881554	0.0
0.005616503767669201	0.0
0.1632956713438034	0.0
0.0011145267635583878	0.0
0.37674060463905334	1.0
0.0303020216524601	0.0
0.032019566744565964	0.0
0.37613561749458313	0.0
0.14312461018562317	0.0
0.007691475097090006	0.0
0.24069373309612274	0.0
0.3649044334888458	0.0
0.09902221709489822	0.0
0.19029144942760468	0.0
0.11085425317287445	0.0
0.007041359320282936	0.0
0.3771377205848694	0.0
0.009644914418458939	0.0
0.032788585871458054	0.0
0.09617489576339722	0.0
0.0053502474911510944	0.0
0.029047897085547447	1.0
0.06333677470684052	0.0
0.3771377205848694	0.0
0.3355248272418976	0.0
0.009538405574858189	0.0
0.019503513351082802	0.0
0.022709565237164497	0.0
0.03179262951016426	0.0
0.003197447629645467	0.0
0.3733600080013275	0.0
0.06062956899404526	0.0
0.0008964147418737411	0.0
0.025226492434740067	0.0
0.001220204052515328	0.0
0.310009241104126	0.0
0.3294505476951599	1.0
0.3059144914150238	1.0
0.025628194212913513	0.0
0.004851008765399456	0.0
0.07435387372970581	0.0
0.2159418910741806	0.0
0.2339003086090088	0.0
0.03132056072354317	0.0
0.16030608117580414	1.0
0.32345032691955566	0.0
0.0009877764387056231	0.0
0.10292430967092514	0.0
0.2889968156814575	0.0
0.27255186438560486	0.0
0.0006280640955083072	0.0
0.22222769260406494	0.0
0.0075490595772862434	0.0
0.30539339780807495	0.0
0.12970362603664398	1.0
0.3771377205848694	0.0
0.037217024713754654	0.0
0.1635846346616745	1.0
0.00886551197618246	0.0
0.3613147735595703	1.0
0.015235859900712967	0.0
0.023491786792874336	0.0
0.36234748363494873	0.0
0.36618515849113464	1.0
0.3771377205848694	0.0
0.005334385670721531	0.0
0.005206163972616196	0.0
0.18268108367919922	0.0
0.3728451132774353	1.0
0.3523269295692444	0.0
0.37072327733039856	1.0
0.005324161145836115	0.0
0.12324173003435135	0.0
0.37200450897216797	1.0
0.07432622462511063	0.0
0.3771377205848694	0.0
0.09417279064655304	0.0
0.369479238986969	0.0
0.0034245422575622797	0.0
0.05920220911502838	0.0
0.37516745924949646	0.0
0.015063570812344551	0.0
0.01753794588148594	0.0
0.3675682246685028	0.0
0.0329044945538044	0.0
0.37331414222717285	0.0
0.15625295042991638	0.0
0.034800831228494644	0.0
0.28088295459747314	0.0
0.33768725395202637	0.0
0.01819080300629139	0.0
0.37533941864967346	1.0
0.3043499290943146	0.0
0.37341147661209106	0.0
0.3771340847015381	1.0
0.1803709715604782	1.0
0.08972320705652237	0.0
0.19215208292007446	0.0
0.06356576085090637	0.0
0.03945813328027725	0.0
0.005134912673383951	0.0
0.3239597976207733	0.0
0.008079057559370995	0.0
0.359366774559021	1.0
0.07980107516050339	0.0
0.2257852405309677	0.0
0.0012358868261799216	0.0
0.0009195466409437358	0.0
0.343000590801239	1.0
0.1236678808927536	0.0
0.029355589300394058	0.0
0.374747097492218	0.0
0.37675419449806213	1.0
0.05646716058254242	0.0
0.05729379504919052	0.0
0.3761923313140869	0.0
0.246391162276268	0.0
0.0005396783817559481	0.0
0.1755598485469818	0.0
0.3182675540447235	0.0
0.1911628693342209	0.0
0.1969727873802185	1.0
0.36124539375305176	1.0
0.3689587712287903	0.0
0.012506820261478424	0.0
0.21949221193790436	0.0
0.12588384747505188	0.0
0.011887926608324051	0.0
0.09562315046787262	0.0
0.21686606109142303	0.0
0.0203857384622097	0.0
0.16583268344402313	0.0
0.16094526648521423	0.0
0.2278786301612854	0.0
0.010963873006403446	0.0
0.046110790222883224	0.0
0.03633684664964676	0.0
0.011179660446941853	0.0
0.1583477109670639	0.0
0.29589739441871643	0.0
0.01981528475880623	0.0
0.36077389121055603	0.0
0.3771377205848694	1.0
0.003982506692409515	0.0
0.2853335440158844	0.0
0.02113969624042511	0.0
0.062050823122262955	0.0
0.13278689980506897	0.0
0.003869035979732871	0.0
0.3681481182575226	1.0
0.0879390761256218	0.0
0.001003602403216064	0.0
0.13411130011081696	0.0
0.08881866931915283	0.0
0.18833108246326447	0.0
0.18323615193367004	0.0
0.06540779024362564	0.0
0.10921470075845718	0.0
0.20072434842586517	0.0
0.06961491703987122	0.0
0.3267943859100342	0.0
0.001108683762140572	0.0
0.16178831458091736	0.0
0.31656932830810547	0.0
0.06970588117837906	0.0
0.05009825900197029	1.0
0.01863808184862137	0.0
0.000399356969865039	0.0
0.14797735214233398	0.0
0.010260269977152348	0.0
0.011454085819423199	0.0
0.15957926213741302	0.0
0.026302512735128403	0.0
0.1486857533454895	0.0
0.0038792365230619907	0.0
0.25995421409606934	0.0
0.3771377205848694	1.0
0.22150792181491852	1.0
0.011543302796781063	0.0
0.0745413526892662	0.0
0.37637558579444885	0.0
0.3771377205848694	1.0
0.014128763228654861	0.0
0.376634806394577	1.0
0.21725958585739136	0.0
0.08043329417705536	0.0
0.04199306294322014	0.0
0.3721200227737427	0.0
0.139116108417511	1.0
0.03221040964126587	0.0
0.002266054041683674	0.0
0.36526554822921753	0.0
0.0020736074075102806	0.0
0.0046759797260165215	0.0
0.36272162199020386	0.0
0.2643001675605774	0.0
0.0637580007314682	0.0
0.04960700497031212	0.0
0.09536443650722504	0.0
0.3757097125053406	1.0
0.26599958539009094	0.0
0.03072214312851429	0.0
0.20222492516040802	1.0
0.14679302275180817	1.0
0.0029431763105094433	0.0
0.040685318410396576	0.0
0.03892914950847626	0.0
0.00175946531817317	0.0
0.37044471502304077	1.0
0.020093737170100212	0.0
0.32906508445739746	0.0
0.3744051158428192	0.0
0.32172513008117676	0.0
0.04124792665243149	0.0
0.006677569821476936	0.0
0.024977335706353188	0.0
0.32526955008506775	0.0
0.37697094678878784	0.0
0.36237284541130066	1.0
0.022077953442931175	0.0
0.3771377205848694	0.0
0.25568538904190063	0.0
0.07093338668346405	0.0
0.2078334540128708	0.0
0.05822373181581497	0.0
0.12364944815635681	0.0
0.3717156946659088	0.0
0.019858412444591522	0.0
0.008763536810874939	0.0
0.2385278344154358	0.0
0.006883594673126936	0.0
0.04187255725264549	0.0
0.00018660810019355267	0.0
0.36975976824760437	0.0
0.30363017320632935	1.0
0.058707330375909805	1.0
0.19884295761585236	0.0
0.051288217306137085	0.0
0.006200040690600872	0.0
0.10846500843763351	0.0
0.3725351393222809	1.0
0.3755279779434204	0.0
0.014939617365598679	0.0
0.1758124828338623	0.0
0.00035959365777671337	0.0
0.09886201471090317	0.0
0.014805704355239868	0.0
0.07333213090896606	0.0
0.0002478706301189959	0.0
0.3538597524166107	1.0
0.3771377205848694	1.0
0.26053163409233093	0.0
0.06285616755485535	0.0
0.014875133521854877	0.0
0.004880069755017757	0.0
3.04356017295504e-05	0.0
0.13570353388786316	0.0
0.0013799361186102033	0.0
0.0016065584495663643	0.0
0.2107609510421753	0.0
0.37058964371681213	1.0
0.19422699511051178	0.0
0.03029177524149418	0.0
0.35667112469673157	0.0
0.15449745953083038	0.0
0.08982942253351212	0.0
0.17805543541908264	0.0
0.00013281111023388803	0.0
0.3761443793773651	1.0
0.35039833188056946	1.0
0.1609431654214859	0.0
0.007984761148691177	0.0
0.15658123791217804	0.0
0.0005960842245258391	0.0
0.1451679766178131	1.0
0.3771377205848694	0.0
0.109112448990345	0.0
0.13232503831386566	1.0
0.06017884239554405	0.0
0.35993754863739014	0.0
0.025217510759830475	0.0
0.018895873799920082	0.0
0.3713738024234772	1.0
0.053701046854257584	0.0
0.35772645473480225	0.0
0.028007574379444122	0.0
0.03923589736223221	0.0
0.06089257448911667	1.0
0.3771377205848694	0.0
0.011498329229652882	0.0
0.28671371936798096	0.0
0.021716583520174026	0.0
0.36269012093544006	0.0
0.14238135516643524	0.0
0.019925212487578392	0.0
0.08291839063167572	0.0
0.10113323479890823	0.0
0.10182322561740875	1.0
0.3771377205848694	0.0
0.004765933379530907	0.0
0.10095831751823425	0.0
0.06840348988771439	0.0
0.04292512312531471	0.0
0.07087086886167526	0.0
0.0010044986847788095	0.0
0.002242935122922063	0.0
0.18091291189193726	0.0
0.3771377205848694	0.0
0.1045449823141098	0.0
0.08397518843412399	0.0
0.1462627351284027	0.0
0.07852274179458618	0.0
0.16278423368930817	0.0
0.1190546527504921	0.0
0.21200022101402283	0.0
0.3114652633666992	0.0
0.1353076845407486	0.0
0.03870002552866936	0.0
0.3227948844432831	0.0
0.15797783434391022	1.0
2.4366445359191857e-05	0.0
0.21995730698108673	1.0
0.001464044558815658	0.0
0.03157695755362511	0.0
0.049410514533519745	0.0
0.05322209745645523	0.0
0.08279801160097122	0.0
0.08893591910600662	0.0
0.0008589136996306479	0.0
0.36946794390678406	0.0
0.0006399149424396455	0.0
0.05035720020532608	0.0
0.02649163454771042	0.0
0.3729775846004486	1.0
0.0012698306236416101	0.0
0.02071627974510193	0.0
0.37686461210250854	1.0
0.04638699069619179	0.0
0.37672677636146545	1.0
0.011692601256072521	0.0
0.1088893935084343	0.0
0.3346922993659973	1.0
0.1125703975558281	0.0
0.05655989050865173	1.0
0.3618047833442688	0.0
0.3054966628551483	0.0
0.02479712851345539	0.0
0.0685485303401947	0.0
0.049726471304893494	0.0
0.16227638721466064	0.0
0.10358116775751114	0.0
0.018190238624811172	0.0
0.316971093416214	0.0
0.018050361424684525	0.0
0.3167773485183716	0.0
0.022415295243263245	0.0
0.002279822714626789	0.0
0.37314650416374207	1.0
0.37465527653694153	0.0
0.1940326690673828	0.0
0.3753804564476013	1.0
0.37602150440216064	0.0
0.2401902824640274	0.0
0.290522962808609	0.0
0.3457777798175812	0.0
0.31846368312835693	1.0
0.3708759546279907	1.0
0.3771377205848694	0.0
0.011646483093500137	0.0
0.007823853753507137	0.0
0.011312393471598625	0.0
0.2983860373497009	0.0
0.259937047958374	0.0
0.3624030351638794	0.0
0.36133602261543274	0.0
0.3476247489452362	0.0
0.11305767297744751	0.0
0.22891543805599213	1.0
0.3135773837566376	0.0
0.3771339952945709	1.0
0.0022042549680918455	0.0
0.3070124387741089	0.0
0.0009875402320176363	0.0
0.004262727685272694	0.0
0.02970879338681698	0.0
0.006727044004946947	0.0
0.13624176383018494	0.0
0.11666984111070633	0.0
0.05280206352472305	1.0
0.3594047427177429	0.0
0.26735085248947144	0.0
0.1062980368733406	0.0
0.3701589107513428	0.0
0.2363658845424652	0.0
0.14295725524425507	0.0
0.02683655545115471	0.0
0.1405777782201767	0.0
0.017651928588747978	0.0
0.11968766897916794	1.0
0.10941561311483383	0.0
0.13949055969715118	0.0
0.3771377205848694	0.0
0.2631893754005432	0.0
0.04699110984802246	0.0
0.37316688895225525	0.0
0.010741990990936756	0.0
0.37518027424812317	1.0
0.15887536108493805	0.0
0.010551489889621735	0.0
0.24898536503314972	1.0
0.002296957653015852	0.0
0.0008795048343017697	0.0
0.05362411215901375	1.0
0.37135225534439087	1.0
0.0002536294050514698	0.0
0.37708860635757446	0.0
0.18402300775051117	0.0
0.06168709695339203	0.0
0.03233007341623306	0.0
0.006040941923856735	1.0
0.13339224457740784	0.0
0.3771377205848694	1.0
0.37083518505096436	0.0
0.14956976473331451	0.0
0.02998754009604454	0.0
0.17626513540744781	0.0
0.3770729899406433	0.0
0.06313743442296982	1.0
0.0992480143904686	0.0
0.018210988491773605	0.0
0.00030342492391355336	0.0
0.005330020096153021	0.0
0.003844329621642828	0.0
0.373776376247406	1.0
0.0001019422707031481	0.0
0.3092683255672455	0.0
0.15384139120578766	0.0
0.3554231524467468	0.0
0.15373066067695618	0.0
0.3766813278198242	1.0
0.2497103363275528	0.0
0.004595691338181496	0.0
0.028233282268047333	0.0
0.3073327839374542	1.0
0.3771377205848694	0.0
0.2357482612133026	0.0
0.010791309177875519	0.0
0.11121471226215363	0.0
0.3080286979675293	0.0
0.20846904814243317	0.0
0.31206491589546204	0.0
0.188561350107193	0.0
0.061731960624456406	0.0
0.3267291784286499	0.0
0.25207915902137756	0.0
0.12383469939231873	1.0
0.023794537410140038	0.0
0.006964362226426601	0.0
0.046895284205675125	0.0
0.37068435549736023	0.0
0.32631155848503113	0.0
0.3035680055618286	0.0
0.07134366035461426	0.0
0.09803268313407898	0.0
0.12932553887367249	0.0
0.09267831593751907	0.0
0.3768354654312134	0.0
0.025662211701273918	0.0
0.3650018870830536	0.0
0.09601327031850815	0.0
0.060979943722486496	0.0
0.05850312113761902	0.0
0.30522117018699646	0.0
0.13440965116024017	0.0
0.14162206649780273	0.0
0.007671506609767675	0.0
0.211030974984169	0.0
0.3033467233181	1.0
0.007494947407394648	0.0
0.30932900309562683	0.0
0.018041130155324936	0.0
0.37552836537361145	0.0
0.14672841131687164	1.0
0.004014923702925444	0.0
0.34962940216064453	0.0
0.003640970680862665	0.0
0.021522847935557365	0.0
0.37333405017852783	1.0
0.30429044365882874	0.0
0.04012317955493927	0.0
0.18178309500217438	0.0
0.09380540251731873	0.0
0.18550394475460052	0.0
0.025064775720238686	0.0
0.053439848124980927	0.0
0.001090510981157422	0.0
0.0681057721376419	0.0
2.5375745735800592e-06	0.0
0.0014593667583540082	0.0
2.5401981474715285e-05	0.0
0.08006557822227478	0.0
0.35438352823257446	0.0
2.0952986687916564e-06	0.0
0.29069820046424866	0.0
0.003574550384655595	0.0
0.008935187943279743	0.0
0.034345898777246475	0.0
0.15261848270893097	0.0
0.01699368841946125	0.0
0.3635922968387604	0.0
0.007198792416602373	0.0
0.07545209676027298	0.0
0.34462299942970276	1.0
0.23117595911026	1.0
0.007306681480258703	0.0
0.1702580749988556	0.0
0.37394601106643677	0.0
0.29507067799568176	1.0
0.2623288929462433	0.0
0.010173489339649677	0.0
0.19231553375720978	0.0
0.17605739831924438	0.0
0.22388702630996704	0.0
0.013875269331037998	0.0
0.3771377205848694	1.0
0.13746485114097595	0.0
0.24682435393333435	0.0
0.2625969350337982	0.0
0.367705374956131	0.0
0.004101358354091644	0.0
0.0005595496040768921	0.0
0.3613743782043457	0.0
0.361293226480484	1.0
0.01701219379901886	0.0
0.25668612122535706	0.0
0.03834182769060135	0.0
0.19579008221626282	1.0
0.37684372067451477	0.0
8.657250873511657e-05	0.0
0.3771377205848694	0.0
0.04219915345311165	0.0
0.0015122146578505635	0.0
0.33983609080314636	0.0
0.3769649267196655	0.0
0.33879780769348145	0.0
0.37090975046157837	1.0
0.14950565993785858	0.0
0.009587191976606846	0.0
0.013688318431377411	0.0
0.025614526122808456	0.0
0.3771377205848694	1.0
0.3608689606189728	0.0
0.37712252140045166	0.0
0.22385884821414948	0.0
0.0396064855158329	0.0
0.04149514436721802	0.0
0.3413325846195221	0.0
0.1718730479478836	0.0
0.3609142601490021	1.0
0.0004145238781347871	0.0
0.32416683435440063	0.0
0.3667895793914795	1.0
0.3701217472553253	0.0
0.22043833136558533	0.0
0.019435454159975052	0.0
0.303615540266037	1.0
0.1732817143201828	0.0
0.2411552369594574	0.0
0.20808447897434235	1.0
0.041892483830451965	0.0
0.004742122255265713	0.0
0.37481653690338135	0.0
0.0013546034460887313	0.0
0.3656230568885803	1.0
0.026041921228170395	0.0
0.11476588994264603	0.0
0.18446363508701324	0.0
0.26660919189453125	0.0
0.14907795190811157	0.0
0.29586347937583923	0.0
0.24752262234687805	1.0
0.15816375613212585	1.0
0.37293437123298645	0.0
0.3771377205848694	1.0
0.16200219094753265	0.0
0.1690129190683365	0.0
0.11360682547092438	0.0
0.00017265584028791636	0.0
0.32686638832092285	0.0
0.34227442741394043	0.0
0.10002801567316055	0.0
0.2859210968017578	1.0
0.00044042503577657044	0.0
0.003963435534387827	0.0
0.007697711698710918	0.0
0.001168333343230188	0.0
0.10255476087331772	0.0
0.3521117568016052	1.0
0.012478859163820744	0.0
0.1671305149793625	0.0
0.02870146743953228	0.0
0.007412996143102646	0.0
0.000579963147174567	0.0
0.1370442658662796	0.0
0.034592773765325546	0.0
0.03774496540427208	0.0
0.00560374092310667	0.0
0.36677929759025574	1.0
4.275917308405042e-05	0.0
0.37532734870910645	1.0
0.15025410056114197	0.0
0.031226303428411484	0.0
0.036302316933870316	0.0
0.04716147109866142	0.0
0.3614792823791504	0.0
0.005646795034408569	0.0
0.3727422058582306	1.0
0.009053608402609825	0.0
0.06244545057415962	0.0
0.015453268773853779	0.0
0.17299576103687286	0.0
0.06449674814939499	0.0
0.12426748871803284	0.0
0.3701258599758148	0.0
0.3771377205848694	0.0
0.18342390656471252	0.0
0.30221158266067505	0.0
0.15036658942699432	0.0
0.046066924929618835	0.0
0.030321620404720306	0.0
0.2997914254665375	0.0
0.18206380307674408	0.0
0.030881358310580254	0.0
0.37702634930610657	1.0
0.05343582108616829	0.0
0.05248594656586647	0.0
0.34640029072761536	0.0
0.36194565892219543	0.0
0.28065940737724304	0.0
0.017856286838650703	0.0
0.10353099554777145	0.0
0.02965119294822216	0.0
0.05072746053338051	0.0
0.14904657006263733	1.0
0.3771377205848694	1.0
0.015548844821751118	0.0
0.08887249231338501	0.0
0.07044480741024017	0.0
0.0275989081710577	0.0
0.00973598938435316	0.0
0.021590709686279297	0.0
0.0051040733233094215	0.0
0.029112480580806732	0.0
0.0015139234019443393	0.0
0.13417311012744904	0.0
0.3674737811088562	0.0
0.0034315860830247402	0.0
0.0021705643739551306	0.0
0.05653246492147446	1.0
0.0037858765572309494	0.0
0.0032730945385992527	0.0
0.022001581266522408	0.0
0.25200632214546204	0.0
0.33811891078948975	0.0
0.0034471044782549143	0.0
0.1452881097793579	0.0
0.34542688727378845	1.0
0.011030859313905239	0.0
0.006165429018437862	0.0
0.3768354654312134	1.0
0.3227924406528473	0.0
0.37431901693344116	0.0
0.0009973979322239757	0.0
0.3759305775165558	0.0
0.37486979365348816	1.0
0.3682993948459625	0.0
0.012128159403800964	0.0
0.023621603846549988	0.0
0.11927583068609238	1.0
0.37492868304252625	0.0
0.2952284514904022	0.0
0.0011473704362288117	0.0
0.25100621581077576	1.0
0.03197786957025528	0.0
0.10643850266933441	0.0
0.096677765250206	0.0
0.01016940362751484	0.0
0.31721970438957214	0.0
0.17282868921756744	0.0
0.02704087644815445	0.0
0.09812391549348831	0.0
0.0050883605144917965	0.0
0.27964040637016296	0.0
0.05855986475944519	0.0
0.09630826115608215	0.0
0.04085889831185341	0.0
0.11985059827566147	0.0
0.12959405779838562	1.0
0.16704526543617249	0.0
0.005217714235186577	0.0
0.19786348938941956	1.0
0.041060030460357666	0.0
0.3432054817676544	0.0
0.0010814792476594448	0.0
0.10498551279306412	0.0
0.00828848872333765	0.0
0.03596203401684761	0.0
0.04110747203230858	0.0
0.0004962887614965439	0.0
0.37422975897789	0.0
0.20157235860824585	0.0
0.007809626869857311	0.0
0.3399931788444519	0.0
0.21126307547092438	0.0
0.2027418464422226	0.0
0.3114788234233856	1.0
0.14747962355613708	0.0
0.015095631591975689	0.0
0.3732556402683258	1.0
0.08833719789981842	0.0
0.08209268003702164	0.0
0.159311443567276	0.0
0.0003116041189059615	0.0
0.00010172388283535838	0.0
0.006162739358842373	0.0
0.37488532066345215	0.0
0.06058202683925629	0.0
0.2542439103126526	0.0
0.011857600882649422	0.0
0.013850303366780281	0.0
0.019800880923867226	0.0
0.20272311568260193	0.0
0.37405863404273987	0.0
0.27832871675491333	0.0
0.377108097076416	0.0
0.3765438497066498	0.0
0.2786213755607605	0.0
0.35906946659088135	1.0
0.008166705258190632	0.0
0.3771377205848694	0.0
0.022201156243681908	0.0
0.02125290036201477	0.0
0.15519161522388458	1.0
0.01033447589725256	0.0
0.05814526602625847	0.0
0.1365196853876114	0.0
0.13499794900417328	0.0
0.3763340413570404	0.0
0.3768354654312134	0.0
0.005473322235047817	0.0
0.009263035841286182	0.0
0.2629401385784149	0.0
0.009278404526412487	0.0
0.039038728922605515	0.0
0.37311455607414246	0.0
0.37314045429229736	0.0
0.10296543687582016	0.0
0.04155419394373894	0.0
0.18981391191482544	0.0
0.17515137791633606	0.0
0.2061338573694229	0.0
0.004238375928252935	0.0
0.2065860778093338	0.0
0.17222902178764343	0.0
0.2897872030735016	0.0
0.2621322274208069	0.0
0.29435068368911743	0.0
0.3628194034099579	1.0
0.23044030368328094	1.0
0.37712809443473816	1.0
0.3771377205848694	1.0
0.1363900601863861	0.0
0.3768942952156067	1.0
0.3695255219936371	0.0
0.21493084728717804	0.0
0.0007879681070335209	0.0
0.0020295775029808283	0.0
0.3755580484867096	0.0
0.0008208040962927043	0.0
0.05287795141339302	0.0
0.19445112347602844	0.0
0.003878116374835372	0.0
0.011245855130255222	0.0
0.24826505780220032	0.0
0.04749546945095062	0.0
0.24186314642429352	1.0
0.17434903979301453	1.0
2.3786634884004343e-08	0.0
0.3007272481918335	1.0
0.15869563817977905	0.0
0.21847295761108398	0.0
0.03515216335654259	0.0
0.1801680475473404	0.0
0.00026017974596470594	0.0
0.009819423779845238	0.0
0.02336902916431427	0.0
0.10923033207654953	0.0
0.19822873175144196	0.0
0.2888466715812683	0.0
0.0031521327327936888	0.0
0.02339358814060688	0.0
0.17487318813800812	0.0
0.3771377205848694	0.0
0.13210611045360565	0.0
0.08925119787454605	0.0
0.3752082884311676	0.0
0.10358377546072006	0.0
0.024245254695415497	0.0
0.376901239156723	1.0
0.05123777315020561	0.0
0.0028457145672291517	0.0
0.0005873551708646119	0.0
0.23788045346736908	1.0
0.1677137166261673	0.0
0.16837644577026367	1.0
0.0026974473148584366	0.0
0.07536651939153671	0.0
0.37195461988449097	1.0
0.3750172555446625	0.0
0.14687788486480713	1.0
0.12589550018310547	0.0
0.02705652080476284	0.0
0.03922915831208229	0.0
0.003544522449374199	0.0
0.005815574433654547	0.0
0.0695495679974556	0.0
0.1427612006664276	0.0
0.3771377205848694	0.0
0.2878998816013336	1.0
0.3757540285587311	0.0
0.20409928262233734	0.0
0.02634236589074135	0.0
0.3771377205848694	1.0
0.36981621384620667	1.0
0.15858320891857147	0.0
0.0752735435962677	0.0
0.17375752329826355	0.0
0.03738421946763992	0.0
0.37172189354896545	1.0
0.008981968276202679	0.0
0.03850201889872551	0.0
0.10997287929058075	1.0
0.13706649839878082	0.0
0.00038143896381370723	0.0
0.37363919615745544	0.0
0.005841675214469433	0.0
0.1290491670370102	1.0
0.20732174813747406	0.0
0.06816849112510681	0.0
0.24861246347427368	0.0
0.013479259796440601	0.0
0.11468911916017532	0.0
0.3160414397716522	0.0
0.3768354654312134	1.0
0.22109976410865784	0.0
0.005902193021029234	0.0
0.01040630042552948	1.0
0.22165563702583313	1.0
0.3752567768096924	0.0
0.11931005865335464	0.0
0.18837633728981018	0.0
0.3193368911743164	0.0
0.03848107159137726	0.0
6.815391316195019e-06	0.0
0.1396959125995636	0.0
0.048524919897317886	0.0
0.0016493715811520815	0.0
0.056119661778211594	0.0
0.011126828379929066	0.0
0.12487734854221344	0.0
0.3378954231739044	1.0
0.3278532326221466	0.0
0.044904936105012894	0.0
0.0531977154314518	1.0
0.11423870921134949	0.0
0.3753535747528076	1.0
0.0007143319235183299	0.0
0.3516640365123749	0.0
0.008097171783447266	0.0
0.004114895593374968	0.0
0.36394646763801575	1.0
0.08938147127628326	0.0
0.01393986027687788	0.0
0.05984450504183769	0.0
0.3771377205848694	1.0
0.003038276918232441	0.0
0.02656424045562744	0.0
0.001429341034963727	0.0
0.1635962724685669	0.0
0.3676043748855591	0.0
0.0008742535719648004	0.0
0.007080788724124432	0.0
0.11111648380756378	0.0
0.051768410950899124	0.0
0.002567460061982274	0.0
0.35424280166625977	0.0
0.012461993843317032	0.0
0.027659239247441292	0.0
0.02622896246612072	0.0
0.022360334172844887	0.0
0.37691566348075867	1.0
9.63325219345279e-05	0.0
0.01250594761222601	0.0
0.06730189174413681	0.0
0.19711855053901672	0.0
0.02389809489250183	0.0
0.003605387406423688	0.0
0.19432467222213745	1.0
0.17679110169410706	0.0
0.3771377205848694	0.0
0.3741340637207031	0.0
0.0664372369647026	0.0
0.3562161326408386	0.0
0.37674933671951294	0.0
0.36374908685684204	0.0
0.17552396655082703	1.0
0.3002590239048004	0.0
0.15560606122016907	0.0
0.0007408755482174456	0.0
0.002781177405267954	0.0
0.12581132352352142	0.0
0.006387019529938698	0.0
0.0013894557487219572	0.0
0.3727104067802429	0.0
0.13970255851745605	0.0
0.22995319962501526	0.0
0.19142098724842072	0.0
0.060084160417318344	0.0
0.05744568631052971	0.0
0.3508753180503845	1.0
0.13022537529468536	0.0
0.12987035512924194	0.0
0.004459827207028866	0.0
0.376191645860672	0.0
0.37638282775878906	0.0
0.36873939633369446	0.0
0.3625277876853943	1.0
0.12099451571702957	0.0
0.07378596812486649	0.0
0.37617650628089905	1.0
0.3065214157104492	0.0
0.31702926754951477	0.0
0.005920227617025375	0.0
0.320994108915329	0.0
0.0009142669150605798	0.0
0.17315368354320526	0.0
0.3768860101699829	0.0
0.28994134068489075	0.0
0.08916530013084412	0.0
0.2762430012226105	0.0
0.032998185604810715	0.0
0.3133047819137573	0.0
0.3744020462036133	0.0
0.003165067173540592	0.0
0.3672358989715576	0.0
0.0025477318558841944	0.0
0.3768000602722168	0.0
0.05860758572816849	0.0
0.37537235021591187	0.0
0.13936351239681244	0.0
0.13659469783306122	0.0
0.04318150877952576	1.0
0.13178139925003052	0.0
0.158503919839859	1.0
0.06433427333831787	0.0
2.254980972793419e-05	0.0
0.23986157774925232	1.0
0.36050140857696533	1.0
0.3612818121910095	0.0
0.36481809616088867	0.0
0.3771377205848694	0.0
0.18581251800060272	0.0
0.22788475453853607	1.0
0.0034719009418040514	0.0
0.04442146420478821	0.0
0.16864794492721558	0.0
0.019160902127623558	0.0
0.11827734857797623	0.0
0.05070105195045471	0.0
0.36272087693214417	1.0
0.020120974630117416	0.0
0.377096563577652	0.0
0.1062706708908081	0.0
0.30498167872428894	0.0
0.23263955116271973	0.0
0.37339138984680176	0.0
0.0002856333740055561	0.0
0.0022948060650378466	0.0
0.1448916792869568	0.0
0.13246425986289978	0.0
0.044542230665683746	0.0
0.3108496069908142	0.0
0.09908843040466309	0.0
0.36159688234329224	0.0
0.00028920883778482676	0.0
0.3771377205848694	1.0
0.15862809121608734	0.0
0.18864278495311737	0.0
0.13874493539333344	0.0
0.28653281927108765	1.0
0.17686878144741058	0.0
0.3771377205848694	0.0
0.12171459943056107	0.0
0.004509837366640568	0.0
0.007268731016665697	0.0
0.3686119318008423	1.0
0.1179572194814682	0.0
0.001877399510703981	0.0
0.3758050799369812	0.0
0.0014418282080441713	0.0
0.029538320377469063	0.0
0.3771377205848694	1.0
0.0007425732910633087	0.0
0.04708760231733322	0.0
0.22137446701526642	0.0
0.017620718106627464	0.0
0.00854411255568266	0.0
0.008548988960683346	0.0
0.10503043979406357	1.0
0.37710464000701904	0.0
0.36492207646369934	1.0
0.3724798262119293	0.0
0.34934115409851074	1.0
0.3771377205848694	1.0
0.00031774950912222266	0.0
0.3765651285648346	1.0
0.0024915446992963552	0.0
0.04168078303337097	0.0
0.16799236834049225	0.0
0.37161144614219666	1.0
0.2551648020744324	0.0
0.011623809114098549	0.0
0.3761906027793884	1.0
0.22246700525283813	0.0
0.1888619065284729	0.0
0.37235206365585327	0.0
2.3101860278984532e-05	0.0
0.027392935007810593	0.0
0.2568012475967407	0.0
0.037114232778549194	0.0
0.024208886548876762	0.0
0.37546172738075256	0.0
0.21297456324100494	0.0
0.23094291985034943	0.0
0.3763897120952606	0.0
0.0056898524053394794	0.0
0.2534126341342926	0.0
0.14748288691043854	0.0
0.33110398054122925	0.0
0.1784147024154663	1.0
0.05621449649333954	0.0
0.07273339480161667	0.0
0.0005614088731817901	0.0
0.34758517146110535	0.0
0.002014343161135912	0.0
0.3770367503166199	0.0
0.3771377205848694	1.0
0.3771377205848694	1.0
0.11247193068265915	0.0
0.2704773247241974	1.0
0.006809956859797239	0.0
0.20142878592014313	1.0
0.17904631793498993	1.0
0.01647065579891205	1.0
0.2761556804180145	1.0
0.0007397304871119559	0.0
0.00022366827761288732	0.0
0.3373253345489502	1.0
0.09966868907213211	0.0
0.02771715447306633	0.0
0.12310200929641724	0.0
0.008599897846579552	0.0
0.05087990313768387	0.0
0.0880071371793747	0.0
0.2841913402080536	1.0
0.044224388897418976	0.0
0.010153954848647118	0.0
0.09532555192708969	0.0
0.09805125743150711	0.0
0.0016188827576115727	0.0
0.18641529977321625	0.0
0.0004962378880009055	0.0
0.37107470631599426	0.0
0.0240174513310194	0.0
0.1638077050447464	0.0
0.003420047229155898	1.0
0.3770957589149475	0.0
0.02913215011358261	0.0
0.26077011227607727	0.0
0.12208524346351624	0.0
0.3771377205848694	0.0
0.3771377205848694	1.0
0.33630457520484924	0.0
0.3338008224964142	0.0
0.05154150724411011	0.0
0.03287341445684433	0.0
0.15782849490642548	0.0
0.09779036045074463	0.0
0.15368814766407013	0.0
0.0038611399941146374	0.0
0.37055474519729614	0.0
0.1148766353726387	0.0
0.07309357821941376	0.0
0.3291124403476715	1.0
0.18375468254089355	0.0
0.031205307692289352	0.0
0.0006100165192037821	0.0
0.002448837971314788	0.0
4.933943637297489e-05	0.0
0.35000595450401306	0.0
0.2563830018043518	0.0
0.05541960895061493	0.0
0.30371737480163574	0.0
0.36757737398147583	0.0
0.3503459095954895	0.0
0.16542021930217743	0.0
0.06823476403951645	0.0
0.3758845925331116	0.0
0.3768354654312134	1.0
0.16341473162174225	0.0
0.0005133922095410526	0.0
0.3751794397830963	1.0
0.003446742659434676	0.0
0.05817364528775215	0.0
0.36562657356262207	0.0
0.025284629315137863	0.0
0.0301766786724329	0.0
0.20110607147216797	0.0
0.0074186609126627445	0.0
0.028997331857681274	0.0
0.15193137526512146	0.0
0.014224972575902939	0.0
0.3532688021659851	0.0
0.3720703721046448	0.0
0.016279645264148712	0.0
0.10559859871864319	0.0
0.027627190575003624	0.0
0.26793378591537476	0.0
0.00150964199565351	0.0
0.1384221464395523	0.0
0.3766542971134186	0.0
0.10328224301338196	0.0
0.014685938134789467	0.0
0.008252827450633049	0.0
0.08030286431312561	1.0
0.3601272702217102	0.0
0.0038866952527314425	0.0
0.045816559344530106	0.0
0.3117314279079437	1.0
0.0965115949511528	1.0
0.17629654705524445	0.0
0.004463970195502043	0.0
0.1857110559940338	0.0
0.12298205494880676	0.0
0.019284501671791077	0.0
0.3341189920902252	0.0
0.0037333001382648945	0.0
0.04438979551196098	0.0
0.09618311375379562	0.0
0.33569613099098206	1.0
0.02107701450586319	0.0
0.02540435455739498	0.0
0.06416348367929459	0.0
0.3718211352825165	1.0
0.006285891402512789	0.0
0.3138424754142761	1.0
0.3708726465702057	0.0
0.13314777612686157	0.0
0.0008010779856704175	0.0
0.3771377205848694	1.0
0.3660874664783478	0.0
0.24931766092777252	1.0
0.3771377205848694	1.0
0.0017730158288031816	0.0
0.021023664623498917	0.0
0.03072933480143547	0.0
5.218623482505791e-05	0.0
0.005174975376576185	0.0
0.37243252992630005	0.0
0.14881587028503418	0.0
1.2957123544765636e-05	0.0
0.1769908219575882	0.0
0.14732126891613007	1.0
0.17277082800865173	0.0
0.09880112111568451	0.0
0.055283285677433014	0.0
0.1503768265247345	0.0
0.3635946214199066	0.0
0.08451708406209946	0.0
0.3593992292881012	0.0
0.003371831960976124	0.0
0.03767571598291397	0.0
0.2787766456604004	0.0
0.00181193754542619	0.0
0.1585337370634079	0.0
0.033078692853450775	0.0
0.07030335068702698	0.0
0.0013180217938497663	0.0
0.03607892617583275	0.0
0.03697744384407997	0.0
0.0037147984839975834	0.0
0.3141787052154541	0.0
0.3348730206489563	0.0
0.1390671581029892	1.0
0.08979084342718124	0.0
0.008596056140959263	0.0
0.09793082624673843	0.0
0.12791332602500916	0.0
0.12357903271913528	0.0
0.3771377205848694	1.0
0.004803062882274389	0.0
0.03964763507246971	0.0
0.07463661581277847	1.0
0.3771377205848694	1.0
0.0477464385330677	0.0
0.12703891098499298	1.0
0.00011075165093643591	0.0
0.36033186316490173	1.0
0.1482257843017578	0.0
0.3771377205848694	0.0
0.004766641650348902	0.0
0.00010715697862906381	0.0
0.2188466191291809	0.0
0.026919059455394745	0.0
0.0027858219109475613	0.0
0.0515127032995224	0.0
0.3763911724090576	1.0
0.010555069893598557	0.0
0.015939081087708473	0.0
0.28966617584228516	1.0
0.17811137437820435	1.0
0.376809686422348	1.0
0.3763522505760193	0.0
0.016361171379685402	0.0
0.0070226965472102165	0.0
0.007378872483968735	0.0
0.3771377205848694	0.0
0.3771377205848694	1.0
0.10604888945817947	0.0
0.024498198181390762	0.0
0.00806736946105957	0.0
0.3771377205848694	1.0
0.013176457025110722	0.0
0.3041892349720001	1.0
0.12078644335269928	0.0
0.14034438133239746	0.0
4.7328339860541746e-05	0.0
0.3706362247467041	0.0
0.015746448189020157	0.0
0.3771318197250366	0.0
0.10943190008401871	0.0
0.020303070545196533	0.0
0.3700462877750397	0.0
0.1742118000984192	0.0
0.0021428423933684826	0.0
0.02223089523613453	0.0
0.0017421218799427152	0.0
0.3587419390678406	1.0
0.2012852132320404	1.0
0.15849415957927704	0.0
0.0002607914502732456	0.0
0.046971652656793594	0.0
0.3597618043422699	1.0
0.0035677107516676188	0.0
0.050571948289871216	0.0
0.2311621904373169	1.0
0.022515565156936646	0.0
0.137343168258667	0.0
0.01675126701593399	0.0
0.03988271951675415	0.0
0.3460124135017395	0.0
0.37233442068099976	0.0
0.03943394497036934	0.0
0.14029771089553833	0.0
0.01990947313606739	0.0
0.14674507081508636	0.0
0.37449684739112854	1.0
0.36573731899261475	0.0
0.30380749702453613	0.0
0.14279676973819733	0.0
0.08915924280881882	0.0
0.04339537024497986	0.0
0.004246808588504791	0.0
0.24784988164901733	0.0
0.3610401749610901	0.0
0.006318285595625639	0.0
0.2543039619922638	0.0
0.13066156208515167	1.0
0.08063620328903198	0.0
0.3007667660713196	0.0
0.11633169651031494	1.0
0.0019238009117543697	0.0
0.0005940839764662087	0.0
0.015232633799314499	0.0
0.2336319088935852	1.0
0.08076264709234238	0.0
0.3650091886520386	0.0
0.32257217168807983	0.0
0.0025936695747077465	0.0
0.08464030176401138	1.0
0.3594973683357239	0.0
0.10346510261297226	0.0
0.19200587272644043	0.0
0.3605780005455017	1.0
0.04724336788058281	0.0
0.04661954194307327	1.0
0.3160003125667572	0.0
0.1278626173734665	0.0
0.29566308856010437	0.0
0.0958138108253479	0.0
0.0782327875494957	1.0
0.06424619257450104	0.0
0.3768354654312134	1.0
0.01417713612318039	0.0
0.29507091641426086	0.0
0.0024251206777989864	0.0
0.047873951494693756	0.0
0.10607518255710602	0.0
0.005269760265946388	0.0
0.016650473698973656	0.0
0.06292174011468887	0.0
0.37654709815979004	0.0
0.18498142063617706	0.0
0.3771377205848694	0.0
0.1384023278951645	0.0
0.23596163094043732	0.0
0.14790518581867218	0.0
0.183990478515625	0.0
0.05908498913049698	0.0
0.377085417509079	0.0
0.1775561422109604	0.0
0.0057586790062487125	0.0
0.3132331967353821	0.0
0.009006070904433727	0.0
0.026179131120443344	0.0
0.024664487689733505	0.0
0.022673944011330605	0.0
0.3771377205848694	0.0
0.2585863769054413	0.0
0.0009345938451588154	0.0
0.22419477999210358	0.0
0.29560208320617676	0.0
0.0013284346787258983	0.0
0.005280837882310152	0.0
0.0025545754469931126	0.0
0.08251691609621048	0.0
0.13226039707660675	0.0
0.20834562182426453	0.0
0.3771377205848694	1.0
0.37395307421684265	1.0
0.0012774026254191995	0.0
0.000418320472817868	0.0
0.1109529435634613	0.0
0.2513641119003296	0.0
0.034571029245853424	0.0
0.1905825436115265	0.0
0.17136099934577942	0.0
0.3565482497215271	1.0
0.0031593600288033485	0.0
0.3771377205848694	1.0
0.3771377205848694	0.0
0.362015962600708	0.0
0.2741096615791321	0.0
0.04257873073220253	0.0
0.3771377205848694	1.0
0.1226746141910553	0.0
0.08120252192020416	0.0
0.20429542660713196	0.0
0.28947895765304565	0.0
0.24098336696624756	0.0
0.15221238136291504	0.0
0.0019217804074287415	0.0
0.0700215995311737	0.0
0.002236822387203574	0.0
0.06983581930398941	0.0
0.007447876036167145	0.0
0.009408789686858654	0.0
0.07320040464401245	0.0
0.098140649497509	0.0
0.07477225363254547	0.0
0.08794843405485153	0.0
0.11922209709882736	0.0
0.041780855506658554	0.0
0.13283288478851318	0.0
0.023951929062604904	0.0
0.16295485198497772	0.0
0.37713703513145447	0.0
0.3771377205848694	0.0
0.37520551681518555	1.0
0.18034479022026062	0.0
0.19027766585350037	0.0
0.3487679064273834	0.0
0.016671067103743553	0.0
0.07340984046459198	0.0
0.265860915184021	0.0
0.050537168979644775	0.0
0.008410181850194931	0.0
0.016894904896616936	0.0
0.14702585339546204	0.0
0.03140399605035782	0.0
0.02357943169772625	0.0
0.07255737483501434	0.0
0.3768354654312134	1.0
0.32659921050071716	0.0
0.08390075713396072	0.0
0.0014282375341281295	0.0
0.36712345480918884	1.0
0.02170790731906891	0.0
0.3195379376411438	0.0
0.12027257680892944	0.0
0.11214685440063477	1.0
0.0006273315520957112	0.0
0.029760010540485382	0.0
0.0021381694823503494	0.0
0.10883462429046631	0.0
0.3524397015571594	0.0
0.02243693172931671	0.0
0.045084744691848755	0.0
0.3771127760410309	1.0
0.3110129237174988	0.0
0.07534100115299225	0.0
0.22931087017059326	0.0
0.24839046597480774	0.0
0.06141019985079765	0.0
0.18348248302936554	0.0
0.3771377205848694	0.0
0.017766954377293587	0.0
0.37274545431137085	0.0
0.023945273831486702	0.0
0.3418384790420532	1.0
0.367874413728714	0.0
0.3771377205848694	1.0
0.0234666895121336	0.0
0.05993260070681572	0.0
0.3761903941631317	1.0
0.0468645803630352	0.0
0.0022768236231058836	0.0
0.2847336530685425	0.0
0.0034747498575598	0.0
0.025841418653726578	0.0
0.023150617256760597	0.0
0.3771377205848694	1.0
0.012920096516609192	0.0
0.36780908703804016	0.0
0.270582377910614	1.0
0.1261712908744812	1.0
0.3737491965293884	1.0
0.021240048110485077	0.0
0.3771377205848694	0.0
0.021800076588988304	0.0
0.07666090875864029	0.0
0.0026554439682513475	0.0
0.3558989465236664	0.0
0.018942084163427353	0.0
0.20843859016895294	0.0
0.07829656451940536	0.0
0.0425623394548893	0.0
0.2295842468738556	1.0
0.24399733543395996	0.0
0.028248950839042664	0.0
0.29446855187416077	0.0
0.19945400953292847	0.0
0.227097287774086	0.0
0.08777692168951035	0.0
0.04017677530646324	0.0
0.37371009588241577	0.0
0.29789483547210693	1.0
0.04598170891404152	0.0
0.346553772687912	0.0
0.06903187930583954	0.0
0.08305569738149643	0.0
0.220492422580719	0.0
0.024788202717900276	0.0
0.16733954846858978	0.0
0.3737477958202362	0.0
0.2684979736804962	0.0
0.015413274057209492	0.0
0.20694050192832947	0.0
0.038131583482027054	0.0
0.1923186331987381	0.0
0.09565140306949615	0.0
0.04466084763407707	0.0
0.3674784302711487	1.0
0.022539515048265457	0.0
0.03608420491218567	0.0
0.0003551164991222322	0.0
0.37454473972320557	1.0
0.007777437102049589	0.0
0.25229233503341675	0.0
0.061617664992809296	0.0
0.17341868579387665	0.0
0.35520270466804504	1.0
0.00039089497295208275	0.0
0.10049919784069061	1.0
0.024193476885557175	0.0
0.16560767590999603	0.0
0.05119980871677399	0.0
0.00014444871339946985	0.0
0.03901927173137665	0.0
0.019797850400209427	0.0
0.06520766019821167	0.0
0.052128322422504425	0.0
0.3769580125808716	1.0
0.30983027815818787	0.0
0.045483898371458054	0.0
3.9545822801301256e-05	0.0
0.009873062372207642	0.0
0.3602142333984375	0.0
0.3682076930999756	1.0
0.029553255066275597	0.0
0.11392567306756973	0.0
0.014081246219575405	0.0
0.08378825336694717	0.0
0.13362647593021393	0.0
0.03581477329134941	0.0
0.1442728340625763	0.0
0.3495251536369324	0.0
0.1789340078830719	0.0
0.31188106536865234	0.0
0.37671783566474915	1.0
0.005493417847901583	0.0
0.2696216106414795	0.0
0.00492737116292119	0.0
0.0943116545677185	0.0
0.09611658751964569	0.0
0.11924923956394196	0.0
0.34169384837150574	0.0
0.2902531027793884	1.0
0.006328912917524576	0.0
0.32113882899284363	1.0
0.17853641510009766	0.0
0.00010364813351770863	0.0
0.08238963037729263	0.0
0.07197768986225128	0.0
0.19779223203659058	0.0
0.02997349202632904	0.0
0.006280562374740839	0.0
0.2551310658454895	0.0
0.3532751202583313	0.0
0.235090970993042	0.0
0.11972060054540634	0.0
0.05849415063858032	0.0
0.05356648936867714	0.0
0.00024981467868201435	0.0
0.017998553812503815	0.0
0.15198497474193573	1.0
0.2946532964706421	0.0
0.3328128755092621	0.0
0.0003808439942076802	0.0
0.3115200102329254	0.0
0.3769751191139221	1.0
0.1136077493429184	1.0
0.008917087689042091	0.0
0.3182041347026825	0.0
0.22539490461349487	0.0
0.37075501680374146	0.0
0.37626877427101135	0.0
0.05417580157518387	0.0
0.3411116302013397	0.0
0.008715955540537834	0.0
0.3710583448410034	0.0
0.3022145628929138	0.0
0.3771377205848694	0.0
0.3350878655910492	0.0
0.019051332026720047	0.0
0.3019087314605713	0.0
0.1239779070019722	0.0
0.2728902995586395	0.0
0.05405626818537712	0.0
0.0020451790187507868	0.0
0.011669623665511608	0.0
0.34280386567115784	0.0
0.05816541612148285	0.0
0.0033942030277103186	0.0
0.007206279784440994	0.0
0.27055785059928894	0.0
0.20289629697799683	1.0
0.27959224581718445	1.0
0.004337416496127844	0.0
0.015352980233728886	0.0
0.019743628799915314	0.0
0.005103235132992268	0.0
0.08035802841186523	0.0
0.06671930104494095	0.0
0.11395343393087387	1.0
0.3765335977077484	0.0
0.05961230397224426	0.0
0.3710811138153076	0.0
0.3768354654312134	0.0
0.006559356581419706	0.0
0.15628010034561157	1.0
0.003546060062944889	0.0
0.027454011142253876	1.0
0.3771377205848694	1.0
0.2670609652996063	0.0
0.3771377205848694	0.0
0.3067890405654907	1.0
0.04470435157418251	0.0
0.012415188364684582	0.0
0.0016805455088615417	0.0
0.016516439616680145	0.0
0.1795918196439743	0.0
0.2921474874019623	1.0
0.0006463745376095176	0.0
0.2599656581878662	0.0
0.3771377205848694	1.0
0.010463841259479523	1.0
0.05835140496492386	0.0
0.04788916930556297	0.0
0.37521952390670776	1.0
0.3771377205848694	1.0
0.3675796687602997	1.0
0.0008106291643343866	0.0
0.29660001397132874	1.0
0.036382365971803665	0.0
0.01153944618999958	0.0
0.11131373047828674	0.0
0.33039480447769165	0.0
0.06578092277050018	0.0
0.029632410034537315	0.0
0.05809016898274422	0.0
0.3570490777492523	1.0
0.007482036016881466	0.0
0.01483891811221838	0.0
0.22131824493408203	0.0
0.08624830096960068	0.0
0.3709978759288788	1.0
0.0333063118159771	0.0
0.004296749364584684	0.0
0.027114322409033775	0.0
0.01263492088764906	0.0
0.36835920810699463	0.0
0.36689531803131104	1.0
0.3771377205848694	0.0
0.09778781235218048	0.0
0.029513180255889893	0.0
0.0017524758586660028	0.0
0.37583592534065247	1.0
0.006356233265250921	0.0
0.0835634395480156	0.0
0.0031407258938997984	0.0
0.015298113226890564	0.0
0.3701625168323517	0.0
0.0640254095196724	0.0
0.11022191494703293	0.0
0.37050992250442505	0.0
0.31160759925842285	1.0
0.3771377205848694	0.0
0.00014030380407348275	0.0
0.04349500685930252	0.0
0.21278361976146698	0.0
0.12616367638111115	0.0
0.016244417056441307	0.0
0.3771377205848694	1.0
0.2468755841255188	0.0
0.00991238746792078	0.0
0.012348511256277561	0.0
0.003679896704852581	0.0
0.3771377205848694	0.0
0.12642988562583923	0.0
0.08838891983032227	0.0
0.006433267146348953	0.0
0.13230136036872864	0.0
0.19252890348434448	0.0
0.022166796028614044	0.0
0.3771377205848694	0.0
0.061547476798295975	0.0
0.09669319540262222	1.0
0.0012064138427376747	0.0
0.016942767426371574	0.0
0.025623751804232597	0.0
0.3371705114841461	0.0
0.3771377205848694	1.0
0.3624204397201538	1.0
0.05149546638131142	0.0
0.07917547971010208	1.0
0.3771377205848694	1.0
0.012809607200324535	0.0
0.3174149692058563	0.0
0.29438674449920654	0.0
0.06738133728504181	0.0
0.23280766606330872	0.0
0.33523574471473694	0.0
0.131504088640213	0.0
0.16487008333206177	0.0
0.37641000747680664	0.0
0.2133045345544815	0.0
0.3770880699157715	0.0
0.37420952320098877	0.0
0.05245915800333023	0.0
0.04036134481430054	0.0
0.009047368541359901	0.0
0.01567433401942253	0.0
0.050074253231287	0.0
0.07386194914579391	0.0
0.22058162093162537	1.0
0.01480637863278389	0.0
0.16667617857456207	0.0
0.00022077129688113928	0.0
0.011117696762084961	0.0
0.3311832845211029	1.0
0.32386282086372375	1.0
0.2550215423107147	0.0
0.00947295781224966	0.0
0.36682838201522827	0.0
0.01307553518563509	0.0
0.011072683148086071	0.0
0.018107719719409943	0.0
0.21116408705711365	0.0
0.028337324038147926	0.0
0.20400723814964294	0.0
0.12325756251811981	0.0
0.010670824907720089	0.0
0.026291629299521446	0.0
0.19383275508880615	0.0
0.014786094427108765	0.0
0.1426500380039215	0.0
0.09611760824918747	0.0
0.01036788709461689	0.0
0.31544429063796997	1.0
0.0008483903366141021	0.0
0.11571294069290161	0.0
0.026609225198626518	0.0
0.3588501811027527	0.0
0.24471420049667358	0.0
0.16093163192272186	1.0
0.005668924190104008	0.0
0.02412429265677929	0.0
0.11170617491006851	1.0
0.0190736036747694	0.0
0.19634033739566803	0.0
0.017842110246419907	0.0
0.002882874570786953	0.0
0.17663618922233582	0.0
0.3668765425682068	0.0
0.14547483623027802	0.0
0.15158049762248993	0.0
0.11915317177772522	0.0
0.002858813852071762	0.0
0.024386633187532425	0.0
0.02609618753194809	0.0
0.061944857239723206	0.0
0.028695307672023773	0.0
0.00014721445040777326	0.0
0.25376084446907043	0.0
0.04891084507107735	0.0
0.2526136636734009	0.0
0.22681692242622375	0.0
0.007636657450348139	0.0
0.19867178797721863	1.0
0.004094114061444998	0.0
0.1138971596956253	0.0
0.3750652074813843	0.0
0.061446722596883774	0.0
0.07809888571500778	0.0
0.0012007378973066807	0.0
0.2796619236469269	0.0
0.07745221257209778	0.0
0.13249406218528748	0.0
0.3771377205848694	1.0
0.3630831837654114	0.0
0.0004366705543361604	0.0
0.3668273687362671	0.0
0.052963316440582275	0.0
0.3771377205848694	1.0
0.3751658797264099	1.0
0.3771377205848694	0.0
0.11123418062925339	0.0
0.36716869473457336	0.0
0.3768354654312134	1.0
0.0012149665271863341	0.0
0.23237888514995575	0.0
0.1408485323190689	0.0
0.013851736672222614	0.0
0.015353190712630749	0.0
0.07913927733898163	0.0
6.973418203415349e-05	0.0
0.0880233496427536	0.0
0.0008402341627515852	0.0
0.3450094759464264	0.0
0.3771377205848694	0.0
0.3770417869091034	1.0
3.9885169826447964e-05	0.0
0.2760384678840637	0.0
0.10507061332464218	0.0
0.009974012151360512	0.0
0.12252256274223328	0.0
0.22416016459465027	0.0
0.33003291487693787	0.0
0.3698174059391022	0.0
0.37326106429100037	1.0
0.24827510118484497	0.0
0.07570119947195053	0.0
0.05603143200278282	0.0
0.37244483828544617	1.0
0.03761698305606842	0.0
0.3771377205848694	0.0
0.0009951498359441757	0.0
0.03244491666555405	0.0
0.3771301209926605	1.0
0.018787678331136703	0.0
0.11526758968830109	0.0
0.0022853317204862833	0.0
0.01154845766723156	0.0
0.28392332792282104	0.0
0.2735508978366852	0.0
0.0018337273504585028	0.0
0.02168870158493519	0.0
0.054140035063028336	0.0
0.2569187879562378	0.0
0.05666999891400337	0.0
0.19692586362361908	0.0
0.01613960973918438	0.0
0.02868129499256611	0.0
0.3763376474380493	1.0
0.04887434467673302	0.0
0.0017118124524131417	0.0
0.023166459053754807	0.0
0.35248610377311707	0.0
0.02835441194474697	0.0
0.11837314814329147	0.0
0.1486799567937851	0.0
0.0013459488982334733	0.0
0.009652801789343357	0.0
0.0350862555205822	0.0
0.3739258646965027	1.0
0.0001733418757794425	0.0
0.06630821526050568	0.0
0.3770405948162079	0.0
0.031187035143375397	0.0
0.3713825047016144	0.0
0.20695622265338898	0.0
0.15556509792804718	0.0
0.3559432923793793	0.0
0.27883651852607727	0.0
0.09095435589551926	1.0
0.013385957106947899	0.0
0.3771377205848694	1.0
0.2781033515930176	0.0
3.312644548714161e-05	0.0
0.00200013630092144	0.0
0.2225954681634903	0.0
0.009074118919670582	0.0
0.26991355419158936	1.0
0.05774909630417824	0.0
0.0015637804754078388	0.0
0.2576928734779358	1.0
0.3764320909976959	0.0
0.14884769916534424	1.0
0.07027938216924667	0.0
0.11679593473672867	0.0
0.22723962366580963	0.0
0.11856252700090408	0.0
0.05392896384000778	0.0
0.1628190577030182	0.0
0.3616987466812134	0.0
0.01135394535958767	0.0
0.34485143423080444	1.0
0.20016592741012573	0.0
0.00861825980246067	0.0
0.048091378062963486	0.0
0.3771377205848694	1.0
0.16534438729286194	0.0
0.001779706566594541	0.0
0.04367141053080559	0.0
0.00018377423111815006	0.0
0.37702298164367676	1.0
0.2606981694698334	0.0
0.3771377205848694	0.0
0.023465830832719803	0.0
0.16063712537288666	0.0
0.07444465905427933	0.0
0.1336076259613037	0.0
0.1230643093585968	0.0
0.0004511222359724343	0.0
0.00885673426091671	0.0
0.009773215278983116	0.0
0.25172215700149536	0.0
0.00020113858045078814	0.0
0.16880828142166138	0.0
0.29769712686538696	1.0
0.01908978633582592	0.0
0.11001741886138916	0.0
0.1529412418603897	1.0
0.09207224100828171	0.0
0.01440723892301321	0.0
0.36256521940231323	0.0
0.004040891770273447	0.0
0.0005021976539865136	0.0
0.22668185830116272	0.0
0.001732526463456452	0.0
0.1556747704744339	0.0
0.09723185002803802	0.0
0.03075423650443554	0.0
0.02774086594581604	0.0
0.20915791392326355	0.0
0.00292250351049006	0.0
0.0300530344247818	0.0
0.13136734068393707	0.0
0.19317157566547394	0.0
0.019877811893820763	0.0
0.21990610659122467	0.0
0.0026656559202820063	0.0
0.3771377205848694	1.0
0.05844509229063988	0.0
0.0015562307089567184	0.0
0.007281800266355276	0.0
0.17725208401679993	0.0
0.36797040700912476	0.0
0.07081338763237	0.0
0.19137783348560333	0.0
0.17243920266628265	0.0
0.3622499108314514	1.0
0.00022148269636090845	0.0
0.21780961751937866	0.0
0.25803789496421814	0.0
0.3761586844921112	0.0
0.0002807479177135974	0.0
0.0750596672296524	0.0
0.001497303252108395	0.0
0.003908758983016014	0.0
0.2598129212856293	0.0
0.014364056289196014	0.0
0.3771377205848694	1.0
0.005562236998230219	0.0
0.0001776490535121411	0.0
0.0021731890738010406	0.0
0.007541264407336712	0.0
0.1315385401248932	0.0
0.050136253237724304	0.0
0.37712815403938293	1.0
0.17733125388622284	0.0
0.015668407082557678	0.0
0.004157789517194033	0.0
0.14758263528347015	0.0
0.10759155452251434	0.0
0.11684433370828629	0.0
0.056749697774648666	0.0
0.0012731924653053284	0.0
0.056832123547792435	0.0
0.21000786125659943	0.0
0.0010327799245715141	0.0
0.3769017159938812	1.0
0.01664978638291359	0.0
0.16193878650665283	0.0
0.0055419751442968845	0.0
0.2934567630290985	0.0
0.30552878975868225	0.0
0.12920831143856049	0.0
0.07827410101890564	0.0
0.010253259912133217	0.0
0.12171924859285355	0.0
0.37701883912086487	1.0
0.01233263872563839	0.0
0.012465192936360836	0.0
0.031925808638334274	0.0
0.13945141434669495	0.0
0.005433071870356798	0.0
0.002555709332227707	0.0
0.2678373157978058	0.0
0.007120056543499231	0.0
0.010158451274037361	0.0
0.03403414785861969	0.0
0.2780565619468689	0.0
0.15017056465148926	0.0
0.15643061697483063	0.0
0.2075231671333313	0.0
0.06135978549718857	0.0
0.1386275589466095	1.0
0.36830878257751465	1.0
0.14526145160198212	0.0
0.2658153474330902	1.0
0.3768354654312134	1.0
0.04860365763306618	0.0
0.15174904465675354	0.0
0.3771377205848694	1.0
0.08607809245586395	0.0
0.07998306304216385	0.0
0.374959260225296	0.0
0.25468263030052185	0.0
0.3742614686489105	1.0
0.013550836592912674	0.0
0.07917547971010208	0.0
0.2039640098810196	0.0
0.09915008395910263	0.0
0.08552497625350952	0.0
0.21057692170143127	0.0
0.004403966479003429	0.0
0.24590614438056946	0.0
0.015081791207194328	0.0
0.029258958995342255	0.0
0.15546482801437378	0.0
0.3099041283130646	1.0
0.2539805769920349	1.0
0.24728594720363617	0.0
0.00022583777899853885	0.0
0.13601553440093994	0.0
0.0003324473218526691	0.0
0.25338542461395264	1.0
0.0005036600050516427	0.0
0.02931281365454197	0.0
0.1039140373468399	0.0
0.08697203546762466	0.0
0.3593147397041321	0.0
0.3511793911457062	0.0
0.022893216460943222	1.0
0.15250423550605774	0.0
0.058289896696805954	0.0
0.00023357350437436253	0.0
0.21284911036491394	0.0
0.16887766122817993	0.0
0.3338644206523895	0.0
0.36071905493736267	0.0
0.11620458215475082	0.0
0.13178464770317078	0.0
0.04114952310919762	0.0
0.1939506083726883	0.0
0.029342610388994217	0.0
0.33983370661735535	1.0
0.004455823451280594	0.0
0.13953562080860138	0.0
0.0015292037278413773	0.0
0.24515631794929504	0.0
0.057968027889728546	0.0
0.3080240786075592	0.0
0.02968469448387623	0.0
0.0395505428314209	0.0
0.3002170920372009	0.0
0.062159158289432526	0.0
0.138004869222641	0.0
0.243635892868042	1.0
0.029063208028674126	0.0
0.358154296875	0.0
0.0009680645307525992	0.0
0.1597772240638733	1.0
0.36627599596977234	0.0
0.030782874673604965	0.0
0.010545452125370502	0.0
0.2425348460674286	0.0
0.3771377205848694	0.0
0.32442471385002136	0.0
0.0019291385542601347	0.0
0.37659600377082825	1.0
0.20147226750850677	0.0
0.0019283511210232973	0.0
0.12139157205820084	0.0
0.10154643654823303	0.0
0.017359698191285133	0.0
0.0476059652864933	0.0
0.2996593117713928	0.0
0.04046904668211937	0.0
0.015331017784774303	0.0
0.07207874208688736	0.0
0.0064398143440485	0.0
0.3625723123550415	0.0
0.296212762594223	0.0
0.12337575852870941	0.0
0.008661684580147266	0.0
0.05603326857089996	0.0
0.002244651783257723	0.0
0.055455178022384644	0.0
0.003087774384766817	0.0
0.11967611312866211	0.0
0.37388888001441956	0.0
0.04328159615397453	0.0
0.3771377205848694	1.0
0.0953652560710907	0.0
0.3746391832828522	1.0
0.022696662694215775	0.0
0.035910025238990784	1.0
0.0707925483584404	0.0
0.08959696441888809	0.0
0.3701493740081787	1.0
0.18702425062656403	1.0
0.014380471780896187	0.0
0.015460099093616009	0.0
0.11634644120931625	0.0
0.37482085824012756	1.0
0.3725152313709259	0.0
0.36908823251724243	0.0
0.22725895047187805	0.0
0.08805769681930542	0.0
0.272704541683197	0.0
0.03372952714562416	0.0
0.006622372195124626	0.0
0.010950107127428055	0.0
0.24355536699295044	1.0
0.21662689745426178	1.0
0.304096519947052	0.0
0.013689110055565834	0.0
0.3583240509033203	0.0
0.005918453447520733	0.0
0.03207331523299217	0.0
0.00010471907444298267	0.0
0.01097128540277481	0.0
0.0027525953482836485	0.0
0.29888176918029785	1.0
0.0024138165172189474	0.0
0.3766138553619385	1.0
0.01974642463028431	0.0
0.37701407074928284	1.0
0.1810338944196701	1.0
0.37535205483436584	0.0
0.09181203693151474	0.0
0.03556955233216286	0.0
0.1126420795917511	0.0
0.006506016943603754	0.0
0.1295168697834015	0.0
0.0001125148482969962	0.0
0.007242216728627682	0.0
0.0046019647270441055	0.0
0.27863502502441406	0.0
0.037023209035396576	0.0
0.3771377205848694	0.0
0.05511143058538437	0.0
0.10236924886703491	0.0
0.0392364077270031	0.0
0.33810389041900635	0.0
0.07139880955219269	1.0
0.16613881289958954	0.0
0.192549467086792	0.0
0.04291152581572533	0.0
0.3685687184333801	0.0
0.002482473850250244	0.0
0.11010348051786423	0.0
0.08382850885391235	0.0
0.04029003903269768	0.0
0.2668852210044861	0.0
0.03467278927564621	0.0
0.015895476564764977	0.0
0.3767091631889343	0.0
0.002466852543875575	0.0
0.04558626562356949	1.0
0.03485466539859772	0.0
0.37712809443473816	1.0
0.3771074116230011	0.0
0.014044445939362049	0.0
0.3757410943508148	1.0
0.37392058968544006	0.0
0.11814429610967636	0.0
0.0004598623199854046	0.0
0.1705932915210724	0.0
0.14999346435070038	0.0
0.03832574188709259	0.0
0.08929382264614105	0.0
0.24251440167427063	0.0
0.377111554145813	1.0
0.3769763112068176	1.0
0.021739203482866287	0.0
0.376948744058609	1.0
0.08559084683656693	0.0
0.25393494963645935	0.0
0.028766270726919174	0.0
0.3681236207485199	0.0
0.3771377205848694	0.0
0.0019082113867625594	0.0
0.09201359748840332	0.0
0.07286553829908371	0.0
0.27594345808029175	1.0
0.0009498806903138757	0.0
0.0011799723142758012	0.0
0.37712475657463074	0.0
0.015762360766530037	0.0
0.07608312368392944	1.0
0.14817553758621216	0.0
0.37691807746887207	1.0
0.08974011242389679	0.0
0.040276363492012024	0.0
0.017184656113386154	0.0
0.36740800738334656	0.0
0.01177760399878025	0.0
0.2916931211948395	0.0
0.13752290606498718	0.0
0.0034114737063646317	0.0
0.10058076679706573	0.0
0.07993446290493011	0.0
0.10977859050035477	0.0
0.3710290789604187	0.0
0.3771377205848694	1.0
0.05010787025094032	0.0
0.370350182056427	1.0
0.2368806004524231	0.0
0.36933082342147827	0.0
0.2322034239768982	1.0
0.2986629903316498	1.0
0.27078139781951904	1.0
0.08249576389789581	0.0
0.26341676712036133	0.0
0.21840918064117432	1.0
0.06251164525747299	0.0
0.01330064982175827	0.0
0.00846980419009924	0.0
0.1325354427099228	0.0
0.04301442950963974	0.0
0.2855594754219055	1.0
0.18029439449310303	0.0
0.032930873334407806	0.0
0.2991759777069092	1.0
0.07867690920829773	0.0
0.000513501581735909	0.0
0.2388724535703659	0.0
0.2688893675804138	0.0
0.376185804605484	1.0
0.1232157051563263	0.0
0.18079806864261627	0.0
0.0001273231755476445	0.0
0.1635827273130417	0.0
0.3771377205848694	0.0
0.371560662984848	0.0
0.19614242017269135	1.0
0.21220315992832184	0.0
0.07000355422496796	0.0
0.12895458936691284	1.0
0.3686349391937256	0.0
0.18199433386325836	0.0
0.3771377205848694	1.0
0.04986494407057762	0.0
0.36343127489089966	0.0
0.28874149918556213	0.0
0.22273920476436615	1.0
0.21496309340000153	1.0
0.2397342175245285	0.0
0.005653476808220148	0.0
0.015101920813322067	0.0
0.04033545032143593	1.0
0.024440007284283638	0.0
0.3635053038597107	0.0
0.3595885932445526	0.0
0.271246999502182	0.0
3.586824459489435e-05	0.0
0.3771377205848694	1.0
0.35340845584869385	0.0
0.23162268102169037	0.0
0.3771377205848694	1.0
0.08352802693843842	0.0
0.3451198637485504	0.0
0.2738175392150879	0.0
0.11916164308786392	0.0
0.17258505523204803	0.0
0.008943109773099422	0.0
0.3770892322063446	0.0
0.3771377205848694	1.0
0.010567042976617813	0.0
0.2827467620372772	0.0
0.1667264699935913	0.0
0.2977297902107239	0.0
0.22999687492847443	0.0
0.07365625351667404	0.0
0.06568533927202225	0.0
0.3771377205848694	1.0
0.014351080171763897	0.0
0.3747677206993103	0.0
0.22056540846824646	0.0
0.0017495803767815232	0.0
0.3641824722290039	0.0
0.2667108476161957	1.0
0.007019754499197006	0.0
0.3771377205848694	0.0
0.3771377205848694	1.0
0.20914193987846375	0.0
0.010598218068480492	0.0
0.21264402568340302	0.0
0.3771377205848694	1.0
0.1490621715784073	0.0
0.3771249055862427	0.0
0.37643444538116455	0.0
0.007381688803434372	0.0
0.01277139876037836	0.0
0.032993439584970474	0.0
0.2094988226890564	0.0
0.010150039568543434	0.0
0.026698945090174675	0.0
0.014837975613772869	0.0
9.049414802575484e-05	0.0
0.3769597113132477	0.0
0.04420426860451698	0.0
0.022272884845733643	0.0
0.3769255578517914	0.0
0.3680139482021332	1.0
0.11588902771472931	0.0
0.30639535188674927	0.0
0.04377278685569763	0.0
0.06841888278722763	0.0
0.029267357662320137	0.0
0.023648759350180626	0.0
0.027521124109625816	0.0
0.3771377205848694	0.0
0.3771377205848694	0.0
0.2022230625152588	0.0
0.06277575343847275	0.0
0.0069857086054980755	0.0
0.009397906251251698	0.0
0.3759516775608063	1.0
0.23385226726531982	1.0
0.0033972272649407387	0.0
0.04122947156429291	0.0
0.3661462962627411	1.0
0.05778282508254051	0.0
0.004977019969373941	0.0
0.14363718032836914	0.0
0.3771377205848694	0.0
0.33405759930610657	1.0
0.0006622977671213448	0.0
0.027568332850933075	0.0
0.37597769498825073	0.0
0.001024521654471755	0.0
0.25108909606933594	0.0
0.012834727764129639	0.0
0.1388232409954071	0.0
0.3771377205848694	1.0
0.042898405343294144	0.0
0.35966649651527405	1.0
0.015011039562523365	0.0
0.06190473958849907	0.0
0.1846613734960556	0.0
0.060223352164030075	0.0
0.3712243139743805	1.0
0.2392919957637787	1.0
0.05325425788760185	0.0
0.000536713341716677	0.0
0.37676411867141724	1.0
0.023926466703414917	0.0
0.31717994809150696	1.0
0.07856231182813644	0.0
0.36629265546798706	1.0
0.08714411407709122	0.0
0.3769432306289673	1.0
0.37691357731819153	1.0
0.25836148858070374	0.0
0.008897501043975353	0.0
0.29917076230049133	1.0
0.34966689348220825	0.0
0.36988264322280884	0.0
0.053431540727615356	0.0
0.23621343076229095	1.0
0.09786901623010635	0.0
0.0004427368694450706	0.0
0.00028281359118409455	0.0
0.36161696910858154	1.0
0.01766979694366455	0.0
0.15536898374557495	0.0
0.36738288402557373	0.0
0.02906016632914543	0.0
0.061090171337127686	0.0
0.00722912885248661	0.0
0.15980319678783417	0.0
0.15936879813671112	0.0
0.09456107765436172	0.0
0.3771091103553772	0.0
0.009289294481277466	0.0
0.3766685128211975	0.0
0.01939159445464611	0.0
0.3728288412094116	1.0
0.35641467571258545	0.0
0.009139384143054485	0.0
0.05810490623116493	0.0
0.044094644486904144	0.0
0.13321739435195923	1.0
0.02018001861870289	0.0
0.0074991085566580296	0.0
0.2012936770915985	0.0
0.08590015769004822	0.0
0.3771377205848694	1.0
0.14290298521518707	0.0
0.11691899597644806	0.0
0.0012564492644742131	0.0
0.2059285044670105	0.0
0.1256653219461441	0.0
0.006176251918077469	0.0
0.3768354654312134	1.0
0.25760191679000854	0.0
0.24351243674755096	1.0
0.33188167214393616	0.0
0.18740379810333252	0.0
0.003917952533811331	0.0
0.32762014865875244	1.0
0.05045241117477417	1.0
0.053864963352680206	0.0
0.3759746253490448	1.0
0.0803401991724968	0.0
0.11417018622159958	1.0
0.013011178933084011	0.0
0.003557362128049135	0.0
9.653446613810956e-05	0.0
0.0036222327034920454	0.0
0.08471179753541946	0.0
0.20767059922218323	0.0
0.09523986279964447	0.0
0.0020251318346709013	0.0
0.023643938824534416	0.0
0.18033772706985474	0.0
0.04212750121951103	0.0
0.24524468183517456	0.0
0.37632596492767334	0.0
0.1168295294046402	0.0
0.3734661340713501	0.0
0.03923255577683449	0.0
0.0021684791427105665	0.0
0.0004993384354747832	0.0
0.1891481876373291	0.0
0.3771377205848694	0.0
0.21215036511421204	1.0
0.3770863115787506	1.0
0.3771377205848694	1.0
0.3750348389148712	0.0
0.012832818552851677	0.0
0.18993185460567474	0.0
0.011747854761779308	0.0
0.22342482209205627	0.0
0.03262995183467865	0.0
0.037328965961933136	0.0
0.007376529276371002	0.0
0.021205170080065727	0.0
0.3771377205848694	1.0
0.32446998357772827	0.0
0.05614587664604187	0.0
0.04640808701515198	0.0
0.030470741912722588	0.0
0.3746165931224823	1.0
0.0028291065245866776	0.0
0.3553997576236725	0.0
0.2032337486743927	0.0
0.07860524952411652	0.0
0.28260260820388794	1.0
0.02257167547941208	0.0
0.0029068372678011656	0.0
0.0009015356190502644	0.0
0.14311736822128296	0.0
0.19945554435253143	1.0
0.2370551973581314	0.0
0.15833424031734467	0.0
0.03755129128694534	0.0
0.0813240334391594	0.0
0.0009721732931211591	0.0
0.35574987530708313	1.0
0.11750320345163345	0.0
0.3756934404373169	1.0
0.37570884823799133	0.0
0.261648565530777	0.0
0.004053595010191202	0.0
0.0004655042721424252	0.0
0.3701980710029602	0.0
0.1354093849658966	0.0
0.1348244547843933	1.0
0.0802406370639801	0.0
0.1401732712984085	0.0
0.37601321935653687	1.0
0.36750316619873047	1.0
0.009473525919020176	0.0
0.1843181997537613	0.0
0.16299612820148468	0.0
0.3448018729686737	0.0
0.37424662709236145	1.0
0.09629835933446884	0.0
0.05772171542048454	0.0
0.05761536955833435	0.0
0.14167582988739014	0.0
0.06569786369800568	0.0
0.02522377111017704	0.0
0.3707243502140045	0.0
0.1722826212644577	0.0
0.1752561777830124	0.0
0.016018899157643318	0.0
0.32534947991371155	1.0
0.11059526354074478	0.0
0.0362621434032917	0.0
0.09945642203092575	0.0
0.3767683804035187	1.0
0.3771377205848694	0.0
0.0018770992755889893	0.0
0.28252407908439636	0.0
0.16110669076442719	0.0
0.35571232438087463	0.0
0.04701090231537819	0.0
0.27087634801864624	0.0
0.14357168972492218	0.0
0.02030663751065731	0.0
0.33082354068756104	0.0
0.017419863492250443	0.0
0.2520037591457367	0.0
0.3771377205848694	0.0
0.003995597828179598	0.0
0.0021142964251339436	0.0
0.3771377205848694	0.0
0.3771377205848694	1.0
0.37112656235694885	0.0
0.20374202728271484	0.0
0.08239150047302246	0.0
0.23182541131973267	1.0
0.035999760031700134	0.0
0.36956682801246643	1.0
0.027023984119296074	0.0
0.0012937801657244563	0.0
0.3741510808467865	0.0
0.11944166570901871	0.0
0.010971538722515106	0.0
0.014203190803527832	0.0
0.009635244496166706	0.0
0.032035987824201584	0.0
0.11704941093921661	0.0
0.37595856189727783	0.0
0.34460586309432983	0.0
0.0536017082631588	0.0
0.37695786356925964	0.0
0.15251624584197998	0.0
0.024250149726867676	0.0
0.0006670226575806737	0.0
0.3758612871170044	1.0
0.10338479280471802	0.0
0.3771377205848694	0.0
0.06560911983251572	0.0
0.007658793590962887	0.0
0.015007642097771168	0.0
0.13617603480815887	1.0
0.13994167745113373	0.0
0.004086586646735668	0.0
0.11484495550394058	0.0
0.011711914092302322	0.0
0.32857516407966614	0.0
0.008769586682319641	0.0
0.006467073690146208	0.0
0.3676711320877075	0.0
0.3699735999107361	0.0
0.3729028105735779	0.0
0.3647681176662445	0.0
0.08073638379573822	0.0
0.011110827326774597	0.0
0.3675670027732849	0.0
0.3768270015716553	0.0
0.09741652011871338	0.0
0.02951894886791706	0.0
0.16619357466697693	0.0
0.05264444276690483	0.0
0.08113273978233337	0.0
0.032308466732501984	0.0
0.17501239478588104	0.0
0.3400185704231262	1.0
0.3714514970779419	1.0
0.37654197216033936	1.0
0.0031559693161398172	0.0
0.37701350450515747	0.0
0.2539345920085907	0.0
0.22740809619426727	0.0
0.0003220202634111047	0.0
0.001019221730530262	0.0
0.03007768653333187	0.0
0.35980144143104553	0.0
0.04084402322769165	0.0
0.1171877458691597	0.0
0.004660194274038076	0.0
0.23908944427967072	0.0
0.3219539225101471	0.0
0.04990851879119873	0.0
0.32685548067092896	0.0
0.3698941767215729	0.0
0.0010906190145760775	0.0
0.15146151185035706	1.0
0.17758773267269135	0.0
0.21792475879192352	0.0
0.09250885993242264	0.0
0.3751278817653656	1.0
0.0658816397190094	0.0
0.2889849841594696	0.0
0.37069565057754517	0.0
0.3771377205848694	0.0
0.05408237501978874	0.0
0.3771377205848694	1.0
0.36059653759002686	0.0
0.36748069524765015	1.0
0.3771377205848694	1.0
0.12481842190027237	0.0
0.006715904455631971	0.0
0.015008712187409401	0.0
0.0385291688144207	0.0
0.18950597941875458	0.0
0.03663550317287445	0.0
0.004119562450796366	0.0
0.03675505518913269	0.0
0.04643804952502251	0.0
0.08566223084926605	0.0
0.13316066563129425	1.0
0.36013707518577576	1.0
0.003886429127305746	0.0
0.07658915221691132	1.0
0.3768354654312134	0.0
0.1400826871395111	0.0
0.007452360820025206	0.0
0.023656513541936874	0.0
0.0009485363261774182	0.0
0.0009521336760371923	0.0
0.055244721472263336	0.0
0.21471263468265533	1.0
0.1508893072605133	0.0
0.06858202815055847	0.0
0.03893880918622017	0.0
0.0714995265007019	0.0
0.3750324249267578	1.0
0.14162002503871918	0.0
0.2584722638130188	0.0
0.06532017886638641	0.0
0.040962401777505875	0.0
0.09403122216463089	0.0
0.1606275588274002	0.0
0.3771377205848694	0.0
0.17484958469867706	0.0
0.11611530184745789	0.0
0.007122528273612261	0.0
0.12829045951366425	0.0
0.1273968666791916	0.0
0.04225902259349823	0.0
0.006401716265827417	0.0
0.03269436955451965	0.0
0.37076255679130554	1.0
0.0193917416036129	0.0
0.1638062596321106	0.0
0.3771377205848694	0.0
0.04148939251899719	0.0
0.11294040828943253	1.0
0.002054473850876093	0.0
0.14586304128170013	0.0
0.3050297200679779	0.0
0.001977521926164627	0.0
0.1926155388355255	0.0
0.37633973360061646	1.0
0.00459473580121994	0.0
0.31126201152801514	0.0
0.14329256117343903	0.0
0.004503956064581871	0.0
0.024561289697885513	0.0
0.07548806071281433	0.0
0.08759885281324387	0.0
0.19760118424892426	0.0
0.003179905703291297	0.0
0.10034255683422089	0.0
0.12698794901371002	0.0
0.018608734011650085	0.0
0.1232687458395958	0.0
0.19527599215507507	0.0
0.053917914628982544	1.0
0.3771377205848694	1.0
0.05721939727663994	0.0
0.29668429493904114	0.0
0.06380949914455414	0.0
0.0007912144064903259	0.0
0.12666839361190796	0.0
0.00895214919000864	0.0
0.024671034887433052	0.0
0.3438396155834198	0.0
0.3771377205848694	1.0
0.006278116721659899	0.0
0.029266314581036568	0.0
0.3770378530025482	0.0
0.18196821212768555	0.0
0.061712827533483505	0.0
0.0479779914021492	0.0
0.36844316124916077	0.0
0.004362375475466251	0.0
0.06529689580202103	0.0
0.007917892187833786	0.0
0.1065952405333519	0.0
0.007593520451337099	0.0
0.30611106753349304	1.0
0.37667378783226013	0.0
0.18155334889888763	0.0
6.314008351182565e-05	0.0
0.36039242148399353	0.0
0.1287049800157547	1.0
0.034457191824913025	0.0
0.04946974664926529	0.0
0.3771377205848694	0.0
0.03628305345773697	0.0
0.1362471580505371	0.0
0.16212253272533417	0.0
0.37675192952156067	0.0
0.0035608606413006783	0.0
0.20669379830360413	0.0
0.024617746472358704	0.0
0.25994741916656494	0.0
0.11525923758745193	0.0
0.3771377205848694	1.0
0.00039634559652768075	0.0
0.19606582820415497	1.0
0.03194156661629677	0.0
0.005602276884019375	0.0
0.02468314953148365	0.0
0.0011600654106587172	0.0
0.015544809401035309	0.0
0.0791221484541893	0.0
0.004452995955944061	0.0
0.3523330092430115	1.0
0.37713542580604553	0.0
0.0027964261826127768	0.0
0.3045826554298401	1.0
0.02981015108525753	0.0
0.3771377205848694	1.0
0.09336899220943451	0.0
0.06378934532403946	0.0
0.0011451031314209104	0.0
8.65599577082321e-05	0.0
0.15383994579315186	1.0
0.3771377205848694	0.0
0.13615930080413818	0.0
0.32584697008132935	1.0
0.2839040458202362	1.0
1.712797370601038e-07	0.0
0.01862398535013199	0.0
0.03584955632686615	0.0
0.33015191555023193	1.0
0.06014670431613922	0.0
0.29161280393600464	0.0
0.06511741876602173	0.0
0.005915054585784674	0.0
0.1598140001296997	0.0
0.3771377205848694	1.0
0.15052947402000427	0.0
0.09207814186811447	0.0
0.07014775276184082	0.0
0.34553512930870056	0.0
0.2942907512187958	1.0
0.11360590159893036	0.0
0.3771377205848694	1.0
0.18490950763225555	0.0
0.008242923766374588	0.0
0.25177648663520813	0.0
0.005128507502377033	0.0
0.3762732148170471	0.0
0.3771377205848694	1.0
0.0069452915340662	0.0
0.05636458843946457	0.0
0.3771377205848694	1.0
0.11215155571699142	0.0
0.006302766967564821	0.0
0.0006908689392730594	0.0
0.09622692316770554	0.0
0.08543761819601059	0.0
0.014169455505907536	0.0
0.35249778628349304	1.0
0.3450462818145752	0.0
0.2556135654449463	0.0
0.37281879782676697	0.0
0.14393658936023712	0.0
0.02154843509197235	0.0
0.08818534016609192	0.0
0.36399826407432556	0.0
0.028830405324697495	0.0
0.36463072896003723	1.0
0.06775924563407898	0.0
0.08946540951728821	0.0
0.06112149357795715	0.0
0.027406996116042137	0.0
0.08683746308088303	0.0
0.374041348695755	1.0
0.12351667135953903	0.0
0.14741039276123047	0.0
0.03664669021964073	0.0
0.3771377205848694	0.0
0.030771397054195404	0.0
0.17664256691932678	1.0
0.08448782563209534	0.0
0.0691654309630394	1.0
0.07710689306259155	0.0
0.024537693709135056	0.0
0.37686917185783386	0.0
0.1762208193540573	0.0
0.0022707192692905664	0.0
0.016215723007917404	0.0
0.04744291678071022	0.0
0.05173834040760994	0.0
0.0014927349984645844	0.0
0.001756464596837759	0.0
0.012482985854148865	0.0
0.18262912333011627	0.0
0.06606152653694153	0.0
0.2756674885749817	0.0
0.02472403086721897	0.0
0.37586110830307007	0.0
0.25547340512275696	0.0
0.10105878859758377	0.0
0.21785563230514526	0.0
0.017330190166831017	0.0
0.371116578578949	0.0
0.04679863899946213	0.0
0.038238491863012314	0.0
0.14428435266017914	0.0
0.10928572714328766	0.0
0.010362571105360985	0.0
0.19766126573085785	1.0
0.03889453783631325	0.0
0.010676599107682705	0.0
0.11790863424539566	1.0
0.3335237503051758	1.0
0.2040431648492813	0.0
0.015463029965758324	0.0
0.37634822726249695	0.0
0.020078716799616814	0.0
0.0031186281703412533	0.0
0.04039696231484413	0.0
0.15898039937019348	0.0
0.004232523962855339	0.0
0.006968964822590351	0.0
0.05668202042579651	0.0
0.07427771389484406	0.0
0.006166475359350443	0.0
0.09423719346523285	1.0
0.054923489689826965	0.0
0.3675904870033264	1.0
0.37704014778137207	1.0
0.15722443163394928	0.0
0.37712734937667847	0.0
0.2405264526605606	0.0
0.2751956582069397	0.0
0.2802280783653259	0.0
0.21594171226024628	0.0
0.3675996661186218	1.0
0.08059525489807129	0.0
0.03784418851137161	0.0
0.014125415123999119	0.0
0.13110022246837616	0.0
0.32057034969329834	0.0
0.0018137850565835834	0.0
0.06790637969970703	1.0
0.16893762350082397	0.0
0.25118109583854675	0.0
0.12534108757972717	0.0
0.012368823401629925	0.0
0.29457202553749084	0.0
0.36712878942489624	0.0
0.27873021364212036	0.0
0.007231367286294699	0.0
0.00042047438910230994	0.0
0.3727545142173767	1.0
0.02173192985355854	0.0
0.2609008848667145	0.0
0.03224610909819603	0.0
0.056851599365472794	0.0
0.08953297138214111	1.0
0.37651628255844116	1.0
0.22225788235664368	0.0
0.07977453619241714	0.0
0.36075639724731445	1.0
0.03947298973798752	0.0
0.37338781356811523	0.0
0.2940323054790497	1.0
0.1683906465768814	1.0
0.12238024920225143	0.0
0.0486169308423996	0.0
0.35964542627334595	0.0
0.3642817437648773	1.0
0.01642865501344204	0.0
0.2853514850139618	0.0
0.0032398139592260122	0.0
0.02333098091185093	0.0
0.0003976656880695373	0.0
0.014386513270437717	0.0
0.001866457867436111	0.0
0.05003557354211807	0.0
0.10232314467430115	1.0
0.3697517514228821	0.0
0.04655120149254799	0.0
0.1546975076198578	1.0
0.05128474533557892	0.0
0.04472189024090767	0.0
0.057671256363391876	0.0
0.1408877968788147	0.0
0.17834237217903137	0.0
0.1329105943441391	0.0
0.3771377205848694	1.0
0.07996618747711182	0.0
0.0035500978119671345	0.0
0.015470095910131931	0.0
0.0634140893816948	0.0
0.21584106981754303	0.0
0.013106737285852432	0.0
0.037606243044137955	0.0
0.024680912494659424	0.0
0.061772625893354416	0.0
0.1838858425617218	0.0
0.37652480602264404	1.0
0.14243580400943756	0.0
0.3564757704734802	0.0
0.004910333547741175	0.0
0.12300972640514374	0.0
0.004683973733335733	0.0
0.3768354654312134	1.0
0.3765624463558197	1.0
0.02785656973719597	0.0
0.376828134059906	1.0
0.002059598220512271	0.0
0.1833772510290146	1.0
0.17712971568107605	0.0
0.06358196586370468	0.0
0.374039888381958	0.0
0.12342551350593567	0.0
0.1778823435306549	0.0
0.3344396650791168	1.0
0.11973651498556137	0.0
0.15241855382919312	0.0
0.007586853578686714	0.0
0.3771377205848694	1.0
0.3771377205848694	1.0
0.3065885007381439	0.0
0.3769143223762512	0.0
0.0014150590868666768	0.0
0.24557679891586304	0.0
0.37696200609207153	1.0
0.19461925327777863	0.0
0.006869904696941376	0.0
0.3771377205848694	1.0
0.3659990131855011	0.0
0.0050795432180166245	0.0
0.07700835913419724	1.0
0.0003172545984853059	0.0
0.0020017228089272976	0.0
0.06450564414262772	0.0
0.030242668464779854	0.0
0.2504144012928009	0.0
0.18876530230045319	0.0
0.021610205993056297	0.0
0.3747824728488922	0.0
0.3696427643299103	1.0
0.367836594581604	0.0
0.25551164150238037	0.0
0.02263050712645054	0.0
0.07197463512420654	0.0
0.007093374617397785	0.0
0.015821198001503944	0.0
0.3115280568599701	0.0
0.29799729585647583	1.0
0.06726636737585068	0.0
0.3005458414554596	1.0
0.051316432654857635	0.0
0.3768109083175659	0.0
0.19275037944316864	0.0
0.2559871971607208	0.0
0.18628568947315216	0.0
0.0007215802907012403	0.0
0.11454804241657257	0.0
0.08129093796014786	0.0
0.3771377205848694	1.0
0.05727044865489006	0.0
0.009304353967308998	0.0
0.3771377205848694	0.0
0.29921311140060425	1.0
0.0010274716187268496	1.0
0.32294824719429016	0.0
0.36730116605758667	0.0
0.0011832290329039097	0.0
0.3771377205848694	0.0
0.0427967831492424	0.0
0.18180052936077118	0.0
0.0013907140819355845	0.0
0.06227530539035797	0.0
0.3771377205848694	1.0
0.011488361284136772	0.0
0.0068723903968930244	0.0
0.37666991353034973	1.0
0.37709173560142517	1.0
0.11465536057949066	0.0
0.361561119556427	0.0
0.05831525847315788	0.0
0.2911856472492218	1.0
0.3771377205848694	1.0
0.09060949832201004	0.0
0.06822919100522995	0.0
0.03872302919626236	0.0
0.35780462622642517	0.0
0.15983612835407257	0.0
0.34264159202575684	1.0
0.36846840381622314	0.0
0.0022969674319028854	0.0
0.2141312062740326	0.0
0.10452461242675781	0.0
0.08909991383552551	0.0
0.35811349749565125	1.0
0.03661708906292915	0.0
0.02063237875699997	0.0
0.0745789036154747	0.0
0.061496712267398834	0.0
0.006419565994292498	0.0
0.3053283989429474	1.0
0.00040836550761014223	0.0
0.06916474550962448	0.0
0.3771377205848694	1.0
0.09923963248729706	0.0
0.015275552868843079	0.0
0.3771377205848694	0.0
0.11011140048503876	0.0
0.15472841262817383	0.0
0.018867606297135353	0.0
0.35089313983917236	0.0
0.24433542788028717	0.0
0.2433115392923355	0.0
0.07564038038253784	0.0
0.3771377205848694	1.0
0.18560408055782318	0.0
0.00405968027189374	0.0
0.3632109463214874	1.0
0.14982791244983673	0.0
0.003778328886255622	0.0
0.3770665228366852	0.0
0.02901916578412056	0.0
0.012495400384068489	0.0
0.034587305039167404	0.0
0.006766795180737972	0.0
0.1723960041999817	0.0
0.07486959546804428	0.0
0.006970746908336878	0.0
0.014140503481030464	0.0
0.37709903717041016	1.0
0.3721860647201538	1.0
0.3768354654312134	0.0
0.3671419620513916	1.0
0.3728644847869873	0.0
0.3771377205848694	1.0
0.24491319060325623	1.0
0.06523314118385315	0.0
0.3604395091533661	0.0
0.05814512073993683	0.0
0.05452919378876686	0.0
0.006026214454323053	0.0
0.16852925717830658	0.0
0.021822050213813782	0.0
0.002464165911078453	0.0
0.008487686514854431	0.0
0.37706926465034485	0.0
0.37455856800079346	1.0
0.005379301495850086	0.0
0.3737804591655731	1.0
0.007109644822776318	0.0
0.1888834834098816	0.0
0.35961684584617615	0.0
0.3768354654312134	1.0
0.09265127032995224	0.0
0.20488770306110382	1.0
0.00039423725684173405	0.0
0.0056901732459664345	0.0
0.0015865700552240014	0.0
0.37105247378349304	0.0
0.0021219784393906593	0.0
0.22378505766391754	0.0
0.051051508635282516	0.0
0.3217496871948242	0.0
0.2612563967704773	0.0
0.00871548242866993	0.0
0.0375872477889061	0.0
0.0010461595375090837	0.0
0.252073734998703	0.0
0.37699609994888306	1.0
0.18378567695617676	1.0
0.024002641439437866	0.0
0.19839133322238922	0.0
0.007186197210103273	0.0
0.2311641275882721	0.0
0.034532975405454636	0.0
0.10059265047311783	0.0
0.001702363369986415	0.0
0.14566507935523987	0.0
0.23188211023807526	0.0
0.3771377205848694	0.0
0.361952543258667	0.0
0.0015673177549615502	0.0
0.09033533185720444	0.0
0.02637087181210518	0.0
0.32001274824142456	1.0
0.37173593044281006	0.0
0.12554986774921417	0.0
0.07452645152807236	0.0
0.05388128384947777	0.0
0.3768354654312134	1.0
0.206697016954422	0.0
0.3759573698043823	1.0
0.020870627835392952	0.0
0.11703965067863464	0.0
0.3771377205848694	1.0
0.16041892766952515	0.0
0.3344443142414093	0.0
0.006697588134557009	0.0
0.2835843861103058	0.0
0.12407667934894562	0.0
0.0015768441371619701	0.0
0.05737246945500374	0.0
0.025867706164717674	0.0
0.1602536290884018	0.0
0.31109246611595154	0.0
0.0013811192475259304	0.0
0.35198429226875305	1.0
0.19490328431129456	1.0
0.014597111381590366	0.0
0.014579606242477894	0.0
0.08971069753170013	0.0
0.36866727471351624	1.0
0.013010364025831223	0.0
0.000459635048173368	0.0
0.3733777105808258	0.0
0.3762628734111786	1.0
0.0006395421223714948	0.0
0.02372269332408905	0.0
0.003851973218843341	0.0
0.02600412257015705	0.0
0.0005690993275493383	0.0
0.032075293362140656	0.0
0.024442588910460472	0.0
0.3058738112449646	0.0
0.3770170509815216	1.0
0.27616822719573975	0.0
0.3328096568584442	0.0
0.0283323023468256	0.0
0.3770410418510437	1.0
0.05717802420258522	0.0
0.18222805857658386	0.0
0.25082850456237793	1.0
0.1652873307466507	0.0
0.020573949441313744	0.0
0.37640097737312317	0.0
0.038697995245456696	0.0
0.3771377205848694	0.0
0.3771377205848694	1.0
0.2481662780046463	0.0
0.34137001633644104	0.0
0.12023605406284332	0.0
0.3324013650417328	0.0
2.7691799914464355e-05	0.0
0.36870890855789185	0.0
0.3771377205848694	1.0
0.01809505559504032	0.0
0.06775106489658356	1.0
0.2167525440454483	0.0
0.19105614721775055	0.0
0.030804816633462906	0.0
0.1766536682844162	0.0
0.3470093905925751	0.0
0.18688921630382538	0.0
0.14180362224578857	0.0
0.2087528109550476	0.0
0.19599837064743042	1.0
0.3718363642692566	1.0
0.1560468077659607	1.0
0.023925267159938812	0.0
0.2276936173439026	0.0
0.22157932817935944	0.0
0.00018333249317947775	0.0
0.30769023299217224	1.0
0.3186371326446533	0.0
0.04107511043548584	0.0
0.368419349193573	1.0
0.08456382155418396	1.0
0.0006587276002392173	0.0
0.0007539790822193027	0.0
0.009218685328960419	0.0
0.34061816334724426	0.0
0.28063830733299255	0.0
0.3771377205848694	0.0
0.010740125551819801	0.0
0.005981095600873232	0.0
0.37167149782180786	0.0
0.14165078103542328	0.0
0.003980434034019709	0.0
0.10532811284065247	0.0
0.1832372099161148	0.0
0.020859843119978905	0.0
0.3744674324989319	0.0
0.003197775688022375	0.0
0.10545781254768372	0.0
0.26412123441696167	0.0
0.3714714050292969	1.0
0.01828840933740139	0.0
0.02936619147658348	0.0
0.3657990097999573	0.0
0.33733850717544556	1.0
0.20616169273853302	0.0
0.04870768263936043	0.0
0.00123122229706496	0.0
0.3771377205848694	0.0
0.3750016391277313	1.0
0.3752793073654175	0.0
0.3697192668914795	1.0
0.15012970566749573	0.0
0.3771377205848694	1.0
0.05513535067439079	0.0
0.24435853958129883	0.0
0.3768354654312134	0.0
0.3589119017124176	0.0
0.11452394723892212	0.0
0.36087098717689514	0.0
1.2838746442866977e-05	0.0
0.03491516783833504	0.0
0.12067487835884094	0.0
0.01730411686003208	0.0
0.13800063729286194	0.0
0.3771377205848694	0.0
0.007861346937716007	0.0
0.004352710209786892	0.0
0.37377119064331055	1.0
0.052394360303878784	0.0
0.0012220732169225812	0.0
0.023627420887351036	0.0
0.359829843044281	1.0
0.3771377205848694	1.0
0.01115910429507494	0.0
0.17742256820201874	1.0
0.3658345937728882	0.0
0.37619566917419434	0.0
0.011686359532177448	0.0
0.028530670329928398	0.0
0.2986104488372803	1.0
0.021378297358751297	0.0
0.15953247249126434	0.0
0.3771377205848694	0.0
0.02018270641565323	0.0
7.519228802266298e-06	0.0
0.06389664858579636	0.0
0.3771377205848694	1.0
0.3771377205848694	1.0
0.02969827502965927	0.0
0.30710116028785706	1.0
0.3538975715637207	0.0
0.010810205712914467	0.0
0.3174559772014618	0.0
0.1588241159915924	0.0
0.02288312278687954	0.0
0.3771377205848694	0.0
0.24170319736003876	0.0
0.17323435842990875	0.0
0.36821284890174866	0.0
0.06663422286510468	0.0
0.15995050966739655	0.0
0.01611441560089588	0.0
0.013544782996177673	0.0
0.31085705757141113	0.0
0.056881606578826904	1.0
0.3248811960220337	0.0
0.25961169600486755	0.0
0.12480345368385315	0.0
0.3767922818660736	0.0
0.25946277379989624	0.0
0.15529337525367737	0.0
0.1810389906167984	0.0
0.10743331164121628	0.0
0.14784392714500427	0.0
0.1365060657262802	0.0
0.008143004961311817	0.0
0.11418100446462631	1.0
0.0005011033499613404	0.0
0.3215940296649933	0.0
0.36384284496307373	0.0
0.17305497825145721	0.0
0.3771377205848694	0.0
0.014108219183981419	0.0
0.001759996172040701	0.0
0.15565885603427887	0.0
0.3771377205848694	1.0
2.286913695570547e-05	0.0
0.00021093874238431454	0.0
0.12494917958974838	0.0
0.3771377205848694	1.0
0.0018988666124641895	0.0
0.02510177716612816	0.0
0.3767780065536499	0.0
0.2851271629333496	1.0
0.3771141767501831	0.0
0.37024861574172974	1.0
0.0020200596190989017	0.0
0.06765063107013702	0.0
0.3766058683395386	1.0
0.06007514148950577	0.0
0.35609331727027893	1.0
0.3586522042751312	0.0
0.0002783279924187809	0.0
0.3749605715274811	1.0
0.16176512837409973	1.0
0.09528979659080505	0.0
0.16241145133972168	1.0
0.15594077110290527	0.0
0.01865267939865589	0.0
0.334036260843277	1.0
0.22293701767921448	0.0
0.33851462602615356	0.0
0.1045183539390564	0.0
0.27355092763900757	0.0
0.0013767299242317677	0.0
0.08703010529279709	0.0
0.06224656477570534	0.0
0.15413914620876312	0.0
0.24580249190330505	1.0
0.36382731795310974	0.0
0.003926479257643223	0.0
0.10484537482261658	1.0
0.01784670725464821	1.0
0.3586006760597229	0.0
0.0026835559401661158	0.0
0.3771377205848694	0.0
0.36404889822006226	1.0
0.3769610524177551	0.0
0.01201762817800045	0.0
0.11610661447048187	0.0
0.11851800978183746	1.0
0.3345944583415985	0.0
0.34033653140068054	1.0
0.021344201639294624	0.0
0.07359716296195984	0.0
0.003214932745322585	0.0
0.0024856971576809883	0.0
0.3170589208602905	0.0
0.11083324253559113	0.0
0.006823393050581217	0.0
0.27905458211898804	1.0
0.1509551852941513	0.0
0.3771377205848694	0.0
0.04237062484025955	0.0
0.01853332668542862	0.0
0.2676851451396942	1.0
0.10275664925575256	0.0
0.00030589845846407115	0.0
0.01798117533326149	0.0
0.3734627962112427	0.0
0.0008722325437702239	0.0
0.34668397903442383	0.0
0.24918588995933533	1.0
0.37630313634872437	1.0
0.00866685714572668	0.0
0.3679180443286896	1.0
0.0002681441546883434	0.0
3.895227928296663e-05	0.0
0.07699942588806152	0.0
0.2019139528274536	1.0
0.3763178884983063	1.0
0.010767783038318157	0.0
0.0003011099761351943	0.0
0.33084821701049805	0.0
0.16450750827789307	0.0
0.13520191609859467	0.0
0.025324702262878418	0.0
0.36894235014915466	0.0
0.006083392072468996	0.0
0.05091150104999542	0.0
0.2327689677476883	0.0
0.09595681726932526	0.0
0.010310037061572075	0.0
0.0035354141145944595	0.0
0.004162682686001062	0.0
0.37663814425468445	0.0
0.07253529131412506	1.0
0.33866384625434875	1.0
0.00886659324169159	0.0
0.08489029854536057	0.0
0.06969247758388519	1.0
0.3332012891769409	1.0
0.3770403265953064	0.0
0.033680956810712814	0.0
0.014343048445880413	0.0
0.33536502718925476	1.0
0.004132797941565514	0.0
0.31969696283340454	0.0
0.020232073962688446	0.0
0.037964001297950745	0.0
0.35350725054740906	0.0
0.3771377205848694	0.0
0.10512511432170868	0.0
0.17636381089687347	0.0
0.37303200364112854	0.0
0.02339276112616062	0.0
0.01606103591620922	0.0
0.05327793210744858	0.0
0.25607460737228394	0.0
0.10349676012992859	0.0
0.038245804607868195	0.0
0.3766993582248688	1.0
0.10100667178630829	0.0
0.018666109070181847	0.0
0.041532400995492935	0.0
0.00028929818654432893	0.0
0.08405367285013199	0.0
0.018670126795768738	0.0
0.05323684588074684	0.0
0.013982580974698067	0.0
0.285898357629776	0.0
0.002413060050457716	0.0
0.09575576335191727	0.0
0.1773943305015564	0.0
0.09026487916707993	0.0
0.27294063568115234	0.0
0.044392384588718414	0.0
0.2356385439634323	0.0
0.0059496392495930195	0.0
0.04666706174612045	0.0
0.36283934116363525	1.0
0.37219998240470886	1.0
0.3768354654312134	0.0
0.3406903147697449	0.0
0.022026728838682175	0.0
0.3771216869354248	0.0
0.1307757943868637	0.0
0.3771377205848694	0.0
0.004407273139804602	0.0
0.3501721918582916	1.0
0.026702608913183212	0.0
0.2805216908454895	0.0
0.008813457563519478	0.0
0.00038590095937252045	0.0
0.36549100279808044	1.0
0.05121447518467903	0.0
0.003717939369380474	0.0
0.15857301652431488	0.0
0.0291152261197567	0.0
0.3771377205848694	0.0
0.06182306259870529	0.0
0.376911461353302	1.0
0.042806826531887054	0.0
0.3763074576854706	1.0
0.07179117202758789	0.0
0.14941367506980896	0.0
0.0012546142097562551	0.0
0.19864150881767273	0.0
0.004311399068683386	0.0
0.37438926100730896	0.0
0.1540415734052658	1.0
0.11299929022789001	0.0
0.0919366180896759	0.0
0.12712211906909943	0.0
0.004443231970071793	0.0
0.2034684121608734	1.0
0.1939677596092224	0.0
0.18932683765888214	1.0
0.005919778253883123	0.0
0.3771377205848694	0.0
0.00502783665433526	0.0
0.31747108697891235	0.0
0.3771377205848694	1.0
0.030333848670125008	0.0
0.005064972210675478	0.0
0.37692636251449585	1.0
0.02117680013179779	0.0
0.07547443360090256	1.0
0.36893972754478455	1.0
0.08821824193000793	0.0
0.3771377205848694	1.0
0.09995980560779572	0.0
0.004467909224331379	0.0
0.18680161237716675	0.0
0.11111549288034439	0.0
0.3768354654312134	0.0
0.006350317969918251	0.0
0.030591391026973724	0.0
0.013398376293480396	0.0
0.36465728282928467	0.0
0.3758639991283417	0.0
0.15710340440273285	0.0
0.008762182667851448	0.0
0.00031190639128908515	0.0
0.17868570983409882	0.0
0.32513922452926636	0.0
0.3606615960597992	0.0
0.0004506318364292383	0.0
0.09221188724040985	0.0
0.3717515468597412	0.0
0.05737803876399994	0.0
0.37453845143318176	0.0
0.14103075861930847	1.0
0.3771377205848694	0.0
0.3771377205848694	1.0
0.002436729148030281	0.0
0.025356989353895187	0.0
0.3771377205848694	1.0
0.012856725603342056	0.0
0.015024030581116676	0.0
0.01983419805765152	0.0
0.22146163880825043	0.0
0.3420759439468384	0.0
0.17881229519844055	0.0
0.2506156265735626	0.0
0.07297302037477493	0.0
0.19121019542217255	0.0
0.36919644474983215	0.0
0.3664834499359131	1.0
0.02644319459795952	0.0
0.2541479766368866	0.0
0.025984087958931923	0.0
0.016278132796287537	0.0
0.1259610503911972	1.0
0.36943989992141724	1.0
0.09286226332187653	1.0
0.37693727016448975	0.0
0.028456300497055054	0.0
0.3771377205848694	1.0
0.2457929253578186	0.0
0.08603284507989883	0.0
0.36728787422180176	0.0
0.026376998052001	0.0
0.28245529532432556	0.0
0.3771377205848694	0.0
0.007103036157786846	0.0
0.37137728929519653	0.0
0.08956584334373474	1.0
6.590233533643186e-05	0.0
0.3771377205848694	0.0
0.36187151074409485	0.0
0.004737000446766615	0.0
0.37562936544418335	1.0
0.37311363220214844	1.0
0.15134985744953156	0.0
0.09274762868881226	0.0
0.02395113743841648	0.0
0.3369099199771881	1.0
0.056607626378536224	0.0
0.00217846455052495	0.0
0.022897332906723022	0.0
0.21408729255199432	1.0
0.10944045335054398	0.0
0.3737383484840393	0.0
0.087122842669487	0.0
0.1128842830657959	0.0
0.17055319249629974	0.0
0.012311375699937344	0.0
0.2701815664768219	0.0
0.3771377205848694	1.0
0.052329953759908676	0.0
0.03949682414531708	0.0
0.14756354689598083	0.0
0.0031631223391741514	0.0
0.09569557011127472	0.0
0.005441057495772839	0.0
0.31543511152267456	0.0
0.0001428093819413334	0.0
0.0022555100731551647	0.0
0.1632370501756668	0.0
0.3037342429161072	1.0
0.2894194424152374	0.0
0.010519205592572689	0.0
0.0758252739906311	0.0
0.019933953881263733	0.0
0.37510770559310913	0.0
0.3674249053001404	0.0
0.061508022248744965	1.0
0.37436240911483765	0.0
0.23656445741653442	0.0
0.02584882825613022	0.0
0.29462361335754395	0.0
0.1961357295513153	0.0
0.07100008428096771	0.0
0.37693512439727783	1.0
0.28245389461517334	0.0
0.18554732203483582	0.0
0.016508711501955986	0.0
0.02959112636744976	0.0
0.18400153517723083	0.0
0.012299349531531334	0.0
0.0003624143428169191	0.0
0.3770747184753418	0.0
0.0970393493771553	0.0
0.07853683829307556	0.0
0.35703858733177185	0.0
0.009667581878602505	0.0
0.3771377205848694	1.0
0.007220820523798466	0.0
0.04969877377152443	0.0
0.04861309379339218	0.0
0.10491523891687393	0.0
0.04500287398695946	0.0
0.2197735756635666	1.0
0.06589346379041672	0.0
0.03457047790288925	0.0
0.04090246185660362	1.0
0.27878430485725403	0.0
0.37286850810050964	1.0
0.18799954652786255	1.0
0.37366676330566406	1.0
0.04852794110774994	0.0
0.3771377205848694	1.0
0.37683072686195374	1.0
9.03987602214329e-05	0.0
0.3771377205848694	0.0
0.008669089525938034	0.0
0.3768354654312134	1.0
0.2783668339252472	0.0
0.17489875853061676	1.0
0.3771377205848694	1.0
0.37579813599586487	0.0
0.08497827500104904	0.0
0.18729795515537262	0.0
0.13851536810398102	0.0
0.0024812992196530104	0.0
0.1806856095790863	0.0
0.04748032987117767	0.0
0.007474794518202543	0.0
0.377025842666626	1.0
0.14994096755981445	0.0
0.021080436185002327	0.0
0.018157359212636948	0.0
0.06080019846558571	0.0
0.00013399284216575325	0.0
0.3749866783618927	1.0
0.3604656457901001	0.0
0.0726882740855217	0.0
0.19664448499679565	0.0
0.08710183203220367	0.0
0.07126867771148682	0.0
0.13195490837097168	0.0
0.007550899405032396	0.0
0.016459960490465164	0.0
0.35958313941955566	0.0
0.02510863170027733	0.0
0.004608084447681904	0.0
0.24423901736736298	0.0
0.0036823260597884655	0.0
0.11563234031200409	0.0
0.034018225967884064	0.0
0.02360781654715538	0.0
0.25441768765449524	0.0
0.28567391633987427	0.0
0.007253020536154509	0.0
0.37672871351242065	0.0
0.031736984848976135	0.0
0.0016215993091464043	0.0
0.32787588238716125	0.0
0.042123500257730484	0.0
0.3213375508785248	1.0
0.04149777069687843	0.0
0.35624438524246216	0.0
0.2945795953273773	0.0
0.034852925688028336	0.0
6.754334026481956e-05	0.0
0.3771377205848694	1.0
0.37428709864616394	1.0
0.01449374109506607	0.0
0.3770749270915985	1.0
0.0008832945022732019	0.0
0.008829120546579361	1.0
0.028043953701853752	0.0
0.003548763692378998	0.0
0.2861061096191406	0.0
0.14661376178264618	0.0
0.008218572475016117	0.0
0.03516039624810219	0.0
0.26394525170326233	0.0
0.24863123893737793	0.0
0.19346512854099274	0.0
0.18684419989585876	0.0
0.003933290019631386	0.0
0.28049004077911377	0.0
0.11165934056043625	1.0
0.30260398983955383	0.0
0.007771735545247793	0.0
0.027429567649960518	0.0
0.007976757362484932	0.0
0.09553048759698868	0.0
0.02157568745315075	0.0
0.02868008054792881	0.0
0.22274728119373322	0.0
0.0993354320526123	0.0
0.37700387835502625	0.0
0.1371186226606369	0.0
0.005299913231283426	0.0
0.18423499166965485	0.0
0.13915856182575226	0.0
0.0601002499461174	0.0
0.020938893780112267	0.0
0.30811500549316406	0.0
0.009115885011851788	0.0
0.11138971894979477	1.0
0.0030748231802135706	0.0
0.3771377205848694	1.0
0.0118512948974967	0.0
0.12457894533872604	0.0
0.03213127702474594	0.0
0.000901077117305249	0.0
0.37036243081092834	0.0
0.05177861079573631	0.0
0.37548527121543884	1.0
0.1607203334569931	0.0
0.11735472828149796	0.0
0.25848227739334106	0.0
0.13308343291282654	0.0
0.31913644075393677	1.0
0.3708173632621765	1.0
0.0002501619455870241	0.0
0.01830480620265007	0.0
0.0015253984602168202	0.0
0.004087732173502445	0.0
0.07652107626199722	0.0
0.012681111693382263	0.0
0.3771377205848694	0.0
0.0017348891124129295	0.0
1.2058918400725815e-05	0.0
0.01771085523068905	0.0
0.001126032555475831	0.0
0.0006009457865729928	0.0
0.004374010022729635	0.0
0.013948670588433743	0.0
0.2166634202003479	0.0
1.8058044588542543e-06	0.0
0.10966997593641281	0.0
0.19000588357448578	0.0
0.021965667605400085	0.0
0.08854979276657104	0.0
0.021277472376823425	0.0
0.06807206571102142	0.0
0.08122334629297256	0.0
0.16174986958503723	0.0
0.37408721446990967	1.0
0.37290677428245544	0.0
0.12070663273334503	0.0
0.0067523568868637085	0.0
0.3652046024799347	0.0
0.13004152476787567	0.0
0.01614808477461338	0.0
0.3586063086986542	0.0
0.03994780033826828	0.0
0.017662763595581055	0.0
0.0049326857551932335	0.0
0.3769815266132355	0.0
0.017389005050063133	0.0
0.282938688993454	0.0
0.35670265555381775	0.0
0.07487829774618149	0.0
0.375591903924942	1.0
0.3769414722919464	0.0
0.3128930628299713	0.0
0.011921782977879047	0.0
0.00144587189424783	0.0
0.02169816382229328	1.0
0.010900383815169334	0.0
0.06382747739553452	0.0
0.36520928144454956	0.0
0.006658114958554506	0.0
0.3341251015663147	0.0
0.002053977223113179	0.0
0.0673106461763382	0.0
0.17416274547576904	1.0
0.16892646253108978	0.0
0.006827940698713064	0.0
0.3250526785850525	0.0
0.2271009087562561	1.0
0.33495762944221497	0.0
0.3768722116947174	1.0
0.36937493085861206	0.0
0.010421824641525745	0.0
0.004621963482350111	0.0
0.005614581983536482	0.0
0.0011771752033382654	0.0
0.14995741844177246	0.0
0.3771244287490845	0.0
0.06960426270961761	0.0
0.3120098114013672	0.0
0.02424895390868187	0.0
0.312426894903183	0.0
0.007651002611964941	0.0
0.011634429916739464	0.0
0.02269255369901657	0.0
0.18100984394550323	0.0
0.007001305464655161	0.0
0.056910768151283264	0.0
0.04577592760324478	0.0
0.36017298698425293	1.0
0.000516383268404752	0.0
0.0026615113019943237	0.0
0.37461787462234497	1.0
0.3380984365940094	0.0
0.0063682785257697105	0.0
0.05034468695521355	0.0
0.1988631933927536	0.0
1.4394825484487228e-05	0.0
0.33607345819473267	0.0
0.36679789423942566	1.0
0.3712387681007385	0.0
0.0008648879593238235	0.0
0.32178398966789246	0.0
0.3771377205848694	0.0
0.0518275648355484	0.0
0.01393904723227024	0.0
0.0017805190291255713	0.0
0.3701528012752533	0.0
0.10965286195278168	0.0
0.005049992818385363	0.0
0.3662119507789612	0.0
0.15211999416351318	0.0
0.11228705942630768	0.0
0.019944291561841965	0.0
0.2229580581188202	0.0
0.0619724877178669	0.0
0.009615185670554638	0.0
0.0501510314643383	0.0
0.002899641403928399	0.0
0.37185055017471313	0.0
0.3598955571651459	1.0
0.29570186138153076	0.0
0.031726133078336716	0.0
0.37032550573349	1.0
0.2501846253871918	0.0
0.007944023236632347	0.0
0.012763860635459423	0.0
0.04347171261906624	0.0
3.974620267399587e-05	0.0
0.05048419535160065	0.0
0.35876086354255676	0.0
0.18700504302978516	0.0
0.05486319959163666	0.0
0.3716720938682556	0.0
0.1232934445142746	0.0
0.0025599622167646885	0.0
0.033507224172353745	0.0
0.04468975588679314	0.0
0.12109225988388062	0.0
0.3176630735397339	0.0
0.0009054288966581225	0.0
0.004860613029450178	0.0
0.03945821523666382	0.0
0.04284796118736267	0.0
0.3771377205848694	1.0
0.3771106004714966	0.0
0.3633975386619568	1.0
0.14368243515491486	0.0
0.3690320551395416	0.0
0.13458605110645294	0.0
0.3771377205848694	1.0
0.012495606206357479	0.0
0.02553628943860531	0.0
0.20287904143333435	1.0
0.00946392398327589	0.0
0.3275891840457916	0.0
0.3768354654312134	1.0
0.30095210671424866	0.0
0.18227913975715637	1.0
0.272529274225235	1.0
0.09027247130870819	0.0
0.00490036653354764	0.0
0.06904938071966171	0.0
0.26999950408935547	0.0
0.07860586792230606	0.0
0.17840242385864258	1.0
0.12925513088703156	0.0
0.3770737648010254	0.0
0.37706258893013	0.0
0.3771377205848694	1.0
0.08459071069955826	0.0
0.22065292298793793	0.0
0.015370413661003113	0.0
0.12867042422294617	0.0
0.3771377205848694	1.0
0.20576907694339752	0.0
0.2694626450538635	0.0
0.014202448539435863	0.0
0.08957583457231522	0.0
0.2954680621623993	0.0
0.07205536961555481	0.0
0.04244604706764221	0.0
1.6379657381548896e-06	0.0
0.37696242332458496	0.0
0.11547639220952988	0.0
0.016847535967826843	0.0
0.005227013491094112	0.0
0.13253824412822723	0.0
0.0011980434646829963	0.0
0.059166036546230316	0.0
5.114622399560176e-05	0.0
0.3582276999950409	1.0
0.055487558245658875	0.0
0.037510234862565994	0.0
9.861374564934522e-05	0.0
0.27763962745666504	0.0
0.25904494524002075	1.0
0.3049614131450653	0.0
0.015675336122512817	0.0
0.01720305159687996	0.0
0.20438691973686218	0.0
0.004114462062716484	0.0
0.3700568675994873	0.0
0.37681975960731506	1.0
0.37713244557380676	1.0
0.3585098683834076	0.0
0.06818924099206924	0.0
0.2684938311576843	0.0
0.00025243835989385843	0.0
0.061507951468229294	1.0
0.04365066438913345	0.0
0.05027944594621658	0.0
0.3771377205848694	1.0
0.19911321997642517	0.0
0.049012359231710434	1.0
0.12100314348936081	0.0
0.3771377205848694	0.0
0.3740614354610443	0.0
0.3771377205848694	1.0
0.0028504841029644012	0.0
0.09462008625268936	0.0
0.07601239532232285	1.0
0.07906509190797806	0.0
0.37590429186820984	0.0
0.01074776891618967	0.0
0.13657601177692413	0.0
0.10392854362726212	0.0
0.006664162501692772	0.0
0.25300875306129456	1.0
0.06593133509159088	0.0
0.37688925862312317	1.0
1.3831129763275385e-05	0.0
0.022439824417233467	0.0
0.03268873691558838	0.0
0.1469316929578781	1.0
0.14948208630084991	0.0
0.08598334342241287	0.0
0.2990722060203552	0.0
0.024885792285203934	0.0
0.0051034120842814445	0.0
0.05028652399778366	0.0
0.34327778220176697	1.0
0.0971827507019043	1.0
0.36619168519973755	1.0
0.3664398789405823	1.0
0.015415777452290058	0.0
0.007415581960231066	0.0
0.018865786492824554	0.0
0.021219708025455475	0.0
0.02376675419509411	0.0
0.3530293405056	0.0
0.00020220945589244366	0.0
8.754531154409051e-05	0.0
0.010750901885330677	0.0
0.0002506685850676149	0.0
0.10464048385620117	1.0
0.36295729875564575	0.0
0.007156734354794025	0.0
0.12563009560108185	0.0
0.36979731917381287	1.0
0.05390624701976776	0.0
0.056435633450746536	1.0
0.04340764880180359	0.0
2.6761164917843416e-05	0.0
0.0009099230519495904	0.0
0.17515023052692413	0.0
0.35885894298553467	0.0
0.0005513526848517358	0.0
0.021776752546429634	0.0
0.05938225984573364	0.0
0.12126866728067398	0.0
5.123770279169548e-06	0.0
0.24998003244400024	0.0
0.07792316377162933	0.0
0.20127516984939575	0.0
0.3154333233833313	0.0
0.08903806656599045	1.0
0.0991368517279625	1.0
0.18397927284240723	1.0
0.19146941602230072	0.0
0.37515491247177124	1.0
0.3695707321166992	1.0
0.0027836477383971214	0.0
0.32381102442741394	0.0
0.06585490703582764	1.0
0.18688522279262543	0.0
0.16737326979637146	0.0
0.10844629257917404	0.0
0.015184286050498486	0.0
0.07752679288387299	0.0
0.37294232845306396	1.0
0.12758788466453552	0.0
0.2433440238237381	0.0
0.037707310169935226	0.0
0.02710168994963169	0.0
0.000941081962082535	0.0
0.08454525470733643	0.0
7.662519055884331e-05	0.0
0.22307650744915009	0.0
0.00839260034263134	0.0
0.005774012766778469	0.0
0.12054800987243652	0.0
0.025696182623505592	0.0
0.34709933400154114	0.0
0.12617628276348114	0.0
0.002327890833839774	0.0
0.0027239397168159485	0.0
0.0038537485525012016	0.0
0.006168372929096222	0.0
0.013932028785347939	0.0
0.0029152927454560995	0.0
0.02201033942401409	0.0
0.0001276134280487895	0.0
0.36598554253578186	0.0
0.032870545983314514	0.0
0.13353408873081207	0.0
0.2081318199634552	0.0
0.019428756088018417	0.0
0.003227021312341094	0.0
0.02491295523941517	0.0
0.18596792221069336	0.0
0.0004972523893229663	0.0
0.012767845764756203	0.0
2.5410050511709414e-05	0.0
0.17305991053581238	0.0
0.00631910003721714	0.0
0.3596881926059723	0.0
0.32919588685035706	0.0
0.27376967668533325	1.0
0.01524899248033762	0.0
0.35363009572029114	0.0
0.004396890755742788	0.0
0.02518782578408718	0.0
0.37683966755867004	1.0
0.00869281217455864	0.0
0.30146855115890503	1.0
0.2437567561864853	0.0
0.37698251008987427	1.0
0.12907417118549347	0.0
0.14451269805431366	0.0
0.3771377205848694	1.0
0.374236136674881	0.0
0.017791802063584328	0.0
0.3526669442653656	0.0
0.01168317161500454	1.0
0.33272337913513184	0.0
9.072008833754808e-05	0.0
0.15892373025417328	0.0
0.35353344678878784	1.0
0.007055933587253094	0.0
0.02347337268292904	0.0
0.3769875764846802	1.0
0.2232780009508133	0.0
0.054773058742284775	0.0
0.19323983788490295	0.0
0.18730875849723816	0.0
0.030805204063653946	0.0
0.00023998755204956979	0.0
0.34175199270248413	0.0
0.03412092104554176	0.0
0.3768354654312134	1.0
0.0001142187393270433	0.0
0.29821866750717163	1.0
0.03545510023832321	0.0
0.37244027853012085	0.0
0.3520944118499756	0.0
0.030529243871569633	0.0
0.2330467700958252	1.0
0.007707585114985704	0.0
0.024793237447738647	0.0
0.08336141705513	0.0
0.3748250901699066	0.0
0.3771377205848694	0.0
0.36472851037979126	0.0
0.14113762974739075	1.0
0.3703421950340271	1.0
0.15773090720176697	0.0
0.3483673632144928	1.0
0.09046272188425064	0.0
0.26985055208206177	0.0
0.13581085205078125	1.0
0.221551313996315	0.0
0.001529709086753428	0.0
0.08686818927526474	0.0
0.009178945794701576	0.0
0.37419673800468445	0.0
0.04441041126847267	0.0
0.23072019219398499	0.0
0.023289039731025696	0.0
0.10424784570932388	0.0
0.3011265993118286	0.0
0.3435436189174652	1.0
0.3704325556755066	0.0
0.07358378171920776	0.0
0.012442362494766712	0.0
0.10320265591144562	0.0
0.2510361671447754	0.0
0.02331245131790638	0.0
0.013687308877706528	0.0
0.2715364694595337	0.0
0.0027118048164993525	0.0
0.13271407783031464	0.0
0.3739970922470093	1.0
0.005632377229630947	0.0
0.030811233446002007	1.0
0.2812327742576599	0.0
0.0030572630930691957	0.0
0.017812905833125114	0.0
0.0366465225815773	0.0
0.3768354654312134	1.0
0.37712278962135315	0.0
0.3771377205848694	0.0
0.02866715006530285	0.0
0.030621681362390518	0.0
0.37539082765579224	0.0
0.008056665770709515	0.0
0.0478590652346611	0.0
0.1529570370912552	0.0
9.64469654718414e-05	0.0
0.08745962381362915	0.0
0.0006526703364215791	0.0
0.08773870021104813	0.0
0.3679311275482178	0.0
0.00019731516658794135	0.0
0.0030314703471958637	0.0
0.007261550519615412	0.0
0.02548280358314514	0.0
0.15868160128593445	0.0
0.16347159445285797	0.0
0.09442704916000366	1.0
0.0002778391062747687	0.0
0.3615184724330902	0.0
0.046212758868932724	0.0
0.002711109584197402	0.0
0.3584250807762146	0.0
0.07132797688245773	1.0
0.11129241436719894	0.0
0.19238270819187164	0.0
0.15357716381549835	0.0
0.37694892287254333	1.0
0.14548833668231964	0.0
0.1303991675376892	0.0
0.2264268547296524	0.0
0.17836274206638336	1.0
0.0012494617840275168	0.0
0.0433247834444046	0.0
0.0012652436271309853	0.0
0.31625911593437195	1.0
0.00108730245847255	0.0
0.000724993587937206	0.0
8.27192998258397e-05	0.0
2.1120678866282105e-05	0.0
0.0017092752968892455	0.0
0.08849941194057465	0.0
0.20792625844478607	0.0
0.07429473847150803	0.0
0.31148838996887207	0.0
0.0012742727994918823	1.0
0.36186307668685913	0.0
0.000808840908575803	0.0
0.0392603799700737	0.0
0.10699006170034409	0.0
0.02404114603996277	0.0
0.05932912230491638	0.0
0.007097373250871897	0.0
0.19623392820358276	0.0
0.025835152715444565	0.0
0.00412942748516798	0.0
0.003839777782559395	0.0
0.015524630434811115	0.0
0.37683528661727905	1.0
0.3771377205848694	1.0
0.11454041302204132	0.0
0.3771377205848694	1.0
0.1232730969786644	0.0
0.3734109401702881	1.0
0.16718105971813202	0.0
0.18744833767414093	0.0
0.09184244275093079	0.0
0.12897419929504395	0.0
0.3126569390296936	0.0
0.026607509702444077	0.0
0.1892998367547989	1.0
0.0030811938922852278	0.0
0.37650051712989807	1.0
0.3755328357219696	1.0
0.0017858248902484775	0.0
0.15130555629730225	1.0
0.3281402587890625	0.0
0.021915359422564507	0.0
0.21606509387493134	0.0
0.37688565254211426	1.0
0.00033444847213104367	0.0
0.24183906614780426	1.0
0.1791696399450302	0.0
0.07990366220474243	0.0
0.17846332490444183	0.0
0.0008372957236133516	0.0
0.1240323856472969	0.0
0.016892844811081886	0.0
0.04133728891611099	0.0
0.00045468698954209685	0.0
0.3346450924873352	0.0
0.3771377205848694	0.0
0.041721295565366745	0.0
0.018178744241595268	0.0
0.1297735720872879	0.0
0.008946038782596588	0.0
0.2277875691652298	0.0
0.07629626989364624	0.0
0.3330152630805969	1.0
0.0098250862210989	0.0
0.10920373350381851	1.0
0.1496564894914627	1.0
0.046125948429107666	0.0
0.10992171615362167	0.0
0.34755757451057434	0.0
0.18359123170375824	1.0
0.001464393106289208	0.0
0.36612942814826965	1.0
0.0005059366812929511	0.0
0.3137267231941223	0.0
0.25393494963645935	0.0
0.3771377205848694	1.0
0.01474998239427805	0.0
0.3720538020133972	0.0
0.12252531200647354	0.0
0.2533961236476898	0.0
0.04058422893285751	0.0
0.0020309879910200834	0.0
0.029442479833960533	0.0
0.2533071041107178	1.0
0.0027970965020358562	0.0
0.020926564931869507	0.0
0.2597377300262451	0.0
0.3771377205848694	1.0
0.2639235258102417	0.0
7.166222349042073e-05	0.0
0.13921228051185608	1.0
0.3038901388645172	0.0
0.07369215041399002	0.0
0.0028200452215969563	0.0
0.01627117022871971	0.0
0.05862210690975189	0.0
0.0026784150395542383	0.0
0.12461405992507935	0.0
0.18113191425800323	1.0
0.3771377205848694	1.0
0.3695533275604248	0.0
0.12059927731752396	0.0
0.12019988894462585	0.0
0.3388309180736542	0.0
0.004575397353619337	0.0
0.07734663039445877	0.0
0.3551061153411865	0.0
0.056993518024683	0.0
0.37313416600227356	0.0
0.31643378734588623	0.0
0.07681629806756973	0.0
0.27116790413856506	1.0
0.3448522388935089	0.0
0.37401828169822693	0.0
0.10108762979507446	0.0
0.14551815390586853	0.0
0.33081090450286865	0.0
0.0010762602323666215	0.0
0.005451280158013105	0.0
0.3742671012878418	0.0
0.3771377205848694	0.0
0.0005332265864126384	0.0
0.09915392845869064	0.0
0.0002560931025072932	0.0
0.21512363851070404	0.0
0.002889645518735051	0.0
0.28513503074645996	0.0
0.36671605706214905	0.0
0.01938675530254841	0.0
0.03585941344499588	0.0
0.00017187166668009013	0.0
0.22438682615756989	0.0
0.3771377205848694	0.0
0.013102156110107899	0.0
0.01999676786363125	0.0
0.008402649313211441	0.0
0.10939931124448776	0.0
6.449114880524576e-05	0.0
0.0037830614019185305	0.0
0.027813775464892387	0.0
0.026678888127207756	0.0
0.029900016263127327	0.0
0.3637676239013672	0.0
0.0032247337512671947	0.0
0.1837068647146225	1.0
0.024744555354118347	0.0
0.24116846919059753	0.0
0.18762768805027008	0.0
0.02359294891357422	0.0
0.24326075613498688	0.0
0.031522415578365326	0.0
0.3495892584323883	1.0
0.3610864281654358	0.0
0.17346377670764923	0.0
0.003163211280480027	0.0
0.07125388085842133	0.0
0.07550887763500214	0.0
0.12740883231163025	0.0
0.3334529399871826	1.0
0.06283693760633469	0.0
0.007609883788973093	0.0
0.025343304499983788	0.0
0.003980040550231934	0.0
0.22766424715518951	1.0
0.3591352701187134	1.0
0.35850992798805237	0.0
0.00017907234723679721	0.0
0.0013218416133895516	0.0
0.0033825403079390526	0.0
0.08393985033035278	1.0
0.0027203825302422047	0.0
0.0013672768836840987	0.0
0.22399654984474182	0.0
0.09744188189506531	0.0
0.269351065158844	0.0
0.20080508291721344	0.0
0.08674666285514832	0.0
0.3091622292995453	0.0
0.011867757886648178	0.0
0.007473248988389969	0.0
0.3671177327632904	0.0
0.1744476705789566	0.0
0.00010174008639296517	0.0
0.06189047917723656	0.0
0.0039908927865326405	0.0
0.37341180443763733	1.0
0.3768182396888733	0.0
0.004253033548593521	0.0
0.3768354654312134	0.0
0.1849486231803894	1.0
0.3771377205848694	1.0
0.2895798981189728	0.0
0.09584008157253265	1.0
0.0205235555768013	0.0
0.3763625919818878	0.0
0.13933642208576202	0.0
0.0016472435090690851	0.0
0.05890129879117012	0.0
0.3771377205848694	1.0
0.0032421706710010767	0.0
0.055466942489147186	1.0
0.3771377205848694	1.0
0.09652472287416458	0.0
0.2793596684932709	0.0
0.020934123545885086	0.0
0.06528491526842117	0.0
0.06471697241067886	0.0
0.36074137687683105	1.0
0.01663738489151001	0.0
0.028424199670553207	0.0
0.015966124832630157	0.0
0.010927680879831314	0.0
0.3716406226158142	0.0
0.17592781782150269	0.0
0.0021326735150069	0.0
0.0034056571312248707	0.0
0.009963658638298512	0.0
0.36812323331832886	0.0
0.31404244899749756	0.0
0.3746359348297119	0.0
0.2501401901245117	0.0
0.10998773574829102	0.0
0.37125223875045776	0.0
0.09955587238073349	0.0
0.3691009283065796	0.0
0.0016262433491647243	0.0
0.03637633100152016	0.0
0.21737881004810333	0.0
0.2042376846075058	0.0
0.37695300579071045	0.0
0.36951786279678345	0.0
0.019130151718854904	0.0
0.12446703016757965	0.0
0.05292025953531265	0.0
5.935713943472365e-06	0.0
9.593394497642294e-05	0.0
0.3095327317714691	0.0
0.012181232683360577	0.0
0.03216581046581268	0.0
0.12612909078598022	0.0
0.3184593915939331	0.0
0.21629948914051056	0.0
0.05928564816713333	0.0
0.18446163833141327	0.0
0.3768964409828186	0.0
0.36626997590065	0.0
0.017459990456700325	0.0
0.0014598401030525565	0.0
0.32578811049461365	0.0
0.06678321212530136	0.0
0.004484336357563734	0.0
0.14218680560588837	0.0
0.1227581724524498	0.0
0.3703814744949341	1.0
0.0031267963349819183	0.0
0.1638851910829544	0.0
0.016709059476852417	0.0
0.37707993388175964	0.0
0.16751685738563538	0.0
0.036008819937705994	0.0
0.3768977224826813	1.0
0.02245453931391239	0.0
0.1263759732246399	0.0
0.0025504357181489468	0.0
0.030768191441893578	0.0
0.007345420308411121	0.0
0.07216224819421768	0.0
0.09521356970071793	1.0
0.33680620789527893	1.0
0.058195605874061584	0.0
0.369562566280365	0.0
0.11087769269943237	0.0
0.0002012325421674177	0.0
0.0035783841740339994	0.0
0.039229463785886765	0.0
0.2500073313713074	0.0
0.06636074930429459	0.0
0.0058846184983849525	0.0
0.0011262740008533	0.0
0.022825347259640694	0.0
0.3508220613002777	0.0
0.36135387420654297	0.0
0.20269957184791565	0.0
0.036893535405397415	0.0
0.37706124782562256	0.0
0.11487369239330292	0.0
0.31250014901161194	0.0
0.375823050737381	0.0
0.37622055411338806	1.0
0.2532767057418823	0.0
0.08875768631696701	0.0
0.3102356791496277	1.0
0.36867213249206543	0.0
0.18131430447101593	0.0
0.3771377205848694	1.0
0.0654812678694725	0.0
0.08383742719888687	0.0
0.002602213528007269	0.0
0.29335570335388184	0.0
0.042375072836875916	0.0
0.36488351225852966	0.0
8.277777669718489e-05	0.0
0.24049681425094604	0.0
0.17961004376411438	0.0
0.06447366625070572	0.0
0.00325570534914732	0.0
0.37670764327049255	1.0
0.3769190311431885	0.0
0.31814083456993103	0.0
0.00024734463659115136	0.0
0.37626969814300537	0.0
0.029776426032185555	0.0
0.043661076575517654	0.0
0.044954005628824234	0.0
0.09502604603767395	1.0
0.00014385422400664538	0.0
0.005384940188378096	0.0
0.025126975029706955	0.0
0.0004373890405986458	0.0
0.01523842103779316	0.0
0.07833988219499588	0.0
0.04167787730693817	0.0
0.22847914695739746	0.0
0.13912655413150787	1.0
0.021028932183980942	0.0
0.06602855771780014	0.0
0.039373718202114105	1.0
0.004090563394129276	0.0
0.008597295731306076	0.0
0.043447598814964294	0.0
0.03502415493130684	0.0
0.3748054504394531	0.0
0.010439173318445683	0.0
0.11344626545906067	0.0
0.15173707902431488	0.0
0.14045463502407074	0.0
0.3768354654312134	1.0
0.0033187996596097946	0.0
0.033856071531772614	0.0
0.024706805124878883	0.0
0.0007977288914844394	0.0
0.05355098098516464	0.0
0.045137181878089905	0.0
0.023570451885461807	0.0
0.005383426323533058	0.0
0.3768354654312134	1.0
0.00029062016983516514	0.0
0.03531903401017189	0.0
0.06024942919611931	0.0
0.3519936203956604	0.0
0.10033024102449417	1.0
0.09582711011171341	0.0
0.20099835097789764	0.0
0.07014185935258865	0.0
0.3750336170196533	1.0
0.36429184675216675	0.0
0.3771377205848694	0.0
0.005565067753195763	0.0
0.030674559995532036	0.0
0.009276572614908218	0.0
0.07782009989023209	0.0
0.3771377205848694	1.0
0.36096665263175964	0.0
0.0012032613158226013	0.0
0.03739892691373825	0.0
0.23540711402893066	0.0
0.023665806278586388	0.0
0.00023593260266352445	0.0
0.37303033471107483	1.0
0.3564700186252594	1.0
0.058733440935611725	1.0
0.004553437232971191	0.0
0.37648242712020874	1.0
0.1595691442489624	0.0
0.3626856207847595	0.0
0.0003719039377756417	0.0
0.010228297673165798	0.0
0.02199128270149231	0.0
0.11458181589841843	0.0
0.031127605587244034	0.0
0.006577851716428995	0.0
0.3543165326118469	1.0
0.09057607501745224	0.0
0.11116397380828857	0.0
0.010414696298539639	0.0
0.3766013979911804	0.0
0.37236517667770386	1.0
0.3771377205848694	1.0
0.22142381966114044	0.0
0.07353642582893372	0.0
0.36626148223876953	1.0
2.629164191603195e-05	0.0
0.005681341979652643	0.0
0.008444372564554214	0.0
0.03353980928659439	0.0
0.004347654525190592	0.0
0.14696918427944183	0.0
0.02695056051015854	0.0
0.1492568403482437	0.0
0.0007512895972467959	0.0
0.0002486097509972751	0.0
0.2120448797941208	0.0
0.014600815251469612	0.0
0.3356194496154785	0.0
0.10957258194684982	0.0
0.3740077018737793	1.0
0.10377192497253418	0.0
0.3771377205848694	1.0
0.0982159897685051	0.0
0.2828119397163391	1.0
0.0027000524569302797	0.0
0.19488687813282013	0.0
0.07855081558227539	0.0
0.00968462135642767	0.0
0.07370921224355698	0.0
0.03935365006327629	0.0
0.02152153104543686	0.0
0.004620046354830265	0.0
0.1368332803249359	1.0
0.00373120978474617	0.0
0.1385054737329483	0.0
0.37635040283203125	1.0
0.3771377205848694	1.0
0.1855817586183548	0.0
0.23429368436336517	0.0
0.050148796290159225	0.0
0.015408731065690517	0.0
0.36886370182037354	1.0
0.3496324419975281	0.0
0.10888978838920593	0.0
0.05839722976088524	0.0
0.3749452531337738	0.0
0.37693971395492554	0.0
0.30032074451446533	1.0
0.3765973448753357	0.0
0.03096361830830574	0.0
0.003244705032557249	0.0
0.2193964123725891	0.0
0.31408050656318665	1.0
0.26756909489631653	0.0
0.14190904796123505	0.0
0.06224199756979942	0.0
0.05331640690565109	0.0
0.3289682865142822	0.0
0.3768354654312134	1.0
0.08419720828533173	0.0
0.03037804178893566	0.0
0.29875749349594116	0.0
0.011844678781926632	0.0
0.0003159377374686301	0.0
0.056463975459337234	0.0
0.1729421317577362	0.0
0.37242135405540466	1.0
0.00012664715177379549	0.0
0.2722126245498657	0.0
0.3431971073150635	1.0
0.36797013878822327	0.0
0.017807282507419586	0.0
0.035917893052101135	0.0
0.24240294098854065	0.0
0.012260808609426022	0.0
0.2670363783836365	1.0
0.12143877893686295	0.0
0.3648168742656708	0.0
0.3197619915008545	1.0
0.12390634417533875	0.0
0.026660190895199776	0.0
0.3552584946155548	0.0
0.3770406246185303	1.0
0.12842923402786255	0.0
0.05129344388842583	0.0
0.1296541839838028	0.0
0.0012589726829901338	0.0
0.3197552263736725	0.0
0.37287163734436035	0.0
0.1662135273218155	0.0
0.008671639487147331	0.0
0.0024425198789685965	0.0
0.18447473645210266	1.0
0.3771377205848694	0.0
0.0309374388307333	0.0
0.3413809537887573	1.0
0.023198604583740234	0.0
0.0005156027618795633	0.0
0.28704580664634705	0.0
0.18583796918392181	0.0
0.022077953442931175	0.0
0.3771377205848694	1.0
0.3771377205848694	0.0
0.19481325149536133	0.0
0.045180004090070724	0.0
0.23489394783973694	0.0
0.06109901890158653	0.0
0.16131918132305145	0.0
0.0007874738075770438	0.0
0.16459015011787415	0.0
0.052494607865810394	0.0
0.34167030453681946	1.0
2.1035009922343306e-05	0.0
0.34641167521476746	0.0
0.2245236039161682	1.0
0.353330135345459	0.0
0.004234922118484974	0.0
8.309933946293313e-06	0.0
0.3761037588119507	0.0
0.0020799380727112293	0.0
0.06096919998526573	1.0
0.024451373144984245	0.0
0.011437693610787392	0.0
0.10224098712205887	0.0
0.012100977823138237	0.0
0.08280052244663239	0.0
0.17481234669685364	1.0
0.0024111266247928143	0.0
0.2164476364850998	0.0
0.1393255740404129	0.0
0.049815502017736435	0.0
0.14778214693069458	0.0
0.1891992688179016	0.0
0.007305847946554422	0.0
0.009218385443091393	0.0
0.14675423502922058	0.0
0.2686653137207031	1.0
0.21791598200798035	1.0
0.0861939787864685	0.0
0.04029277339577675	0.0
0.03622590750455856	0.0
0.3765157163143158	0.0
0.10553548485040665	0.0
0.020735986530780792	0.0
0.11961778998374939	0.0
0.3225727677345276	0.0
0.3506980538368225	0.0
0.0007614498608745635	0.0
0.3511958122253418	1.0
0.3477373719215393	0.0
0.1879662722349167	0.0
0.15730394423007965	0.0
0.3701919913291931	0.0
0.13385097682476044	0.0
0.3767249286174774	1.0
0.027347231283783913	0.0
0.13278929889202118	1.0
0.00022603898833040148	0.0
0.3027634024620056	0.0
0.011306395754218102	0.0
0.017303679138422012	0.0
0.16027767956256866	0.0
0.008312782272696495	0.0
0.0005085860611870885	0.0
0.03875183314085007	0.0
0.0542362742125988	0.0
0.011867118999361992	0.0
0.04095197468996048	0.0
0.05682951956987381	0.0
0.3080277442932129	0.0
0.37706783413887024	0.0
0.3550076484680176	1.0
0.1303032487630844	0.0
0.024595161899924278	0.0
0.0877734124660492	0.0
0.2676530182361603	0.0
0.1034853458404541	0.0
0.011357623152434826	0.0
0.36615338921546936	1.0
0.020881298929452896	1.0
0.09472198039293289	0.0
0.01756962202489376	0.0
0.11766131967306137	0.0
0.34490472078323364	0.0
0.14021430909633636	0.0
0.3745710253715515	1.0
0.3771377205848694	1.0
0.16908377408981323	0.0
0.17574934661388397	0.0
0.011289914138615131	0.0
0.3763984143733978	1.0
0.3768354654312134	0.0
0.0006535934517160058	0.0
0.2599252164363861	0.0
0.23286254703998566	0.0
0.3744013011455536	0.0
0.1512501984834671	0.0
0.21889840066432953	0.0
0.008532471023499966	0.0
0.0005562322912737727	0.0
0.00087622000137344	0.0
0.21386504173278809	0.0
0.24326835572719574	0.0
0.035016704350709915	0.0
0.026532137766480446	0.0
0.37276268005371094	0.0
0.36919593811035156	0.0
0.09485448896884918	0.0
0.09567870944738388	1.0
0.0010679460829123855	0.0
0.026459133252501488	0.0
0.054371241480112076	0.0
0.14418239891529083	0.0
0.06140780821442604	0.0
0.00307631422765553	0.0
0.10441969335079193	0.0
0.1140739917755127	1.0
0.19254173338413239	1.0
0.3732784688472748	0.0
0.3697180449962616	0.0
0.030025403946638107	0.0
0.018259197473526	0.0
0.00019215475185774267	0.0
0.24602912366390228	1.0
0.014164626598358154	0.0
0.07578800618648529	0.0
0.3644862174987793	0.0
0.0087352329865098	0.0
0.01911836676299572	0.0
0.16516590118408203	0.0
0.01135197002440691	0.0
0.03515734523534775	0.0
0.2912270128726959	1.0
0.0029922486282885075	0.0
0.06259835511445999	0.0
0.07522954046726227	0.0
0.006815758068114519	0.0
0.022028248757123947	0.0
0.3762637674808502	0.0
0.13115805387496948	0.0
0.0842001810669899	0.0
0.13181394338607788	1.0
0.015727629885077477	1.0
0.2055995762348175	0.0
0.00010047380783362314	0.0
0.00014088160241954029	0.0
0.20369863510131836	0.0
0.14774125814437866	0.0
0.37378203868865967	0.0
0.1964825689792633	0.0
0.09983406215906143	0.0
0.04046904668211937	0.0
0.253944993019104	1.0
0.00018442829605191946	0.0
0.01848611608147621	0.0
0.13831393420696259	0.0
0.09548886120319366	0.0
0.37050673365592957	0.0
0.007396065164357424	0.0
0.02420094795525074	0.0
0.366547554731369	1.0
0.18809092044830322	0.0
0.20980675518512726	0.0
0.08728054910898209	1.0
0.24720637500286102	0.0
0.004846340976655483	0.0
0.15066544711589813	0.0
0.052818842232227325	0.0
0.2634628713130951	0.0
0.1702907532453537	0.0
0.3771377205848694	1.0
0.021969938650727272	0.0
0.0686686560511589	0.0
0.026374289765954018	0.0
0.02233622781932354	0.0
0.3303245007991791	0.0
0.13774266839027405	0.0
0.021404296159744263	0.0
0.007480808068066835	0.0
0.06309469044208527	0.0
0.08102235198020935	1.0
0.013213305734097958	0.0
0.14657756686210632	0.0
0.36817726492881775	0.0
0.30954548716545105	0.0
0.011510519310832024	0.0
0.04205933213233948	0.0
0.00026720878668129444	0.0
0.08292938768863678	0.0
0.0013868085807189345	0.0
0.3771377205848694	0.0
0.36426594853401184	0.0
0.1465698927640915	0.0
0.14799505472183228	0.0
0.363907128572464	1.0
0.26940780878067017	0.0
0.035677436739206314	0.0
0.11094504594802856	0.0
0.0022113791201263666	0.0
0.3630792498588562	0.0
0.027857713401317596	0.0
5.005364982935134e-06	0.0
0.2765512466430664	0.0
0.30353304743766785	0.0
0.14400459825992584	0.0
0.3771355450153351	1.0
0.05580885335803032	0.0
0.2284017950296402	0.0
0.004818490706384182	0.0
0.359255850315094	1.0
0.35548460483551025	0.0
0.00339814112521708	0.0
0.12690402567386627	0.0
0.00253109447658062	0.0
0.008829100988805294	0.0
0.0027315786574035883	0.0
0.19577434659004211	1.0
0.00925125926733017	0.0
0.14411196112632751	0.0
0.35195332765579224	1.0
0.00012487488857004791	0.0
0.3771377205848694	0.0
0.3771377205848694	0.0
0.1901838332414627	0.0
2.8262358682695776e-05	0.0
0.005923944059759378	0.0
0.338024377822876	0.0
0.11619554460048676	0.0
0.36994919180870056	0.0
0.04427734389901161	0.0
0.17271040380001068	1.0
0.3001275956630707	0.0
0.000689822540152818	0.0
0.29627302289009094	1.0
0.06997005641460419	0.0
0.3762153685092926	0.0
0.2847716212272644	0.0
0.12355101853609085	1.0
0.15304486453533173	0.0
9.419133857591078e-05	0.0
0.07873117178678513	0.0
0.06672093272209167	0.0
0.005014495924115181	0.0
0.0624186247587204	0.0
0.02922709286212921	0.0
0.04605557769536972	0.0
0.034424684941768646	0.0
0.1341690868139267	0.0
0.14901132881641388	0.0
0.3126007318496704	0.0
0.005602135788649321	0.0
0.3761928975582123	0.0
0.3499769866466522	1.0
0.37585827708244324	0.0
0.02294822223484516	0.0
0.10191461443901062	0.0
0.006601462606340647	0.0
0.3659316301345825	0.0
0.028675390407443047	0.0
0.0018594247521832585	0.0
0.03816718980669975	0.0
0.003950732294470072	0.0
0.21264024078845978	0.0
0.007774056866765022	0.0
0.15980319678783417	0.0
0.3264913558959961	0.0
0.04892894625663757	0.0
0.3732573986053467	1.0
0.28113457560539246	0.0
0.0005572439404204488	0.0
0.0014984002336859703	0.0
0.05242533981800079	0.0
0.0005714494036510587	0.0
0.024194806814193726	0.0
0.1727643758058548	0.0
0.0009620527271181345	0.0
0.008612636476755142	0.0
0.06640948355197906	0.0
0.033014219254255295	0.0
0.012214948423206806	0.0
0.19211715459823608	0.0
0.37710538506507874	1.0
0.2136823683977127	0.0
0.014561222866177559	0.0
0.2057766616344452	0.0
0.0025295335799455643	0.0
0.06421414017677307	0.0
0.3771377205848694	0.0
0.3762977123260498	1.0
0.2788466215133667	0.0
0.19429613649845123	0.0
0.3767467141151428	0.0
0.007343038450926542	0.0
0.37713685631752014	1.0
0.007085510529577732	0.0
0.32731688022613525	1.0
0.02197371982038021	0.0
0.3771377205848694	1.0
0.0016011205734685063	0.0
0.3730158507823944	0.0
0.010521041229367256	0.0
0.30262377858161926	1.0
0.37034738063812256	1.0
0.3771377205848694	0.0
0.3655441403388977	1.0
0.2223740965127945	0.0
6.615135589527199e-06	0.0
0.0034466295037418604	0.0
0.37683480978012085	0.0
0.07120359688997269	0.0
0.050926573574543	0.0
0.3771377205848694	0.0
0.03440137580037117	1.0
0.005522954743355513	0.0
0.3771377205848694	1.0
0.10163562744855881	0.0
0.0006441225414164364	0.0
0.16837462782859802	0.0
0.3771377205848694	1.0
0.0745057463645935	0.0
0.32700520753860474	0.0
0.007836437784135342	0.0
0.004549313336610794	0.0
0.3771357536315918	1.0
0.029405364766716957	0.0
0.3259471654891968	1.0
0.0778464674949646	0.0
0.13789625465869904	0.0
0.37385427951812744	0.0
0.13044965267181396	0.0
0.13984204828739166	0.0
0.24692334234714508	1.0
0.3768354654312134	1.0
0.05140640214085579	0.0
0.01305196899920702	0.0
0.1926427185535431	1.0
0.3304116129875183	1.0
0.06188405305147171	0.0
0.038609858602285385	0.0
0.1110682561993599	0.0
0.11329729855060577	0.0
0.36061856150627136	1.0
0.022264471277594566	0.0
0.3765381872653961	0.0
0.11282195150852203	1.0
0.22575563192367554	0.0
0.07198968529701233	0.0
0.168613001704216	0.0
0.14994880557060242	0.0
0.009569797664880753	0.0
0.13203060626983643	0.0
0.02199544757604599	0.0
0.053965844213962555	0.0
0.013830160722136497	0.0
0.010658437386155128	0.0
0.06009260192513466	0.0
0.18559788167476654	0.0
0.03932030498981476	0.0
0.028035592287778854	0.0
0.2758314907550812	0.0
0.14261741936206818	0.0
0.07014784961938858	0.0
0.3723159432411194	1.0
0.08524826914072037	1.0
0.2642691433429718	0.0
0.3771377205848694	0.0
0.33555248379707336	0.0
0.37645894289016724	1.0
0.3208831548690796	0.0
0.0016711909556761384	0.0
0.025933178141713142	0.0
0.07311289757490158	0.0
0.09570393711328506	0.0
0.07518579810857773	0.0
0.0037906705401837826	0.0
0.020845571532845497	0.0
0.09312884509563446	0.0
0.3771284222602844	0.0
0.15252801775932312	0.0
0.030234042555093765	0.0
0.1482372283935547	1.0
0.007893597707152367	0.0
0.0046635400503873825	0.0
0.22660723328590393	0.0
0.3734166622161865	0.0
0.007411611266434193	0.0
0.14480549097061157	0.0
0.15303687751293182	1.0
0.07191209495067596	0.0
0.2502596378326416	0.0
0.16779443621635437	0.0
0.009496314451098442	0.0
0.271227091550827	0.0
0.0008295575971715152	0.0
0.04401521384716034	0.0
0.2853589355945587	1.0
0.0006508307997137308	0.0
0.37480753660202026	1.0
0.2841850817203522	1.0
0.3584553003311157	0.0
0.0021767280995845795	0.0
0.37599602341651917	0.0
0.0052998908795416355	0.0
0.005661564413458109	0.0
0.21217384934425354	0.0
0.2645193338394165	0.0
0.2467188537120819	0.0
0.18432137370109558	0.0
0.3754354417324066	0.0
0.0054718428291380405	0.0
0.000982755795121193	0.0
0.2994942367076874	1.0
0.32852745056152344	0.0
0.15463806688785553	0.0
0.3771377205848694	1.0
0.36981645226478577	0.0
0.3771377205848694	0.0
0.0695418193936348	0.0
0.3771377205848694	0.0
0.03485924378037453	0.0
0.0012166047235950828	0.0
0.33317261934280396	0.0
0.035070355981588364	0.0
0.0008631405653432012	0.0
0.0030029050540179014	0.0
0.025642411783337593	0.0
0.3745836615562439	0.0
0.053344812244176865	0.0
0.3761810064315796	1.0
0.37679994106292725	1.0
0.003674463601782918	0.0
0.37146222591400146	0.0
0.012483984231948853	0.0
0.008149947971105576	0.0
0.04582568258047104	0.0
0.03407496586441994	0.0
0.27034270763397217	1.0
0.2684665024280548	1.0
0.3749828040599823	1.0
0.02114211395382881	0.0
0.02775334008038044	0.0
0.0069152736105024815	0.0
0.37685099244117737	0.0
0.0008168875356204808	0.0
0.2332979291677475	1.0
0.22537487745285034	1.0
0.3771377205848694	0.0
0.1380467414855957	1.0
0.37539780139923096	0.0
0.12419068813323975	0.0
0.008621524088084698	0.0
0.3768354654312134	1.0
0.3100515902042389	1.0
0.3652781844139099	0.0
0.013887971639633179	0.0
0.0003254556795582175	0.0
0.34066838026046753	0.0
0.33894819021224976	0.0
0.17611484229564667	0.0
0.01801132969558239	0.0
0.041353072971105576	0.0
0.37134066224098206	1.0
0.035206325352191925	0.0
0.36131322383880615	0.0
0.3305337429046631	0.0
0.02699996717274189	0.0
0.009608831256628036	1.0
0.02393946796655655	0.0
0.3472641110420227	0.0
0.058879006654024124	0.0
0.20456016063690186	0.0
0.36722928285598755	0.0
0.21958521008491516	1.0
0.30154693126678467	0.0
0.14134293794631958	1.0
0.255378395318985	0.0
0.14197386801242828	1.0
0.16953730583190918	0.0
0.00020498460798989981	0.0
0.011849518865346909	0.0
0.04240383580327034	0.0
0.016504017636179924	0.0
0.03791791945695877	0.0
0.06771983206272125	0.0
0.317003458738327	0.0
0.13721567392349243	0.0
0.001133201876655221	0.0
0.08235297352075577	0.0
0.3763691782951355	1.0
0.3661235570907593	1.0
0.020400524139404297	0.0
0.0039760880172252655	0.0
0.023921024054288864	0.0
0.005364695563912392	0.0
0.19127339124679565	0.0
0.003940011840313673	0.0
0.17211446166038513	0.0
0.3771377205848694	1.0
0.06983041018247604	0.0
0.0015473812818527222	0.0
0.02894560620188713	0.0
0.36689290404319763	1.0
0.18860939145088196	1.0
0.0007820409955456853	0.0
0.0145207978785038	0.0
0.005133127793669701	0.0
0.08804568648338318	0.0
0.37698978185653687	1.0
0.010859414003789425	0.0
0.004062124062329531	0.0
0.24212774634361267	0.0
0.01400951948016882	0.0
0.1586649864912033	0.0
0.019813282415270805	0.0
0.08317943662405014	0.0
0.19033147394657135	0.0
0.0015306415734812617	0.0
0.3771377205848694	0.0
0.05013317987322807	0.0
0.006220662035048008	0.0
0.09163039177656174	0.0
0.0017240125453099608	0.0
0.3768553137779236	0.0
0.07136770337820053	0.0
0.007826271466910839	0.0
0.016831107437610626	0.0
0.07258470356464386	0.0
0.1238100603222847	0.0
0.015356052666902542	0.0
0.05298798158764839	0.0
0.3086315393447876	0.0
0.0018845299491658807	0.0
0.016640646383166313	0.0
0.3770885169506073	1.0
0.0018041734583675861	0.0
0.37404075264930725	1.0
0.3709276616573334	0.0
0.1715569943189621	0.0
0.06869624555110931	0.0
0.3765201270580292	1.0
0.1742982268333435	0.0
0.1275937557220459	0.0
0.149574413895607	0.0
0.0034957046154886484	0.0
0.10447056591510773	0.0
0.01233496144413948	0.0
0.019607700407505035	0.0
0.3063355088233948	0.0
0.35271331667900085	1.0
0.1486840844154358	0.0
0.01651749201118946	0.0
0.04569161683320999	0.0
0.32926875352859497	0.0
0.0801188126206398	0.0
0.00017084638238884509	0.0
2.2597880160901695e-05	0.0
0.03594645857810974	0.0
0.2558639347553253	0.0
0.030696731060743332	0.0
0.06281023472547531	0.0
0.009186485782265663	0.0
0.36767518520355225	1.0
0.024305034428834915	0.0
0.041317880153656006	0.0
0.1451573222875595	0.0
0.00449216365814209	0.0
0.0019660680554807186	0.0
0.3569793403148651	0.0
0.2185014933347702	0.0
0.06069255992770195	1.0
0.0016910171834751964	0.0
0.13081799447536469	0.0
0.2949943542480469	0.0
0.07577098160982132	0.0
0.002763009164482355	0.0
0.25542739033699036	0.0
1.1880967576871626e-05	0.0
0.37187811732292175	0.0
0.2669658958911896	1.0
0.030981220304965973	0.0
0.37691056728363037	1.0
0.0008440904784947634	0.0
0.36455801129341125	0.0
0.04363696277141571	0.0
0.0010325639741495252	0.0
0.0017752269050106406	0.0
0.013738993555307388	0.0
0.00014909984020050615	0.0
0.3760421872138977	0.0
0.04314674437046051	0.0
0.004485240671783686	0.0
0.029493577778339386	0.0
0.3554154634475708	1.0
0.01162636186927557	0.0
0.051857586950063705	0.0
0.2873128652572632	0.0
0.20682008564472198	0.0
0.1839943826198578	0.0
0.04097890481352806	0.0
0.001161103486083448	0.0
0.1942668855190277	0.0
0.11491739749908447	1.0
0.2863456606864929	0.0
0.03259231895208359	0.0
0.15592904388904572	0.0
0.07314655184745789	1.0
0.3768354654312134	0.0
0.0066819204948842525	0.0
0.049309857189655304	1.0
0.2950277030467987	0.0
0.3564501404762268	0.0
0.006875752937048674	0.0
0.005937637761235237	0.0
0.3730892241001129	0.0
0.017108716070652008	0.0
0.3771377205848694	1.0
0.14157921075820923	0.0
0.051413219422101974	0.0
0.096365787088871	0.0
0.37127044796943665	0.0
0.0030226861126720905	0.0
0.013272375799715519	0.0
0.10121438652276993	0.0
0.37324246764183044	0.0
0.06698921322822571	0.0
0.10382571071386337	0.0
0.3764127492904663	1.0
0.0225444994866848	0.0
0.3727298676967621	1.0
0.3101763427257538	0.0
0.214656263589859	0.0
0.11241792887449265	0.0
0.3733771741390228	1.0
0.37686654925346375	0.0
0.025829825550317764	0.0
0.14558416604995728	0.0
0.24922919273376465	0.0
0.019562385976314545	0.0
0.039734628051519394	0.0
0.37537696957588196	0.0
0.25724154710769653	0.0
0.3302268087863922	0.0
0.2843170166015625	0.0
0.05909550562500954	0.0
0.27555227279663086	0.0
0.0013857386074960232	0.0
0.07581102848052979	0.0
0.07567010819911957	0.0
0.08961903303861618	0.0
0.046193160116672516	0.0
0.3630076050758362	1.0
0.36720722913742065	0.0
0.3324631452560425	0.0
0.21160148084163666	0.0
0.3763321042060852	1.0
0.005947239696979523	0.0
0.3490074872970581	0.0
0.23330265283584595	0.0
0.30325454473495483	0.0
0.0021085997577756643	0.0
0.09960921108722687	0.0
0.03879581019282341	0.0
0.1826348453760147	0.0
0.046066589653491974	0.0
0.3720206916332245	0.0
0.09544084966182709	0.0
0.3393087387084961	0.0
0.13409504294395447	0.0
0.0022162420209497213	0.0
0.008682193234562874	0.0
0.02301463671028614	0.0
0.36411967873573303	0.0
0.17066913843154907	0.0
0.007867143489420414	0.0
0.37700510025024414	1.0
0.06964060664176941	0.0
0.003606905462220311	0.0
0.3483239710330963	1.0
0.250575453042984	0.0
0.2037067860364914	0.0
0.32195207476615906	0.0
0.37660762667655945	1.0
0.09880432486534119	0.0
0.3266041874885559	1.0
0.3743163049221039	1.0
0.02780267782509327	0.0
0.242417573928833	1.0
0.37443679571151733	1.0
0.020779164507985115	0.0
0.13768847286701202	1.0
0.002003316069021821	0.0
0.17121359705924988	0.0
0.0010346914641559124	0.0
0.13049079477787018	0.0
0.020242085680365562	0.0
0.3771377205848694	1.0
0.028672270476818085	0.0
0.3771377205848694	1.0
0.2661980390548706	1.0
0.029779426753520966	0.0
0.013596154749393463	0.0
0.3689053952693939	0.0
0.050519831478595734	0.0
0.2512138783931732	1.0
0.36270061135292053	0.0
0.09409135580062866	0.0
0.07754215598106384	0.0
0.01695343665778637	0.0
0.25049811601638794	0.0
0.3710433840751648	1.0
0.3771377205848694	1.0
0.060203906148672104	0.0
0.36807218194007874	1.0
0.37543538212776184	1.0
0.2265886664390564	1.0
0.008875515311956406	0.0
0.36189135909080505	0.0
0.3735847771167755	0.0
0.037075791507959366	0.0
0.10720109194517136	0.0
0.16779270768165588	0.0
0.1679021716117859	0.0
0.2901843190193176	0.0
0.31445446610450745	0.0
0.3771209120750427	0.0
0.1668207198381424	0.0
0.0013096361653879285	0.0
0.3049256503582001	0.0
0.3758564293384552	1.0
0.3604600727558136	1.0
0.029441410675644875	0.0
0.03957926109433174	0.0
0.09953043609857559	0.0
0.006011046934872866	0.0
0.2912931740283966	0.0
0.006502562668174505	1.0
0.002842535264790058	0.0
0.04051417112350464	0.0
0.15982456505298615	0.0
0.04972035437822342	0.0
0.0197465680539608	0.0
0.09203208982944489	0.0
0.0025860352907329798	0.0
0.27435192465782166	1.0
0.05381818115711212	0.0
0.08822306245565414	0.0
0.008027338422834873	0.0
0.07582227140665054	0.0
0.24998989701271057	0.0
0.23952963948249817	0.0
0.3768354654312134	1.0
0.2438737452030182	1.0
0.23071978986263275	0.0
0.00948532298207283	0.0
0.3771377205848694	1.0
0.37632203102111816	1.0
0.37581321597099304	1.0
0.022565562278032303	0.0
0.3771377205848694	1.0
0.3768354654312134	0.0
0.0037303625140339136	0.0
0.0030731058213859797	0.0
0.0008702526101842523	0.0
0.20080362260341644	0.0
0.3136337697505951	0.0
0.06439514458179474	0.0
0.0022845601197332144	0.0
0.07620313763618469	0.0
0.08434988558292389	0.0
0.33991739153862	0.0
0.031907450407743454	0.0
0.0002694198046810925	0.0
0.07713405787944794	0.0
0.1555340737104416	0.0
0.16155046224594116	0.0
0.25088611245155334	0.0
0.020282620564103127	0.0
0.007073253393173218	0.0
0.2927927076816559	0.0
0.09925651550292969	0.0
0.013573125936090946	0.0
0.02155173383653164	0.0
0.0007513313903473318	0.0
0.3116858899593353	1.0
0.10155284404754639	0.0
0.3764275312423706	0.0
0.37665924429893494	1.0
0.11549786478281021	1.0
0.0009148119133897126	0.0
0.010728955268859863	0.0
0.06348083168268204	0.0
0.3770895004272461	1.0
0.00036926314351148903	0.0
0.3675291836261749	1.0
0.0033389327581971884	0.0
0.16993387043476105	0.0
0.001284939469769597	0.0
0.027864178642630577	0.0
0.28821292519569397	0.0
0.3467828035354614	0.0
0.04178270697593689	0.0
0.03626655042171478	0.0
0.02606455236673355	0.0
0.023915834724903107	0.0
0.0036751164589077234	0.0
0.3694629669189453	0.0
0.36508190631866455	0.0
0.027572134509682655	0.0
0.07720807194709778	0.0
0.030615253373980522	0.0
0.3771377205848694	1.0
0.07966906577348709	0.0
0.289076566696167	0.0
0.024850867688655853	0.0
0.294529527425766	0.0
0.09108557552099228	0.0
0.05459189414978027	0.0
0.3771377205848694	1.0
0.3771377205848694	0.0
0.3254382908344269	0.0
0.3753689229488373	1.0
0.3102864623069763	0.0
0.18935935199260712	0.0
0.026617562398314476	0.0
0.005767575465142727	0.0
0.09234340488910675	0.0
0.13379225134849548	0.0
0.3771377205848694	1.0
0.31368669867515564	1.0
0.3771377205848694	1.0
0.009422780014574528	0.0
0.0004769910010509193	0.0
0.3004932403564453	0.0
0.08021581172943115	0.0
0.0356765016913414	0.0
0.3771377205848694	0.0
0.03386504948139191	0.0
0.12708652019500732	1.0
0.15574464201927185	0.0
0.18369445204734802	1.0
0.1548619568347931	1.0
0.00482776015996933	0.0
0.00711511354893446	0.0
0.3171056807041168	1.0
0.035106878727674484	0.0
0.35397765040397644	0.0
0.0031875355634838343	0.0
0.1874731034040451	1.0
0.009461116977036	0.0
0.13319021463394165	0.0
0.00045204622438177466	0.0
0.02618703432381153	0.0
0.3767061233520508	0.0
0.06436782330274582	0.0
0.2820163667201996	1.0
0.2877902388572693	1.0
0.030160924419760704	0.0
0.014517885632812977	0.0
0.3767082989215851	1.0
0.37693071365356445	1.0
0.3310920000076294	0.0
0.3766462504863739	1.0
0.02973288483917713	0.0
0.025399891659617424	0.0
0.006346603389829397	0.0
0.1693253517150879	1.0
0.010997740551829338	0.0
0.3644096553325653	0.0
0.0021933559328317642	0.0
0.0010234976653009653	0.0
0.1036834642291069	0.0
0.3771377205848694	1.0
0.3762645721435547	1.0
0.3771377205848694	1.0
0.08645184338092804	0.0
0.00014662131434306502	0.0
0.07886116951704025	1.0
0.10038114339113235	0.0
4.271295256330632e-05	0.0
0.033817656338214874	0.0
0.12019751965999603	0.0
0.1300361305475235	0.0
0.12193753570318222	0.0
0.27922236919403076	0.0
0.014506387524306774	0.0
0.09650640189647675	0.0
0.21590031683444977	0.0
0.23962776362895966	1.0
0.3771377205848694	1.0
0.012647008523344994	0.0
0.011460944078862667	1.0
0.15266519784927368	0.0
0.3771377205848694	1.0
0.09117599576711655	0.0
0.2727031111717224	0.0
0.3771377205848694	0.0
0.02136864885687828	0.0
0.0033044256269931793	0.0
0.30342376232147217	1.0
0.07043266296386719	0.0
0.3771377205848694	0.0
0.36725711822509766	0.0
0.3059200644493103	0.0
0.04284707456827164	0.0
0.15553905069828033	0.0
0.03338424488902092	0.0
0.07018021494150162	0.0
0.03595605120062828	0.0
0.3771078884601593	1.0
0.14115600287914276	0.0
0.3713828921318054	1.0
0.07145990431308746	0.0
0.27843785285949707	1.0
0.05701182037591934	0.0
0.36354589462280273	1.0
0.22705480456352234	1.0
0.16020622849464417	0.0
0.2913023829460144	0.0
0.01881965808570385	0.0
0.3526965379714966	0.0
0.1532926857471466	0.0
0.2899608612060547	0.0
0.07943976670503616	1.0
0.003780222963541746	0.0
0.37081965804100037	0.0
0.009398510679602623	0.0
0.35266658663749695	0.0
0.07862560451030731	0.0
0.0050605786964297295	0.0
0.0178826916962862	0.0
0.30793875455856323	0.0
0.03537566959857941	0.0
0.3750703036785126	1.0
0.23502054810523987	1.0
0.36980992555618286	1.0
0.0032451243605464697	0.0
0.07457862794399261	0.0
0.3732862174510956	0.0
0.3771377205848694	1.0
0.3769780099391937	1.0
0.1217757910490036	0.0
0.36261802911758423	0.0
0.006562887225300074	0.0
0.26397448778152466	0.0
0.0004134398768655956	0.0
0.3303735554218292	0.0
0.13100387156009674	0.0
0.36494380235671997	0.0
0.3719353973865509	1.0
0.3517428934574127	1.0
0.1376655548810959	0.0
0.37066975235939026	0.0
0.018767844885587692	0.0
0.009879659861326218	0.0
0.007300728000700474	0.0
0.0010882533388212323	0.0
0.36943134665489197	1.0
0.020190751180052757	0.0
0.027224035933613777	0.0
0.0003685014380607754	0.0
0.18364042043685913	1.0
0.19543378055095673	0.0
0.14064398407936096	1.0
0.3770938515663147	0.0
0.3771187961101532	0.0
0.10807495564222336	0.0
0.00841617677360773	0.0
0.37667399644851685	0.0
0.011915234848856926	0.0
0.0006451777298934758	0.0
0.01067065354436636	0.0
0.3771377205848694	1.0
0.269794225692749	0.0
0.010068808682262897	0.0
0.17807736992835999	0.0
0.0031781692523509264	0.0
0.15643933415412903	0.0
0.006037052255123854	0.0
0.03974885120987892	0.0
0.2918182611465454	0.0
0.3771377205848694	0.0
0.06055152043700218	0.0
0.3712356388568878	0.0
0.36637428402900696	0.0
0.3345329165458679	1.0
0.12028119713068008	0.0
3.755352008738555e-05	0.0
0.02937595546245575	0.0
0.00959091354161501	0.0
0.37037575244903564	0.0
0.0015257267514243722	0.0
0.15616436302661896	0.0
0.1648678034543991	1.0
0.3355982303619385	0.0
0.02775711566209793	0.0
0.3769768476486206	0.0
0.011326043866574764	0.0
0.0389411598443985	1.0
0.3771377205848694	1.0
0.17980214953422546	0.0
0.37043052911758423	0.0
0.000518313841894269	0.0
0.36550137400627136	1.0
0.01321590505540371	0.0
0.09739518165588379	0.0
0.3609197735786438	1.0
0.025200534611940384	0.0
0.3771377205848694	1.0
0.04137253016233444	0.0
0.037400320172309875	1.0
0.007910523563623428	0.0
0.2685600221157074	0.0
0.10216855257749557	0.0
0.37398001551628113	0.0
0.01162682194262743	0.0
0.24875353276729584	0.0
0.10665970295667648	0.0
0.004656228236854076	0.0
0.36178845167160034	0.0
0.37327906489372253	0.0
0.21824795007705688	1.0
0.36793386936187744	1.0
0.19822214543819427	1.0
0.00028898916207253933	0.0
0.24636545777320862	0.0
0.0629824846982956	1.0
0.044913485646247864	0.0
0.15442322194576263	1.0
0.2892213463783264	0.0
0.025748368352651596	0.0
0.11893271654844284	0.0
0.20741452276706696	0.0
0.07462156563997269	0.0
0.22042270004749298	1.0
0.23507969081401825	1.0
0.011952963657677174	0.0
0.366161972284317	0.0
0.3771377205848694	0.0
0.2214624285697937	0.0
0.0197523795068264	0.0
0.061576247215270996	0.0
0.3768354654312134	0.0
0.33127108216285706	0.0
0.002217806177213788	0.0
0.37383460998535156	0.0
0.03840010240674019	0.0
0.05447769910097122	0.0
0.36367180943489075	0.0
0.3771377205848694	1.0
0.015554719604551792	0.0
0.00040646246634423733	0.0
0.036070749163627625	0.0
0.05923681706190109	0.0
0.3771377205848694	1.0
0.3604499399662018	0.0
0.021976113319396973	0.0
0.08049606531858444	0.0
0.25358277559280396	0.0
0.012314703315496445	0.0
0.004838176537305117	0.0
0.016166867688298225	0.0
0.041753727942705154	0.0
0.350929319858551	0.0
0.08592002093791962	0.0
0.02480132505297661	0.0
0.0010374339763075113	0.0
0.3671312630176544	0.0
0.0044861286878585815	0.0
0.37204912304878235	0.0
0.14591605961322784	0.0
0.36999669671058655	0.0
0.07362597435712814	0.0
0.014961477369070053	0.0
0.28521600365638733	1.0
0.15206457674503326	0.0
0.0359579473733902	0.0
0.018969867378473282	0.0
0.0066160475835204124	0.0
0.037754371762275696	0.0
0.0006894104881212115	0.0
0.003023242112249136	0.0
0.3747331202030182	0.0
0.1859990507364273	0.0
0.018750812858343124	0.0
0.0012405520537868142	0.0
0.0260224100202322	0.0
0.008344738744199276	0.0
0.3675706088542938	1.0
0.18954871594905853	0.0
0.3768428564071655	1.0
0.2924784719944	0.0
0.2099076211452484	0.0
0.13659784197807312	0.0
0.14855675399303436	0.0
0.019703537225723267	0.0
0.016467472538352013	0.0
0.0029454664327204227	0.0
0.003980197478085756	0.0
0.02636626362800598	0.0
0.03364487737417221	0.0
0.06160023808479309	0.0
0.3758033215999603	0.0
6.147805834189057e-05	0.0
0.3757595717906952	0.0
0.01623518578708172	0.0
0.3628055453300476	1.0
0.0014617862179875374	0.0
0.01098746620118618	0.0
0.07324647158384323	0.0
0.01044105552136898	0.0
0.027489405125379562	0.0
0.16684982180595398	0.0
2.1025707610533573e-06	0.0
0.011213509365916252	0.0
0.2386888861656189	1.0
0.08802760392427444	0.0
0.2870014011859894	0.0
0.15302735567092896	0.0
0.01403373945504427	0.0
0.036549050360918045	0.0
0.08437056094408035	0.0
0.3771377205848694	0.0
0.36586153507232666	1.0
0.009193658828735352	0.0
0.37673643231391907	0.0
0.0003668839344754815	0.0
0.2592325210571289	0.0
0.1253308355808258	0.0
0.3734843134880066	0.0
0.1300620585680008	0.0
0.3771377205848694	1.0
0.28177258372306824	0.0
0.3771377205848694	0.0
0.04726630076766014	0.0
0.3732912838459015	1.0
0.1454496681690216	0.0
0.31269359588623047	1.0
0.12503409385681152	0.0
0.00043834969983436167	0.0
0.1209002286195755	0.0
0.01616896130144596	0.0
0.07736911624670029	0.0
0.08830326050519943	0.0
0.09013865888118744	0.0
0.012062698602676392	0.0
0.37436631321907043	0.0
0.3213551342487335	0.0
0.023681465536355972	0.0
0.11002349853515625	0.0
0.1867942363023758	0.0
0.038819074630737305	0.0
0.3771377205848694	1.0
0.05241721123456955	0.0
0.13191676139831543	0.0
0.022525956854224205	0.0
0.0042280168272554874	0.0
0.0779239684343338	0.0
0.37186962366104126	0.0
0.1802622228860855	0.0
0.37403231859207153	0.0
0.33804482221603394	0.0
0.08728884160518646	0.0
0.00923867616802454	0.0
0.12575100362300873	0.0
0.0010006927186623216	0.0
0.2612869441509247	0.0
0.033948492258787155	0.0
0.2705775201320648	0.0
0.16154222190380096	0.0
0.016380874440073967	0.0
0.36461928486824036	0.0
0.11817041784524918	0.0
0.05802583321928978	0.0
0.19612561166286469	0.0
0.0855647474527359	0.0
0.3764367997646332	0.0
0.3762204051017761	0.0
0.0227208212018013	0.0
0.3771377205848694	0.0
0.3032313287258148	0.0
0.3756621479988098	1.0
0.014159992337226868	0.0
0.007272651419043541	0.0
0.253406286239624	0.0
0.2678885757923126	0.0
0.3283912241458893	0.0
0.08633007109165192	0.0
0.0004424999060574919	0.0
0.3771377205848694	0.0
0.12862947583198547	0.0
0.0069430554285645485	0.0
0.3761705458164215	1.0
0.2927672863006592	0.0
0.36823803186416626	0.0
0.010625016875565052	0.0
0.3771275579929352	1.0
0.103090301156044	0.0
0.3567701578140259	0.0
0.0351567417383194	0.0
0.1808992624282837	0.0
0.11299768090248108	0.0
0.12510614097118378	0.0
0.0076751443557441235	0.0
0.03170934319496155	0.0
0.007749084383249283	0.0
0.036422960460186005	0.0
0.002549143973737955	0.0
0.3770367503166199	0.0
0.018828565254807472	0.0
0.3441377282142639	0.0
0.09257962554693222	0.0
0.3771377205848694	1.0
0.026308074593544006	1.0
0.006572721991688013	0.0
0.37205588817596436	0.0
0.30334219336509705	0.0
8.902649278752506e-05	0.0
9.048447827808559e-05	0.0
0.0700296089053154	0.0
0.0015619865152984858	0.0
0.011737684719264507	0.0
0.01761440373957157	0.0
0.37186741828918457	0.0
0.28486883640289307	0.0
0.002358278026804328	0.0
0.2981816232204437	0.0
0.10856695473194122	0.0
0.3078988790512085	0.0
0.29571840167045593	1.0
0.3771377205848694	1.0
0.005889446008950472	0.0
0.08512689173221588	0.0
0.3771377205848694	0.0
0.005477731116116047	0.0
0.21205955743789673	0.0
0.3760357201099396	1.0
0.0031422488391399384	0.0
0.3768354654312134	1.0
0.07786844670772552	0.0
0.004782551899552345	0.0
0.05044170841574669	0.0
0.055939704179763794	0.0
0.32520848512649536	0.0
0.371951162815094	0.0
0.07765048742294312	0.0
0.22893530130386353	0.0
0.37225040793418884	1.0
0.28827181458473206	0.0
0.021477490663528442	0.0
0.04572177678346634	0.0
0.05739232897758484	0.0
0.25826919078826904	0.0
0.37022098898887634	1.0
0.36840173602104187	0.0
0.018561189994215965	0.0
0.07796815782785416	0.0
0.3678447902202606	0.0
0.02029845491051674	1.0
0.03124047815799713	0.0
0.11085546016693115	0.0
0.37471726536750793	1.0
0.010594223625957966	0.0
0.33120718598365784	0.0
0.009933467954397202	0.0
0.22648154199123383	0.0
0.034343868494033813	0.0
0.04529314860701561	1.0
0.007913192734122276	0.0
0.3480699956417084	0.0
0.005780369974672794	0.0
0.0009943613549694419	0.0
0.37550342082977295	0.0
0.3333175480365753	0.0
0.08330006152391434	0.0
0.36093106865882874	0.0
0.08601930737495422	0.0
0.3768354654312134	1.0
8.954526128945872e-05	0.0
0.3443939983844757	0.0
0.14775288105010986	0.0
0.17860986292362213	0.0
0.07652606815099716	0.0
0.37575578689575195	0.0
0.01172594167292118	0.0
0.004716950003057718	0.0
0.0009776268852874637	0.0
0.005800430662930012	0.0
0.19870062172412872	0.0
0.019087258726358414	0.0
0.18009956181049347	0.0
0.25689446926116943	0.0
0.1271740347146988	0.0
0.021775037050247192	1.0
0.3771377205848694	0.0
0.18091949820518494	0.0
0.016441959887742996	0.0
0.050998229533433914	0.0
0.018241437152028084	0.0
0.3320518434047699	1.0
0.3239757716655731	0.0
0.014532594941556454	0.0
0.027051229029893875	0.0
0.01768714375793934	0.0
0.005226019769906998	0.0
0.3141258656978607	0.0
0.05852876231074333	0.0
0.12345858663320541	0.0
0.024341193959116936	0.0
0.0009966481011360884	0.0
0.05240249261260033	0.0
0.36989790201187134	0.0
0.23868034780025482	0.0
0.0008481675758957863	0.0
0.3582594394683838	0.0
0.06710949540138245	0.0
0.3771377205848694	1.0
0.08301040530204773	0.0
0.0469549298286438	0.0
0.0012557667214423418	0.0
0.25861555337905884	0.0
2.7056037652073428e-05	0.0
0.026300357654690742	0.0
9.041074372362345e-05	0.0
0.24324309825897217	0.0
0.01231787633150816	0.0
0.37569350004196167	0.0
0.025297826156020164	0.0
0.376952588558197	0.0
0.007085594814270735	0.0
0.366620808839798	0.0
0.345302015542984	0.0
0.013345185667276382	0.0
0.3242644965648651	1.0
0.00021008109615650028	0.0
0.002900806488469243	0.0
0.031446654349565506	0.0
0.3771377205848694	1.0
0.03151953965425491	0.0
0.20301495492458344	0.0
0.0697372704744339	0.0
0.1261976659297943	0.0
0.19196413457393646	1.0
0.185294970870018	0.0
0.0018695127218961716	0.0
0.3771377205848694	0.0
0.06555943936109543	0.0
0.3409454822540283	0.0
0.3673500120639801	0.0
0.013646299950778484	0.0
0.25313135981559753	0.0
0.36806681752204895	1.0
0.0704481303691864	0.0
0.04406212642788887	0.0
0.37026453018188477	0.0
0.37568479776382446	0.0
0.021357880905270576	0.0
0.048416174948215485	0.0
0.3008207082748413	0.0
0.1761968433856964	0.0
0.00046575083979405463	0.0
0.03819206729531288	0.0
0.3771377205848694	0.0
0.0076315319165587425	0.0
0.015072479844093323	0.0
0.2475850135087967	1.0
0.004339686129242182	0.0
0.12502820789813995	0.0
0.3770701289176941	0.0
0.004438177216798067	0.0
0.008280986919999123	0.0
0.21020540595054626	1.0
0.2596099078655243	0.0
0.019217239692807198	0.0
0.062212616205215454	0.0
0.33278170228004456	0.0
0.0017681412864476442	0.0
0.34210461378097534	0.0
0.16992725431919098	0.0
0.0019095860188826919	0.0
0.03485017642378807	0.0
0.030801739543676376	0.0
0.15982796251773834	0.0
0.0804479569196701	1.0
0.3771377205848694	0.0
0.00034838198916986585	0.0
0.04985060170292854	0.0
0.15466827154159546	0.0
0.0031997920013964176	0.0
0.13818326592445374	0.0
0.3675401210784912	0.0
0.2348131239414215	0.0
0.038861483335494995	0.0
0.08163852244615555	0.0
0.01034181471914053	0.0
0.27089807391166687	0.0
0.18352913856506348	0.0
0.08353370428085327	1.0
0.15492841601371765	1.0
0.04936975985765457	0.0
0.015661993995308876	0.0
0.10789120942354202	0.0
0.36208754777908325	0.0
0.3768354654312134	0.0
0.11810259521007538	0.0
0.006263942923396826	0.0
0.2915804386138916	0.0
0.14621666073799133	0.0
0.37182873487472534	1.0
0.16179627180099487	0.0
0.3749527931213379	0.0
0.3771377205848694	0.0
0.02344517782330513	0.0
0.0009337340597994626	0.0
0.35806360840797424	1.0
0.3627740740776062	0.0
0.35967007279396057	0.0
0.3629635274410248	0.0
0.01959935575723648	0.0
0.24081075191497803	0.0
0.043669309467077255	0.0
0.008561494760215282	0.0
0.03795730322599411	0.0
0.3706386983394623	0.0
0.13039982318878174	1.0
0.24044834077358246	0.0
0.14707542955875397	0.0
0.2708836495876312	0.0
0.22129769623279572	0.0
0.27308979630470276	0.0
7.958120113471523e-05	0.0
0.3755653500556946	1.0
0.37664294242858887	1.0
0.09626693278551102	0.0
0.3751835823059082	0.0
0.34492063522338867	0.0
0.002511219820007682	0.0
0.02386365830898285	0.0
0.3771377205848694	0.0
0.0022548199631273746	0.0
0.18975935876369476	0.0
0.017672279849648476	0.0
0.10883118212223053	0.0
0.20661409199237823	0.0
0.37490060925483704	0.0
0.3741493225097656	0.0
0.0029046020936220884	0.0
0.33161234855651855	0.0
0.3771377205848694	0.0
0.3771377205848694	1.0
0.3664240837097168	1.0
0.062227845191955566	1.0
0.2210993468761444	1.0
0.03683976083993912	0.0
0.013166974298655987	0.0
0.06875757873058319	0.0
0.06465242058038712	0.0
0.02238873578608036	0.0
0.28665852546691895	0.0
0.3771377205848694	1.0
0.3289435803890228	1.0
0.014923346228897572	0.0
0.24308554828166962	0.0
0.08071696013212204	0.0
0.3770238757133484	0.0
0.065022774040699	0.0
0.04058271646499634	0.0
4.947371417074464e-05	0.0
0.30479374527931213	0.0
0.05025500804185867	0.0
0.07628530263900757	0.0
0.028282323852181435	0.0
0.0006980464095249772	0.0
0.3631640374660492	0.0
0.06427670270204544	0.0
0.017154859378933907	0.0
0.0030183123890310526	0.0
0.3771377205848694	0.0
0.3141196370124817	0.0
0.04967282712459564	0.0
0.046864304691553116	0.0
0.2619244158267975	1.0
0.0015652865404263139	0.0
0.002729780040681362	0.0
0.04015911743044853	0.0
5.225540735409595e-05	0.0
0.3771105408668518	1.0
0.20250992476940155	0.0
0.37353211641311646	1.0
0.009652710519731045	0.0
0.060303885489702225	0.0
0.0006512217223644257	0.0
0.031548380851745605	0.0
0.00022333883680403233	0.0
0.038431841880083084	0.0
0.014644073322415352	0.0
0.044860102236270905	0.0
0.3705969750881195	0.0
0.3673551082611084	1.0
0.3766370415687561	1.0
0.3770695626735687	1.0
0.17273519933223724	0.0
0.14178545773029327	0.0
0.04526495933532715	0.0
6.020431101205759e-06	0.0
0.20789214968681335	0.0
0.0005439430824480951	0.0
0.0008153585949912667	0.0
0.2627163529396057	0.0
0.09388252347707748	0.0
0.13258793950080872	1.0
0.000290345138637349	0.0
0.37688058614730835	0.0
0.03117147460579872	0.0
0.007268954534083605	0.0
0.28676873445510864	0.0
0.37578997015953064	0.0
0.2621728181838989	1.0
0.37707632780075073	1.0
0.27348726987838745	0.0
0.37587282061576843	1.0
0.3771377205848694	0.0
0.0040834578685462475	0.0
0.28194695711135864	0.0
0.048387739807367325	0.0
0.003043718636035919	0.0
0.09186158329248428	0.0
0.3744843304157257	0.0
1.38400118885329e-05	0.0
0.014903087168931961	0.0
0.3453828692436218	1.0
0.3736591637134552	0.0
0.043061479926109314	0.0
0.193196102976799	0.0
0.3734842836856842	1.0
0.0002318528131581843	0.0
0.0048430790193378925	0.0
0.0044150385074317455	0.0
0.06618247181177139	1.0
0.027659419924020767	1.0
0.004128143656998873	0.0
0.35703372955322266	0.0
0.005186348222196102	0.0
0.12507477402687073	0.0
0.11087416112422943	0.0
0.374108225107193	1.0
0.05894605815410614	0.0
0.29190847277641296	1.0
0.09119565784931183	0.0
0.012638775631785393	0.0
0.0031377607956528664	0.0
0.3713037967681885	1.0
0.03907700255513191	0.0
0.01506398618221283	0.0
0.007475623395293951	0.0
0.04166977107524872	0.0
0.014401241205632687	0.0
0.2117905169725418	1.0
0.2947467863559723	0.0
0.0070056128315627575	0.0
0.041945744305849075	0.0
0.008334682323038578	0.0
0.02691294066607952	0.0
0.013355417177081108	0.0
0.3771377205848694	0.0
0.16436715424060822	0.0
0.14234508574008942	0.0
0.23995918035507202	0.0
0.005581208970397711	0.0
0.3669760823249817	1.0
0.23800396919250488	0.0
0.020237769931554794	0.0
0.00015582017658744007	0.0
0.2870936989784241	0.0
0.007775369565933943	0.0
0.04909874126315117	0.0
0.3771377205848694	1.0
0.07675591856241226	0.0
0.30452415347099304	1.0
0.14276307821273804	0.0
0.1963094025850296	0.0
0.16731195151805878	0.0
0.013575437478721142	0.0
0.3771377205848694	0.0
0.05160956457257271	0.0
0.008237967267632484	0.0
0.3771377205848694	0.0
0.12259194999933243	0.0
0.005487426649779081	0.0
0.373805433511734	1.0
0.000597238598857075	0.0
0.3318195044994354	0.0
0.16231441497802734	0.0
0.004642684943974018	0.0
0.02166135422885418	0.0
0.046921323984861374	0.0
0.0061360737308859825	0.0
0.15165764093399048	0.0
0.3771377205848694	1.0
0.12230388075113297	0.0
0.00021280758664943278	0.0
0.042448025196790695	0.0
0.12891823053359985	0.0
0.009726542048156261	0.0
0.37699198722839355	0.0
0.1703321933746338	1.0
0.042772725224494934	0.0
0.0012122783809900284	0.0
0.03474205732345581	0.0
0.004933123476803303	0.0
0.010226882994174957	0.0
0.24539241194725037	1.0
0.37140315771102905	1.0
0.17738857865333557	0.0
0.05355417728424072	0.0
0.3770699203014374	0.0
0.07786545157432556	1.0
0.11351940035820007	0.0
0.37320148944854736	0.0
0.051099102944135666	0.0
0.09148592501878738	0.0
0.010124976746737957	0.0
0.0018137512961402535	0.0
0.12888002395629883	0.0
0.37702545523643494	0.0
0.17925332486629486	1.0
0.030282411724328995	0.0
0.18042981624603271	0.0
0.36423420906066895	0.0
0.36385565996170044	0.0
4.254019586369395e-05	0.0
0.21318738162517548	1.0
0.04000410810112953	0.0
0.3121945261955261	1.0
0.019813688471913338	0.0
0.009267978370189667	0.0
0.05842849612236023	0.0
0.2750629484653473	0.0
0.24883848428726196	0.0
0.3343629240989685	0.0
0.3771377205848694	1.0
0.14997772872447968	0.0
0.0019500276539474726	0.0
0.05880885571241379	0.0
0.2604347765445709	0.0
0.0004428041575010866	0.0
0.03789306432008743	0.0
0.004864925984293222	0.0
0.0013570316368713975	0.0
0.2408846616744995	1.0
0.032284341752529144	0.0
0.37223052978515625	0.0
0.08457426726818085	0.0
0.07100003212690353	0.0
0.37712496519088745	0.0
0.3267168402671814	1.0
0.1586545705795288	0.0
0.3253680169582367	0.0
0.28893572092056274	0.0
0.1321641355752945	0.0
0.0017289804527536035	0.0
0.14981034398078918	0.0
0.011849931441247463	0.0
0.16075997054576874	0.0
0.034389860928058624	0.0
0.006526186130940914	0.0
0.0018579057650640607	0.0
0.0004213904612697661	0.0
0.05737041309475899	0.0
0.00502242473885417	0.0
0.0037926356308162212	0.0
0.08018588274717331	0.0
0.0008574139792472124	0.0
0.22992178797721863	0.0
0.1483406126499176	1.0
0.24974550306797028	0.0
0.00019718859402928501	0.0
0.3770774304866791	1.0
0.1279548853635788	0.0
0.2604297399520874	1.0
0.025407351553440094	0.0
0.3616556227207184	0.0
0.11220594495534897	1.0
8.227459329646081e-05	0.0
0.30895599722862244	0.0
0.0008137968834489584	0.0
0.25849851965904236	0.0
0.02795163355767727	0.0
0.0001391346158925444	0.0
0.06889031827449799	0.0
0.12275797128677368	0.0
0.3036636710166931	0.0
0.35117462277412415	1.0
0.002820560010150075	0.0
0.09855685383081436	0.0
0.2749600112438202	0.0
0.36475232243537903	0.0
0.3037686049938202	1.0
0.36262720823287964	0.0
0.007928743027150631	0.0
0.0018491545924916863	0.0
0.36240413784980774	1.0
0.0014262883923947811	0.0
0.27597105503082275	1.0
0.014090470038354397	0.0
0.02294117771089077	0.0
0.3771377205848694	0.0
0.02779165469110012	0.0
0.020545480772852898	0.0
0.03818211704492569	0.0
0.018954351544380188	0.0
0.044429682195186615	0.0
0.12240409106016159	0.0
0.036974478513002396	0.0
0.3743835389614105	1.0
0.27628588676452637	0.0
0.019660895690321922	0.0
0.24857638776302338	0.0
0.09286285191774368	0.0
0.07887028902769089	0.0
0.04313503950834274	0.0
0.041449081152677536	0.0
0.041387565433979034	0.0
0.015171762555837631	0.0
0.26385730504989624	0.0
0.0924975574016571	0.0
0.19556771218776703	0.0
0.3108777403831482	1.0
0.074771448969841	0.0
0.3671475350856781	1.0
0.10901234298944473	0.0
0.006780718918889761	0.0
0.3679799437522888	1.0
0.0008476981893181801	0.0
0.3662421405315399	1.0
0.003610993502661586	0.0
0.09436411410570145	0.0
0.014910838566720486	0.0
0.1404777318239212	0.0
0.1523970514535904	0.0
0.25250619649887085	0.0
0.0012122518382966518	0.0
0.2614574730396271	0.0
0.37485042214393616	1.0
0.20558422803878784	0.0
0.37130260467529297	0.0
0.34164193272590637	0.0
0.06229012459516525	0.0
0.3764755427837372	0.0
0.10284526646137238	0.0
0.07977653294801712	0.0
0.011893024668097496	0.0
0.0006901105516590178	0.0
0.005051722750067711	0.0
0.028852609917521477	0.0
0.3759898841381073	0.0
0.3640594482421875	0.0
0.010987787507474422	0.0
0.27215200662612915	0.0
0.046356216073036194	0.0
0.02080782689154148	0.0
0.00023043177498038858	0.0
0.37711676955223083	0.0
0.03223960101604462	1.0
0.19812731444835663	0.0
0.005274106282740831	0.0
0.05044610798358917	0.0
0.2852739095687866	0.0
0.1799831986427307	0.0
0.37631601095199585	1.0
0.372211754322052	0.0
0.0786828100681305	0.0
0.1801150143146515	0.0
0.3771241307258606	0.0
0.028987407684326172	0.0
0.001024996512569487	0.0
0.0050859833136200905	0.0
0.36891961097717285	0.0
0.3745081126689911	0.0
0.13738740980625153	0.0
0.030249418690800667	0.0
0.29871147871017456	0.0
0.3771377205848694	0.0
0.37610185146331787	0.0
0.015280775725841522	0.0
0.37680867314338684	0.0
0.08067303150892258	0.0
0.0024901386350393295	0.0
0.003426521783694625	0.0
0.011034027673304081	0.0
0.29379376769065857	0.0
0.001574887428432703	0.0
0.06627223640680313	0.0
0.37675824761390686	0.0
0.22682207822799683	0.0
0.32251426577568054	0.0
0.016297759488224983	0.0
0.011998535133898258	0.0
0.017908133566379547	0.0
0.31571197509765625	0.0
0.3771377205848694	1.0
0.0028468582313507795	0.0
0.014392620883882046	0.0
0.0058244639076292515	0.0
0.16538140177726746	0.0
0.3768354654312134	0.0
0.15062056481838226	0.0
0.004996245261281729	0.0
0.29491564631462097	0.0
0.008954396471381187	0.0
0.004775881767272949	0.0
0.01811872608959675	0.0
0.11026692390441895	0.0
0.37438538670539856	0.0
0.3768354654312134	1.0
0.016129270195961	0.0
0.3755280077457428	1.0
0.0932270735502243	0.0
0.010410253889858723	0.0
0.364645391702652	1.0
0.02182164415717125	0.0
0.044611964374780655	0.0
0.10902644693851471	0.0
0.010300427675247192	0.0
0.17992521822452545	1.0
0.11386537551879883	0.0
0.06375777721405029	0.0
0.16627778112888336	0.0
0.10211380571126938	0.0
0.017210599035024643	0.0
0.007065832614898682	0.0
0.06089546158909798	0.0
0.0540735125541687	0.0
0.22429205477237701	0.0
0.051623981446027756	0.0
0.010593694634735584	0.0
0.3771219849586487	1.0
0.18147170543670654	1.0
0.0003000365395564586	0.0
0.04168018326163292	0.0
0.01429695077240467	0.0
0.0009158685570582747	0.0
0.10694524645805359	0.0
0.0775657594203949	0.0
0.3341005742549896	1.0
0.3513111174106598	1.0
0.0035398686304688454	0.0
0.06833382695913315	0.0
0.365855872631073	0.0
0.05111471191048622	0.0
0.18699166178703308	1.0
0.04850452393293381	0.0
0.324527382850647	0.0
0.3768354654312134	1.0
0.02352914772927761	0.0
0.05310257151722908	0.0
0.0004899974446743727	0.0
0.2573374807834625	0.0
0.0014910756144672632	0.0
0.003853104542940855	0.0
0.0748550146818161	0.0
0.07317226380109787	0.0
0.3771377205848694	0.0
0.11069324612617493	0.0
2.9919499866082333e-05	0.0
0.011262276209890842	0.0
0.3771377205848694	0.0
0.11952978372573853	0.0
0.0014075521612539887	0.0
0.018603043630719185	0.0
0.3601515591144562	0.0
0.3604300320148468	0.0
0.003198354970663786	0.0
0.09981216490268707	0.0
0.0004273199010640383	0.0
0.018536647781729698	0.0
0.14284959435462952	0.0
0.0037709895987063646	0.0
0.3771377205848694	0.0
0.014745216816663742	0.0
0.002733960747718811	0.0
0.031695134937763214	0.0
0.3770560920238495	0.0
0.1125069111585617	1.0
0.12325337529182434	1.0
0.24145852029323578	1.0
0.3771377205848694	1.0
0.3771377205848694	1.0
0.033230945467948914	0.0
0.3739151358604431	0.0
0.07582811266183853	0.0
0.07352970540523529	0.0
0.3724278211593628	0.0
0.14546900987625122	0.0
0.16268377006053925	0.0
0.02926243655383587	0.0
0.3743407428264618	0.0
0.36367395520210266	0.0
0.15702828764915466	0.0
0.000896690646186471	0.0
0.17450478672981262	0.0
0.2818649709224701	1.0
0.03008786030113697	0.0
0.06878163665533066	0.0
0.0015639964258298278	0.0
0.012465585954487324	0.0
0.37190067768096924	0.0
0.3238692283630371	0.0
0.3714659810066223	1.0
0.16931362450122833	1.0
0.21029603481292725	0.0
0.09376326203346252	0.0
0.025463763624429703	0.0
0.014258544892072678	0.0
0.3738408088684082	0.0
0.0060158949345350266	0.0
0.00918408203870058	0.0
0.10267189145088196	0.0
0.16043101251125336	1.0
0.06745953112840652	0.0
0.010941692627966404	0.0
0.11481479555368423	0.0
0.019142404198646545	0.0
0.003644866170361638	0.0
0.26743283867836	1.0
0.00044064217945560813	0.0
0.3763670027256012	1.0
0.3771377205848694	0.0
0.00038889492861926556	0.0
0.004324031062424183	0.0
0.3346346616744995	0.0
0.370449036359787	1.0
0.06893474608659744	0.0
0.005145080387592316	0.0
0.18610027432441711	0.0
0.37622225284576416	0.0
0.009399722330272198	0.0
0.3762994110584259	0.0
0.3771377205848694	1.0
0.010440385900437832	1.0
0.3635638654232025	1.0
0.17425537109375	1.0
0.3762957751750946	0.0
0.003511246293783188	0.0
0.21911318600177765	0.0
0.1002722978591919	1.0
0.15704965591430664	0.0
0.06173696368932724	0.0
0.12150504440069199	0.0
0.3768354654312134	1.0
0.027461208403110504	0.0
0.1949954479932785	0.0
0.09050305187702179	0.0
0.36833614110946655	0.0
0.2056395709514618	0.0
0.03911073878407478	1.0
0.3768354654312134	1.0
0.3732873797416687	0.0
0.023483559489250183	0.0
0.0031503878999501467	0.0
0.13609905540943146	0.0
0.022419095039367676	0.0
0.15566571056842804	1.0
2.1153603029233636e-06	0.0
0.0036104461178183556	0.0
0.033567216247320175	0.0
0.15021611750125885	0.0
0.038313452154397964	0.0
0.03234085440635681	0.0
0.05885355919599533	1.0
0.0031781871803104877	0.0
0.0019482204224914312	0.0
0.03848559036850929	0.0
0.14564675092697144	0.0
0.0034141915384680033	0.0
0.005897268652915955	0.0
0.004050521645694971	0.0
0.004210472572594881	0.0
0.01853916607797146	0.0
0.0023050287272781134	0.0
0.3232489228248596	1.0
0.3771377205848694	0.0
0.006158613599836826	0.0
0.004349192604422569	0.0
0.0050467331893742085	0.0
0.007167747709900141	0.0
0.17436620593070984	0.0
0.0014782160287722945	0.0
0.3747043013572693	0.0
0.376962274312973	1.0
0.10685863345861435	1.0
0.0007956181070767343	0.0
0.36607784032821655	0.0
0.04312753677368164	0.0
0.15511803328990936	0.0
0.03220413625240326	0.0
0.08732620626688004	0.0
0.010274923406541348	0.0
0.042240507900714874	0.0
0.3698873817920685	1.0
0.14640797674655914	0.0
0.23743319511413574	1.0
0.006340931635349989	0.0
0.24062055349349976	0.0
0.37691453099250793	1.0
0.009412411600351334	0.0
0.005361312068998814	0.0
0.11578550189733505	0.0
0.00511186383664608	0.0
0.2758456766605377	0.0
0.3728138208389282	0.0
0.026943577453494072	0.0
0.09495207667350769	0.0
0.000649208901450038	0.0
0.11111855506896973	0.0
0.1114388182759285	1.0
0.03216059133410454	0.0
0.19601354002952576	0.0
0.18820764124393463	0.0
0.3768480718135834	0.0
0.27750203013420105	1.0
0.3771377205848694	0.0
0.0033581098541617393	0.0
0.14651937782764435	0.0
0.07128813862800598	0.0
0.1305171400308609	0.0
0.19008581340312958	0.0
0.025084884837269783	0.0
0.16787661612033844	1.0
0.1835251748561859	0.0
0.01302723865956068	0.0
0.09641725569963455	0.0
0.15345314145088196	0.0
0.06805364787578583	0.0
0.33970576524734497	0.0
0.08300220221281052	0.0
0.3770817816257477	1.0
0.06346901506185532	0.0
0.002118727657943964	0.0
0.013451401144266129	0.0
0.012775595299899578	0.0
0.08192016929388046	0.0
0.021301228553056717	0.0
0.3771377205848694	1.0
0.30560359358787537	0.0
0.053211648017168045	0.0
0.37202775478363037	1.0
0.23626016080379486	0.0
0.20926699042320251	1.0
0.28755974769592285	0.0
0.3771377205848694	1.0
0.136956125497818	1.0
0.09975043684244156	0.0
0.003536232514306903	0.0
0.37693455815315247	0.0
0.25493547320365906	0.0
0.3639373481273651	0.0
0.23628577589988708	0.0
0.00018728170834947377	0.0
0.21296292543411255	0.0
0.030648861080408096	0.0
0.12271234393119812	0.0
0.04122292250394821	0.0
0.0011898181401193142	0.0
0.15606918931007385	1.0
0.02549608051776886	0.0
0.03096483275294304	0.0
0.3771377205848694	1.0
0.3771377205848694	1.0
0.007290671579539776	0.0
0.33168232440948486	0.0
1.4186505723046139e-05	0.0
0.3630359470844269	1.0
0.37712574005126953	1.0
0.1594332605600357	0.0
0.005905915517359972	0.0
0.3771377205848694	0.0
0.12751831114292145	0.0
0.36961376667022705	0.0
0.0006748780724592507	0.0
0.014184909872710705	0.0
0.3413023352622986	1.0
0.003644476644694805	0.0
0.022634610533714294	0.0
0.11305411159992218	0.0
0.013172612525522709	0.0
1.3536623555410188e-06	0.0
0.3600931763648987	1.0
0.03514334186911583	0.0
0.11473055183887482	0.0
0.041426364332437515	0.0
0.15843629837036133	0.0
0.22813038527965546	1.0
0.06316041201353073	0.0
0.001294335932470858	0.0
0.0435078926384449	0.0
0.1513129025697708	0.0
0.010059099644422531	0.0
0.04069644212722778	0.0
0.3771377205848694	1.0
0.0004824165953323245	0.0
0.24681255221366882	1.0
0.3770693838596344	1.0
0.0004973651957698166	0.0
0.11706554889678955	0.0
0.02410382404923439	0.0
0.0033180885948240757	0.0
0.06902885437011719	0.0
0.02511606179177761	0.0
2.4446910174447112e-05	0.0
0.36138665676116943	1.0
0.0023467957507818937	0.0
0.054315611720085144	0.0
0.028983641415834427	0.0
0.07283114641904831	0.0
0.30486658215522766	0.0
0.15471038222312927	0.0
0.1872127652168274	0.0
0.0038221662398427725	0.0
0.03287137299776077	0.0
0.0072965542785823345	0.0
0.055608995258808136	0.0
0.3769769072532654	0.0
0.10947354882955551	0.0
0.025746555998921394	0.0
0.3689649701118469	1.0
0.19791948795318604	0.0
0.1092941015958786	0.0
0.3416530191898346	0.0
0.027953069657087326	0.0
0.02438114956021309	0.0
0.2663552463054657	0.0
0.2082003355026245	0.0
0.0810156986117363	0.0
0.3768094778060913	0.0
0.3770850896835327	0.0
0.007735728286206722	0.0
0.3764103055000305	1.0
