Sn	Sp	Acc	MCC	<<Cutoff
0	1	0.835132	-nan	1000
0.153923	0.976125	0.84057	0.232003	0.377138
0.154423	0.976125	0.840653	0.232693	0.377137
0.154923	0.976125	0.840735	0.233382	0.377137
0.155422	0.976125	0.840817	0.23407	0.377137
0.155422	0.976026	0.840735	0.233693	0.377137
0.155922	0.976026	0.840817	0.234381	0.377137
0.156422	0.975927	0.840817	0.234691	0.377136
0.156922	0.975927	0.8409	0.235376	0.377136
0.156922	0.975829	0.840817	0.235001	0.377135
0.156922	0.97573	0.840735	0.234627	0.377135
0.157421	0.97573	0.840817	0.235311	0.377134
0.158421	0.97573	0.840982	0.236676	0.377134
0.158921	0.97573	0.841065	0.237357	0.377133
0.15942	0.97573	0.841147	0.238038	0.377132
0.15942	0.975631	0.841065	0.237664	0.377132
0.15942	0.975533	0.840982	0.237291	0.377132
0.15942	0.975434	0.8409	0.236919	0.377132
0.15942	0.975335	0.840817	0.236548	0.377132
0.15942	0.975237	0.840735	0.236177	0.377131
0.15992	0.975237	0.840817	0.236856	0.377131
0.16042	0.975237	0.8409	0.237535	0.37713
0.16092	0.975237	0.840982	0.238212	0.37713
0.161419	0.975237	0.841065	0.238888	0.37713
0.161419	0.975138	0.840982	0.238518	0.377129
0.161419	0.975039	0.8409	0.238149	0.377129
0.161419	0.974941	0.840817	0.237781	0.377128
0.161919	0.974941	0.8409	0.238456	0.377128
0.162919	0.974941	0.841065	0.239804	0.377128
0.163418	0.974941	0.841147	0.240477	0.377128
0.163418	0.974842	0.841065	0.240109	0.377127
0.163418	0.974743	0.840982	0.239742	0.377127
0.163918	0.974743	0.841065	0.240414	0.377126
0.164418	0.974743	0.841147	0.241084	0.377126
0.164418	0.974645	0.841065	0.240718	0.377125
0.164418	0.974546	0.840982	0.240353	0.377125
0.164418	0.974448	0.8409	0.239988	0.377125
0.164418	0.974349	0.840817	0.239624	0.377125
0.164418	0.97425	0.840735	0.239261	0.377125
0.164418	0.974152	0.840653	0.238899	0.377124
0.164418	0.974053	0.84057	0.238538	0.377124
0.164918	0.974053	0.840653	0.239207	0.377123
0.164918	0.973954	0.84057	0.238846	0.377123
0.164918	0.973856	0.840488	0.238486	0.377123
0.165417	0.973856	0.84057	0.239154	0.377122
0.165417	0.973757	0.840488	0.238795	0.377122
0.165417	0.973658	0.840405	0.238437	0.377122
0.165417	0.97356	0.840323	0.238079	0.377121
0.165417	0.973461	0.840241	0.237722	0.377121
0.165917	0.973461	0.840323	0.238389	0.377121
0.165917	0.973362	0.840241	0.238033	0.377119
0.165917	0.973264	0.840158	0.237677	0.377119
0.165917	0.973165	0.840076	0.237322	0.377119
0.165917	0.973066	0.839993	0.236968	0.377117
0.165917	0.972968	0.839911	0.236615	0.377117
0.166417	0.972968	0.839993	0.237281	0.377116
0.166417	0.972869	0.839911	0.236928	0.377114
0.166917	0.972869	0.839993	0.237593	0.377113
0.167416	0.972869	0.840076	0.238257	0.377112
0.167416	0.97277	0.839993	0.237905	0.377111
0.167916	0.97277	0.840076	0.238568	0.377111
0.167916	0.972672	0.839993	0.238217	0.377111
0.167916	0.972573	0.839911	0.237866	0.377111
0.167916	0.972474	0.839829	0.237516	0.377111
0.168416	0.972474	0.839911	0.238178	0.377111
0.168916	0.972474	0.839993	0.23884	0.37711
0.168916	0.972376	0.839911	0.23849	0.377109
0.169415	0.972376	0.839993	0.239151	0.377108
0.169415	0.972277	0.839911	0.238802	0.377108
0.169915	0.972277	0.839993	0.239461	0.377108
0.169915	0.972178	0.839911	0.239113	0.377107
0.170415	0.972178	0.839993	0.239772	0.377107
0.170915	0.972178	0.840076	0.24043	0.377107
0.171414	0.972178	0.840158	0.241087	0.377105
0.171414	0.97208	0.840076	0.240739	0.377105
0.171914	0.97208	0.840158	0.241395	0.377104
0.171914	0.971981	0.840076	0.241048	0.377103
0.171914	0.971882	0.839993	0.240702	0.377103
0.171914	0.971784	0.839911	0.240356	0.377101
0.172414	0.971784	0.839993	0.241012	0.3771
0.172414	0.971685	0.839911	0.240666	0.3771
0.172914	0.971685	0.839993	0.241321	0.3771
0.173413	0.971685	0.840076	0.241974	0.377099
0.173913	0.971685	0.840158	0.242627	0.377099
0.173913	0.971586	0.840076	0.242282	0.377097
0.173913	0.971488	0.839993	0.241939	0.377097
0.174413	0.971488	0.840076	0.24259	0.377096
0.174413	0.971389	0.839993	0.242247	0.377096
0.174413	0.97129	0.839911	0.241904	0.377094
0.174413	0.971192	0.839829	0.241562	0.377093
0.174413	0.971093	0.839746	0.241221	0.377093
0.174913	0.971093	0.839829	0.241872	0.377092
0.175412	0.971093	0.839911	0.242522	0.37709
0.175912	0.971093	0.839993	0.243171	0.37709
0.175912	0.970994	0.839911	0.24283	0.377089
0.175912	0.970896	0.839829	0.24249	0.377089
0.176412	0.970896	0.839911	0.243138	0.377089
0.176412	0.970797	0.839829	0.242799	0.377088
0.176412	0.970699	0.839746	0.24246	0.377088
0.176412	0.9706	0.839664	0.242122	0.377087
0.176912	0.9706	0.839746	0.242769	0.377086
0.176912	0.970501	0.839664	0.242431	0.377085
0.177411	0.970501	0.839746	0.243078	0.377085
0.177411	0.970403	0.839664	0.242741	0.377085
0.177411	0.970304	0.839581	0.242404	0.377085
0.177911	0.970304	0.839664	0.24305	0.377084
0.177911	0.970205	0.839581	0.242714	0.377084
0.178411	0.970205	0.839664	0.243359	0.377083
0.178411	0.970107	0.839581	0.243023	0.377083
0.178911	0.970107	0.839664	0.243667	0.377082
0.178911	0.970008	0.839581	0.243332	0.377081
0.178911	0.969909	0.839499	0.242998	0.37708
0.178911	0.969811	0.839417	0.242665	0.377078
0.17941	0.969712	0.839417	0.242975	0.377077
0.17991	0.969712	0.839499	0.243617	0.377076
0.17991	0.969613	0.839417	0.243285	0.377076
0.18041	0.969613	0.839499	0.243926	0.377075
0.18041	0.969515	0.839417	0.243594	0.377075
0.18041	0.969416	0.839334	0.243263	0.377075
0.18041	0.969317	0.839252	0.242932	0.377074
0.18041	0.969219	0.839169	0.242603	0.377074
0.18091	0.969219	0.839252	0.243243	0.377073
0.18091	0.96912	0.839169	0.242913	0.377073
0.181409	0.96912	0.839252	0.243553	0.377072
0.181909	0.96912	0.839334	0.244192	0.377072
0.181909	0.969021	0.839252	0.243863	0.377071
0.181909	0.968923	0.839169	0.243534	0.37707
0.181909	0.968824	0.839087	0.243207	0.37707
0.182409	0.968824	0.839169	0.243844	0.37707
0.182909	0.968824	0.839252	0.244481	0.377069
0.182909	0.968725	0.839169	0.244154	0.377069
0.183408	0.968725	0.839252	0.24479	0.377068
0.183408	0.968627	0.839169	0.244464	0.377068
0.183408	0.968528	0.839087	0.244138	0.377067
0.183908	0.968528	0.839169	0.244773	0.377064
0.184408	0.968528	0.839252	0.245408	0.377063
0.184908	0.968528	0.839334	0.246042	0.377063
0.184908	0.968429	0.839252	0.245716	0.377063
0.184908	0.968331	0.839169	0.245391	0.377061
0.185407	0.968331	0.839252	0.246024	0.377061
0.185907	0.968331	0.839334	0.246656	0.377059
0.185907	0.968232	0.839252	0.246332	0.377058
0.185907	0.968133	0.839169	0.246007	0.377057
0.185907	0.968035	0.839087	0.245684	0.377057
0.185907	0.967936	0.839005	0.245361	0.377056
0.186407	0.967936	0.839087	0.245992	0.377049
0.186907	0.967936	0.839169	0.246623	0.377047
0.186907	0.967837	0.839087	0.246301	0.377046
0.186907	0.967739	0.839005	0.245979	0.377043
0.187406	0.967739	0.839087	0.246609	0.377043
0.187906	0.967739	0.839169	0.247238	0.377042
0.188406	0.967739	0.839252	0.247866	0.377041
0.188906	0.967739	0.839334	0.248494	0.377041
0.188906	0.96764	0.839252	0.248172	0.377041
0.188906	0.967541	0.839169	0.247851	0.37704
0.189405	0.967541	0.839252	0.248478	0.37704
0.189405	0.967443	0.839169	0.248158	0.377039
0.189405	0.967344	0.839087	0.247838	0.377039
0.189405	0.967245	0.839005	0.247518	0.377038
0.189405	0.967048	0.83884	0.246881	0.377037
0.189905	0.967048	0.838922	0.247507	0.377036
0.189905	0.966949	0.83884	0.247189	0.377032
0.189905	0.966851	0.838758	0.246872	0.377032
0.189905	0.966752	0.838675	0.246555	0.377029
0.190405	0.966752	0.838758	0.247181	0.377026
0.190905	0.966752	0.83884	0.247805	0.377026
0.191404	0.966752	0.838922	0.248429	0.377025
0.191404	0.966654	0.83884	0.248112	0.377025
0.191404	0.966555	0.838758	0.247796	0.377024
0.191904	0.966555	0.83884	0.248419	0.377024
0.191904	0.966456	0.838758	0.248104	0.377024
0.192404	0.966456	0.83884	0.248726	0.377023
0.192904	0.966456	0.838922	0.249348	0.377023
0.193403	0.966456	0.839005	0.249968	0.377019
0.193403	0.966358	0.838922	0.249654	0.377017
0.193903	0.966358	0.839005	0.250274	0.377017
0.193903	0.966259	0.838922	0.249959	0.377017
0.193903	0.96616	0.83884	0.249645	0.377015
0.194403	0.96616	0.838922	0.250264	0.377014
0.194403	0.966062	0.83884	0.249951	0.377014
0.194403	0.965963	0.838758	0.249638	0.377013
0.194403	0.965864	0.838675	0.249326	0.377012
0.194403	0.965766	0.838593	0.249014	0.377008
0.194403	0.965667	0.83851	0.248702	0.377006
0.194903	0.965667	0.838593	0.249321	0.377005
0.194903	0.965568	0.83851	0.24901	0.377004
0.194903	0.96547	0.838428	0.248699	0.377004
0.194903	0.965371	0.838346	0.24839	0.377
0.195402	0.965272	0.838346	0.248698	0.376996
0.195402	0.965174	0.838263	0.248389	0.376995
0.195902	0.965174	0.838346	0.249005	0.376994
0.195902	0.965075	0.838263	0.248697	0.376993
0.195902	0.964976	0.838181	0.248389	0.376992
0.195902	0.964878	0.838098	0.248082	0.376992
0.196402	0.964878	0.838181	0.248697	0.37699
0.196902	0.964878	0.838263	0.249313	0.376989
0.197401	0.964878	0.838346	0.249927	0.376988
0.197901	0.964878	0.838428	0.250541	0.376983
0.197901	0.964779	0.838346	0.250234	0.376982
0.197901	0.96468	0.838263	0.249927	0.376981
0.197901	0.964582	0.838181	0.249621	0.37698
0.198401	0.964582	0.838263	0.250234	0.376978
0.198401	0.964483	0.838181	0.249928	0.376977
0.198401	0.964384	0.838098	0.249623	0.376977
0.198901	0.964384	0.838181	0.250236	0.376976
0.1994	0.964384	0.838263	0.250847	0.376975
0.1999	0.964384	0.838346	0.251458	0.376975
0.2004	0.964384	0.838428	0.252069	0.376974
0.2004	0.964286	0.838346	0.251764	0.376971
0.2004	0.964187	0.838263	0.251459	0.376969
0.2004	0.964088	0.838181	0.251155	0.376965
0.2004	0.96399	0.838098	0.250852	0.376962
0.2009	0.96399	0.838181	0.251461	0.376962
0.201399	0.96399	0.838263	0.25207	0.376962
0.201399	0.963891	0.838181	0.251767	0.376961
0.201899	0.963891	0.838263	0.252376	0.376961
0.201899	0.963792	0.838181	0.252073	0.37696
0.201899	0.963694	0.838098	0.251771	0.37696
0.202399	0.963694	0.838181	0.252378	0.376958
0.202399	0.963595	0.838098	0.252076	0.376958
0.202899	0.963595	0.838181	0.252683	0.376958
0.202899	0.963496	0.838098	0.252382	0.376957
0.203398	0.963496	0.838181	0.252988	0.376953
0.203398	0.963398	0.838098	0.252687	0.376953
0.203398	0.963299	0.838016	0.252386	0.376953
0.203898	0.963299	0.838098	0.252992	0.376952
0.204398	0.963299	0.838181	0.253597	0.376949
0.204898	0.963299	0.838263	0.254201	0.376949
0.205397	0.963299	0.838346	0.254805	0.376943
0.205397	0.9632	0.838263	0.254504	0.376941
0.205397	0.963102	0.838181	0.254205	0.37694
0.205897	0.963102	0.838263	0.254808	0.376938
0.205897	0.963003	0.838181	0.254508	0.376937
0.205897	0.962904	0.838098	0.254209	0.376936
0.206397	0.962904	0.838181	0.254811	0.376935
0.206397	0.962806	0.838098	0.254513	0.376935
0.206897	0.962806	0.838181	0.255115	0.376931
0.207396	0.962806	0.838263	0.255715	0.376926
0.207896	0.962806	0.838346	0.256316	0.376926
0.207896	0.962707	0.838263	0.256018	0.376926
0.207896	0.962609	0.838181	0.25572	0.376919
0.207896	0.96251	0.838098	0.255423	0.376919
0.208396	0.96251	0.838181	0.256022	0.376918
0.208396	0.962411	0.838098	0.255725	0.376916
0.208896	0.962411	0.838181	0.256324	0.376916
0.209395	0.962411	0.838263	0.256923	0.376915
0.209395	0.962313	0.838181	0.256626	0.376914
0.209895	0.962313	0.838263	0.257224	0.376914
0.209895	0.962214	0.838181	0.256928	0.376912
0.210395	0.962214	0.838263	0.257525	0.376911
0.210895	0.962214	0.838346	0.258121	0.376911
0.211394	0.962214	0.838428	0.258717	0.376908
0.211894	0.962214	0.83851	0.259313	0.376902
0.212394	0.962214	0.838593	0.259907	0.376901
0.212894	0.962214	0.838675	0.260502	0.376898
0.212894	0.962017	0.83851	0.25991	0.376896
0.213393	0.962017	0.838593	0.260504	0.376896
0.213893	0.962017	0.838675	0.261097	0.376894
0.213893	0.961918	0.838593	0.260801	0.376893
0.214393	0.961918	0.838675	0.261394	0.376892
0.214893	0.961918	0.838758	0.261986	0.37689
0.215392	0.961918	0.83884	0.262577	0.376889
0.215392	0.961819	0.838758	0.262282	0.376886
0.215892	0.961819	0.83884	0.262872	0.376886
0.215892	0.961721	0.838758	0.262578	0.376884
0.216392	0.961721	0.83884	0.263168	0.376884
0.216392	0.961622	0.838758	0.262874	0.376881
0.216892	0.961622	0.83884	0.263463	0.37688
0.217391	0.961622	0.838922	0.264052	0.376879
0.217891	0.961622	0.839005	0.26464	0.376873
0.218391	0.961622	0.839087	0.265228	0.376872
0.218391	0.961523	0.839005	0.264934	0.376872
0.218391	0.961425	0.838922	0.264641	0.376869
0.218391	0.961326	0.83884	0.264348	0.376867
0.218891	0.961326	0.838922	0.264935	0.376865
0.21939	0.961326	0.839005	0.265521	0.376865
0.21939	0.961227	0.838922	0.265228	0.376859
0.21939	0.961129	0.83884	0.264936	0.376858
0.21939	0.96103	0.838758	0.264644	0.376855
0.21939	0.960931	0.838675	0.264353	0.376851
0.21939	0.960833	0.838593	0.264062	0.376848
0.21939	0.960734	0.83851	0.263771	0.376844
0.21989	0.960734	0.838593	0.264357	0.376843
0.22039	0.960734	0.838675	0.264942	0.37684
0.22089	0.960734	0.838758	0.265526	0.376839
0.221389	0.960734	0.83884	0.266111	0.376837
0.221889	0.960734	0.838922	0.266694	0.376837
0.221889	0.960635	0.83884	0.266404	0.376836
0.222389	0.960635	0.838922	0.266987	0.376836
0.241379	0.957774	0.839664	0.280462	0.376835
0.241879	0.957774	0.839746	0.281024	0.376835
0.241879	0.957676	0.839664	0.280743	0.376835
0.241879	0.957577	0.839581	0.280464	0.376835
0.242379	0.957577	0.839664	0.281025	0.376834
0.242379	0.957478	0.839581	0.280746	0.376834
0.242379	0.95738	0.839499	0.280466	0.376832
0.242879	0.95738	0.839581	0.281027	0.376831
0.243378	0.95738	0.839664	0.281588	0.376829
0.243878	0.95738	0.839746	0.282148	0.376828
0.243878	0.957281	0.839664	0.281869	0.376827
0.244378	0.957281	0.839746	0.282429	0.376826
0.244878	0.957281	0.839829	0.282988	0.376825
0.245377	0.957281	0.839911	0.283547	0.376824
0.245877	0.957281	0.839993	0.284105	0.376823
0.245877	0.957182	0.839911	0.283826	0.376821
0.246377	0.957182	0.839993	0.284384	0.37682
0.246377	0.957084	0.839911	0.284105	0.376818
0.246377	0.956985	0.839829	0.283827	0.376817
0.246377	0.956886	0.839746	0.28355	0.376811
0.246877	0.956886	0.839829	0.284107	0.37681
0.246877	0.956788	0.839746	0.28383	0.376809
0.246877	0.956689	0.839664	0.283553	0.376809
0.246877	0.95659	0.839581	0.283276	0.376805
0.246877	0.956492	0.839499	0.283	0.3768
0.247376	0.956492	0.839581	0.283557	0.3768
0.247376	0.956393	0.839499	0.283281	0.376792
0.247876	0.956393	0.839581	0.283837	0.37679
0.248376	0.956393	0.839664	0.284392	0.376784
0.248376	0.956294	0.839581	0.284117	0.37678
0.248376	0.956196	0.839499	0.283841	0.376779
0.248376	0.956097	0.839417	0.283567	0.376779
0.248376	0.955998	0.839334	0.283292	0.376778
0.248876	0.955998	0.839417	0.283847	0.376768
0.249375	0.955998	0.839499	0.284402	0.376764
0.249875	0.955998	0.839581	0.284956	0.376759
0.249875	0.9559	0.839499	0.284681	0.376758
0.250375	0.9559	0.839581	0.285235	0.376754
0.250375	0.955801	0.839499	0.284961	0.376752
0.250375	0.955702	0.839417	0.284687	0.376749
0.250375	0.955604	0.839334	0.284414	0.376747
0.250875	0.955604	0.839417	0.284967	0.376743
0.251374	0.955604	0.839499	0.28552	0.376741
0.251374	0.955505	0.839417	0.285247	0.376736
0.251374	0.955406	0.839334	0.284974	0.376729
0.251874	0.955406	0.839417	0.285526	0.376728
0.252374	0.955406	0.839499	0.286078	0.376727
0.252374	0.955308	0.839417	0.285806	0.376725
0.252874	0.955308	0.839499	0.286357	0.376725
0.252874	0.955209	0.839417	0.286085	0.376724
0.252874	0.95511	0.839334	0.285813	0.37672
0.252874	0.955012	0.839252	0.285542	0.376719
0.253373	0.955012	0.839334	0.286092	0.376718
0.253373	0.954913	0.839252	0.285821	0.376715
0.253373	0.954815	0.839169	0.285551	0.37671
0.253373	0.954716	0.839087	0.28528	0.376709
0.253873	0.954716	0.839169	0.28583	0.376708
0.254373	0.954716	0.839252	0.28638	0.376708
0.254373	0.954617	0.839169	0.28611	0.376706
0.254873	0.954617	0.839252	0.286659	0.376699
0.255372	0.954617	0.839334	0.287208	0.376693
0.255372	0.954519	0.839252	0.286938	0.376688
0.255872	0.954519	0.839334	0.287486	0.376687
0.256372	0.954519	0.839417	0.288034	0.376681
0.256372	0.95442	0.839334	0.287764	0.37668
0.256372	0.954321	0.839252	0.287495	0.376679
0.256372	0.954223	0.839169	0.287226	0.376674
0.256372	0.954124	0.839087	0.286958	0.376674
0.256872	0.954124	0.839169	0.287505	0.376673
0.257371	0.954124	0.839252	0.288052	0.37667
0.257371	0.954025	0.839169	0.287784	0.376669
0.257371	0.953927	0.839087	0.287516	0.376669
0.257871	0.953927	0.839169	0.288062	0.376659
0.257871	0.953828	0.839087	0.287794	0.376654
0.258371	0.953828	0.839169	0.28834	0.37665
0.258871	0.953828	0.839252	0.288886	0.376646
0.25937	0.953828	0.839334	0.289431	0.376643
0.25937	0.953729	0.839252	0.289163	0.376641
0.25937	0.953631	0.839169	0.288896	0.37664
0.25937	0.953532	0.839087	0.288629	0.376638
0.25987	0.953532	0.839169	0.289174	0.376637
0.26037	0.953532	0.839252	0.289718	0.376635
0.26087	0.953532	0.839334	0.290262	0.37663
0.261369	0.953532	0.839417	0.290805	0.376614
0.261869	0.953532	0.839499	0.291348	0.376608
0.262369	0.953532	0.839581	0.29189	0.376606
0.262369	0.953433	0.839499	0.291623	0.376604
0.262369	0.953335	0.839417	0.291357	0.376601
0.262869	0.953335	0.839499	0.291899	0.376601
0.262869	0.953236	0.839417	0.291633	0.376597
0.263368	0.953236	0.839499	0.292174	0.376596
0.263368	0.953137	0.839417	0.291909	0.376588
0.263868	0.953137	0.839499	0.29245	0.376581
0.263868	0.953039	0.839417	0.292184	0.376576
0.263868	0.95294	0.839334	0.291919	0.376574
0.263868	0.952841	0.839252	0.291654	0.376572
0.264368	0.952841	0.839334	0.292195	0.376565
0.264868	0.952841	0.839417	0.292735	0.376562
0.264868	0.952743	0.839334	0.292471	0.376559
0.264868	0.952644	0.839252	0.292206	0.376556
0.265367	0.952644	0.839334	0.292746	0.376548
0.265367	0.952545	0.839252	0.292482	0.376547
0.265367	0.952447	0.839169	0.292218	0.376544
0.265867	0.952447	0.839252	0.292758	0.376542
0.266367	0.952447	0.839334	0.293296	0.376539
0.266367	0.952348	0.839252	0.293033	0.376538
0.266367	0.952249	0.839169	0.29277	0.376534
0.266867	0.952249	0.839252	0.293308	0.376525
0.266867	0.952151	0.839169	0.293045	0.376521
0.267366	0.952151	0.839252	0.293583	0.37652
0.267866	0.952151	0.839334	0.294121	0.37652
0.268366	0.952151	0.839417	0.294658	0.376518
0.268866	0.952151	0.839499	0.295194	0.376516
0.268866	0.952052	0.839417	0.294932	0.376516
0.269365	0.952052	0.839499	0.295468	0.376511
0.269865	0.952052	0.839581	0.296004	0.37651
0.270365	0.952052	0.839664	0.296539	0.376506
0.270865	0.952052	0.839746	0.297074	0.376501
0.270865	0.951953	0.839664	0.296812	0.376492
0.271364	0.951953	0.839746	0.297347	0.376482
0.271864	0.951953	0.839829	0.297881	0.376482
0.271864	0.951855	0.839746	0.297619	0.376476
0.271864	0.951756	0.839664	0.297357	0.376467
0.271864	0.951657	0.839581	0.297095	0.376466
0.272364	0.951657	0.839664	0.297629	0.376462
0.272864	0.951657	0.839746	0.298162	0.376459
0.272864	0.951559	0.839664	0.297901	0.376452
0.272864	0.95146	0.839581	0.29764	0.376452
0.272864	0.951361	0.839499	0.297379	0.376441
0.272864	0.951263	0.839417	0.297119	0.376439
0.272864	0.951164	0.839334	0.296859	0.376437
0.272864	0.951066	0.839252	0.296599	0.376434
0.272864	0.950967	0.839169	0.29634	0.376432
0.272864	0.950868	0.839087	0.29608	0.376428
0.273363	0.950868	0.839169	0.296613	0.376413
0.273863	0.950868	0.839252	0.297145	0.37641
0.273863	0.95077	0.839169	0.296887	0.37641
0.273863	0.950671	0.839087	0.296628	0.376404
0.273863	0.950572	0.839005	0.29637	0.376401
0.274363	0.950572	0.839087	0.296901	0.376398
0.274863	0.950572	0.839169	0.297433	0.376398
0.274863	0.950474	0.839087	0.297175	0.376396
0.274863	0.950375	0.839005	0.296917	0.376393
0.275362	0.950375	0.839087	0.297448	0.376391
0.275362	0.950276	0.839005	0.29719	0.37639
0.275862	0.950276	0.839087	0.297721	0.376387
0.275862	0.950178	0.839005	0.297464	0.376383
0.275862	0.950079	0.838922	0.297207	0.376376
0.276362	0.950079	0.839005	0.297737	0.376369
0.276862	0.950079	0.839087	0.298267	0.376367
0.276862	0.94998	0.839005	0.29801	0.376363
0.276862	0.949882	0.838922	0.297754	0.376356
0.276862	0.949783	0.83884	0.297497	0.376352
0.277361	0.949783	0.838922	0.298027	0.37635
0.277361	0.949684	0.83884	0.297771	0.376348
0.277361	0.949586	0.838758	0.297515	0.376341
0.277861	0.949586	0.83884	0.298044	0.37634
0.278361	0.949586	0.838922	0.298573	0.376338
0.278361	0.949487	0.83884	0.298317	0.376334
0.278861	0.949487	0.838922	0.298845	0.376332
0.278861	0.949388	0.83884	0.29859	0.376326
0.27936	0.949388	0.838922	0.299118	0.376322
0.27986	0.949388	0.839005	0.299645	0.376318
0.28036	0.949388	0.839087	0.300172	0.376316
0.28086	0.949388	0.839169	0.300699	0.376307
0.281359	0.949388	0.839252	0.301225	0.376303
0.281359	0.94929	0.839169	0.30097	0.376299
0.281859	0.94929	0.839252	0.301496	0.376298
0.281859	0.949191	0.839169	0.301241	0.376297
0.281859	0.949092	0.839087	0.300986	0.376296
0.282359	0.949092	0.839169	0.301512	0.376295
0.282359	0.948994	0.839087	0.301258	0.376273
0.282359	0.948895	0.839005	0.301004	0.37627
0.282359	0.948796	0.838922	0.30075	0.376269
0.282859	0.948796	0.839005	0.301275	0.376268
0.282859	0.948698	0.838922	0.301022	0.376266
0.283358	0.948698	0.839005	0.301546	0.376265
0.283358	0.948599	0.838922	0.301293	0.376264
0.283858	0.948599	0.839005	0.301817	0.376263
0.284358	0.948599	0.839087	0.302341	0.376254
0.284358	0.9485	0.839005	0.302088	0.376222
0.284858	0.9485	0.839087	0.302611	0.376221
0.284858	0.948402	0.839005	0.302359	0.37622
0.285357	0.948402	0.839087	0.302882	0.37622
0.285857	0.948402	0.839169	0.303404	0.376217
0.285857	0.948303	0.839087	0.303152	0.376215
0.285857	0.948204	0.839005	0.3029	0.376208
0.285857	0.948106	0.838922	0.302648	0.376201
0.286357	0.948106	0.839005	0.30317	0.3762
0.286357	0.948007	0.838922	0.302918	0.376196
0.286357	0.947908	0.83884	0.302667	0.376193
0.286357	0.94781	0.838758	0.302416	0.376192
0.286357	0.947711	0.838675	0.302165	0.376192
0.286857	0.947711	0.838758	0.302687	0.376191
0.287356	0.947711	0.83884	0.303208	0.37619
0.287856	0.947711	0.838922	0.303729	0.376186
0.288356	0.947711	0.839005	0.30425	0.376181
0.288856	0.947711	0.839087	0.30477	0.376177
0.289355	0.947711	0.839169	0.30529	0.376176
0.289855	0.947711	0.839252	0.30581	0.376171
0.289855	0.947612	0.839169	0.305559	0.376163
0.289855	0.947514	0.839087	0.305309	0.376159
0.290355	0.947514	0.839169	0.305828	0.376144
0.290355	0.947415	0.839087	0.305577	0.376136
0.290355	0.947316	0.839005	0.305328	0.376136
0.290855	0.947316	0.839087	0.305846	0.376134
0.291354	0.947316	0.839169	0.306365	0.376115
0.291854	0.947316	0.839252	0.306883	0.376106
0.291854	0.947218	0.839169	0.306633	0.376105
0.291854	0.947119	0.839087	0.306384	0.376104
0.291854	0.947021	0.839005	0.306134	0.376102
0.292354	0.947021	0.839087	0.306652	0.376099
0.292854	0.947021	0.839169	0.307169	0.376094
0.293353	0.947021	0.839252	0.307686	0.376087
0.293353	0.946922	0.839169	0.307437	0.376077
0.293853	0.946922	0.839252	0.307954	0.376068
0.294353	0.946922	0.839334	0.30847	0.376063
0.294853	0.946922	0.839417	0.308986	0.376061
0.294853	0.946823	0.839334	0.308737	0.376059
0.294853	0.946725	0.839252	0.308488	0.376044
0.294853	0.946626	0.839169	0.30824	0.376042
0.295352	0.946626	0.839252	0.308756	0.376036
0.295352	0.946527	0.839169	0.308508	0.376036
0.295352	0.946429	0.839087	0.30826	0.376022
0.295352	0.94633	0.839005	0.308012	0.376022
0.295852	0.94633	0.839087	0.308527	0.376021
0.296352	0.94633	0.839169	0.309042	0.376014
0.296852	0.94633	0.839252	0.309556	0.376013
0.297351	0.94633	0.839334	0.31007	0.375997
0.297351	0.946231	0.839252	0.309823	0.375996
0.297851	0.946231	0.839334	0.310337	0.375991
0.297851	0.946133	0.839252	0.310089	0.37599
0.298351	0.946133	0.839334	0.310603	0.375988
0.298351	0.946034	0.839252	0.310356	0.375978
0.298851	0.946034	0.839334	0.310869	0.375975
0.298851	0.945935	0.839252	0.310622	0.375974
0.298851	0.945837	0.839169	0.310376	0.375967
0.298851	0.945738	0.839087	0.310129	0.375959
0.29935	0.945738	0.839169	0.310642	0.375957
0.29985	0.945738	0.839252	0.311154	0.375952
0.29985	0.945639	0.839169	0.310908	0.375935
0.29985	0.945541	0.839087	0.310662	0.375931
0.29985	0.945442	0.839005	0.310417	0.375924
0.29985	0.945343	0.838922	0.310172	0.375917
0.29985	0.945245	0.83884	0.309927	0.375904
0.29985	0.945146	0.838758	0.309682	0.375889
0.29985	0.945047	0.838675	0.309438	0.375885
0.29985	0.944949	0.838593	0.309194	0.375879
0.30035	0.944949	0.838675	0.309705	0.375876
0.30085	0.944949	0.838758	0.310216	0.375873
0.301349	0.944949	0.83884	0.310727	0.37587
0.301349	0.94485	0.838758	0.310483	0.375864
0.301849	0.94485	0.83884	0.310994	0.375861
0.301849	0.944751	0.838758	0.31075	0.375861
0.302349	0.944751	0.83884	0.311261	0.37586
0.302349	0.944653	0.838758	0.311017	0.375858
0.302849	0.944653	0.83884	0.311527	0.375856
0.302849	0.944554	0.838758	0.311284	0.37584
0.303348	0.944554	0.83884	0.311793	0.375836
0.303348	0.944455	0.838758	0.31155	0.375835
0.303848	0.944455	0.83884	0.312059	0.375833
0.304348	0.944455	0.838922	0.312568	0.375831
0.304848	0.944455	0.839005	0.313077	0.375825
0.304848	0.944357	0.838922	0.312834	0.375823
0.305347	0.944357	0.839005	0.313342	0.375813
0.305347	0.944258	0.838922	0.313099	0.375805
0.305347	0.944159	0.83884	0.312857	0.375803
0.305347	0.944061	0.838758	0.312615	0.375798
0.305347	0.943962	0.838675	0.312373	0.37579
0.305847	0.943962	0.838758	0.31288	0.375775
0.305847	0.943863	0.838675	0.312639	0.375761
0.305847	0.943765	0.838593	0.312397	0.37576
0.305847	0.943666	0.83851	0.312156	0.375756
0.305847	0.943567	0.838428	0.311915	0.375754
0.306347	0.943567	0.83851	0.312422	0.375741
0.306347	0.943469	0.838428	0.312182	0.375716
0.306847	0.943469	0.83851	0.312689	0.37571
0.306847	0.94337	0.838428	0.312448	0.375709
0.306847	0.943272	0.838346	0.312208	0.375699
0.306847	0.943173	0.838263	0.311968	0.375695
0.307346	0.943173	0.838346	0.312474	0.375695
0.307346	0.943074	0.838263	0.312234	0.375694
0.307846	0.943074	0.838346	0.312741	0.375693
0.307846	0.942976	0.838263	0.312501	0.375687
0.307846	0.942877	0.838181	0.312262	0.375685
0.307846	0.942778	0.838098	0.312022	0.375679
0.308346	0.942778	0.838181	0.312528	0.375662
0.308846	0.942778	0.838263	0.313034	0.375662
0.309345	0.942778	0.838346	0.313539	0.375658
0.309345	0.94268	0.838263	0.3133	0.375638
0.309845	0.94268	0.838346	0.313805	0.375636
0.310345	0.94268	0.838428	0.31431	0.375629
0.310345	0.942581	0.838346	0.314071	0.375621
0.310345	0.942482	0.838263	0.313832	0.37561
0.310845	0.942482	0.838346	0.314336	0.375592
0.310845	0.942384	0.838263	0.314098	0.375587
0.310845	0.942285	0.838181	0.31386	0.375587
0.311344	0.942285	0.838263	0.314364	0.375565
0.311344	0.942186	0.838181	0.314126	0.375558
0.311344	0.942088	0.838098	0.313888	0.375545
0.311844	0.942088	0.838181	0.314392	0.375543
0.311844	0.941989	0.838098	0.314154	0.375536
0.312344	0.941989	0.838181	0.314657	0.375533
0.312344	0.94189	0.838098	0.31442	0.375528
0.312844	0.94189	0.838181	0.314923	0.375528
0.312844	0.941792	0.838098	0.314686	0.375528
0.312844	0.941693	0.838016	0.314449	0.375524
0.312844	0.941594	0.837934	0.314213	0.375512
0.312844	0.941496	0.837851	0.313976	0.375503
0.312844	0.941397	0.837769	0.31374	0.375502
0.312844	0.941298	0.837686	0.313504	0.375497
0.312844	0.9412	0.837604	0.313269	0.375494
0.313343	0.9412	0.837686	0.313771	0.375485
0.313843	0.9412	0.837769	0.314273	0.37548
0.313843	0.941101	0.837686	0.314038	0.37548
0.313843	0.941002	0.837604	0.313802	0.37547
0.313843	0.940904	0.837522	0.313567	0.375462
0.313843	0.940805	0.837439	0.313333	0.375435
0.314343	0.940805	0.837522	0.313834	0.375435
0.314843	0.940805	0.837604	0.314335	0.375433
0.315342	0.940805	0.837686	0.314836	0.375413
0.315342	0.940706	0.837604	0.314602	0.375412
0.315342	0.940608	0.837522	0.314367	0.375411
0.315342	0.940509	0.837439	0.314133	0.375398
0.315342	0.94041	0.837357	0.313899	0.375391
0.315342	0.940312	0.837274	0.313666	0.375384
0.315842	0.940312	0.837357	0.314166	0.37538
0.315842	0.940213	0.837274	0.313933	0.37538
0.315842	0.940114	0.837192	0.3137	0.375377
0.315842	0.940016	0.83711	0.313467	0.375372
0.316342	0.940016	0.837192	0.313967	0.375369
0.316842	0.940016	0.837274	0.314467	0.375369
0.316842	0.939917	0.837192	0.314234	0.375354
0.317341	0.939917	0.837274	0.314733	0.375354
0.317341	0.939818	0.837192	0.314501	0.375352
0.317841	0.939818	0.837274	0.315	0.375339
0.318341	0.939818	0.837357	0.315499	0.375327
0.318341	0.93972	0.837274	0.315266	0.375301
0.318341	0.939621	0.837192	0.315034	0.375279
0.318341	0.939522	0.83711	0.314802	0.375264
0.318341	0.939424	0.837027	0.31457	0.375257
0.318341	0.939325	0.836945	0.314339	0.375234
0.318341	0.939227	0.836862	0.314107	0.375232
0.318341	0.939128	0.83678	0.313876	0.375223
0.318841	0.939128	0.836862	0.314374	0.37522
0.318841	0.939029	0.83678	0.314143	0.375214
0.31934	0.939029	0.836862	0.314642	0.37521
0.31934	0.938931	0.83678	0.314411	0.375208
0.31934	0.938832	0.836698	0.31418	0.375206
0.31984	0.938832	0.83678	0.314678	0.375206
0.31984	0.938733	0.836698	0.314448	0.375184
0.32034	0.938733	0.83678	0.314945	0.37518
0.32084	0.938733	0.836862	0.315442	0.375179
0.32084	0.938635	0.83678	0.315212	0.375167
0.321339	0.938635	0.836862	0.315709	0.375166
0.321839	0.938635	0.836945	0.316205	0.375155
0.322339	0.938635	0.837027	0.316701	0.375128
0.322339	0.938536	0.836945	0.316471	0.37512
0.322339	0.938437	0.836862	0.316242	0.375113
0.322339	0.938339	0.83678	0.316012	0.375111
0.322339	0.93824	0.836698	0.315783	0.375108
0.322339	0.938141	0.836615	0.315553	0.375083
0.322339	0.938043	0.836533	0.315325	0.375079
0.322839	0.938043	0.836615	0.31582	0.375076
0.323338	0.938043	0.836698	0.316316	0.37507
0.323338	0.937944	0.836615	0.316087	0.375065
0.323838	0.937944	0.836698	0.316582	0.375064
0.323838	0.937845	0.836615	0.316354	0.375056
0.323838	0.937747	0.836533	0.316125	0.37504
0.324338	0.937747	0.836615	0.31662	0.375039
0.324338	0.937648	0.836533	0.316392	0.375038
0.324338	0.937549	0.836451	0.316164	0.375036
0.324338	0.937451	0.836368	0.315936	0.375035
0.324338	0.937352	0.836286	0.315709	0.375034
0.324838	0.937352	0.836368	0.316203	0.375034
0.325337	0.937352	0.836451	0.316697	0.375032
0.325337	0.937253	0.836368	0.31647	0.375017
0.325337	0.937155	0.836286	0.316242	0.375014
0.325837	0.937155	0.836368	0.316736	0.375002
0.326337	0.937155	0.836451	0.31723	0.374995
0.326837	0.937155	0.836533	0.317723	0.374987
0.327336	0.937155	0.836615	0.318216	0.374983
0.327336	0.937056	0.836533	0.317989	0.374979
0.327336	0.936957	0.836451	0.317762	0.374979
0.327336	0.936859	0.836368	0.317535	0.374976
0.327836	0.936859	0.836451	0.318028	0.374972
0.327836	0.93676	0.836368	0.317801	0.374971
0.327836	0.936661	0.836286	0.317575	0.374965
0.328336	0.936661	0.836368	0.318067	0.374961
0.328336	0.936563	0.836286	0.317841	0.374959
0.328336	0.936464	0.836203	0.317615	0.374953
0.328336	0.936365	0.836121	0.31739	0.37495
0.328336	0.936267	0.836039	0.317164	0.374945
0.328336	0.936168	0.835956	0.316939	0.374929
0.328336	0.936069	0.835874	0.316714	0.374915
0.328336	0.935971	0.835791	0.316489	0.374906
0.328336	0.935872	0.835709	0.316265	0.374901
0.328336	0.935773	0.835627	0.31604	0.374886
0.328336	0.935675	0.835544	0.315816	0.374885
0.328836	0.935675	0.835627	0.316308	0.374885
0.329335	0.935675	0.835709	0.316799	0.37487
0.329835	0.935675	0.835791	0.31729	0.37485
0.329835	0.935576	0.835709	0.317066	0.374825
0.330335	0.935576	0.835791	0.317557	0.374824
0.330835	0.935576	0.835874	0.318047	0.374821
0.330835	0.935478	0.835791	0.317824	0.374817
0.330835	0.935379	0.835709	0.3176	0.37481
0.331334	0.935379	0.835791	0.31809	0.374808
0.331334	0.93528	0.835709	0.317867	0.374805
0.331334	0.935182	0.835627	0.317643	0.374783
0.331334	0.935083	0.835544	0.31742	0.374782
0.331834	0.935083	0.835627	0.31791	0.374772
0.331834	0.934984	0.835544	0.317687	0.374768
0.331834	0.934886	0.835462	0.317464	0.374762
0.332334	0.934886	0.835544	0.317954	0.374762
0.332834	0.934886	0.835627	0.318443	0.374759
0.333333	0.934886	0.835709	0.318932	0.374757
0.333833	0.934886	0.835791	0.319421	0.374748
0.333833	0.934787	0.835709	0.319198	0.374747
0.333833	0.934688	0.835627	0.318975	0.374733
0.333833	0.93459	0.835544	0.318753	0.374718
0.334333	0.93459	0.835627	0.319242	0.374717
0.334333	0.934491	0.835544	0.319019	0.374715
0.334333	0.934392	0.835462	0.318798	0.374704
0.334833	0.934392	0.835544	0.319286	0.374694
0.334833	0.934294	0.835462	0.319064	0.374674
0.335332	0.934294	0.835544	0.319552	0.374657
0.335332	0.934195	0.835462	0.31933	0.374655
0.335332	0.934096	0.835379	0.319109	0.374651
0.335832	0.934096	0.835462	0.319596	0.374639
0.336332	0.934096	0.835544	0.320083	0.374639
0.336332	0.933998	0.835462	0.319862	0.374636
0.336332	0.933899	0.835379	0.319641	0.374625
0.336832	0.933899	0.835462	0.320128	0.374618
0.337331	0.933899	0.835544	0.320614	0.374617
0.337331	0.9338	0.835462	0.320393	0.374603
0.337331	0.933702	0.835379	0.320173	0.3746
0.337331	0.933603	0.835297	0.319952	0.3746
0.337331	0.933504	0.835215	0.319732	0.374597
0.337331	0.933406	0.835132	0.319512	0.374587
0.337331	0.933307	0.83505	0.319292	0.374584
0.337331	0.933208	0.834967	0.319073	0.374584
0.337831	0.933208	0.83505	0.319559	0.374571
0.338331	0.933208	0.835132	0.320044	0.374559
0.338831	0.933208	0.835215	0.32053	0.374545
0.338831	0.93311	0.835132	0.32031	0.374538
0.338831	0.933011	0.83505	0.320091	0.374508
0.33933	0.933011	0.835132	0.320576	0.374497
0.33933	0.932912	0.83505	0.320357	0.374484
0.33933	0.932814	0.834967	0.320138	0.374482
0.33983	0.932814	0.83505	0.320623	0.374475
0.33983	0.932715	0.834967	0.320404	0.374467
0.34033	0.932715	0.83505	0.320889	0.374444
0.34083	0.932715	0.835132	0.321373	0.374437
0.34083	0.932616	0.83505	0.321154	0.374437
0.34083	0.932518	0.834967	0.320936	0.374405
0.34083	0.932419	0.834885	0.320718	0.374405
0.34083	0.93232	0.834803	0.320499	0.374402
0.34083	0.932222	0.83472	0.320282	0.374401
0.34083	0.932123	0.834638	0.320064	0.374389
0.34083	0.932024	0.834555	0.319846	0.374385
0.341329	0.932024	0.834638	0.32033	0.374384
0.341329	0.931926	0.834555	0.320113	0.374366
0.341329	0.931827	0.834473	0.319896	0.374362
0.341329	0.931728	0.834391	0.319679	0.374341
0.341329	0.93163	0.834308	0.319462	0.374319
0.341829	0.93163	0.834391	0.319945	0.374316
0.342329	0.93163	0.834473	0.320429	0.374303
0.342829	0.93163	0.834555	0.320912	0.374287
0.342829	0.931531	0.834473	0.320695	0.374287
0.343328	0.931531	0.834555	0.321178	0.374283
0.343328	0.931433	0.834473	0.320961	0.374267
0.343828	0.931433	0.834555	0.321444	0.374261
0.343828	0.931334	0.834473	0.321227	0.37425
0.344328	0.931334	0.834555	0.321709	0.374247
0.344328	0.931235	0.834473	0.321493	0.374236
0.344328	0.931137	0.834391	0.321277	0.37423
0.344328	0.931038	0.834308	0.321061	0.37421
0.344328	0.930939	0.834226	0.320846	0.374197
0.344828	0.930939	0.834308	0.321327	0.374189
0.344828	0.930841	0.834226	0.321112	0.374164
0.344828	0.930742	0.834144	0.320897	0.374159
0.344828	0.930643	0.834061	0.320682	0.374151
0.344828	0.930545	0.833979	0.320467	0.374149
0.345327	0.930545	0.834061	0.320948	0.374147
0.345327	0.930446	0.833979	0.320733	0.374137
0.345327	0.930347	0.833896	0.320519	0.374134
0.345327	0.930249	0.833814	0.320304	0.374133
0.345327	0.93015	0.833732	0.32009	0.374128
0.345827	0.93015	0.833814	0.320571	0.374108
0.346327	0.93015	0.833896	0.321052	0.374087
0.346327	0.930051	0.833814	0.320838	0.374061
0.346327	0.929953	0.833732	0.320624	0.374059
0.346327	0.929854	0.833649	0.32041	0.374043
0.346827	0.929854	0.833732	0.320891	0.374041
0.347326	0.929854	0.833814	0.321371	0.374041
0.347326	0.929755	0.833732	0.321157	0.37404
0.347326	0.929657	0.833649	0.320944	0.374033
0.347326	0.929558	0.833567	0.320731	0.374032
0.347326	0.929459	0.833484	0.320518	0.374018
0.347826	0.929459	0.833567	0.320997	0.374008
0.348326	0.929459	0.833649	0.321477	0.373997
0.348326	0.929361	0.833567	0.321264	0.37398
0.348826	0.929361	0.833649	0.321743	0.373953
0.348826	0.929262	0.833567	0.321531	0.373946
0.348826	0.929163	0.833484	0.321318	0.373936
0.349325	0.929163	0.833567	0.321797	0.373931
0.349825	0.929163	0.833649	0.322276	0.373926
0.349825	0.929065	0.833567	0.322063	0.373921
0.349825	0.928966	0.833484	0.321851	0.373915
0.349825	0.928867	0.833402	0.321639	0.373889
0.350325	0.928867	0.833484	0.322117	0.373883
0.350825	0.928867	0.833567	0.322596	0.373867
0.350825	0.928769	0.833484	0.322384	0.373866
0.350825	0.92867	0.833402	0.322172	0.373854
0.350825	0.928571	0.83332	0.32196	0.373841
0.350825	0.928473	0.833237	0.321749	0.373835
0.350825	0.928374	0.833155	0.321538	0.373819
0.351324	0.928374	0.833237	0.322015	0.373805
0.351824	0.928374	0.83332	0.322493	0.373784
0.351824	0.928275	0.833237	0.322282	0.373782
0.352324	0.928275	0.83332	0.322759	0.37378
0.352824	0.928275	0.833402	0.323236	0.373776
0.353323	0.928275	0.833484	0.323713	0.373771
0.353823	0.928275	0.833567	0.32419	0.373749
0.353823	0.928177	0.833484	0.323979	0.373748
0.353823	0.928078	0.833402	0.323768	0.373738
0.353823	0.927979	0.83332	0.323557	0.37371
0.354323	0.927979	0.833402	0.324033	0.373705
0.354823	0.927979	0.833484	0.324509	0.373699
0.355322	0.927979	0.833567	0.324985	0.373699
0.355322	0.927881	0.833484	0.324774	0.373692
0.355322	0.927782	0.833402	0.324564	0.373691
0.355822	0.927782	0.833484	0.32504	0.373667
0.355822	0.927684	0.833402	0.324829	0.373659
0.355822	0.927585	0.83332	0.324619	0.373639
0.356322	0.927585	0.833402	0.325094	0.373613
0.356322	0.927486	0.83332	0.324884	0.373585
0.356822	0.927486	0.833402	0.325359	0.373569
0.357321	0.927486	0.833484	0.325834	0.373545
0.357821	0.927486	0.833567	0.326309	0.373539
0.357821	0.927388	0.833484	0.326099	0.373537
0.358321	0.927388	0.833567	0.326573	0.373532
0.358321	0.927289	0.833484	0.326363	0.373484
0.358821	0.927289	0.833567	0.326837	0.373484
0.358821	0.92719	0.833484	0.326627	0.373466
0.358821	0.927092	0.833402	0.326418	0.373463
0.35932	0.927092	0.833484	0.326892	0.373429
0.35932	0.926993	0.833402	0.326682	0.373417
0.35982	0.926993	0.833484	0.327156	0.373412
0.35982	0.926894	0.833402	0.326947	0.373411
0.36032	0.926894	0.833484	0.32742	0.373411
0.36032	0.926796	0.833402	0.327211	0.373391
0.36032	0.926697	0.83332	0.327002	0.373388
0.36032	0.926598	0.833237	0.326793	0.37338
0.36032	0.9265	0.833155	0.326585	0.373378
0.36082	0.9265	0.833237	0.327058	0.373377
0.36082	0.926401	0.833155	0.326849	0.37336
0.36082	0.926302	0.833072	0.326641	0.373342
0.361319	0.926302	0.833155	0.327114	0.373334
0.361819	0.926302	0.833237	0.327586	0.373325
0.361819	0.926204	0.833155	0.327378	0.373314
0.361819	0.926105	0.833072	0.32717	0.37331
0.362319	0.926105	0.833155	0.327642	0.373293
0.362819	0.926105	0.833237	0.328114	0.373291
0.362819	0.926006	0.833155	0.327906	0.373289
0.362819	0.925908	0.833072	0.327698	0.373287
0.362819	0.925809	0.83299	0.327491	0.373286
0.362819	0.92571	0.832908	0.327284	0.373279
0.362819	0.925612	0.832825	0.327077	0.373278
0.363318	0.925612	0.832908	0.327548	0.373269
0.363818	0.925612	0.83299	0.328019	0.373261
0.364318	0.925612	0.833072	0.32849	0.373257
0.364818	0.925612	0.833155	0.328961	0.373256
0.364818	0.925513	0.833072	0.328754	0.373242
0.364818	0.925414	0.83299	0.328547	0.373237
0.364818	0.925316	0.832908	0.32834	0.373201
0.364818	0.925217	0.832825	0.328134	0.373167
0.364818	0.925118	0.832743	0.327927	0.373148
0.365317	0.925118	0.832825	0.328398	0.373147
0.365317	0.92502	0.832743	0.328191	0.37314
0.365317	0.924921	0.83266	0.327985	0.373134
0.365817	0.924921	0.832743	0.328456	0.373123
0.365817	0.924822	0.83266	0.32825	0.373115
0.366317	0.924822	0.832743	0.328719	0.373114
0.366317	0.924724	0.83266	0.328514	0.373112
0.366317	0.924625	0.832578	0.328308	0.373089
0.366317	0.924526	0.832496	0.328103	0.373053
0.366317	0.924428	0.832413	0.327897	0.373037
0.366317	0.924329	0.832331	0.327692	0.373032
0.366317	0.92423	0.832248	0.327487	0.373031
0.366817	0.92423	0.832331	0.327957	0.37303
0.366817	0.924132	0.832248	0.327752	0.373016
0.367316	0.924132	0.832331	0.328221	0.37301
0.367816	0.924132	0.832413	0.32869	0.372992
0.368316	0.924132	0.832496	0.329159	0.372978
0.368816	0.924132	0.832578	0.329627	0.372942
0.368816	0.924033	0.832496	0.329423	0.372934
0.369315	0.924033	0.832578	0.329891	0.37292
0.369315	0.923934	0.832496	0.329686	0.372907
0.369315	0.923836	0.832413	0.329482	0.372903
0.369315	0.923737	0.832331	0.329277	0.372872
0.369815	0.923737	0.832413	0.329745	0.372869
0.369815	0.923639	0.832331	0.329541	0.372864
0.369815	0.92354	0.832248	0.329337	0.372861
0.370315	0.92354	0.832331	0.329805	0.372845
0.370815	0.92354	0.832413	0.330272	0.372829
0.371314	0.92354	0.832496	0.33074	0.372827
0.371314	0.923441	0.832413	0.330536	0.372819
0.371314	0.923343	0.832331	0.330332	0.372814
0.371814	0.923343	0.832413	0.330799	0.372779
0.372314	0.923343	0.832496	0.331266	0.372769
0.372314	0.923244	0.832413	0.331062	0.372763
0.372814	0.923244	0.832496	0.331529	0.372755
0.372814	0.923145	0.832413	0.331325	0.372745
0.373313	0.923145	0.832496	0.331792	0.372742
0.373813	0.923145	0.832578	0.332258	0.37273
0.373813	0.923047	0.832496	0.332054	0.37271
0.373813	0.922948	0.832413	0.331851	0.372621
0.373813	0.922849	0.832331	0.331648	0.372602
0.374313	0.922849	0.832413	0.332114	0.372601
0.374313	0.922751	0.832331	0.331911	0.372593
0.374313	0.922652	0.832248	0.331708	0.372556
0.374313	0.922553	0.832166	0.331505	0.37255
0.374813	0.922553	0.832248	0.331971	0.372535
0.374813	0.922455	0.832166	0.331768	0.372532
0.374813	0.922356	0.832084	0.331566	0.372527
0.374813	0.922257	0.832001	0.331364	0.372515
0.374813	0.922159	0.831919	0.331162	0.372513
0.375312	0.922159	0.832001	0.331627	0.372513
0.375312	0.92206	0.831919	0.331425	0.37248
0.375312	0.921961	0.831837	0.331223	0.37247
0.375812	0.921961	0.831919	0.331688	0.372445
0.375812	0.921863	0.831837	0.331486	0.37244
0.376312	0.921863	0.831919	0.331951	0.372435
0.376312	0.921764	0.831837	0.33175	0.372433
0.376312	0.921665	0.831754	0.331548	0.372428
0.376812	0.921665	0.831837	0.332013	0.372421
0.377311	0.921665	0.831919	0.332477	0.372365
0.377311	0.921567	0.831837	0.332276	0.372352
0.377311	0.921468	0.831754	0.332075	0.372334
0.377811	0.921468	0.831837	0.332539	0.372316
0.377811	0.921369	0.831754	0.332338	0.372251
0.378311	0.921369	0.831837	0.332801	0.37225
0.378311	0.921271	0.831754	0.3326	0.372231
0.378311	0.921172	0.831672	0.3324	0.372227
0.378311	0.921073	0.831589	0.332199	0.372212
0.378311	0.920975	0.831507	0.331999	0.37221
0.378811	0.920975	0.831589	0.332462	0.3722
0.37931	0.920975	0.831672	0.332925	0.372196
0.37981	0.920975	0.831754	0.333388	0.372186
0.37981	0.920876	0.831672	0.333188	0.372172
0.37981	0.920777	0.831589	0.332988	0.37215
0.38031	0.920777	0.831672	0.333451	0.372149
0.38031	0.920679	0.831589	0.333251	0.37212
0.38031	0.92058	0.831507	0.333051	0.372105
0.38081	0.92058	0.831589	0.333513	0.372099
0.381309	0.92058	0.831672	0.333976	0.372091
0.381309	0.920481	0.831589	0.333776	0.37207
0.381309	0.920383	0.831507	0.333576	0.372056
0.381309	0.920284	0.831425	0.333377	0.372054
0.381309	0.920185	0.831342	0.333178	0.372049
0.381309	0.920087	0.83126	0.332978	0.372045
0.381809	0.920087	0.831342	0.33344	0.372028
0.381809	0.919988	0.83126	0.333241	0.372021
0.382309	0.919988	0.831342	0.333703	0.372005
0.382309	0.91989	0.83126	0.333504	0.371976
0.382809	0.91989	0.831342	0.333966	0.371955
0.383308	0.91989	0.831425	0.334427	0.371952
0.383308	0.919791	0.831342	0.334228	0.371951
0.383808	0.919791	0.831425	0.334689	0.371935
0.383808	0.919692	0.831342	0.33449	0.371901
0.384308	0.919692	0.831425	0.334951	0.371886
0.384308	0.919594	0.831342	0.334753	0.371878
0.384308	0.919495	0.83126	0.334554	0.37187
0.384308	0.919396	0.831177	0.334356	0.371867
0.384308	0.919298	0.831095	0.334158	0.371851
0.384808	0.919298	0.831177	0.334618	0.371836
0.385307	0.919298	0.83126	0.335079	0.371829
0.385807	0.919298	0.831342	0.335539	0.371821
0.385807	0.919199	0.83126	0.335341	0.371802
0.385807	0.9191	0.831177	0.335143	0.371784
0.385807	0.919002	0.831095	0.334945	0.371758
0.385807	0.918903	0.831013	0.334747	0.371752
0.385807	0.918804	0.83093	0.33455	0.371736
0.385807	0.918706	0.830848	0.334353	0.371733
0.386307	0.918706	0.83093	0.334812	0.371722
0.386307	0.918607	0.830848	0.334615	0.371717
0.386307	0.918508	0.830765	0.334418	0.371716
0.386307	0.91841	0.830683	0.334221	0.371707
0.386307	0.918311	0.830601	0.334025	0.371704
0.386807	0.918311	0.830683	0.334484	0.371695
0.386807	0.918212	0.830601	0.334288	0.371685
0.387306	0.918212	0.830683	0.334747	0.371682
0.387306	0.918114	0.830601	0.33455	0.371678
0.387306	0.918015	0.830518	0.334354	0.371676
0.387306	0.917916	0.830436	0.334158	0.371672
0.387306	0.917818	0.830353	0.333962	0.371671
0.387806	0.917818	0.830436	0.334421	0.371667
0.387806	0.917719	0.830353	0.334225	0.371652
0.387806	0.91762	0.830271	0.334029	0.371641
0.388306	0.91762	0.830353	0.334488	0.371611
0.388306	0.917522	0.830271	0.334292	0.371603
0.388306	0.917423	0.830189	0.334096	0.371602
0.388306	0.917324	0.830106	0.333901	0.371574
0.388806	0.917324	0.830189	0.334359	0.371566
0.388806	0.917226	0.830106	0.334164	0.371561
0.389305	0.917226	0.830189	0.334622	0.371539
0.389305	0.917127	0.830106	0.334427	0.371536
0.389305	0.917028	0.830024	0.334232	0.371504
0.389305	0.91693	0.829942	0.334037	0.3715
0.389805	0.91693	0.830024	0.334495	0.371471
0.390305	0.91693	0.830106	0.334953	0.371466
0.390805	0.91693	0.830189	0.33541	0.371466
0.390805	0.916831	0.830106	0.335216	0.371462
0.391304	0.916831	0.830189	0.335673	0.371451
0.391804	0.916831	0.830271	0.33613	0.371403
0.392304	0.916831	0.830353	0.336587	0.371385
0.392804	0.916831	0.830436	0.337043	0.371383
0.392804	0.916732	0.830353	0.336849	0.371383
0.392804	0.916634	0.830271	0.336654	0.371377
0.393303	0.916634	0.830353	0.337111	0.371374
0.393803	0.916634	0.830436	0.337567	0.371369
0.394303	0.916634	0.830518	0.338023	0.371352
0.394803	0.916634	0.830601	0.338479	0.371341
0.394803	0.916535	0.830518	0.338284	0.371331
0.394803	0.916436	0.830436	0.33809	0.37132
0.395302	0.916436	0.830518	0.338545	0.371304
0.395302	0.916338	0.830436	0.338351	0.371303
0.395302	0.916239	0.830353	0.338157	0.37127
0.395802	0.916239	0.830436	0.338612	0.371262
0.395802	0.91614	0.830353	0.338418	0.371252
0.395802	0.916042	0.830271	0.338224	0.371239
0.395802	0.915943	0.830189	0.338031	0.371236
0.396302	0.915943	0.830271	0.338486	0.371232
0.396802	0.915943	0.830353	0.338941	0.371224
0.397301	0.915943	0.830436	0.339395	0.371216
0.397801	0.915943	0.830518	0.33985	0.371213
0.398301	0.915943	0.830601	0.340304	0.371167
0.398301	0.915845	0.830518	0.34011	0.371156
0.398301	0.915746	0.830436	0.339917	0.371127
0.398301	0.915647	0.830353	0.339723	0.371124
0.398301	0.915549	0.830271	0.33953	0.371117
0.398801	0.915549	0.830353	0.339984	0.371106
0.398801	0.91545	0.830271	0.339791	0.371092
0.398801	0.915351	0.830189	0.339598	0.371081
0.398801	0.915253	0.830106	0.339405	0.371075
0.3993	0.915253	0.830189	0.339859	0.371069
0.3993	0.915154	0.830106	0.339666	0.371064
0.3993	0.915055	0.830024	0.339473	0.371061
0.3993	0.914957	0.829942	0.339281	0.371058
0.3998	0.914957	0.830024	0.339734	0.371055
0.3998	0.914858	0.829942	0.339542	0.371052
0.3998	0.914759	0.829859	0.33935	0.371052
0.4003	0.914759	0.829942	0.339803	0.371043
0.4008	0.914759	0.830024	0.340256	0.371043
0.4008	0.914661	0.829942	0.340064	0.371029
0.4008	0.914562	0.829859	0.339872	0.371021
0.4008	0.914463	0.829777	0.33968	0.371004
0.4008	0.914365	0.829694	0.339488	0.370999
0.401299	0.914365	0.829777	0.339941	0.370998
0.401299	0.914266	0.829694	0.339749	0.370984
0.401799	0.914266	0.829777	0.340202	0.370982
0.401799	0.914167	0.829694	0.34001	0.370981
0.401799	0.914069	0.829612	0.339819	0.370928
0.402299	0.914069	0.829694	0.340271	0.370911
0.402799	0.914069	0.829777	0.340723	0.37091
0.403298	0.914069	0.829859	0.341175	0.370902
0.403798	0.914069	0.829942	0.341627	0.370876
0.403798	0.91397	0.829859	0.341436	0.370873
0.403798	0.913871	0.829777	0.341244	0.370869
0.404298	0.913871	0.829859	0.341696	0.370849
0.404798	0.913871	0.829942	0.342147	0.370842
0.404798	0.913773	0.829859	0.341956	0.370835
0.404798	0.913674	0.829777	0.341765	0.37082
0.405297	0.913674	0.829859	0.342216	0.370817
0.405297	0.913575	0.829777	0.342026	0.370774
0.405797	0.913575	0.829859	0.342476	0.370763
0.405797	0.913477	0.829777	0.342286	0.37076
0.405797	0.913378	0.829694	0.342095	0.370755
0.406297	0.913378	0.829777	0.342546	0.370731
0.406297	0.913279	0.829694	0.342355	0.370724
0.406797	0.913279	0.829777	0.342806	0.370723
0.407296	0.913279	0.829859	0.343256	0.370713
0.407296	0.913181	0.829777	0.343066	0.370701
0.407296	0.913082	0.829694	0.342875	0.370696
0.407296	0.912983	0.829612	0.342685	0.37069
0.407296	0.912885	0.82953	0.342495	0.370684
0.407796	0.912885	0.829612	0.342945	0.370679
0.408296	0.912885	0.829694	0.343395	0.370677
0.408796	0.912885	0.829777	0.343845	0.370675
0.408796	0.912786	0.829694	0.343655	0.37067
0.408796	0.912687	0.829612	0.343465	0.370639
0.408796	0.912589	0.82953	0.343275	0.370636
0.409295	0.912589	0.829612	0.343724	0.370626
0.409295	0.91249	0.82953	0.343535	0.370608
0.409295	0.912391	0.829447	0.343345	0.370597
0.409795	0.912391	0.82953	0.343795	0.37059
0.409795	0.912293	0.829447	0.343605	0.370566
0.409795	0.912194	0.829365	0.343416	0.370555
0.410295	0.912194	0.829447	0.343865	0.370537
0.410295	0.912096	0.829365	0.343676	0.37051
0.410295	0.911997	0.829282	0.343487	0.370507
0.410295	0.911898	0.8292	0.343298	0.370491
0.410295	0.9118	0.829118	0.343109	0.370452
0.410795	0.9118	0.8292	0.343558	0.370449
0.411294	0.9118	0.829282	0.344006	0.370445
0.411294	0.911701	0.8292	0.343818	0.370433
0.411294	0.911602	0.829118	0.343629	0.370431
0.411294	0.911504	0.829035	0.343441	0.37041
0.411294	0.911405	0.828953	0.343253	0.370402
0.411794	0.911405	0.829035	0.343701	0.370381
0.411794	0.911306	0.828953	0.343513	0.370376
0.411794	0.911208	0.82887	0.343325	0.370362
0.411794	0.911109	0.828788	0.343137	0.37036
0.412294	0.911109	0.82887	0.343585	0.37035
0.412794	0.911109	0.828953	0.344033	0.370347
0.413293	0.911109	0.829035	0.34448	0.370342
0.413793	0.911109	0.829118	0.344928	0.370326
0.413793	0.91101	0.829035	0.34474	0.370325
0.413793	0.910912	0.828953	0.344552	0.3703
0.413793	0.910813	0.82887	0.344365	0.370283
0.413793	0.910714	0.828788	0.344177	0.370272
0.413793	0.910616	0.828706	0.34399	0.370265
0.414293	0.910616	0.828788	0.344437	0.370249
0.414793	0.910616	0.82887	0.344884	0.370221
0.414793	0.910517	0.828788	0.344697	0.370219
0.415292	0.910517	0.82887	0.345143	0.370214
0.415292	0.910418	0.828788	0.344956	0.370198
0.415292	0.91032	0.828706	0.344769	0.370192
0.415292	0.910221	0.828623	0.344582	0.370175
0.415292	0.910122	0.828541	0.344396	0.370163
0.415292	0.910024	0.828458	0.344209	0.370159
0.415292	0.909925	0.828376	0.344023	0.370153
0.415792	0.909925	0.828458	0.344469	0.370149
0.416292	0.909925	0.828541	0.344915	0.370141
0.416792	0.909925	0.828623	0.345361	0.370128
0.416792	0.909826	0.828541	0.345175	0.370126
0.417291	0.909826	0.828623	0.345621	0.370123
0.417291	0.909728	0.828541	0.345435	0.370122
0.417291	0.909629	0.828458	0.345248	0.370115
0.417791	0.909629	0.828541	0.345694	0.370069
0.417791	0.90953	0.828458	0.345508	0.370057
0.417791	0.909432	0.828376	0.345322	0.370046
0.418291	0.909432	0.828458	0.345767	0.370034
0.418291	0.909333	0.828376	0.345582	0.369997
0.418291	0.909234	0.828294	0.345396	0.369991
0.418291	0.909136	0.828211	0.34521	0.369974
0.418291	0.909037	0.828129	0.345025	0.369949
0.418291	0.908938	0.828046	0.344839	0.369938
0.418291	0.90884	0.827964	0.344654	0.369914
0.418291	0.908741	0.827882	0.344469	0.369898
0.418291	0.908642	0.827799	0.344284	0.369894
0.418791	0.908642	0.827882	0.344729	0.369887
0.418791	0.908544	0.827799	0.344544	0.369883
0.418791	0.908445	0.827717	0.344359	0.369858
0.41929	0.908445	0.827799	0.344804	0.369849
0.41929	0.908346	0.827717	0.34462	0.36983
0.41929	0.908248	0.827635	0.344435	0.369828
0.41929	0.908149	0.827552	0.344251	0.369817
0.41929	0.908051	0.82747	0.344066	0.369816
0.41979	0.908051	0.827552	0.344511	0.369816
0.42029	0.908051	0.827635	0.344955	0.36981
0.42079	0.908051	0.827717	0.3454	0.369797
0.42079	0.907952	0.827635	0.345216	0.369765
0.42079	0.907853	0.827552	0.345031	0.36976
0.42079	0.907755	0.82747	0.344847	0.369752
0.421289	0.907755	0.827552	0.345291	0.369719
0.421289	0.907656	0.82747	0.345108	0.369718
0.421289	0.907557	0.827387	0.344924	0.369718
0.421289	0.907459	0.827305	0.34474	0.3697
0.421289	0.90736	0.827223	0.344557	0.369679
0.421789	0.90736	0.827305	0.345	0.369673
0.422289	0.90736	0.827387	0.345444	0.369643
0.422289	0.907261	0.827305	0.345261	0.369614
0.422289	0.907163	0.827223	0.345077	0.369608
0.422789	0.907163	0.827305	0.345521	0.369571
0.423288	0.907163	0.827387	0.345964	0.369567
0.423288	0.907064	0.827305	0.345781	0.369563
0.423288	0.906965	0.827223	0.345598	0.369553
0.423288	0.906867	0.82714	0.345415	0.369526
0.423288	0.906768	0.827058	0.345232	0.369518
0.423288	0.906669	0.826975	0.345049	0.369517
0.423288	0.906571	0.826893	0.344866	0.369484
0.423288	0.906472	0.826811	0.344684	0.369479
0.423288	0.906373	0.826728	0.344501	0.369468
0.423288	0.906275	0.826646	0.344319	0.369463
0.423288	0.906176	0.826563	0.344137	0.369457
0.423788	0.906176	0.826646	0.34458	0.36944
0.424288	0.906176	0.826728	0.345022	0.369431
0.424788	0.906176	0.826811	0.345465	0.369391
0.424788	0.906077	0.826728	0.345283	0.369375
0.424788	0.905979	0.826646	0.345101	0.369369
0.424788	0.90588	0.826563	0.344919	0.369331
0.424788	0.905781	0.826481	0.344737	0.369306
0.424788	0.905683	0.826399	0.344556	0.369279
0.424788	0.905584	0.826316	0.344374	0.369263
0.425287	0.905584	0.826399	0.344816	0.369214
0.425287	0.905485	0.826316	0.344635	0.36921
0.425287	0.905387	0.826234	0.344454	0.36921
0.425287	0.905288	0.826151	0.344272	0.369196
0.425287	0.905189	0.826069	0.344091	0.369196
0.425287	0.905091	0.825987	0.34391	0.369162
0.425287	0.904992	0.825904	0.34373	0.36916
0.425287	0.904893	0.825822	0.343549	0.369112
0.425287	0.904795	0.825739	0.343368	0.369101
0.425287	0.904696	0.825657	0.343188	0.369088
0.425787	0.904696	0.825739	0.34363	0.369077
0.425787	0.904597	0.825657	0.343449	0.369041
0.425787	0.904499	0.825575	0.343269	0.369032
0.426287	0.904499	0.825657	0.343711	0.368981
0.426787	0.904499	0.825739	0.344152	0.368965
0.426787	0.9044	0.825657	0.343972	0.368959
0.426787	0.904301	0.825575	0.343792	0.368956
0.426787	0.904203	0.825492	0.343612	0.368942
0.427286	0.904203	0.825575	0.344053	0.36894
0.427286	0.904104	0.825492	0.343873	0.36892
0.427286	0.904006	0.82541	0.343693	0.368905
0.427286	0.903907	0.825328	0.343514	0.368904
0.427286	0.903808	0.825245	0.343334	0.36889
0.427786	0.903808	0.825328	0.343775	0.368864
0.427786	0.90371	0.825245	0.343596	0.368847
0.427786	0.903611	0.825163	0.343417	0.368739
0.427786	0.903512	0.82508	0.343237	0.368725
0.427786	0.903414	0.824998	0.343058	0.368715
0.428286	0.903414	0.82508	0.343499	0.368712
0.428286	0.903315	0.824998	0.34332	0.368709
0.428286	0.903216	0.824916	0.343141	0.368694
0.428286	0.903118	0.824833	0.342962	0.368672
0.428786	0.903118	0.824916	0.343403	0.368667
0.428786	0.903019	0.824833	0.343224	0.368635
0.429285	0.903019	0.824916	0.343665	0.368612
0.429285	0.90292	0.824833	0.343486	0.368579
0.429285	0.902822	0.824751	0.343308	0.368569
0.429785	0.902822	0.824833	0.343748	0.368561
0.429785	0.902723	0.824751	0.343569	0.368556
0.429785	0.902624	0.824668	0.343391	0.368485
0.429785	0.902526	0.824586	0.343213	0.368483
0.429785	0.902427	0.824504	0.343035	0.368468
0.429785	0.902328	0.824421	0.342857	0.368443
0.429785	0.90223	0.824339	0.342679	0.368434
0.430285	0.90223	0.824421	0.343119	0.368419
0.430285	0.902032	0.824256	0.342764	0.368402
0.430285	0.901934	0.824174	0.342586	0.368359
0.430285	0.901835	0.824092	0.342409	0.368336
0.430785	0.901835	0.824174	0.342848	0.368309
0.430785	0.901736	0.824092	0.342671	0.368304
0.430785	0.901638	0.824009	0.342494	0.368299
0.430785	0.901539	0.823927	0.342317	0.368238
0.430785	0.90144	0.823844	0.34214	0.368213
0.431284	0.90144	0.823927	0.342579	0.368208
0.431284	0.901342	0.823844	0.342403	0.368177
0.431284	0.901243	0.823762	0.342226	0.368171
0.431284	0.901144	0.82368	0.342049	0.36815
0.431784	0.901144	0.823762	0.342488	0.368148
0.432284	0.901144	0.823844	0.342927	0.368139
0.432784	0.901144	0.823927	0.343366	0.368132
0.432784	0.901046	0.823844	0.343189	0.368124
0.432784	0.900947	0.823762	0.343013	0.368123
0.432784	0.900848	0.82368	0.342837	0.368111
0.432784	0.90075	0.823597	0.34266	0.368077
0.432784	0.900651	0.823515	0.342484	0.368074
0.433283	0.900651	0.823597	0.342923	0.368072
0.433783	0.900651	0.82368	0.343361	0.368067
0.434283	0.900651	0.823762	0.343799	0.368039
0.434283	0.900552	0.82368	0.343623	0.368016
0.434783	0.900552	0.823762	0.344061	0.368014
0.435282	0.900552	0.823844	0.344499	0.36798
0.435282	0.900454	0.823762	0.344323	0.36797
0.435282	0.900355	0.82368	0.344147	0.36797
0.435782	0.900355	0.823762	0.344585	0.367934
0.435782	0.900257	0.82368	0.344409	0.367931
0.436282	0.900257	0.823762	0.344846	0.367918
0.436282	0.900158	0.82368	0.344671	0.367874
0.436282	0.900059	0.823597	0.344495	0.367845
0.436282	0.899961	0.823515	0.344319	0.367837
0.436282	0.899862	0.823432	0.344144	0.367809
0.436282	0.899763	0.82335	0.343969	0.367795
0.436282	0.899665	0.823268	0.343793	0.367726
0.436282	0.899566	0.823185	0.343618	0.367705
0.436282	0.899467	0.823103	0.343443	0.367677
0.436782	0.899467	0.823185	0.343881	0.367675
0.436782	0.899369	0.823103	0.343706	0.367671
0.436782	0.89927	0.823021	0.343531	0.36765
0.436782	0.899171	0.822938	0.343356	0.367641
0.436782	0.899073	0.822856	0.343182	0.367632
0.436782	0.898974	0.822773	0.343007	0.367604
0.437281	0.898974	0.822856	0.343444	0.3676
0.437781	0.898974	0.822938	0.343881	0.36759
0.438281	0.898974	0.823021	0.344317	0.36758
0.438281	0.898875	0.822938	0.344143	0.367577
0.438781	0.898875	0.823021	0.344579	0.367571
0.438781	0.898777	0.822938	0.344405	0.367568
0.438781	0.898678	0.822856	0.344231	0.367567
0.43928	0.898678	0.822938	0.344667	0.367557
0.43928	0.898579	0.822856	0.344493	0.36754
0.43928	0.898481	0.822773	0.344319	0.36754
0.43978	0.898481	0.822856	0.344755	0.367532
0.43978	0.898382	0.822773	0.344581	0.367529
0.44028	0.898382	0.822856	0.345017	0.367529
0.44028	0.898283	0.822773	0.344843	0.36752
0.44078	0.898283	0.822856	0.345278	0.367503
0.441279	0.898283	0.822938	0.345714	0.367481
0.441779	0.898283	0.823021	0.346149	0.367478
0.441779	0.898185	0.822938	0.345975	0.367474
0.442279	0.898185	0.823021	0.34641	0.36746
0.442279	0.898086	0.822938	0.346237	0.367425
0.442279	0.897987	0.822856	0.346063	0.367416
0.442279	0.897889	0.822773	0.34589	0.367408
0.442279	0.89779	0.822691	0.345716	0.367383
0.442779	0.89779	0.822773	0.346151	0.367377
0.443278	0.89779	0.822856	0.346586	0.367367
0.443778	0.89779	0.822938	0.34702	0.367355
0.443778	0.897691	0.822856	0.346847	0.36735
0.443778	0.897593	0.822773	0.346674	0.367319
0.443778	0.897494	0.822691	0.346501	0.367301
0.443778	0.897395	0.822609	0.346328	0.367288
0.443778	0.897297	0.822526	0.346155	0.367257
0.443778	0.897198	0.822444	0.345982	0.367236
0.443778	0.897099	0.822361	0.345809	0.367229
0.443778	0.897001	0.822279	0.345636	0.367207
0.443778	0.896902	0.822197	0.345464	0.367205
0.443778	0.896803	0.822114	0.345291	0.367177
0.443778	0.896705	0.822032	0.345119	0.367171
0.443778	0.896606	0.821949	0.344947	0.367169
0.444278	0.896606	0.822032	0.345381	0.367148
0.444778	0.896606	0.822114	0.345815	0.367142
0.444778	0.896507	0.822032	0.345643	0.367131
0.444778	0.896409	0.821949	0.345471	0.367129
0.444778	0.89631	0.821867	0.345299	0.367124
0.445277	0.89631	0.821949	0.345733	0.367123
0.445277	0.896212	0.821867	0.345561	0.367118
0.445277	0.896113	0.821785	0.345389	0.367084
0.445777	0.896113	0.821867	0.345823	0.367063
0.446277	0.896113	0.821949	0.346256	0.366976
0.446277	0.896014	0.821867	0.346085	0.366968
0.446277	0.895916	0.821785	0.345913	0.366958
0.446277	0.895817	0.821702	0.345742	0.366945
0.446277	0.895718	0.82162	0.34557	0.366944
0.446777	0.895718	0.821702	0.346003	0.366939
0.447276	0.895718	0.821785	0.346437	0.366896
0.447776	0.895718	0.821867	0.34687	0.366895
0.448276	0.895718	0.821949	0.347302	0.366893
0.448276	0.89562	0.821867	0.347131	0.366877
0.448276	0.895521	0.821785	0.34696	0.366876
0.448276	0.895422	0.821702	0.346789	0.366863
0.448276	0.895324	0.82162	0.346617	0.366828
0.448276	0.895225	0.821537	0.346446	0.366827
0.448776	0.895225	0.82162	0.346879	0.366798
0.449275	0.895225	0.821702	0.347311	0.36679
0.449775	0.895225	0.821785	0.347744	0.366779
0.450275	0.895225	0.821867	0.348176	0.366772
0.450275	0.895126	0.821785	0.348005	0.366772
0.450775	0.895126	0.821867	0.348437	0.366761
0.450775	0.895028	0.821785	0.348266	0.366727
0.451274	0.895028	0.821867	0.348698	0.366723
0.451774	0.895028	0.821949	0.349129	0.366718
0.451774	0.894929	0.821867	0.348959	0.366716
0.452274	0.894929	0.821949	0.34939	0.366706
0.452274	0.89483	0.821867	0.349219	0.366679
0.452274	0.894732	0.821785	0.349049	0.366673
0.452274	0.894633	0.821702	0.348878	0.366666
0.452274	0.894534	0.82162	0.348708	0.366621
0.452274	0.894436	0.821537	0.348537	0.366569
0.452774	0.894436	0.82162	0.348969	0.366548
0.452774	0.894337	0.821537	0.348798	0.366512
0.452774	0.894238	0.821455	0.348628	0.366501
0.453273	0.894238	0.821537	0.349059	0.366483
0.453773	0.894238	0.82162	0.34949	0.366442
0.454273	0.894238	0.821702	0.349921	0.36644
0.454773	0.894238	0.821785	0.350352	0.366424
0.455272	0.894238	0.821867	0.350782	0.366414
0.455272	0.89414	0.821785	0.350612	0.366374
0.455272	0.894041	0.821702	0.350442	0.366366
0.455272	0.893942	0.82162	0.350272	0.366359
0.455772	0.893942	0.821702	0.350702	0.366319
0.455772	0.893844	0.82162	0.350532	0.366307
0.456272	0.893844	0.821702	0.350962	0.366293
0.456272	0.893745	0.82162	0.350793	0.366276
0.456272	0.893646	0.821537	0.350623	0.36627
0.456772	0.893646	0.82162	0.351053	0.366261
0.456772	0.893548	0.821537	0.350883	0.366256
0.457271	0.893548	0.82162	0.351313	0.366242
0.457771	0.893548	0.821702	0.351743	0.366218
0.457771	0.893449	0.82162	0.351573	0.366212
0.458271	0.893449	0.821702	0.352003	0.366192
0.458771	0.893449	0.821785	0.352432	0.366185
0.458771	0.89335	0.821702	0.352262	0.366162
0.45927	0.89335	0.821785	0.352692	0.366153
0.45977	0.89335	0.821867	0.353121	0.366146
0.46027	0.89335	0.821949	0.353549	0.366129
0.46077	0.89335	0.822032	0.353978	0.366124
0.46077	0.893252	0.821949	0.353809	0.366087
0.461269	0.893252	0.822032	0.354237	0.366081
0.461269	0.893153	0.821949	0.354068	0.366078
0.461269	0.893054	0.821867	0.353899	0.365999
0.461269	0.892956	0.821785	0.353729	0.365986
0.461269	0.892857	0.821702	0.35356	0.365932
0.461269	0.892758	0.82162	0.353391	0.36588
0.461769	0.892758	0.821702	0.35382	0.365862
0.461769	0.89266	0.82162	0.353651	0.365856
0.461769	0.892561	0.821537	0.353482	0.365835
0.461769	0.892463	0.821455	0.353313	0.365835
0.461769	0.892364	0.821373	0.353145	0.365799
0.461769	0.892265	0.82129	0.352976	0.365785
0.461769	0.892167	0.821208	0.352808	0.365783
0.461769	0.892068	0.821125	0.352639	0.365779
0.461769	0.891969	0.821043	0.352471	0.365737
0.461769	0.891871	0.820961	0.352303	0.365679
0.461769	0.891772	0.820878	0.352135	0.365627
0.462269	0.891772	0.820961	0.352563	0.365623
0.462269	0.891673	0.820878	0.352395	0.365615
0.462269	0.891575	0.820796	0.352227	0.365608
0.462769	0.891575	0.820878	0.352655	0.365606
0.462769	0.891476	0.820796	0.352487	0.365562
0.462769	0.891377	0.820714	0.352319	0.365557
0.462769	0.891279	0.820631	0.352152	0.365549
0.463268	0.891279	0.820714	0.352579	0.365544
0.463768	0.891279	0.820796	0.353007	0.365506
0.464268	0.891279	0.820878	0.353434	0.365501
0.464268	0.89118	0.820796	0.353267	0.365494
0.464768	0.89118	0.820878	0.353694	0.365491
0.464768	0.891081	0.820796	0.353526	0.365428
0.465267	0.891081	0.820878	0.353953	0.365394
0.465267	0.890983	0.820796	0.353786	0.36538
0.465267	0.890884	0.820714	0.353619	0.365278
0.465767	0.890884	0.820796	0.354046	0.365271
0.466267	0.890884	0.820878	0.354472	0.365267
0.466267	0.890785	0.820796	0.354305	0.365266
0.466267	0.890687	0.820714	0.354138	0.365261
0.466267	0.890588	0.820631	0.353971	0.365225
0.466267	0.890489	0.820549	0.353804	0.365209
0.466267	0.890391	0.820466	0.353637	0.365205
0.466767	0.890391	0.820549	0.354063	0.365203
0.466767	0.890292	0.820466	0.353897	0.365177
0.466767	0.890193	0.820384	0.35373	0.365164
0.466767	0.890095	0.820302	0.353563	0.365163
0.466767	0.889996	0.820219	0.353397	0.365139
0.466767	0.889897	0.820137	0.35323	0.365123
0.466767	0.889799	0.820054	0.353064	0.365082
0.466767	0.8897	0.819972	0.352898	0.365031
0.466767	0.889601	0.81989	0.352732	0.365009
0.467266	0.889601	0.819972	0.353158	0.365003
0.467266	0.889503	0.81989	0.352992	0.365002
0.467766	0.889503	0.819972	0.353418	0.365002
0.467766	0.889404	0.81989	0.353252	0.364944
0.468266	0.889404	0.819972	0.353678	0.364922
0.468266	0.889305	0.81989	0.353512	0.364904
0.468266	0.889207	0.819807	0.353346	0.364884
0.468766	0.889207	0.81989	0.353772	0.36486
0.468766	0.889108	0.819807	0.353606	0.364843
0.469265	0.889108	0.81989	0.354032	0.364827
0.469265	0.889009	0.819807	0.353866	0.364826
0.469265	0.888911	0.819725	0.3537	0.36482
0.469265	0.888812	0.819642	0.353535	0.364818
0.469265	0.888713	0.81956	0.35337	0.364817
0.469265	0.888615	0.819478	0.353204	0.364771
0.469265	0.888516	0.819395	0.353039	0.364768
0.469265	0.888418	0.819313	0.352874	0.364752
0.469265	0.888319	0.81923	0.352709	0.36475
0.469265	0.88822	0.819148	0.352544	0.364729
0.469265	0.888122	0.819066	0.352379	0.364662
0.469265	0.888023	0.818983	0.352215	0.364657
0.469765	0.888023	0.819066	0.35264	0.364651
0.470265	0.888023	0.819148	0.353065	0.364645
0.470765	0.888023	0.81923	0.35349	0.364631
0.470765	0.887924	0.819148	0.353325	0.364619
0.470765	0.887826	0.819066	0.353161	0.364585
0.470765	0.887727	0.818983	0.352996	0.364585
0.470765	0.887628	0.818901	0.352832	0.364583
0.470765	0.88753	0.818818	0.352667	0.364558
0.470765	0.887431	0.818736	0.352503	0.364513
0.471264	0.887431	0.818818	0.352928	0.36449
0.471264	0.887332	0.818736	0.352764	0.364486
0.471764	0.887332	0.818818	0.353188	0.364437
0.471764	0.887234	0.818736	0.353024	0.36443
0.471764	0.887135	0.818654	0.35286	0.36441
0.472264	0.887135	0.818736	0.353284	0.364402
0.472264	0.887036	0.818654	0.35312	0.36438
0.472264	0.886938	0.818571	0.352957	0.364292
0.472764	0.886938	0.818654	0.353381	0.364282
0.472764	0.886839	0.818571	0.353217	0.364266
0.473263	0.886839	0.818654	0.353641	0.364255
0.473263	0.88674	0.818571	0.353477	0.364235
0.473263	0.886642	0.818489	0.353314	0.364234
0.473763	0.886642	0.818571	0.353738	0.36422
0.473763	0.886543	0.818489	0.353574	0.364182
0.473763	0.886444	0.818407	0.353411	0.36412
0.474263	0.886444	0.818489	0.353834	0.36408
0.474263	0.886346	0.818407	0.353671	0.364072
0.474263	0.886247	0.818324	0.353508	0.364059
0.474763	0.886247	0.818407	0.353931	0.364049
0.474763	0.886148	0.818324	0.353768	0.364034
0.474763	0.88605	0.818242	0.353605	0.364003
0.474763	0.885951	0.818159	0.353442	0.363998
0.475262	0.885951	0.818242	0.353865	0.363971
0.475762	0.885951	0.818324	0.354289	0.363947
0.476262	0.885951	0.818407	0.354712	0.363946
0.476262	0.885852	0.818324	0.354549	0.363937
0.476762	0.885852	0.818407	0.354971	0.363907
0.477261	0.885852	0.818489	0.355394	0.363891
0.477261	0.885754	0.818407	0.355231	0.363856
0.477261	0.885655	0.818324	0.355069	0.363843
0.477261	0.885556	0.818242	0.354906	0.363838
0.477761	0.885556	0.818324	0.355328	0.363837
0.477761	0.885458	0.818242	0.355166	0.363833
0.477761	0.885359	0.818159	0.355003	0.363827
0.477761	0.88526	0.818077	0.354841	0.363777
0.477761	0.885162	0.817995	0.354678	0.363768
0.477761	0.885063	0.817912	0.354516	0.363764
0.477761	0.884964	0.81783	0.354354	0.363761
0.477761	0.884866	0.817747	0.354191	0.363749
0.477761	0.884767	0.817665	0.354029	0.363718
0.478261	0.884767	0.817747	0.354452	0.363706
0.478261	0.884669	0.817665	0.35429	0.363697
0.478261	0.88457	0.817583	0.354128	0.36368
0.478261	0.884471	0.8175	0.353966	0.363674
0.478261	0.884373	0.817418	0.353804	0.363672
0.478261	0.884274	0.817335	0.353643	0.363664
0.478761	0.884274	0.817418	0.354065	0.363618
0.478761	0.884175	0.817335	0.353903	0.363595
0.478761	0.884077	0.817253	0.353742	0.363592
0.47926	0.884077	0.817335	0.354164	0.363584
0.47926	0.883978	0.817253	0.354002	0.363581
0.47976	0.883978	0.817335	0.354424	0.363575
0.48026	0.883978	0.817418	0.354846	0.363564
0.48076	0.883978	0.8175	0.355267	0.363546
0.48076	0.883879	0.817418	0.355106	0.363505
0.481259	0.883879	0.8175	0.355527	0.363443
0.481259	0.883781	0.817418	0.355366	0.363431
0.481259	0.883682	0.817335	0.355205	0.363417
0.481759	0.883682	0.817418	0.355626	0.363398
0.481759	0.883583	0.817335	0.355465	0.363383
0.482259	0.883583	0.817418	0.355886	0.363225
0.482759	0.883583	0.8175	0.356307	0.363211
0.482759	0.883485	0.817418	0.356146	0.363206
0.482759	0.883386	0.817335	0.355985	0.363183
0.483258	0.883386	0.817418	0.356405	0.36318
0.483258	0.883287	0.817335	0.356245	0.363164
0.483258	0.883189	0.817253	0.356084	0.363129
0.483258	0.88309	0.817171	0.355923	0.363113
0.483258	0.882991	0.817088	0.355762	0.363083
0.483258	0.882893	0.817006	0.355602	0.363079
0.483758	0.882893	0.817088	0.356022	0.363036
0.483758	0.882794	0.817006	0.355862	0.363021
0.484258	0.882794	0.817088	0.356282	0.363008
0.484258	0.882695	0.817006	0.356122	0.362989
0.484258	0.882597	0.816923	0.355961	0.362964
0.484258	0.882498	0.816841	0.355801	0.362957
0.484758	0.882498	0.816923	0.356221	0.362925
0.485257	0.882498	0.817006	0.356641	0.362839
0.485757	0.882498	0.817088	0.357061	0.362829
0.486257	0.882498	0.817171	0.357481	0.362819
0.486757	0.882498	0.817253	0.357901	0.362806
0.486757	0.882399	0.817171	0.357741	0.362774
0.486757	0.882301	0.817088	0.35758	0.362722
0.487256	0.882301	0.817171	0.358	0.362721
0.487256	0.882202	0.817088	0.35784	0.362701
0.487256	0.882103	0.817006	0.35768	0.36269
0.487256	0.882005	0.816923	0.35752	0.362686
0.487256	0.881906	0.816841	0.35736	0.362663
0.487256	0.881807	0.816759	0.3572	0.362627
0.487256	0.881709	0.816676	0.35704	0.362618
0.487756	0.881709	0.816759	0.35746	0.362614
0.487756	0.88161	0.816676	0.3573	0.362607
0.488256	0.88161	0.816759	0.357719	0.362605
0.488256	0.881511	0.816676	0.35756	0.362589
0.488256	0.881413	0.816594	0.3574	0.362588
0.488256	0.881314	0.816511	0.357241	0.362572
0.488256	0.881215	0.816429	0.357081	0.362567
0.488256	0.881117	0.816347	0.356922	0.362565
0.488256	0.881018	0.816264	0.356763	0.362539
0.488756	0.881018	0.816347	0.357182	0.362528
0.488756	0.880919	0.816264	0.357023	0.362468
0.488756	0.880821	0.816182	0.356864	0.362466
0.488756	0.880722	0.8161	0.356705	0.362455
0.488756	0.880624	0.816017	0.356546	0.362453
0.489255	0.880624	0.8161	0.356965	0.36242
0.489755	0.880624	0.816182	0.357384	0.362404
0.489755	0.880525	0.8161	0.357225	0.362403
0.490255	0.880525	0.816182	0.357643	0.362391
0.490755	0.880525	0.816264	0.358062	0.362373
0.490755	0.880426	0.816182	0.357903	0.362347
0.491254	0.880426	0.816264	0.358321	0.36225
0.491254	0.880328	0.816182	0.358163	0.362206
0.491254	0.880229	0.8161	0.358004	0.362196
0.491254	0.88013	0.816017	0.357845	0.362173
0.491254	0.880032	0.815935	0.357687	0.362088
0.491254	0.879933	0.815852	0.357529	0.362076
0.491254	0.879834	0.81577	0.35737	0.362048
0.491754	0.879834	0.815852	0.357788	0.362027
0.491754	0.879736	0.81577	0.35763	0.362016
0.491754	0.879637	0.815688	0.357472	0.361975
0.491754	0.879538	0.815605	0.357314	0.361953
0.491754	0.87944	0.815523	0.357156	0.361946
0.491754	0.879341	0.81544	0.356998	0.361942
0.492754	0.879341	0.815605	0.357834	0.361932
0.492754	0.879242	0.815523	0.357676	0.361891
0.492754	0.879144	0.81544	0.357518	0.361889
0.492754	0.879045	0.815358	0.357361	0.361882
0.492754	0.878946	0.815276	0.357203	0.361872
0.492754	0.878848	0.815193	0.357046	0.361863
0.493253	0.878848	0.815276	0.357463	0.361836
0.493753	0.878848	0.815358	0.35788	0.361806
0.493753	0.878749	0.815276	0.357723	0.361805
0.493753	0.87865	0.815193	0.357566	0.361788
0.493753	0.878552	0.815111	0.357408	0.361773
0.494253	0.878552	0.815193	0.357826	0.361773
0.494253	0.878453	0.815111	0.357668	0.361699
0.494753	0.878453	0.815193	0.358085	0.361689
0.494753	0.878354	0.815111	0.357928	0.361656
0.495252	0.878354	0.815193	0.358345	0.361617
0.495752	0.878354	0.815276	0.358762	0.361614
0.495752	0.878256	0.815193	0.358605	0.361597
0.495752	0.878157	0.815111	0.358448	0.361561
0.495752	0.878058	0.815028	0.358291	0.361545
0.495752	0.87796	0.814946	0.358134	0.361528
0.495752	0.877861	0.814864	0.357977	0.361518
0.496252	0.877861	0.814946	0.358394	0.361491
0.496252	0.877762	0.814864	0.358237	0.361479
0.496252	0.877664	0.814781	0.358081	0.361467
0.496752	0.877664	0.814864	0.358497	0.361425
0.497251	0.877664	0.814946	0.358913	0.361401
0.497751	0.877664	0.815028	0.35933	0.361387
0.497751	0.877565	0.814946	0.359173	0.361377
0.497751	0.877466	0.814864	0.359016	0.361374
0.497751	0.877368	0.814781	0.35886	0.361354
0.497751	0.877269	0.814699	0.358704	0.361336
0.498251	0.877269	0.814781	0.35912	0.361315
0.498251	0.87717	0.814699	0.358963	0.361313
0.498751	0.87717	0.814781	0.359379	0.361293
0.49925	0.87717	0.814864	0.359795	0.361288
0.49925	0.877072	0.814781	0.359639	0.361282
0.49975	0.877072	0.814864	0.360054	0.361245
0.49975	0.876973	0.814781	0.359898	0.361208
0.50025	0.876973	0.814864	0.360314	0.361203
0.50025	0.876875	0.814781	0.360158	0.361144
0.50025	0.876776	0.814699	0.360001	0.361128
0.50025	0.876677	0.814616	0.359846	0.361086
0.50025	0.876579	0.814534	0.35969	0.36104
0.50025	0.87648	0.814452	0.359534	0.36104
0.50025	0.876381	0.814369	0.359378	0.361036
0.50025	0.876283	0.814287	0.359223	0.361032
0.50025	0.876184	0.814204	0.359067	0.360967
0.50025	0.876085	0.814122	0.358911	0.360955
0.50025	0.875987	0.81404	0.358756	0.360941
0.50025	0.875888	0.813957	0.358601	0.360931
0.50075	0.875888	0.81404	0.359016	0.36092
0.501249	0.875888	0.814122	0.359431	0.360914
0.501749	0.875888	0.814204	0.359846	0.360909
0.501749	0.875789	0.814122	0.359691	0.360894
0.501749	0.875691	0.81404	0.359535	0.360881
0.501749	0.875592	0.813957	0.35938	0.360871
0.501749	0.875395	0.813793	0.35907	0.360869
0.501749	0.875296	0.81371	0.358915	0.360819
0.502249	0.875296	0.813793	0.35933	0.360794
0.502249	0.875197	0.81371	0.359175	0.360774
0.502749	0.875197	0.813793	0.35959	0.360756
0.503248	0.875197	0.813875	0.360004	0.360741
0.503748	0.875197	0.813957	0.360419	0.360733
0.504248	0.875197	0.81404	0.360833	0.360723
0.504248	0.875099	0.813957	0.360678	0.360719
0.504248	0.875	0.813875	0.360523	0.360698
0.504248	0.874901	0.813793	0.360369	0.360662
0.504748	0.874901	0.813875	0.360783	0.360619
0.504748	0.874803	0.813793	0.360628	0.360597
0.505247	0.874803	0.813875	0.361042	0.360578
0.505747	0.874803	0.813957	0.361456	0.360576
0.505747	0.874704	0.813875	0.361301	0.360516
0.506247	0.874704	0.813957	0.361715	0.360501
0.506247	0.874605	0.813875	0.361561	0.360466
0.506747	0.874605	0.813957	0.361974	0.36046
0.506747	0.874507	0.813875	0.36182	0.36045
0.506747	0.874408	0.813793	0.361665	0.36044
0.506747	0.874309	0.81371	0.361511	0.36043
0.507246	0.874309	0.813793	0.361924	0.360416
0.507246	0.874211	0.81371	0.36177	0.360392
0.507746	0.874211	0.813793	0.362184	0.360332
0.507746	0.874112	0.81371	0.362029	0.360299
0.508246	0.874112	0.813793	0.362443	0.360268
0.508246	0.874013	0.81371	0.362288	0.36025
0.508746	0.874013	0.813793	0.362701	0.360219
0.508746	0.873915	0.81371	0.362547	0.360214
0.508746	0.873816	0.813628	0.362393	0.360213
0.508746	0.873717	0.813545	0.36224	0.360173
0.509245	0.873717	0.813628	0.362652	0.360173
0.509245	0.873619	0.813545	0.362499	0.360152
0.509745	0.873619	0.813628	0.362911	0.360137
0.509745	0.87352	0.813545	0.362758	0.360127
0.510245	0.87352	0.813628	0.36317	0.360093
0.510745	0.87352	0.81371	0.363583	0.360027
0.511244	0.87352	0.813793	0.363995	0.359984
0.511244	0.873421	0.81371	0.363841	0.359938
0.511244	0.873323	0.813628	0.363688	0.359917
0.511744	0.873323	0.81371	0.3641	0.359896
0.511744	0.873224	0.813628	0.363946	0.359859
0.511744	0.873125	0.813545	0.363793	0.359856
0.512244	0.873125	0.813628	0.364205	0.35983
0.512244	0.873027	0.813545	0.364051	0.359801
0.512744	0.873027	0.813628	0.364463	0.359772
0.513243	0.873027	0.81371	0.364875	0.359762
0.513243	0.872928	0.813628	0.364722	0.359688
0.513243	0.87283	0.813545	0.364568	0.35967
0.513743	0.87283	0.813628	0.36498	0.359666
0.513743	0.872731	0.813545	0.364827	0.359645
0.513743	0.872632	0.813463	0.364674	0.359617
0.513743	0.872534	0.813381	0.36452	0.35961
0.513743	0.872435	0.813298	0.364367	0.359589
0.513743	0.872336	0.813216	0.364214	0.359583
0.513743	0.872238	0.813133	0.364062	0.359571
0.513743	0.872139	0.813051	0.363909	0.359503
0.513743	0.87204	0.812969	0.363756	0.359497
0.513743	0.871942	0.812886	0.363603	0.359407
0.513743	0.871843	0.812804	0.363451	0.359405
0.513743	0.871744	0.812721	0.363298	0.359399
0.514243	0.871744	0.812804	0.36371	0.359367
0.514243	0.871646	0.812721	0.363557	0.359365
0.514243	0.871547	0.812639	0.363405	0.359318
0.514243	0.871448	0.812557	0.363252	0.359315
0.514743	0.871448	0.812639	0.363664	0.359256
0.514743	0.87135	0.812557	0.363511	0.359213
0.515242	0.87135	0.812639	0.363923	0.359194
0.515742	0.87135	0.812721	0.364334	0.359184
0.515742	0.871251	0.812639	0.364181	0.359183
0.516242	0.871251	0.812721	0.364592	0.359172
0.516742	0.871251	0.812804	0.365003	0.359135
0.517241	0.871251	0.812886	0.365414	0.359069
0.517241	0.871152	0.812804	0.365262	0.358912
0.517241	0.871054	0.812721	0.365109	0.358859
0.517241	0.870955	0.812639	0.364957	0.35885
0.517241	0.870856	0.812557	0.364805	0.358846
0.517241	0.870758	0.812474	0.364654	0.358761
0.517741	0.870758	0.812557	0.365064	0.358742
0.517741	0.870659	0.812474	0.364912	0.358652
0.517741	0.87056	0.812392	0.36476	0.358609
0.517741	0.870462	0.812309	0.364609	0.358606
0.517741	0.870363	0.812227	0.364457	0.358601
0.517741	0.870264	0.812145	0.364306	0.35851
0.517741	0.870166	0.812062	0.364154	0.35851
0.517741	0.870067	0.81198	0.364003	0.358455
0.517741	0.869968	0.811898	0.363851	0.358438
0.517741	0.86987	0.811815	0.3637	0.358425
0.517741	0.869771	0.811733	0.363549	0.358412
0.517741	0.869672	0.81165	0.363398	0.358324
0.517741	0.869574	0.811568	0.363247	0.358259
0.518241	0.869574	0.81165	0.363657	0.358235
0.518241	0.869475	0.811568	0.363506	0.35823
0.518741	0.869475	0.81165	0.363916	0.358228
0.518741	0.869376	0.811568	0.363765	0.358184
0.518741	0.869278	0.811486	0.363615	0.358154
0.51924	0.869278	0.811568	0.364024	0.358113
0.51924	0.869179	0.811486	0.363874	0.358086
0.51924	0.869081	0.811403	0.363723	0.358066
0.51974	0.869081	0.811486	0.364133	0.358064
0.52024	0.869081	0.811568	0.364542	0.357969
0.52074	0.869081	0.81165	0.364952	0.357846
0.52074	0.868982	0.811568	0.364801	0.357805
0.521239	0.868982	0.81165	0.365211	0.357803
0.521239	0.868883	0.811568	0.36506	0.357774
0.521239	0.868785	0.811486	0.36491	0.357726
0.521239	0.868686	0.811403	0.364759	0.357641
0.521239	0.868587	0.811321	0.364609	0.357511
0.521239	0.868489	0.811238	0.364458	0.357485
0.521239	0.86839	0.811156	0.364308	0.357306
0.521239	0.868291	0.811074	0.364158	0.357289
0.521239	0.868193	0.810991	0.364008	0.357283
0.521739	0.868193	0.811074	0.364417	0.357049
0.521739	0.868094	0.810991	0.364267	0.357043
0.521739	0.867995	0.810909	0.364117	0.357039
0.521739	0.867897	0.810826	0.363967	0.357034
0.521739	0.867798	0.810744	0.363817	0.356979
0.521739	0.867699	0.810662	0.363668	0.356971
0.521739	0.867601	0.810579	0.363518	0.356777
0.521739	0.867502	0.810497	0.363368	0.35677
0.521739	0.867403	0.810414	0.363219	0.356732
0.521739	0.867305	0.810332	0.363069	0.356703
0.521739	0.867206	0.81025	0.36292	0.356671
0.521739	0.867107	0.810167	0.362771	0.356636
0.521739	0.867009	0.810085	0.362621	0.356576
0.522239	0.867009	0.810167	0.36303	0.356548
0.522239	0.86691	0.810085	0.362881	0.356476
0.522739	0.86691	0.810167	0.36329	0.35647
0.522739	0.866811	0.810085	0.363141	0.35645
0.522739	0.866713	0.810002	0.362992	0.356421
0.522739	0.866614	0.80992	0.362843	0.356415
0.522739	0.866515	0.809838	0.362694	0.356244
0.522739	0.866417	0.809755	0.362545	0.356216
0.522739	0.866318	0.809673	0.362396	0.35617
0.523238	0.866318	0.809755	0.362805	0.356093
0.523238	0.866219	0.809673	0.362656	0.355996
0.523738	0.866219	0.809755	0.363064	0.355965
0.523738	0.866121	0.809673	0.362916	0.355943
0.523738	0.866022	0.809591	0.362767	0.355899
0.524238	0.866022	0.809673	0.363175	0.355839
0.524238	0.865923	0.809591	0.363027	0.355791
0.524738	0.865923	0.809673	0.363435	0.35575
0.524738	0.865825	0.809591	0.363287	0.355712
0.524738	0.865726	0.809508	0.363138	0.355485
0.524738	0.865627	0.809426	0.36299	0.355423
0.524738	0.865529	0.809343	0.362841	0.355416
0.525237	0.865529	0.809426	0.36325	0.355415
0.525237	0.86543	0.809343	0.363101	0.3554
0.525737	0.86543	0.809426	0.363509	0.355362
0.525737	0.865331	0.809343	0.363361	0.355258
0.526237	0.865331	0.809426	0.363769	0.355203
0.526237	0.865233	0.809343	0.363621	0.355106
0.526737	0.865233	0.809426	0.364028	0.355008
0.527236	0.865233	0.809508	0.364436	0.35496
0.527236	0.865134	0.809426	0.364288	0.35493
0.527236	0.865036	0.809343	0.36414	0.354916
0.527736	0.865036	0.809426	0.364547	0.35488
0.527736	0.864937	0.809343	0.364399	0.354853
0.527736	0.864838	0.809261	0.364252	0.35482
0.527736	0.86474	0.809179	0.364104	0.354629
0.528236	0.86474	0.809261	0.364511	0.354425
0.528236	0.864641	0.809179	0.364363	0.354401
0.528236	0.864542	0.809096	0.364216	0.354384
0.528736	0.864542	0.809179	0.364623	0.354317
0.528736	0.864444	0.809096	0.364475	0.354255
0.528736	0.864345	0.809014	0.364327	0.354243
0.528736	0.864246	0.808931	0.36418	0.354188
0.528736	0.864148	0.808849	0.364033	0.354074
0.528736	0.864049	0.808767	0.363885	0.35403
0.529235	0.864049	0.808849	0.364292	0.354029
0.529235	0.86395	0.808767	0.364145	0.353978
0.529235	0.863852	0.808684	0.363998	0.353898
0.529735	0.863852	0.808767	0.364404	0.35386
0.530235	0.863852	0.808849	0.364811	0.353834
0.530735	0.863852	0.808931	0.365218	0.353753
0.530735	0.863753	0.808849	0.365071	0.35363
0.530735	0.863654	0.808767	0.364924	0.353602
0.531234	0.863654	0.808849	0.36533	0.353533
0.531234	0.863556	0.808767	0.365183	0.353507
0.531234	0.863457	0.808684	0.365036	0.353499
0.531234	0.863358	0.808602	0.364889	0.353426
0.531234	0.86326	0.808519	0.364742	0.353408
0.531234	0.863161	0.808437	0.364595	0.353348
0.531734	0.863161	0.808519	0.365002	0.353344
0.531734	0.863062	0.808437	0.364855	0.35333
0.531734	0.862964	0.808355	0.364708	0.353275
0.531734	0.862865	0.808272	0.364561	0.353274
0.531734	0.862766	0.80819	0.364415	0.353269
0.531734	0.862668	0.808107	0.364268	0.353199
0.531734	0.862569	0.808025	0.364122	0.353144
0.531734	0.86247	0.807943	0.363976	0.353104
0.531734	0.862372	0.80786	0.363829	0.353029
0.532234	0.862372	0.807943	0.364235	0.352713
0.532234	0.862273	0.80786	0.364089	0.352697
0.532234	0.862174	0.807778	0.363943	0.35267
0.532234	0.862076	0.807695	0.363797	0.352667
0.532234	0.861977	0.807613	0.363651	0.352667
0.532734	0.861977	0.807695	0.364057	0.352498
0.532734	0.861878	0.807613	0.363911	0.352486
0.532734	0.86178	0.807531	0.363765	0.35244
0.532734	0.861681	0.807448	0.363619	0.352429
0.533233	0.861681	0.807531	0.364025	0.352333
0.533233	0.861582	0.807448	0.363879	0.352327
0.533233	0.861484	0.807366	0.363733	0.352237
0.533733	0.861484	0.807448	0.364139	0.352112
0.533733	0.861385	0.807366	0.363993	0.352104
0.533733	0.861287	0.807284	0.363848	0.3521
0.533733	0.861188	0.807201	0.363702	0.352094
0.533733	0.861089	0.807119	0.363557	0.351994
0.534233	0.861089	0.807201	0.363962	0.351984
0.534733	0.861089	0.807284	0.364368	0.351953
0.535232	0.861089	0.807366	0.364773	0.351743
0.535232	0.860991	0.807284	0.364628	0.35168
0.535232	0.860892	0.807201	0.364482	0.351664
0.535232	0.860793	0.807119	0.364337	0.351533
0.535732	0.860793	0.807201	0.364742	0.351499
0.536232	0.860793	0.807284	0.365147	0.351311
0.536232	0.860695	0.807201	0.365002	0.351215
0.536732	0.860695	0.807284	0.365407	0.351196
0.536732	0.860596	0.807201	0.365262	0.351179
0.537231	0.860596	0.807284	0.365666	0.351175
0.537731	0.860596	0.807366	0.366071	0.351007
0.538231	0.860596	0.807448	0.366476	0.350938
0.538231	0.860497	0.807366	0.366331	0.350929
0.538231	0.860399	0.807284	0.366185	0.350893
0.538731	0.860399	0.807366	0.36659	0.350875
0.538731	0.8603	0.807284	0.366445	0.350822
0.538731	0.860201	0.807201	0.3663	0.350785
0.538731	0.860103	0.807119	0.366155	0.350698
0.538731	0.860004	0.807036	0.36601	0.350684
0.538731	0.859905	0.806954	0.365865	0.350493
0.538731	0.859807	0.806872	0.36572	0.350457
0.53923	0.859807	0.806954	0.366125	0.350398
0.53973	0.859807	0.807036	0.366529	0.350353
0.53973	0.859708	0.806954	0.366384	0.350346
0.53973	0.859609	0.806872	0.36624	0.350184
0.54023	0.859609	0.806954	0.366644	0.350172
0.54023	0.859511	0.806872	0.366499	0.350132
0.54023	0.859412	0.806789	0.366355	0.350077
0.54073	0.859412	0.806872	0.366759	0.350059
0.54073	0.859313	0.806789	0.366614	0.350006
0.541229	0.859313	0.806872	0.367018	0.349977
0.541229	0.859215	0.806789	0.366874	0.349782
0.541229	0.859116	0.806707	0.366729	0.349739
0.541229	0.859017	0.806624	0.366585	0.349667
0.541229	0.858919	0.806542	0.366441	0.349632
0.541229	0.85882	0.80646	0.366296	0.349629
0.541229	0.858721	0.806377	0.366152	0.349609
0.541729	0.858721	0.80646	0.366556	0.349589
0.541729	0.858623	0.806377	0.366412	0.349582
0.541729	0.858524	0.806295	0.366268	0.349525
0.542229	0.858524	0.806377	0.366671	0.349341
0.542229	0.858425	0.806295	0.366528	0.349007
0.542229	0.858327	0.806212	0.366384	0.348964
0.542729	0.858327	0.806295	0.366787	0.348866
0.542729	0.858228	0.806212	0.366643	0.348768
0.542729	0.858129	0.80613	0.366499	0.348736
0.542729	0.858031	0.806048	0.366356	0.348506
0.542729	0.857932	0.805965	0.366212	0.348395
0.543228	0.857932	0.806048	0.366615	0.348367
0.543728	0.857932	0.80613	0.367019	0.348324
0.544228	0.857932	0.806212	0.367422	0.348302
0.544728	0.857932	0.806295	0.367825	0.348256
0.544728	0.857833	0.806212	0.367681	0.348155
0.544728	0.857735	0.80613	0.367538	0.34814
0.544728	0.857636	0.806048	0.367394	0.34807
0.545227	0.857636	0.80613	0.367797	0.348031
0.545727	0.857636	0.806212	0.3682	0.348005
0.545727	0.857537	0.80613	0.368056	0.347737
0.545727	0.857439	0.806048	0.367913	0.347688
0.545727	0.85734	0.805965	0.367769	0.347625
0.545727	0.857242	0.805883	0.367626	0.347585
0.545727	0.857143	0.8058	0.367483	0.347558
0.545727	0.857044	0.805718	0.36734	0.347264
0.545727	0.856946	0.805636	0.367197	0.347131
0.545727	0.856847	0.805553	0.367054	0.347099
0.546227	0.856847	0.805636	0.367456	0.347055
0.546227	0.856748	0.805553	0.367313	0.347009
0.546227	0.85665	0.805471	0.36717	0.346783
0.546227	0.856551	0.805388	0.367027	0.346759
0.546227	0.856452	0.805306	0.366885	0.346684
0.546227	0.856354	0.805224	0.366742	0.346554
0.546227	0.856255	0.805141	0.366599	0.346533
0.546227	0.856156	0.805059	0.366457	0.34644
0.546227	0.856058	0.804977	0.366314	0.346412
0.546227	0.855959	0.804894	0.366172	0.3464
0.546227	0.85586	0.804812	0.366029	0.346012
0.546227	0.855762	0.804729	0.365887	0.345934
0.546227	0.855663	0.804647	0.365745	0.345778
0.546227	0.855564	0.804565	0.365603	0.34563
0.546727	0.855564	0.804647	0.366005	0.345585
0.546727	0.855466	0.804565	0.365863	0.345535
0.547226	0.855466	0.804647	0.366265	0.345427
0.547226	0.855367	0.804565	0.366123	0.345401
0.547726	0.855367	0.804647	0.366525	0.345383
0.547726	0.855268	0.804565	0.366383	0.345353
0.548226	0.855268	0.804647	0.366785	0.345326
0.548226	0.85517	0.804565	0.366643	0.345302
0.548226	0.855071	0.804482	0.366501	0.345249
0.548226	0.854972	0.8044	0.366359	0.34512
0.548226	0.854874	0.804317	0.366217	0.34509
0.548226	0.854775	0.804235	0.366075	0.345046
0.548226	0.854676	0.804153	0.365933	0.345009
0.548226	0.854578	0.80407	0.365792	0.344921
0.548226	0.854479	0.803988	0.36565	0.344905
0.548226	0.85438	0.803905	0.365509	0.344852
0.548726	0.85438	0.803988	0.36591	0.344851
0.548726	0.854282	0.803905	0.365769	0.34483
0.548726	0.854183	0.803823	0.365628	0.344802
0.549225	0.854183	0.803905	0.366029	0.344623
0.549225	0.854084	0.803823	0.365888	0.344606
0.549225	0.853986	0.803741	0.365747	0.344543
0.549225	0.853887	0.803658	0.365605	0.344439
0.549225	0.853788	0.803576	0.365464	0.344394
0.549225	0.85369	0.803493	0.365323	0.34419
0.549225	0.853591	0.803411	0.365182	0.344138
0.549225	0.853493	0.803329	0.365041	0.344067
0.549225	0.853394	0.803246	0.3649	0.344011
0.549225	0.853295	0.803164	0.364759	0.34384
0.549225	0.853197	0.803081	0.364618	0.343819
0.549225	0.853098	0.802999	0.364478	0.343749
0.549725	0.853098	0.803081	0.364879	0.343615
0.549725	0.852999	0.802999	0.364738	0.343599
0.549725	0.852901	0.802917	0.364598	0.343589
0.550225	0.852901	0.802999	0.364999	0.343544
0.550225	0.852802	0.802917	0.364858	0.343533
0.550225	0.852703	0.802834	0.364718	0.343485
0.550225	0.852605	0.802752	0.364577	0.343396
0.550725	0.852605	0.802834	0.364978	0.343278
0.550725	0.852506	0.802752	0.364838	0.343205
0.551224	0.852506	0.802834	0.365239	0.343197
0.551224	0.852407	0.802752	0.365099	0.343147
0.551224	0.852309	0.80267	0.364958	0.343145
0.551724	0.852309	0.802752	0.365359	0.343001
0.551724	0.85221	0.80267	0.365219	0.342858
0.551724	0.852111	0.802587	0.365079	0.342804
0.552224	0.852111	0.80267	0.36548	0.342671
0.552724	0.852111	0.802752	0.36588	0.342642
0.552724	0.852013	0.80267	0.36574	0.342343
0.552724	0.851914	0.802587	0.3656	0.342274
0.553223	0.851914	0.80267	0.366001	0.34211
0.553223	0.851815	0.802587	0.36586	0.342105
0.553223	0.851717	0.802505	0.36572	0.342076
0.553223	0.851618	0.802422	0.36558	0.342076
0.553723	0.851618	0.802505	0.365981	0.341874
0.554223	0.851618	0.802587	0.366381	0.341838
0.554223	0.851519	0.802505	0.366241	0.341752
0.554223	0.851421	0.802422	0.366101	0.341694
0.554723	0.851421	0.802505	0.366502	0.34167
0.554723	0.851322	0.802422	0.366362	0.341653
0.554723	0.851223	0.80234	0.366222	0.341642
0.555222	0.851223	0.802422	0.366622	0.341483
0.555722	0.851223	0.802505	0.367022	0.341381
0.555722	0.851125	0.802422	0.366883	0.34137
0.555722	0.851026	0.80234	0.366743	0.341333
0.556222	0.851026	0.802422	0.367143	0.341302
0.556222	0.850927	0.80234	0.367003	0.341112
0.556222	0.850829	0.802258	0.366864	0.341041
0.556222	0.85073	0.802175	0.366724	0.340945
0.556222	0.850631	0.802093	0.366585	0.340934
0.556222	0.850533	0.80201	0.366445	0.34069
0.556222	0.850434	0.801928	0.366306	0.340668
0.556222	0.850335	0.801846	0.366167	0.340618
0.556222	0.850237	0.801763	0.366028	0.340567
0.556722	0.850237	0.801846	0.366427	0.340544
0.556722	0.850138	0.801763	0.366288	0.34045
0.557221	0.850138	0.801846	0.366688	0.34045
0.557221	0.850039	0.801763	0.366549	0.340338
0.557721	0.850039	0.801846	0.366948	0.340337
0.557721	0.849941	0.801763	0.366809	0.340151
0.558221	0.849941	0.801846	0.367209	0.340019
0.558221	0.849842	0.801763	0.36707	0.339993
0.558221	0.849743	0.801681	0.366931	0.339917
0.558221	0.849645	0.801598	0.366792	0.339836
0.558721	0.849645	0.801681	0.367191	0.339834
0.558721	0.849546	0.801598	0.367052	0.339706
0.55922	0.849546	0.801681	0.367451	0.339501
0.55972	0.849546	0.801763	0.36785	0.339469
0.55972	0.849448	0.801681	0.367712	0.339309
0.55972	0.849349	0.801598	0.367573	0.339219
0.55972	0.84925	0.801516	0.367434	0.338956
0.55972	0.849152	0.801434	0.367295	0.338948
0.55972	0.849053	0.801351	0.367157	0.338895
0.55972	0.848954	0.801269	0.367018	0.338831
0.55972	0.848856	0.801186	0.36688	0.338798
0.56022	0.848856	0.801269	0.367279	0.338664
0.56022	0.848757	0.801186	0.36714	0.338515
0.56022	0.848658	0.801104	0.367002	0.338119
0.56022	0.84856	0.801022	0.366864	0.338104
0.56022	0.848461	0.800939	0.366726	0.338098
0.56022	0.848362	0.800857	0.366587	0.338045
0.56022	0.848264	0.800774	0.366449	0.338024
0.56072	0.848264	0.800857	0.366848	0.337953
0.561219	0.848264	0.800939	0.367247	0.337895
0.561719	0.848264	0.801022	0.367645	0.337839
0.561719	0.848165	0.800939	0.367507	0.337687
0.561719	0.848066	0.800857	0.367369	0.337529
0.561719	0.847968	0.800774	0.367231	0.337372
0.562219	0.847968	0.800857	0.367629	0.337339
0.562719	0.847968	0.800939	0.368028	0.337325
0.562719	0.847869	0.800857	0.36789	0.337198
0.562719	0.84777	0.800774	0.367752	0.337171
0.563218	0.84777	0.800857	0.36815	0.337135
0.563218	0.847672	0.800774	0.368012	0.337028
0.563718	0.847672	0.800857	0.36841	0.33691
0.564218	0.847672	0.800939	0.368808	0.336837
0.564718	0.847672	0.801022	0.369206	0.336806
0.564718	0.847573	0.800939	0.369068	0.336586
0.564718	0.847474	0.800857	0.368931	0.336571
0.564718	0.847376	0.800774	0.368793	0.33643
0.564718	0.847277	0.800692	0.368655	0.336305
0.564718	0.847178	0.80061	0.368518	0.336148
0.564718	0.84708	0.800527	0.36838	0.336073
0.564718	0.846981	0.800445	0.368243	0.335978
0.564718	0.846882	0.800363	0.368105	0.335974
0.564718	0.846784	0.80028	0.367968	0.33573
0.565217	0.846784	0.800363	0.368366	0.335696
0.565217	0.846685	0.80028	0.368228	0.335619
0.565217	0.846586	0.800198	0.368091	0.335598
0.565217	0.846488	0.800115	0.367954	0.335552
0.565217	0.846389	0.800033	0.367817	0.335525
0.565217	0.84629	0.799951	0.36768	0.335468
0.565717	0.84629	0.800033	0.368077	0.335379
0.566217	0.84629	0.800115	0.368475	0.335365
0.566217	0.846192	0.800033	0.368338	0.335267
0.566717	0.846192	0.800115	0.368735	0.335264
0.566717	0.846093	0.800033	0.368598	0.335236
0.566717	0.845994	0.799951	0.368461	0.335133
0.566717	0.845896	0.799868	0.368324	0.335088
0.566717	0.845797	0.799786	0.368187	0.33496
0.566717	0.845699	0.799703	0.368051	0.334958
0.566717	0.8456	0.799621	0.367914	0.334891
0.566717	0.845501	0.799539	0.367777	0.334873
0.567216	0.845501	0.799621	0.368174	0.334802
0.567216	0.845403	0.799539	0.368038	0.334694
0.567716	0.845403	0.799621	0.368435	0.334692
0.567716	0.845304	0.799539	0.368298	0.334645
0.567716	0.845205	0.799456	0.368162	0.334635
0.567716	0.845107	0.799374	0.368025	0.334594
0.568216	0.845107	0.799456	0.368422	0.334533
0.568216	0.845008	0.799374	0.368286	0.334444
0.568716	0.845008	0.799456	0.368683	0.33444
0.568716	0.844909	0.799374	0.368546	0.334426
0.568716	0.844811	0.799291	0.36841	0.334363
0.568716	0.844712	0.799209	0.368274	0.334281
0.568716	0.844613	0.799127	0.368138	0.334125
0.569215	0.844613	0.799209	0.368534	0.334124
0.569215	0.844515	0.799127	0.368398	0.334119
0.569715	0.844515	0.799209	0.368795	0.334101
0.569715	0.844416	0.799127	0.368659	0.334058
0.570215	0.844416	0.799209	0.369055	0.334058
0.570215	0.844317	0.799127	0.368919	0.334046
0.570715	0.844317	0.799209	0.369316	0.334036
0.570715	0.844219	0.799127	0.36918	0.333864
0.570715	0.84412	0.799044	0.369044	0.333801
0.570715	0.844021	0.798962	0.368908	0.333671
0.571214	0.844021	0.799044	0.369304	0.333596
0.571714	0.844021	0.799127	0.3697	0.333593
0.572214	0.844021	0.799209	0.370096	0.333524
0.572214	0.843923	0.799127	0.36996	0.333465
0.572714	0.843923	0.799209	0.370357	0.333453
0.572714	0.843824	0.799127	0.370221	0.333338
0.572714	0.843725	0.799044	0.370085	0.333318
0.573213	0.843725	0.799127	0.370481	0.333201
0.573213	0.843627	0.799044	0.370345	0.333173
0.573213	0.843528	0.798962	0.370209	0.333095
0.573713	0.843528	0.799044	0.370605	0.333015
0.573713	0.843429	0.798962	0.37047	0.332834
0.573713	0.843331	0.798879	0.370334	0.332813
0.573713	0.843232	0.798797	0.370198	0.33281
0.573713	0.843133	0.798715	0.370063	0.332782
0.573713	0.843035	0.798632	0.369927	0.332723
0.574213	0.843035	0.798715	0.370323	0.332622
0.574713	0.843035	0.798797	0.370719	0.332495
0.574713	0.842936	0.798715	0.370583	0.332463
0.575212	0.842936	0.798797	0.370979	0.332453
0.575212	0.842837	0.798715	0.370843	0.332401
0.575212	0.842739	0.798632	0.370708	0.332233
0.575212	0.84264	0.79855	0.370573	0.332214
0.575712	0.84264	0.798632	0.370968	0.332132
0.575712	0.842541	0.79855	0.370833	0.332058
0.576212	0.842541	0.798632	0.371228	0.332052
0.576212	0.842443	0.79855	0.371093	0.332045
0.576212	0.842344	0.798467	0.370958	0.331882
0.576212	0.842245	0.798385	0.370823	0.33182
0.576212	0.842147	0.798303	0.370688	0.331714
0.576212	0.842048	0.79822	0.370553	0.331682
0.576212	0.841949	0.798138	0.370418	0.331674
0.576212	0.841851	0.798056	0.370283	0.331612
0.576712	0.841851	0.798138	0.370678	0.331472
0.576712	0.841752	0.798056	0.370544	0.331271
0.576712	0.841654	0.797973	0.370409	0.33123
0.576712	0.841555	0.797891	0.370274	0.331207
0.577211	0.841555	0.797973	0.370669	0.331183
0.577211	0.841456	0.797891	0.370535	0.331104
0.577211	0.841358	0.797808	0.3704	0.331092
0.577211	0.841259	0.797726	0.370265	0.33096
0.577211	0.84116	0.797644	0.370131	0.330848
0.577211	0.841062	0.797561	0.369996	0.330824
0.577211	0.840963	0.797479	0.369862	0.330811
0.577211	0.840864	0.797396	0.369728	0.330791
0.577211	0.840766	0.797314	0.369593	0.330779
0.577211	0.840667	0.797232	0.369459	0.330725
0.577211	0.840568	0.797149	0.369325	0.330577
0.577211	0.84047	0.797067	0.369191	0.330534
0.577711	0.84047	0.797149	0.369586	0.330412
0.577711	0.840371	0.797067	0.369452	0.330395
0.577711	0.840272	0.796984	0.369318	0.330374
0.577711	0.840174	0.796902	0.369184	0.330364
0.577711	0.840075	0.79682	0.36905	0.330325
0.577711	0.839976	0.796737	0.368916	0.330227
0.578211	0.839976	0.79682	0.369311	0.330152
0.578211	0.839878	0.796737	0.369177	0.330033
0.578211	0.839779	0.796655	0.369043	0.329971
0.578711	0.839779	0.796737	0.369438	0.32995
0.578711	0.83968	0.796655	0.369304	0.329491
0.578711	0.839582	0.796572	0.36917	0.329456
0.57921	0.839582	0.796655	0.369565	0.329451
0.57921	0.839483	0.796572	0.369431	0.329269
0.57921	0.839384	0.79649	0.369297	0.329196
0.57921	0.839286	0.796408	0.369164	0.329122
0.57971	0.839286	0.79649	0.369558	0.329112
0.57971	0.839187	0.796408	0.369425	0.329065
0.57971	0.839088	0.796325	0.369291	0.329064
0.57971	0.83899	0.796243	0.369158	0.328968
0.58021	0.83899	0.796325	0.369552	0.328944
0.58021	0.838891	0.796243	0.369419	0.328796
0.58071	0.838891	0.796325	0.369813	0.328739
0.58071	0.838792	0.796243	0.36968	0.328725
0.58071	0.838694	0.796161	0.369547	0.328575
0.58071	0.838595	0.796078	0.369413	0.328527
0.58071	0.838496	0.795996	0.36928	0.328464
0.581209	0.838496	0.796078	0.369674	0.328455
0.581209	0.838398	0.795996	0.369541	0.328391
0.581209	0.838299	0.795913	0.369408	0.32814
0.581209	0.8382	0.795831	0.369275	0.328084
0.581209	0.838102	0.795749	0.369142	0.327876
0.581209	0.838003	0.795666	0.369009	0.327853
0.581209	0.837904	0.795584	0.368876	0.327806
0.581209	0.837806	0.795501	0.368744	0.327697
0.581209	0.837707	0.795419	0.368611	0.327683
0.581709	0.837707	0.795501	0.369005	0.32762
0.581709	0.837609	0.795419	0.368872	0.327589
0.582209	0.837609	0.795501	0.369266	0.327317
0.582209	0.83751	0.795419	0.369133	0.327268
0.582209	0.837411	0.795337	0.369001	0.327005
0.582709	0.837411	0.795419	0.369394	0.3269
0.582709	0.837313	0.795337	0.369262	0.326866
0.582709	0.837214	0.795254	0.369129	0.326855
0.582709	0.837115	0.795172	0.368997	0.326794
0.582709	0.837017	0.795089	0.368864	0.326729
0.583208	0.837017	0.795172	0.369258	0.326717
0.583708	0.837017	0.795254	0.369651	0.32668
0.583708	0.836918	0.795172	0.369519	0.326608
0.584208	0.836918	0.795254	0.369912	0.326604
0.584208	0.836819	0.795172	0.36978	0.326599
0.584208	0.836721	0.795089	0.369648	0.326537
0.584208	0.836622	0.795007	0.369515	0.326491
0.584208	0.836523	0.794925	0.369383	0.326429
0.584208	0.836425	0.794842	0.369251	0.326361
0.584208	0.836326	0.79476	0.369119	0.326318
0.584208	0.836227	0.794677	0.368987	0.326312
0.584208	0.836129	0.794595	0.368855	0.325958
0.584708	0.836129	0.794677	0.369248	0.325947
0.585207	0.836129	0.79476	0.369641	0.325847
0.585207	0.83603	0.794677	0.36951	0.325788
0.585207	0.835931	0.794595	0.369378	0.325624
0.585207	0.835833	0.794513	0.369246	0.325554
0.585207	0.835734	0.79443	0.369114	0.325533
0.585207	0.835635	0.794348	0.368982	0.325438
0.585207	0.835537	0.794265	0.368851	0.325368
0.585707	0.835537	0.794348	0.369244	0.325349
0.585707	0.835438	0.794265	0.369112	0.32527
0.586207	0.835438	0.794348	0.369505	0.325227
0.586207	0.835339	0.794265	0.369373	0.325208
0.586207	0.835241	0.794183	0.369242	0.325139
0.586207	0.835142	0.794101	0.36911	0.325071
0.586207	0.835043	0.794018	0.368979	0.325053
0.586707	0.835043	0.794101	0.369371	0.324997
0.586707	0.834945	0.794018	0.36924	0.324881
0.586707	0.834846	0.793936	0.369109	0.324874
0.586707	0.834747	0.793854	0.368977	0.324811
0.586707	0.834649	0.793771	0.368846	0.324527
0.586707	0.83455	0.793689	0.368715	0.32447
0.586707	0.834451	0.793606	0.368584	0.324425
0.586707	0.834353	0.793524	0.368453	0.32432
0.587206	0.834353	0.793606	0.368845	0.324264
0.587206	0.834254	0.793524	0.368714	0.324167
0.587206	0.834155	0.793442	0.368583	0.32398
0.587206	0.834057	0.793359	0.368452	0.323976
0.587206	0.833958	0.793277	0.368321	0.32396
0.587206	0.83386	0.793194	0.368191	0.323869
0.587706	0.83386	0.793277	0.368583	0.323863
0.587706	0.833761	0.793194	0.368452	0.323811
0.588206	0.833761	0.793277	0.368844	0.323793
0.588206	0.833662	0.793194	0.368714	0.323757
0.588706	0.833662	0.793277	0.369106	0.323709
0.588706	0.833564	0.793194	0.368975	0.32345
0.588706	0.833465	0.793112	0.368845	0.32344
0.589205	0.833465	0.793194	0.369237	0.323249
0.589205	0.833366	0.793112	0.369106	0.323196
0.589705	0.833366	0.793194	0.369498	0.323171
0.589705	0.833268	0.793112	0.369367	0.322952
0.589705	0.833169	0.79303	0.369237	0.322948
0.589705	0.83307	0.792947	0.369106	0.322795
0.589705	0.832972	0.792865	0.368976	0.322792
0.589705	0.832873	0.792782	0.368846	0.322664
0.589705	0.832774	0.7927	0.368715	0.322661
0.589705	0.832676	0.792618	0.368585	0.322573
0.589705	0.832577	0.792535	0.368455	0.322572
0.589705	0.832478	0.792453	0.368324	0.322514
0.589705	0.83238	0.79237	0.368194	0.322482
0.589705	0.832281	0.792288	0.368064	0.322337
0.589705	0.832182	0.792206	0.367934	0.322226
0.589705	0.832084	0.792123	0.367804	0.322225
0.589705	0.831985	0.792041	0.367674	0.321954
0.589705	0.831886	0.791958	0.367544	0.321952
0.589705	0.831788	0.791876	0.367415	0.321784
0.589705	0.831689	0.791794	0.367285	0.32175
0.589705	0.83159	0.791711	0.367155	0.321738
0.589705	0.831492	0.791629	0.367025	0.321725
0.589705	0.831393	0.791547	0.366896	0.321621
0.589705	0.831294	0.791464	0.366766	0.321594
0.589705	0.831196	0.791382	0.366636	0.321373
0.589705	0.831097	0.791299	0.366507	0.321355
0.590205	0.831097	0.791382	0.366899	0.321338
0.590705	0.831097	0.791464	0.36729	0.321211
0.591204	0.831097	0.791547	0.367682	0.321139
0.591204	0.830998	0.791464	0.367552	0.321137
0.591204	0.8309	0.791382	0.367423	0.320994
0.591204	0.830801	0.791299	0.367294	0.320883
0.591204	0.830702	0.791217	0.367164	0.32076
0.591204	0.830604	0.791135	0.367035	0.320627
0.591204	0.830505	0.791052	0.366906	0.320607
0.591204	0.830406	0.79097	0.366776	0.32057
0.591204	0.830308	0.790887	0.366647	0.320525
0.591204	0.830209	0.790805	0.366518	0.320239
0.591704	0.830209	0.790887	0.36691	0.320013
0.591704	0.83011	0.790805	0.366781	0.31997
0.592204	0.83011	0.790887	0.367172	0.319892
0.592204	0.830012	0.790805	0.367043	0.319848
0.592704	0.830012	0.790887	0.367434	0.319762
0.592704	0.829913	0.790805	0.367305	0.319755
0.592704	0.829815	0.790723	0.367176	0.319725
0.592704	0.829716	0.79064	0.367047	0.319697
0.592704	0.829617	0.790558	0.366918	0.319538
0.592704	0.829519	0.790475	0.36679	0.319432
0.592704	0.82942	0.790393	0.366661	0.319337
0.593203	0.82942	0.790475	0.367052	0.319136
0.593703	0.82942	0.790558	0.367443	0.319103
0.593703	0.829321	0.790475	0.367314	0.318662
0.593703	0.829223	0.790393	0.367186	0.318637
0.594203	0.829223	0.790475	0.367576	0.318593
0.594703	0.829223	0.790558	0.367967	0.31856
0.594703	0.829124	0.790475	0.367839	0.318559
0.595202	0.829124	0.790558	0.368229	0.318464
0.595202	0.829025	0.790475	0.368101	0.318459
0.595202	0.828927	0.790393	0.367972	0.318394
0.595202	0.828828	0.790311	0.367844	0.318328
0.595702	0.828828	0.790393	0.368234	0.318327
0.595702	0.828729	0.790311	0.368106	0.318285
0.595702	0.828631	0.790228	0.367977	0.318268
0.595702	0.828532	0.790146	0.367849	0.318204
0.595702	0.828433	0.790063	0.367721	0.318141
0.595702	0.828335	0.789981	0.367592	0.317663
0.595702	0.828236	0.789899	0.367464	0.317593
0.595702	0.828137	0.789816	0.367336	0.317471
0.595702	0.828039	0.789734	0.367208	0.317456
0.595702	0.82794	0.789651	0.36708	0.317447
0.595702	0.827841	0.789569	0.366952	0.317415
0.595702	0.827743	0.789487	0.366824	0.31722
0.596202	0.827743	0.789569	0.367214	0.31718
0.596702	0.827743	0.789651	0.367605	0.317106
0.596702	0.827644	0.789569	0.367477	0.317059
0.596702	0.827545	0.789487	0.367349	0.317029
0.596702	0.827447	0.789404	0.367221	0.317003
0.597201	0.827447	0.789487	0.367611	0.316984
0.597201	0.827348	0.789404	0.367483	0.316971
0.597201	0.827249	0.789322	0.367355	0.316777
0.597701	0.827249	0.789404	0.367746	0.316598
0.598201	0.827249	0.789487	0.368136	0.316588
0.598201	0.827151	0.789404	0.368008	0.316569
0.598201	0.827052	0.789322	0.36788	0.316436
0.598201	0.826953	0.78924	0.367752	0.316434
0.598201	0.826855	0.789157	0.367625	0.316379
0.598701	0.826855	0.78924	0.368015	0.316294
0.5992	0.826855	0.789322	0.368405	0.316259
0.5992	0.826756	0.78924	0.368277	0.316041
0.5992	0.826657	0.789157	0.36815	0.316
0.5992	0.826559	0.789075	0.368022	0.315712
0.5992	0.82646	0.788992	0.367895	0.31569
0.5992	0.826361	0.78891	0.367767	0.315574
0.5997	0.826361	0.788992	0.368157	0.315525
0.5997	0.826263	0.78891	0.36803	0.315454
0.6002	0.826263	0.788992	0.368419	0.315444
0.6002	0.826164	0.78891	0.368292	0.315435
0.6002	0.826066	0.788828	0.368165	0.315433
0.6002	0.825967	0.788745	0.368037	0.315109
0.6002	0.825868	0.788663	0.36791	0.315065
0.6002	0.82577	0.78858	0.367783	0.314983
0.6002	0.825671	0.788498	0.367656	0.314957
0.6002	0.825572	0.788416	0.367529	0.31495
0.6007	0.825572	0.788498	0.367919	0.31491
0.6007	0.825474	0.788416	0.367792	0.314898
0.601199	0.825474	0.788498	0.368181	0.314894
0.601199	0.825375	0.788416	0.368054	0.314722
0.601699	0.825375	0.788498	0.368443	0.314631
0.601699	0.825276	0.788416	0.368316	0.314612
0.601699	0.825178	0.788333	0.36819	0.314454
0.601699	0.825079	0.788251	0.368063	0.314179
0.601699	0.82498	0.788168	0.367936	0.314126
0.601699	0.824882	0.788086	0.367809	0.31412
0.602199	0.824882	0.788168	0.368198	0.314081
0.602199	0.824783	0.788086	0.368072	0.314042
0.602699	0.824783	0.788168	0.368461	0.313842
0.602699	0.824684	0.788086	0.368334	0.313727
0.603198	0.824684	0.788168	0.368723	0.313687
0.603198	0.824586	0.788086	0.368597	0.313634
0.603198	0.824487	0.788004	0.36847	0.313625
0.603198	0.824388	0.787921	0.368343	0.313577
0.603698	0.824388	0.788004	0.368732	0.313476
0.603698	0.82429	0.787921	0.368606	0.313427
0.603698	0.824191	0.787839	0.368479	0.313408
0.603698	0.824092	0.787756	0.368353	0.313305
0.603698	0.823994	0.787674	0.368227	0.313233
0.603698	0.823895	0.787592	0.3681	0.313073
0.603698	0.823796	0.787509	0.367974	0.312893
0.603698	0.823698	0.787427	0.367848	0.312748
0.603698	0.823599	0.787344	0.367722	0.312734
0.604198	0.823599	0.787427	0.36811	0.31272
0.604698	0.823599	0.787509	0.368499	0.312694
0.604698	0.8235	0.787427	0.368373	0.312657
0.604698	0.823402	0.787344	0.368247	0.312601
0.604698	0.823303	0.787262	0.368121	0.3125
0.604698	0.823204	0.78718	0.367995	0.312435
0.604698	0.823106	0.787097	0.367869	0.312427
0.605197	0.823106	0.78718	0.368257	0.312195
0.605197	0.823007	0.787097	0.368131	0.312074
0.605197	0.822908	0.787015	0.368006	0.312065
0.605197	0.82281	0.786933	0.36788	0.31201
0.605197	0.822711	0.78685	0.367754	0.311881
0.605197	0.822612	0.786768	0.367628	0.311761
0.605197	0.822514	0.786685	0.367502	0.311755
0.605697	0.822514	0.786768	0.367891	0.311731
0.606197	0.822514	0.78685	0.368279	0.311686
0.606197	0.822415	0.786768	0.368154	0.311652
0.606697	0.822415	0.78685	0.368542	0.311608
0.606697	0.822316	0.786768	0.368416	0.311597
0.606697	0.822218	0.786685	0.368291	0.311584
0.607196	0.822218	0.786768	0.368679	0.311529
0.607196	0.822119	0.786685	0.368553	0.311528
0.607196	0.822021	0.786603	0.368428	0.31152
0.607196	0.821922	0.786521	0.368302	0.311488
0.607696	0.821922	0.786603	0.36869	0.311479
0.607696	0.821823	0.786521	0.368565	0.311465
0.607696	0.821725	0.786438	0.36844	0.311439
0.607696	0.821626	0.786356	0.368314	0.311262
0.607696	0.821527	0.786273	0.368189	0.311134
0.607696	0.821429	0.786191	0.368064	0.311092
0.607696	0.82133	0.786109	0.367938	0.311013
0.608196	0.82133	0.786191	0.368326	0.310878
0.608196	0.821231	0.786109	0.368201	0.310857
0.608196	0.821133	0.786026	0.368076	0.31085
0.608696	0.821133	0.786109	0.368464	0.31074
0.608696	0.821034	0.786026	0.368339	0.310544
0.608696	0.820935	0.785944	0.368214	0.310431
0.608696	0.820837	0.785861	0.368089	0.310286
0.609195	0.820837	0.785944	0.368477	0.310236
0.609195	0.820738	0.785861	0.368352	0.3102
0.609195	0.820639	0.785779	0.368227	0.310176
0.609195	0.820541	0.785697	0.368102	0.310067
0.609695	0.820541	0.785779	0.368489	0.310052
0.609695	0.820442	0.785697	0.368365	0.310009
0.610195	0.820442	0.785779	0.368752	0.309904
0.610195	0.820343	0.785697	0.368627	0.30983
0.610695	0.820343	0.785779	0.369015	0.309649
0.610695	0.820245	0.785697	0.36889	0.309648
0.610695	0.820146	0.785614	0.368765	0.309545
0.610695	0.820047	0.785532	0.368641	0.309533
0.610695	0.819949	0.785449	0.368516	0.309531
0.610695	0.81985	0.785367	0.368391	0.309388
0.610695	0.819751	0.785285	0.368267	0.309329
0.610695	0.819653	0.785202	0.368142	0.309268
0.610695	0.819554	0.78512	0.368018	0.309162
0.610695	0.819455	0.785037	0.367893	0.309134
0.610695	0.819357	0.784955	0.367769	0.308956
0.611194	0.819357	0.785037	0.368156	0.308888
0.611194	0.819258	0.784955	0.368032	0.308783
0.611694	0.819258	0.785037	0.368419	0.308656
0.611694	0.819159	0.784955	0.368295	0.308644
0.611694	0.819061	0.784873	0.368171	0.308632
0.611694	0.818962	0.78479	0.368047	0.308145
0.612194	0.818962	0.784873	0.368434	0.30813
0.612194	0.818863	0.78479	0.36831	0.308115
0.612194	0.818765	0.784708	0.368185	0.308029
0.612194	0.818666	0.784626	0.368061	0.308028
0.612194	0.818567	0.784543	0.367937	0.308024
0.612194	0.818469	0.784461	0.367813	0.307972
0.612194	0.81837	0.784378	0.367689	0.307939
0.612194	0.818272	0.784296	0.367565	0.307921
0.612194	0.818173	0.784214	0.367441	0.307899
0.612194	0.818074	0.784131	0.367318	0.307882
0.612694	0.818074	0.784214	0.367705	0.307755
0.613193	0.818074	0.784296	0.368092	0.30769
0.613693	0.818074	0.784378	0.368478	0.307544
0.614193	0.818074	0.784461	0.368865	0.307333
0.614193	0.817976	0.784378	0.368741	0.307306
0.614193	0.817877	0.784296	0.368618	0.307158
0.614193	0.817778	0.784214	0.368494	0.307152
0.614693	0.817778	0.784296	0.368881	0.307101
0.615192	0.817778	0.784378	0.369267	0.307042
0.615192	0.81768	0.784296	0.369144	0.307012
0.615192	0.817581	0.784214	0.36902	0.306906
0.615692	0.817581	0.784296	0.369406	0.306867
0.616192	0.817581	0.784378	0.369793	0.306789
0.616192	0.817482	0.784296	0.369669	0.306589
0.616192	0.817384	0.784214	0.369546	0.306533
0.616192	0.817285	0.784131	0.369422	0.306521
0.616192	0.817186	0.784049	0.369299	0.306395
0.616192	0.817088	0.783966	0.369175	0.306343
0.616192	0.816989	0.783884	0.369052	0.306336
0.616192	0.81689	0.783802	0.368928	0.306282
0.616692	0.81689	0.783884	0.369315	0.306111
0.616692	0.816792	0.783802	0.369191	0.306037
0.616692	0.816693	0.783719	0.369068	0.305943
0.616692	0.816594	0.783637	0.368945	0.30592
0.617191	0.816594	0.783719	0.369331	0.305914
0.617191	0.816496	0.783637	0.369208	0.305874
0.617191	0.816397	0.783554	0.369084	0.305833
0.617191	0.816298	0.783472	0.368961	0.305695
0.617191	0.8162	0.78339	0.368838	0.305604
0.617191	0.816101	0.783307	0.368715	0.305529
0.617191	0.816002	0.783225	0.368592	0.305497
0.617191	0.815904	0.783142	0.368469	0.305424
0.617191	0.815805	0.78306	0.368346	0.305393
0.617191	0.815706	0.782978	0.368223	0.305379
0.617691	0.815706	0.78306	0.368609	0.305328
0.617691	0.815608	0.782978	0.368487	0.305221
0.617691	0.815509	0.782895	0.368364	0.305032
0.617691	0.81541	0.782813	0.368241	0.30503
0.617691	0.815312	0.78273	0.368118	0.304982
0.617691	0.815213	0.782648	0.367996	0.304961
0.617691	0.815114	0.782566	0.367873	0.304926
0.617691	0.815016	0.782483	0.36775	0.304867
0.617691	0.814917	0.782401	0.367628	0.304799
0.617691	0.814818	0.782319	0.367505	0.304794
0.617691	0.81472	0.782236	0.367383	0.304704
0.618191	0.81472	0.782319	0.367769	0.304583
0.618691	0.81472	0.782401	0.368155	0.304524
0.618691	0.814621	0.782319	0.368032	0.30435
0.618691	0.814522	0.782236	0.36791	0.30429
0.618691	0.814424	0.782154	0.367787	0.304239
0.618691	0.814325	0.782071	0.367665	0.304197
0.61919	0.814325	0.782154	0.368051	0.304189
0.61919	0.814227	0.782071	0.367928	0.30413
0.61919	0.814128	0.781989	0.367806	0.304097
0.61919	0.814029	0.781907	0.367684	0.304089
0.61919	0.813931	0.781824	0.367562	0.30389
0.61919	0.813832	0.781742	0.36744	0.303807
0.61919	0.813733	0.781659	0.367318	0.303781
0.61969	0.813733	0.781742	0.367703	0.303769
0.62019	0.813733	0.781824	0.368089	0.303734
0.62019	0.813635	0.781742	0.367967	0.303717
0.62019	0.813536	0.781659	0.367845	0.303689
0.62019	0.813437	0.781577	0.367723	0.303664
0.62019	0.813339	0.781495	0.367601	0.303664
0.62069	0.813339	0.781577	0.367986	0.30363
0.621189	0.813339	0.781659	0.368372	0.303616
0.621189	0.81324	0.781577	0.36825	0.303568
0.621189	0.813141	0.781495	0.368128	0.303533
0.621689	0.813141	0.781577	0.368513	0.303424
0.622189	0.813141	0.781659	0.368899	0.303347
0.622189	0.813043	0.781577	0.368777	0.303342
0.622189	0.812944	0.781495	0.368655	0.303255
0.622189	0.812845	0.781412	0.368533	0.303237
0.622189	0.812747	0.78133	0.368411	0.303231
0.622189	0.812648	0.781247	0.36829	0.303053
0.622689	0.812648	0.78133	0.368675	0.303002
0.623188	0.812648	0.781412	0.36906	0.302998
0.623688	0.812648	0.781495	0.369445	0.302984
0.623688	0.812549	0.781412	0.369323	0.302885
0.623688	0.812451	0.78133	0.369202	0.302853
0.623688	0.812352	0.781247	0.36908	0.302763
0.623688	0.812253	0.781165	0.368959	0.302693
0.624188	0.812253	0.781247	0.369344	0.302624
0.624188	0.812155	0.781165	0.369222	0.302604
0.624688	0.812155	0.781247	0.369607	0.302546
0.624688	0.812056	0.781165	0.369485	0.302485
0.624688	0.811957	0.781083	0.369364	0.302266
0.624688	0.811859	0.781	0.369243	0.302215
0.625187	0.811859	0.781083	0.369627	0.302213
0.625187	0.81176	0.781	0.369506	0.302212
0.625187	0.811661	0.780918	0.369385	0.301909
0.625187	0.811563	0.780835	0.369263	0.301778
0.625187	0.811464	0.780753	0.369142	0.301572
0.625187	0.811365	0.780671	0.369021	0.301547
0.625687	0.811365	0.780753	0.369406	0.301469
0.625687	0.811267	0.780671	0.369284	0.301394
0.625687	0.811168	0.780588	0.369163	0.301127
0.625687	0.811069	0.780506	0.369042	0.300997
0.625687	0.810971	0.780423	0.368921	0.300952
0.625687	0.810872	0.780341	0.3688	0.300821
0.625687	0.810773	0.780259	0.368679	0.300789
0.625687	0.810675	0.780176	0.368558	0.300767
0.626187	0.810675	0.780259	0.368943	0.300727
0.626687	0.810675	0.780341	0.369327	0.300546
0.626687	0.810576	0.780259	0.369206	0.300541
0.626687	0.810478	0.780176	0.369086	0.300493
0.626687	0.810379	0.780094	0.368965	0.300475
0.627186	0.810379	0.780176	0.369349	0.300321
0.627186	0.81028	0.780094	0.369228	0.300259
0.627186	0.810182	0.780012	0.369108	0.300217
0.627686	0.810182	0.780094	0.369492	0.300141
0.627686	0.810083	0.780012	0.369371	0.300128
0.627686	0.809984	0.779929	0.369251	0.299791
0.627686	0.809886	0.779847	0.36913	0.299785
0.627686	0.809787	0.779764	0.369009	0.299659
0.628186	0.809787	0.779847	0.369393	0.299657
0.628686	0.809787	0.779929	0.369778	0.299494
0.628686	0.809688	0.779847	0.369657	0.299276
0.628686	0.80959	0.779764	0.369537	0.299264
0.629185	0.80959	0.779847	0.369921	0.299213
0.629685	0.80959	0.779929	0.370305	0.299176
0.630185	0.80959	0.780012	0.370688	0.299171
0.630685	0.80959	0.780094	0.371072	0.29916
0.631184	0.80959	0.780176	0.371456	0.299116
0.631184	0.809491	0.780094	0.371336	0.299081
0.631184	0.809392	0.780012	0.371215	0.299072
0.631684	0.809392	0.780094	0.371599	0.298882
0.631684	0.809294	0.780012	0.371478	0.298835
0.632184	0.809294	0.780094	0.371862	0.298796
0.632184	0.809195	0.780012	0.371742	0.298757
0.632184	0.809096	0.779929	0.371621	0.298711
0.632684	0.809096	0.780012	0.372005	0.298663
0.633183	0.809096	0.780094	0.372388	0.29861
0.633183	0.808998	0.780012	0.372268	0.298485
0.633183	0.808899	0.779929	0.372148	0.298386
0.633683	0.808899	0.780012	0.372531	0.298219
0.633683	0.8088	0.779929	0.372411	0.298192
0.633683	0.808702	0.779847	0.37229	0.298182
0.633683	0.808603	0.779764	0.37217	0.298094
0.634183	0.808603	0.779847	0.372554	0.298062
0.634683	0.808603	0.779929	0.372937	0.297997
0.635182	0.808603	0.780012	0.37332	0.297974
0.635682	0.808603	0.780094	0.373703	0.297895
0.635682	0.808504	0.780012	0.373583	0.297743
0.635682	0.808406	0.779929	0.373463	0.29773
0.636182	0.808406	0.780012	0.373846	0.297697
0.636682	0.808406	0.780094	0.374229	0.29768
0.636682	0.808307	0.780012	0.374109	0.297509
0.637181	0.808307	0.780094	0.374492	0.29736
0.637181	0.808208	0.780012	0.374372	0.296961
0.637181	0.80811	0.779929	0.374252	0.296684
0.637181	0.808011	0.779847	0.374131	0.296664
0.637181	0.807912	0.779764	0.374011	0.296625
0.637681	0.807912	0.779847	0.374394	0.2966
0.637681	0.807814	0.779764	0.374274	0.296488
0.638181	0.807814	0.779847	0.374657	0.296273
0.638181	0.807715	0.779764	0.374537	0.296213
0.638181	0.807616	0.779682	0.374417	0.295988
0.638181	0.807518	0.7796	0.374298	0.295921
0.638181	0.807419	0.779517	0.374178	0.295897
0.638181	0.80732	0.779435	0.374058	0.295863
0.638681	0.80732	0.779517	0.374441	0.295718
0.638681	0.807222	0.779435	0.374321	0.295702
0.638681	0.807123	0.779352	0.374201	0.295663
0.638681	0.807024	0.77927	0.374082	0.295602
0.638681	0.806926	0.779188	0.373962	0.295468
0.638681	0.806827	0.779105	0.373842	0.295318
0.638681	0.806728	0.779023	0.373723	0.295228
0.638681	0.80663	0.77894	0.373603	0.295071
0.63918	0.80663	0.779023	0.373986	0.295071
0.63918	0.806531	0.77894	0.373866	0.295028
0.63918	0.806433	0.778858	0.373747	0.294994
0.63918	0.806334	0.778776	0.373628	0.294916
0.63918	0.806235	0.778693	0.373508	0.294747
0.63918	0.806137	0.778611	0.373389	0.294653
0.63918	0.806038	0.778528	0.37327	0.294624
0.63918	0.805939	0.778446	0.373151	0.29458
0.63918	0.805841	0.778364	0.373031	0.294572
0.63918	0.805742	0.778281	0.372912	0.29453
0.63918	0.805643	0.778199	0.372793	0.294469
0.63918	0.805545	0.778117	0.372674	0.294387
0.63918	0.805446	0.778034	0.372555	0.294351
0.63968	0.805446	0.778117	0.372937	0.294291
0.63968	0.805347	0.778034	0.372818	0.294197
0.64018	0.805347	0.778117	0.373201	0.294032
0.64018	0.805249	0.778034	0.373082	0.293821
0.64018	0.80515	0.777952	0.372963	0.293806
0.64018	0.805051	0.777869	0.372844	0.293794
0.64018	0.804953	0.777787	0.372725	0.293517
0.64018	0.804854	0.777705	0.372606	0.293457
0.64018	0.804755	0.777622	0.372488	0.293393
0.64018	0.804657	0.77754	0.372369	0.293356
0.64068	0.804657	0.777622	0.372751	0.293272
0.641179	0.804657	0.777705	0.373133	0.29315
0.641179	0.804558	0.777622	0.373014	0.292916
0.641179	0.804459	0.77754	0.372896	0.292854
0.641679	0.804459	0.777622	0.373278	0.292797
0.641679	0.804361	0.77754	0.373159	0.292793
0.641679	0.804262	0.777457	0.373041	0.292767
0.642179	0.804262	0.77754	0.373423	0.292688
0.642679	0.804262	0.777622	0.373804	0.292653
0.642679	0.804163	0.77754	0.373686	0.292592
0.643178	0.804163	0.777622	0.374068	0.292588
0.643678	0.804163	0.777705	0.37445	0.292524
0.643678	0.804065	0.777622	0.374331	0.292478
0.644178	0.804065	0.777705	0.374713	0.292296
0.644678	0.804065	0.777787	0.375094	0.292147
0.644678	0.803966	0.777705	0.374976	0.29192
0.644678	0.803867	0.777622	0.374857	0.291912
0.645177	0.803867	0.777705	0.375239	0.291908
0.645177	0.803769	0.777622	0.375121	0.291818
0.645177	0.80367	0.77754	0.375002	0.29178
0.645177	0.803571	0.777457	0.374884	0.291693
0.645177	0.803473	0.777375	0.374765	0.29167
0.645177	0.803374	0.777293	0.374647	0.291613
0.645677	0.803374	0.777375	0.375029	0.291582
0.645677	0.803275	0.777293	0.37491	0.29158
0.645677	0.803177	0.77721	0.374792	0.291302
0.645677	0.803078	0.777128	0.374674	0.291293
0.645677	0.802979	0.777045	0.374556	0.291257
0.645677	0.802881	0.776963	0.374438	0.291243
0.645677	0.802782	0.776881	0.37432	0.291229
0.646177	0.802782	0.776963	0.374701	0.291227
0.646177	0.802684	0.776881	0.374583	0.29121
0.646177	0.802585	0.776798	0.374465	0.291203
0.646677	0.802585	0.776881	0.374846	0.291199
0.647176	0.802585	0.776963	0.375227	0.291186
0.647176	0.802486	0.776881	0.375109	0.290819
0.647676	0.802486	0.776963	0.375491	0.290786
0.647676	0.802388	0.776881	0.375373	0.290753
0.647676	0.802289	0.776798	0.375255	0.290698
0.647676	0.80219	0.776716	0.375137	0.290549
0.647676	0.802092	0.776633	0.375019	0.290523
0.648176	0.802092	0.776716	0.3754	0.290495
0.648676	0.802092	0.776798	0.375781	0.290452
0.649175	0.802092	0.776881	0.376162	0.290341
0.649675	0.802092	0.776963	0.376543	0.290253
0.649675	0.801993	0.776881	0.376425	0.290184
0.650175	0.801993	0.776963	0.376806	0.290161
0.650175	0.801894	0.776881	0.376688	0.289961
0.650175	0.801796	0.776798	0.376571	0.289941
0.650175	0.801697	0.776716	0.376453	0.289787
0.650675	0.801697	0.776798	0.376834	0.289666
0.650675	0.801598	0.776716	0.376716	0.289663
0.650675	0.8015	0.776633	0.376598	0.28958
0.650675	0.801401	0.776551	0.376481	0.289479
0.650675	0.801302	0.776469	0.376363	0.289419
0.650675	0.801204	0.776386	0.376245	0.289383
0.651174	0.801204	0.776469	0.376626	0.289269
0.651174	0.801105	0.776386	0.376509	0.289221
0.651174	0.801006	0.776304	0.376391	0.289209
0.651174	0.800908	0.776221	0.376274	0.289166
0.651174	0.800809	0.776139	0.376156	0.289077
0.651174	0.80071	0.776057	0.376039	0.288997
0.651174	0.800612	0.775974	0.375922	0.288985
0.651174	0.800513	0.775892	0.375804	0.288936
0.651174	0.800414	0.77581	0.375687	0.28892
0.651174	0.800316	0.775727	0.37557	0.288847
0.651174	0.800217	0.775645	0.375453	0.288797
0.651174	0.800118	0.775562	0.375336	0.288741
0.651174	0.80002	0.77548	0.375218	0.288718
0.651174	0.799921	0.775398	0.375101	0.288675
0.651174	0.799822	0.775315	0.374984	0.288546
0.651174	0.799724	0.775233	0.374867	0.288272
0.651174	0.799625	0.77515	0.37475	0.288213
0.651174	0.799526	0.775068	0.374634	0.288109
0.651174	0.799428	0.774986	0.374517	0.287956
0.651174	0.799329	0.774903	0.3744	0.287943
0.651674	0.799329	0.774986	0.37478	0.2879
0.652174	0.799329	0.775068	0.375161	0.287802
0.652674	0.799329	0.77515	0.375541	0.28779
0.652674	0.79923	0.775068	0.375424	0.287633
0.652674	0.799132	0.774986	0.375307	0.28756
0.653173	0.799132	0.775068	0.375688	0.287529
0.653673	0.799132	0.77515	0.376068	0.287388
0.654173	0.799132	0.775233	0.376448	0.287345
0.654173	0.799033	0.77515	0.376331	0.287313
0.654173	0.798934	0.775068	0.376215	0.287094
0.654173	0.798836	0.774986	0.376098	0.287046
0.654173	0.798737	0.774903	0.375981	0.287008
0.654173	0.798639	0.774821	0.375865	0.287001
0.654673	0.798639	0.774903	0.376245	0.286931
0.654673	0.79854	0.774821	0.376128	0.286769
0.654673	0.798441	0.774738	0.376012	0.28675
0.654673	0.798343	0.774656	0.375895	0.286714
0.654673	0.798244	0.774574	0.375779	0.286659
0.654673	0.798145	0.774491	0.375662	0.286543
0.655172	0.798145	0.774574	0.376042	0.286533
0.655172	0.798047	0.774491	0.375926	0.286346
0.655172	0.797948	0.774409	0.375809	0.28627
0.655172	0.797849	0.774326	0.375693	0.286198
0.655172	0.797751	0.774244	0.375577	0.286106
0.655172	0.797652	0.774162	0.37546	0.286083
0.655172	0.797553	0.774079	0.375344	0.286045
0.655172	0.797455	0.773997	0.375228	0.285929
0.655672	0.797455	0.774079	0.375608	0.285921
0.655672	0.797356	0.773997	0.375492	0.285907
0.655672	0.797257	0.773914	0.375376	0.285898
0.655672	0.797159	0.773832	0.37526	0.285884
0.655672	0.79706	0.77375	0.375143	0.285841
0.655672	0.796961	0.773667	0.375027	0.285674
0.656172	0.796961	0.77375	0.375407	0.285559
0.656672	0.796961	0.773832	0.375787	0.285535
0.657171	0.796961	0.773914	0.376167	0.285359
0.657171	0.796863	0.773832	0.376051	0.285351
0.657171	0.796764	0.77375	0.375935	0.285334
0.657171	0.796665	0.773667	0.375819	0.285274
0.657671	0.796665	0.77375	0.376198	0.285216
0.657671	0.796567	0.773667	0.376082	0.285159
0.657671	0.796468	0.773585	0.375967	0.285135
0.658171	0.796468	0.773667	0.376346	0.285127
0.658171	0.796369	0.773585	0.37623	0.284869
0.658171	0.796271	0.773503	0.376115	0.284772
0.658171	0.796172	0.77342	0.375999	0.284734
0.658171	0.796073	0.773338	0.375883	0.284586
0.658171	0.795975	0.773255	0.375767	0.284516
0.658171	0.795876	0.773173	0.375652	0.284507
0.658171	0.795777	0.773091	0.375536	0.284477
0.658171	0.79558	0.772926	0.375305	0.284343
0.658171	0.795481	0.772843	0.375189	0.284317
0.658171	0.795383	0.772761	0.375074	0.284249
0.658671	0.795383	0.772843	0.375453	0.284191
0.65917	0.795383	0.772926	0.375833	0.284185
0.65917	0.795284	0.772843	0.375717	0.283923
0.65967	0.795284	0.772926	0.376097	0.283904
0.65967	0.795185	0.772843	0.375981	0.283782
0.65967	0.795087	0.772761	0.375866	0.283584
0.65967	0.794988	0.772679	0.37575	0.283512
0.65967	0.79489	0.772596	0.375635	0.283265
0.65967	0.794791	0.772514	0.37552	0.283129
0.65967	0.794692	0.772431	0.375405	0.282939
0.66017	0.794692	0.772514	0.375784	0.282812
0.66017	0.794594	0.772431	0.375669	0.282747
0.66017	0.794495	0.772349	0.375553	0.282614
0.66067	0.794495	0.772431	0.375932	0.282603
0.66067	0.794396	0.772349	0.375817	0.282524
0.66067	0.794298	0.772267	0.375702	0.282455
0.66067	0.794199	0.772184	0.375587	0.282454
0.66067	0.7941	0.772102	0.375472	0.282057
0.661169	0.7941	0.772184	0.375851	0.282016
0.661169	0.794002	0.772102	0.375736	0.282008
0.661169	0.793903	0.772019	0.375621	0.281947
0.661669	0.793903	0.772102	0.376	0.281865
0.661669	0.793804	0.772019	0.375885	0.281795
0.661669	0.793706	0.771937	0.37577	0.281773
0.661669	0.793607	0.771855	0.375655	0.281676
0.661669	0.793508	0.771772	0.375541	0.281494
0.661669	0.79341	0.77169	0.375426	0.281448
0.661669	0.793311	0.771607	0.375311	0.281279
0.661669	0.793212	0.771525	0.375196	0.281249
0.661669	0.793114	0.771443	0.375082	0.281233
0.661669	0.793015	0.77136	0.374967	0.281135
0.661669	0.792916	0.771278	0.374852	0.28103
0.661669	0.792818	0.771196	0.374738	0.280883
0.661669	0.792719	0.771113	0.374623	0.280794
0.661669	0.79262	0.771031	0.374509	0.280714
0.661669	0.792522	0.770948	0.374394	0.280672
0.661669	0.792423	0.770866	0.37428	0.280659
0.661669	0.792324	0.770784	0.374165	0.280638
0.662169	0.792324	0.770866	0.374544	0.280589
0.662169	0.792226	0.770784	0.37443	0.280522
0.662169	0.792127	0.770701	0.374315	0.280516
0.662169	0.792028	0.770619	0.374201	0.28049
0.662169	0.79193	0.770536	0.374087	0.280309
0.662169	0.791831	0.770454	0.373973	0.280228
0.662669	0.791831	0.770536	0.374351	0.280142
0.662669	0.791732	0.770454	0.374237	0.279662
0.662669	0.791634	0.770372	0.374123	0.27964
0.663168	0.791634	0.770454	0.374502	0.279592
0.663168	0.791535	0.770372	0.374387	0.27936
0.663168	0.791436	0.770289	0.374273	0.279238
0.663168	0.791338	0.770207	0.374159	0.279222
0.663668	0.791338	0.770289	0.374538	0.279055
0.663668	0.791239	0.770207	0.374424	0.278857
0.663668	0.79114	0.770124	0.37431	0.278847
0.663668	0.791042	0.770042	0.374196	0.278837
0.663668	0.790943	0.76996	0.374082	0.278784
0.663668	0.790845	0.769877	0.373968	0.278777
0.663668	0.790746	0.769795	0.373854	0.27873
0.663668	0.790647	0.769712	0.37374	0.278635
0.663668	0.790549	0.76963	0.373626	0.278621
0.663668	0.79045	0.769548	0.373513	0.27858
0.663668	0.790351	0.769465	0.373399	0.27856
0.663668	0.790253	0.769383	0.373285	0.278533
0.664168	0.790253	0.769465	0.373664	0.278438
0.664168	0.790154	0.769383	0.37355	0.278412
0.664168	0.790055	0.7693	0.373436	0.278367
0.664168	0.789957	0.769218	0.373323	0.278329
0.664168	0.789858	0.769136	0.373209	0.278103
0.664168	0.789759	0.769053	0.373096	0.278057
0.664668	0.789759	0.769136	0.373474	0.277836
0.664668	0.789661	0.769053	0.37336	0.277778
0.664668	0.789562	0.768971	0.373247	0.277772
0.664668	0.789463	0.768889	0.373134	0.27777
0.664668	0.789365	0.768806	0.37302	0.27764
0.665167	0.789365	0.768889	0.373398	0.277511
0.665667	0.789365	0.768971	0.373777	0.277502
0.665667	0.789266	0.768889	0.373663	0.276901
0.665667	0.789167	0.768806	0.37355	0.2769
0.665667	0.789069	0.768724	0.373437	0.27668
0.665667	0.78897	0.768641	0.373323	0.276552
0.665667	0.788871	0.768559	0.37321	0.276551
0.665667	0.788773	0.768477	0.373097	0.276286
0.665667	0.788674	0.768394	0.372984	0.276243
0.665667	0.788575	0.768312	0.372871	0.276168
0.666167	0.788575	0.768394	0.373249	0.276156
0.666167	0.788477	0.768312	0.373136	0.276082
0.666167	0.788378	0.768229	0.373023	0.276038
0.666667	0.788378	0.768312	0.373401	0.275971
0.667166	0.788378	0.768394	0.373778	0.275943
0.667166	0.788279	0.768312	0.373665	0.275846
0.667166	0.788181	0.768229	0.373552	0.275831
0.667166	0.788082	0.768147	0.373439	0.275667
0.667166	0.787983	0.768065	0.373326	0.275552
0.667166	0.787885	0.767982	0.373214	0.275196
0.667166	0.787786	0.7679	0.373101	0.275063
0.667166	0.787687	0.767817	0.372988	0.27496
0.667666	0.787687	0.7679	0.373366	0.274579
0.667666	0.787589	0.767817	0.373253	0.274531
0.667666	0.78749	0.767735	0.37314	0.274385
0.668166	0.78749	0.767817	0.373518	0.274352
0.668166	0.787391	0.767735	0.373405	0.274126
0.668166	0.787293	0.767653	0.373292	0.27411
0.668166	0.787194	0.76757	0.37318	0.273818
0.668666	0.787194	0.767653	0.373557	0.27377
0.668666	0.787096	0.76757	0.373445	0.273767
0.668666	0.786997	0.767488	0.373332	0.273551
0.668666	0.786898	0.767405	0.37322	0.273551
0.668666	0.7868	0.767323	0.373107	0.273487
0.668666	0.786701	0.767241	0.372995	0.273443
0.668666	0.786602	0.767158	0.372882	0.27309
0.669165	0.786602	0.767241	0.37326	0.273058
0.669165	0.786504	0.767158	0.373147	0.273016
0.669165	0.786405	0.767076	0.373035	0.272941
0.669665	0.786405	0.767158	0.373412	0.272908
0.669665	0.786306	0.767076	0.3733	0.27289
0.669665	0.786208	0.766993	0.373188	0.27277
0.669665	0.786109	0.766911	0.373075	0.272705
0.669665	0.78601	0.766829	0.372963	0.272703
0.669665	0.785912	0.766746	0.372851	0.272684
0.669665	0.785813	0.766664	0.372738	0.272564
0.669665	0.785714	0.766582	0.372626	0.272552
0.670165	0.785714	0.766664	0.373004	0.272529
0.670165	0.785616	0.766582	0.372892	0.272525
0.670165	0.785517	0.766499	0.372779	0.272407
0.670165	0.785418	0.766417	0.372667	0.272382
0.670665	0.785418	0.766499	0.373045	0.272298
0.670665	0.78532	0.766417	0.372933	0.272225
0.670665	0.785221	0.766334	0.372821	0.272213
0.670665	0.785122	0.766252	0.372709	0.272152
0.671164	0.785122	0.766334	0.373086	0.272151
0.671164	0.785024	0.766252	0.372974	0.271567
0.671164	0.784925	0.76617	0.372862	0.271536
0.671164	0.784826	0.766087	0.37275	0.271516
0.671164	0.784728	0.766005	0.372638	0.271474
0.671164	0.784629	0.765922	0.372526	0.271314
0.671164	0.78453	0.76584	0.372415	0.271247
0.671164	0.784432	0.765758	0.372303	0.271227
0.671664	0.784432	0.76584	0.37268	0.271168
0.671664	0.784333	0.765758	0.372568	0.271128
0.671664	0.784234	0.765675	0.372456	0.271109
0.671664	0.784136	0.765593	0.372345	0.271036
0.671664	0.784037	0.76551	0.372233	0.270898
0.671664	0.783938	0.765428	0.372122	0.270884
0.671664	0.78384	0.765346	0.37201	0.270876
0.671664	0.783741	0.765263	0.371898	0.270804
0.672164	0.783741	0.765346	0.372276	0.270781
0.672664	0.783741	0.765428	0.372653	0.270582
0.672664	0.783642	0.765346	0.372541	0.270578
0.672664	0.783544	0.765263	0.37243	0.270558
0.673163	0.783544	0.765346	0.372807	0.270477
0.673163	0.783445	0.765263	0.372695	0.270401
0.673663	0.783445	0.765346	0.373072	0.270343
0.673663	0.783346	0.765263	0.372961	0.270182
0.673663	0.783248	0.765181	0.372849	0.270105
0.673663	0.783149	0.765098	0.372738	0.270098
0.673663	0.783051	0.765016	0.372626	0.270015
0.673663	0.782952	0.764934	0.372515	0.27
0.674163	0.782952	0.765016	0.372892	0.269914
0.674663	0.782952	0.765098	0.373269	0.269888
0.674663	0.782853	0.765016	0.373158	0.269851
0.674663	0.782755	0.764934	0.373046	0.269794
0.674663	0.782656	0.764851	0.372935	0.269686
0.674663	0.782557	0.764769	0.372824	0.269622
0.674663	0.782459	0.764686	0.372713	0.269463
0.674663	0.78236	0.764604	0.372602	0.269408
0.674663	0.782261	0.764522	0.37249	0.269406
0.674663	0.782163	0.764439	0.372379	0.269351
0.675162	0.782163	0.764522	0.372756	0.269318
0.675162	0.782064	0.764439	0.372645	0.269135
0.675162	0.781965	0.764357	0.372534	0.268889
0.675162	0.781867	0.764275	0.372423	0.26867
0.675662	0.781867	0.764357	0.3728	0.268665
0.675662	0.781768	0.764275	0.372689	0.26856
0.675662	0.781669	0.764192	0.372578	0.268498
0.675662	0.781571	0.76411	0.372467	0.268494
0.676162	0.781571	0.764192	0.372844	0.268467
0.676162	0.781472	0.76411	0.372733	0.268354
0.676162	0.781373	0.764027	0.372622	0.268057
0.676662	0.781373	0.76411	0.372998	0.267966
0.676662	0.781275	0.764027	0.372888	0.267946
0.676662	0.781176	0.763945	0.372777	0.267934
0.676662	0.781077	0.763863	0.372666	0.267889
0.676662	0.780979	0.76378	0.372555	0.267837
0.677161	0.780979	0.763863	0.372932	0.267685
0.677161	0.78088	0.76378	0.372821	0.267653
0.677161	0.780781	0.763698	0.372711	0.267569
0.677161	0.780683	0.763615	0.3726	0.267435
0.677661	0.780683	0.763698	0.372976	0.267433
0.677661	0.780584	0.763615	0.372866	0.267363
0.677661	0.780485	0.763533	0.372755	0.267351
0.677661	0.780387	0.763451	0.372645	0.267328
0.677661	0.780288	0.763368	0.372534	0.267232
0.677661	0.780189	0.763286	0.372424	0.267061
0.678161	0.780189	0.763368	0.3728	0.267036
0.678161	0.780091	0.763286	0.37269	0.266984
0.678661	0.780091	0.763368	0.373066	0.266966
0.678661	0.779992	0.763286	0.372955	0.266885
0.67916	0.779992	0.763368	0.373332	0.266711
0.67916	0.779893	0.763286	0.373221	0.2667
0.67916	0.779795	0.763203	0.373111	0.266609
0.67916	0.779696	0.763121	0.373001	0.266355
0.67966	0.779696	0.763203	0.373377	0.266198
0.68016	0.779696	0.763286	0.373753	0.266121
0.68016	0.779597	0.763203	0.373643	0.266113
0.68016	0.779499	0.763121	0.373532	0.266
0.68066	0.779499	0.763203	0.373908	0.265936
0.68066	0.7794	0.763121	0.373798	0.265861
0.681159	0.7794	0.763203	0.374174	0.265815
0.681159	0.779301	0.763121	0.374064	0.26573
0.681159	0.779203	0.763039	0.373954	0.265475
0.681659	0.779203	0.763121	0.37433	0.265466
0.681659	0.779104	0.763039	0.374219	0.265451
0.682159	0.779104	0.763121	0.374595	0.265396
0.682159	0.779006	0.763039	0.374485	0.264777
0.682159	0.778907	0.762956	0.374375	0.264715
0.682159	0.778808	0.762874	0.374265	0.264524
0.682159	0.77871	0.762791	0.374155	0.264519
0.682159	0.778611	0.762709	0.374045	0.2643
0.682159	0.778512	0.762627	0.373935	0.264269
0.682159	0.778414	0.762544	0.373825	0.264121
0.682159	0.778315	0.762462	0.373715	0.263974
0.682159	0.778216	0.76238	0.373605	0.263945
0.682159	0.778118	0.762297	0.373495	0.263924
0.682159	0.778019	0.762215	0.373386	0.263857
0.682159	0.77792	0.762132	0.373276	0.263463
0.682159	0.777822	0.76205	0.373166	0.263417
0.682159	0.777723	0.761968	0.373056	0.263189
0.682159	0.777624	0.761885	0.372947	0.263051
0.682159	0.777526	0.761803	0.372837	0.263041
0.682159	0.777427	0.76172	0.372728	0.263016
0.682159	0.777328	0.761638	0.372618	0.26294
0.682159	0.77723	0.761556	0.372508	0.262716
0.682159	0.777131	0.761473	0.372399	0.262597
0.682159	0.777032	0.761391	0.372289	0.262455
0.682159	0.776934	0.761308	0.37218	0.262438
0.682659	0.776934	0.761391	0.372556	0.262371
0.682659	0.776835	0.761308	0.372446	0.262335
0.682659	0.776736	0.761226	0.372337	0.262333
0.682659	0.776638	0.761144	0.372227	0.262329
0.683158	0.776638	0.761226	0.372603	0.262173
0.683158	0.776539	0.761144	0.372494	0.262132
0.683158	0.77644	0.761061	0.372384	0.262066
0.683658	0.77644	0.761144	0.37276	0.261924
0.683658	0.776342	0.761061	0.372651	0.261912
0.683658	0.776243	0.760979	0.372541	0.261649
0.683658	0.776144	0.760896	0.372432	0.261457
0.683658	0.776046	0.760814	0.372323	0.261299
0.683658	0.775947	0.760732	0.372214	0.261287
0.683658	0.775848	0.760649	0.372105	0.261256
0.684158	0.775848	0.760732	0.37248	0.261163
0.684158	0.77575	0.760649	0.372371	0.260901
0.684158	0.775651	0.760567	0.372262	0.260818
0.684158	0.775552	0.760484	0.372153	0.260784
0.684158	0.775454	0.760402	0.372044	0.26077
0.684158	0.775355	0.76032	0.371935	0.260698
0.684158	0.775257	0.760237	0.371826	0.260532
0.684158	0.775158	0.760155	0.371717	0.260435
0.684658	0.775158	0.760237	0.372092	0.26043
0.684658	0.775059	0.760155	0.371984	0.259966
0.684658	0.774961	0.760073	0.371875	0.259954
0.684658	0.774862	0.75999	0.371766	0.259947
0.684658	0.774763	0.759908	0.371657	0.259937
0.684658	0.774665	0.759825	0.371548	0.259925
0.684658	0.774566	0.759743	0.37144	0.259844
0.684658	0.774467	0.759661	0.371331	0.259813
0.684658	0.774369	0.759578	0.371222	0.259745
0.684658	0.77427	0.759496	0.371114	0.259738
0.684658	0.774171	0.759413	0.371005	0.259612
0.684658	0.774073	0.759331	0.370896	0.25961
0.684658	0.773974	0.759249	0.370788	0.259463
0.684658	0.773875	0.759166	0.370679	0.259405
0.684658	0.773777	0.759084	0.370571	0.259403
0.685157	0.773777	0.759166	0.370946	0.259389
0.685157	0.773678	0.759084	0.370838	0.259304
0.685157	0.773579	0.759001	0.370729	0.259233
0.685157	0.773481	0.758919	0.370621	0.259232
0.685157	0.773382	0.758837	0.370512	0.259074
0.685157	0.773283	0.758754	0.370404	0.259071
0.685657	0.773283	0.758837	0.370779	0.259045
0.685657	0.773185	0.758754	0.370671	0.258728
0.685657	0.773086	0.758672	0.370563	0.258704
0.685657	0.772987	0.758589	0.370454	0.258616
0.685657	0.772889	0.758507	0.370346	0.258586
0.686157	0.772889	0.758589	0.370721	0.258572
0.686157	0.77279	0.758507	0.370613	0.258499
0.686157	0.772691	0.758425	0.370505	0.258482
0.686157	0.772593	0.758342	0.370397	0.258479
0.686157	0.772494	0.75826	0.370289	0.258472
0.686157	0.772395	0.758177	0.370181	0.258361
0.686157	0.772297	0.758095	0.370073	0.258269
0.686157	0.772198	0.758013	0.369965	0.258038
0.686157	0.772099	0.75793	0.369857	0.257712
0.686657	0.772099	0.758013	0.370232	0.257693
0.686657	0.772001	0.75793	0.370124	0.257602
0.686657	0.771902	0.757848	0.370016	0.257588
0.686657	0.771803	0.757766	0.369908	0.257391
0.686657	0.771705	0.757683	0.3698	0.257382
0.686657	0.771606	0.757601	0.369692	0.257341
0.686657	0.771507	0.757518	0.369584	0.257337
0.686657	0.771409	0.757436	0.369477	0.257324
0.686657	0.77131	0.757354	0.369369	0.257242
0.686657	0.771212	0.757271	0.369261	0.257073
0.686657	0.771113	0.757189	0.369153	0.257072
0.686657	0.771014	0.757106	0.369046	0.257071
0.686657	0.770916	0.757024	0.368938	0.25704
0.686657	0.770817	0.756942	0.368831	0.257012
0.686657	0.770718	0.756859	0.368723	0.256919
0.686657	0.77062	0.756777	0.368615	0.256894
0.686657	0.770521	0.756694	0.368508	0.256801
0.687156	0.770521	0.756777	0.368883	0.256758
0.687156	0.770422	0.756694	0.368775	0.256686
0.687156	0.770324	0.756612	0.368668	0.256492
0.687156	0.770225	0.75653	0.36856	0.256383
0.687156	0.770126	0.756447	0.368453	0.256075
0.687156	0.770028	0.756365	0.368346	0.256026
0.687156	0.769929	0.756282	0.368238	0.255987
0.687156	0.76983	0.7562	0.368131	0.255864
0.687156	0.769732	0.756118	0.368024	0.255834
0.687156	0.769633	0.756035	0.367917	0.255685
0.687656	0.769633	0.756118	0.368291	0.255678
0.687656	0.769534	0.756035	0.368184	0.255614
0.688156	0.769534	0.756118	0.368559	0.255604
0.688156	0.769436	0.756035	0.368452	0.255512
0.688156	0.769337	0.755953	0.368345	0.255473
0.688156	0.769238	0.75587	0.368237	0.255427
0.688156	0.76914	0.755788	0.36813	0.255378
0.688156	0.769041	0.755706	0.368023	0.255165
0.688156	0.768942	0.755623	0.367916	0.255131
0.688156	0.768844	0.755541	0.367809	0.255067
0.688156	0.768745	0.755459	0.367702	0.255022
0.688156	0.768646	0.755376	0.367595	0.254935
0.688656	0.768646	0.755459	0.36797	0.254751
0.688656	0.768548	0.755376	0.367863	0.254724
0.688656	0.768449	0.755294	0.367756	0.254683
0.688656	0.76835	0.755211	0.367649	0.254418
0.688656	0.768252	0.755129	0.367542	0.254342
0.688656	0.768153	0.755047	0.367436	0.254304
0.688656	0.768054	0.754964	0.367329	0.254244
0.688656	0.767956	0.754882	0.367222	0.254202
0.688656	0.767857	0.754799	0.367115	0.25416
0.688656	0.767758	0.754717	0.367009	0.254148
0.688656	0.76766	0.754635	0.366902	0.25414
0.689155	0.76766	0.754717	0.367276	0.253981
0.689655	0.76766	0.754799	0.367651	0.253945
0.689655	0.767463	0.754635	0.367438	0.253935
0.689655	0.767364	0.754552	0.367331	0.253935
0.689655	0.767265	0.75447	0.367225	0.253761
0.690155	0.767265	0.754552	0.367599	0.253664
0.690155	0.767167	0.75447	0.367492	0.253583
0.690155	0.767068	0.754387	0.367386	0.253542
0.690155	0.766969	0.754305	0.367279	0.253413
0.690155	0.766871	0.754223	0.367173	0.253406
0.690155	0.766772	0.75414	0.367067	0.253396
0.690655	0.766772	0.754223	0.367441	0.253385
0.690655	0.766673	0.75414	0.367335	0.253367
0.691154	0.766673	0.754223	0.367709	0.253307
0.691154	0.766575	0.75414	0.367602	0.253277
0.691154	0.766476	0.754058	0.367496	0.253131
0.691154	0.766377	0.753975	0.36739	0.253011
0.691654	0.766377	0.754058	0.367764	0.253009
0.691654	0.766279	0.753975	0.367658	0.252955
0.691654	0.76618	0.753893	0.367551	0.252621
0.691654	0.766081	0.753811	0.367445	0.252614
0.691654	0.765983	0.753728	0.367339	0.252506
0.691654	0.765884	0.753646	0.367233	0.252301
0.691654	0.765785	0.753563	0.367127	0.252292
0.691654	0.765687	0.753481	0.367021	0.252079
0.691654	0.765588	0.753399	0.366915	0.252074
0.692154	0.765588	0.753481	0.367289	0.252019
0.692154	0.765489	0.753399	0.367183	0.252006
0.692154	0.765391	0.753316	0.367077	0.252004
0.692154	0.765292	0.753234	0.366971	0.251893
0.692154	0.765193	0.753152	0.366865	0.251879
0.692154	0.765095	0.753069	0.366759	0.251802
0.692154	0.764996	0.752987	0.366653	0.251776
0.692154	0.764897	0.752904	0.366547	0.251722
0.692154	0.764799	0.752822	0.366441	0.251667
0.692154	0.7647	0.75274	0.366335	0.251539
0.692154	0.764601	0.752657	0.366229	0.251364
0.692654	0.764601	0.75274	0.366603	0.251214
0.692654	0.764503	0.752657	0.366498	0.251181
0.692654	0.764404	0.752575	0.366392	0.251179
0.692654	0.764305	0.752492	0.366286	0.251089
0.692654	0.764207	0.75241	0.366181	0.251036
0.693153	0.764207	0.752492	0.366555	0.251006
0.693153	0.764108	0.75241	0.366449	0.250886
0.693653	0.764108	0.752492	0.366823	0.250829
0.693653	0.764009	0.75241	0.366717	0.250795
0.693653	0.763911	0.752328	0.366612	0.250673
0.693653	0.763812	0.752245	0.366506	0.250616
0.693653	0.763713	0.752163	0.3664	0.25061
0.693653	0.763615	0.75208	0.366295	0.250575
0.693653	0.763516	0.751998	0.366189	0.250498
0.693653	0.763418	0.751916	0.366084	0.250414
0.693653	0.763319	0.751833	0.365979	0.250385
0.693653	0.76322	0.751751	0.365873	0.25026
0.693653	0.763122	0.751668	0.365768	0.250217
0.693653	0.763023	0.751586	0.365662	0.250185
0.693653	0.762924	0.751504	0.365557	0.25014
0.693653	0.762826	0.751421	0.365452	0.250084
0.693653	0.762727	0.751339	0.365347	0.250007
0.693653	0.762628	0.751256	0.365241	0.24999
0.693653	0.76253	0.751174	0.365136	0.24998
0.693653	0.762431	0.751092	0.365031	0.249746
0.693653	0.762332	0.751009	0.364926	0.249736
0.693653	0.762234	0.750927	0.364821	0.24971
0.694153	0.762234	0.751009	0.365194	0.249655
0.694153	0.762135	0.750927	0.365089	0.249494
0.694653	0.762135	0.751009	0.365463	0.249493
0.695152	0.762135	0.751092	0.365837	0.249318
0.695152	0.762036	0.751009	0.365732	0.249316
0.695152	0.761938	0.750927	0.365627	0.24924
0.695152	0.761839	0.750845	0.365521	0.249229
0.695652	0.761839	0.750927	0.365895	0.249186
0.696152	0.761839	0.751009	0.366269	0.249069
0.696652	0.761839	0.751092	0.366642	0.248985
0.696652	0.76174	0.751009	0.366537	0.248859
0.696652	0.761642	0.750927	0.366432	0.248838
0.697151	0.761642	0.751009	0.366806	0.248809
0.697151	0.761543	0.750927	0.366701	0.248754
0.697151	0.761444	0.750845	0.366596	0.248746
0.697651	0.761444	0.750927	0.366969	0.248656
0.697651	0.761346	0.750845	0.366864	0.248654
0.697651	0.761247	0.750762	0.366759	0.248631
0.697651	0.761148	0.75068	0.366655	0.248612
0.697651	0.76105	0.750597	0.36655	0.248576
0.697651	0.760951	0.750515	0.366445	0.24839
0.697651	0.760852	0.750433	0.36634	0.248275
0.697651	0.760754	0.75035	0.366235	0.248265
0.697651	0.760655	0.750268	0.366131	0.248166
0.697651	0.760556	0.750185	0.366026	0.248164
0.697651	0.760458	0.750103	0.365921	0.248132
0.697651	0.760359	0.750021	0.365817	0.247852
0.697651	0.76026	0.749938	0.365712	0.24785
0.697651	0.760162	0.749856	0.365608	0.247791
0.697651	0.760063	0.749773	0.365503	0.247709
0.698151	0.760063	0.749856	0.365876	0.247585
0.698651	0.760063	0.749938	0.36625	0.247559
0.69915	0.760063	0.750021	0.366623	0.247523
0.69915	0.759964	0.749938	0.366518	0.247332
0.69915	0.759866	0.749856	0.366414	0.247286
0.69915	0.759767	0.749773	0.366309	0.247211
0.69915	0.759669	0.749691	0.366205	0.24721
0.69915	0.75957	0.749609	0.3661	0.247206
0.69915	0.759471	0.749526	0.365996	0.247018
0.69965	0.759471	0.749609	0.366369	0.246943
0.70015	0.759471	0.749691	0.366742	0.246923
0.70015	0.759373	0.749609	0.366638	0.246876
0.70015	0.759274	0.749526	0.366534	0.246824
0.70015	0.759175	0.749444	0.366429	0.246818
0.70065	0.759175	0.749526	0.366802	0.246813
0.70065	0.759077	0.749444	0.366698	0.246719
0.70065	0.758978	0.749361	0.366594	0.24649
0.70065	0.758879	0.749279	0.36649	0.246391
0.70065	0.758781	0.749197	0.366385	0.246365
0.70065	0.758682	0.749114	0.366281	0.246356
0.701149	0.758682	0.749197	0.366654	0.246029
0.701149	0.758583	0.749114	0.36655	0.246008
0.701149	0.758485	0.749032	0.366446	0.245906
0.701649	0.758485	0.749114	0.366819	0.245802
0.701649	0.758386	0.749032	0.366715	0.245793
0.701649	0.758287	0.748949	0.366611	0.245715
0.701649	0.758189	0.748867	0.366507	0.24571
0.702149	0.758189	0.748949	0.366879	0.245692
0.702649	0.758189	0.749032	0.367252	0.245662
0.702649	0.75809	0.748949	0.367148	0.245577
0.703148	0.75809	0.749032	0.367521	0.245392
0.703648	0.75809	0.749114	0.367894	0.245391
0.703648	0.757991	0.749032	0.36779	0.245245
0.703648	0.757893	0.748949	0.367686	0.245156
0.703648	0.757794	0.748867	0.367582	0.244929
0.704148	0.757794	0.748949	0.367955	0.244913
0.704148	0.757695	0.748867	0.367851	0.24487
0.704148	0.757597	0.748785	0.367747	0.244714
0.704148	0.757498	0.748702	0.367643	0.244442
0.704148	0.757399	0.74862	0.367539	0.244359
0.704148	0.757301	0.748538	0.367435	0.244335
0.704148	0.757202	0.748455	0.367331	0.244239
0.704648	0.757202	0.748538	0.367704	0.244218
0.704648	0.757103	0.748455	0.3676	0.244145
0.704648	0.757005	0.748373	0.367496	0.244084
0.704648	0.756906	0.74829	0.367393	0.243997
0.705147	0.756906	0.748373	0.367765	0.243908
0.705647	0.756906	0.748455	0.368138	0.243874
0.706147	0.756906	0.748538	0.36851	0.243872
0.706147	0.756807	0.748455	0.368407	0.243811
0.706147	0.756709	0.748373	0.368303	0.243757
0.706147	0.75661	0.74829	0.368199	0.243749
0.706647	0.75661	0.748373	0.368572	0.243636
0.707146	0.75661	0.748455	0.368944	0.243555
0.707646	0.75661	0.748538	0.369316	0.243512
0.707646	0.756511	0.748455	0.369213	0.243455
0.707646	0.756413	0.748373	0.369109	0.243344
0.707646	0.756314	0.74829	0.369006	0.243312
0.707646	0.756215	0.748208	0.368902	0.243268
0.707646	0.756117	0.748126	0.368799	0.243261
0.707646	0.756018	0.748043	0.368695	0.243243
0.707646	0.755919	0.747961	0.368591	0.243086
0.707646	0.755821	0.747878	0.368488	0.243083
0.707646	0.755722	0.747796	0.368385	0.242811
0.707646	0.755624	0.747714	0.368281	0.242703
0.707646	0.755525	0.747631	0.368178	0.242607
0.707646	0.755426	0.747549	0.368074	0.242535
0.707646	0.755328	0.747466	0.367971	0.242514
0.708146	0.755328	0.747549	0.368343	0.242418
0.708146	0.755229	0.747466	0.36824	0.242403
0.708146	0.75513	0.747384	0.368137	0.24235
0.708646	0.75513	0.747466	0.368509	0.242178
0.708646	0.755032	0.747384	0.368406	0.242128
0.708646	0.754933	0.747302	0.368303	0.241933
0.709145	0.754933	0.747384	0.368675	0.241863
0.709645	0.754933	0.747466	0.369047	0.241839
0.709645	0.754834	0.747384	0.368944	0.241703
0.709645	0.754736	0.747302	0.368841	0.241677
0.710145	0.754736	0.747384	0.369213	0.2415
0.710645	0.754736	0.747466	0.369585	0.241459
0.710645	0.754637	0.747384	0.369482	0.241228
0.710645	0.754538	0.747302	0.369378	0.241168
0.710645	0.75444	0.747219	0.369275	0.241155
0.711144	0.75444	0.747302	0.369647	0.241115
0.711144	0.754341	0.747219	0.369544	0.240983
0.711144	0.754242	0.747137	0.369441	0.240948
0.711644	0.754242	0.747219	0.369813	0.240885
0.711644	0.754144	0.747137	0.36971	0.240811
0.711644	0.754045	0.747054	0.369607	0.240694
0.711644	0.753946	0.746972	0.369504	0.240621
0.711644	0.753848	0.74689	0.369401	0.240526
0.711644	0.753749	0.746807	0.369298	0.24052
0.711644	0.75365	0.746725	0.369195	0.240497
0.712144	0.75365	0.746807	0.369567	0.240494
0.712144	0.753552	0.746725	0.369464	0.240448
0.712644	0.753552	0.746807	0.369836	0.240413
0.712644	0.753453	0.746725	0.369733	0.240356
0.712644	0.753354	0.746642	0.36963	0.240248
0.712644	0.753256	0.74656	0.369528	0.240233
0.712644	0.753157	0.746478	0.369425	0.24019
0.712644	0.753058	0.746395	0.369322	0.240099
0.712644	0.75296	0.746313	0.369219	0.240043
0.712644	0.752861	0.746231	0.369117	0.239959
0.713143	0.752861	0.746313	0.369488	0.239862
0.713143	0.752762	0.746231	0.369386	0.239734
0.713143	0.752664	0.746148	0.369283	0.239728
0.713643	0.752664	0.746231	0.369655	0.239628
0.713643	0.752565	0.746148	0.369552	0.23953
0.714143	0.752565	0.746231	0.369924	0.239292
0.714143	0.752466	0.746148	0.369821	0.239123
0.714143	0.752368	0.746066	0.369719	0.239089
0.714143	0.752269	0.745983	0.369616	0.238887
0.714143	0.75217	0.745901	0.369514	0.238872
0.714143	0.752072	0.745819	0.369411	0.238721
0.714143	0.751973	0.745736	0.369309	0.238692
0.714643	0.751973	0.745819	0.36968	0.238689
0.714643	0.751875	0.745736	0.369578	0.23868
0.714643	0.751776	0.745654	0.369475	0.23853
0.714643	0.751677	0.745571	0.369373	0.238528
0.715142	0.751677	0.745654	0.369745	0.238492
0.715142	0.751579	0.745571	0.369642	0.238424
0.715642	0.751579	0.745654	0.370014	0.238385
0.716142	0.751579	0.745736	0.370385	0.238328
0.716142	0.75148	0.745654	0.370283	0.238265
0.716142	0.751381	0.745571	0.370181	0.238004
0.716642	0.751381	0.745654	0.370552	0.23788
0.717141	0.751381	0.745736	0.370924	0.237433
0.717141	0.751283	0.745654	0.370821	0.237179
0.717141	0.751184	0.745571	0.370719	0.237055
0.717141	0.751085	0.745489	0.370617	0.236965
0.717641	0.751085	0.745571	0.370988	0.236913
0.717641	0.750987	0.745489	0.370886	0.236881
0.718141	0.750987	0.745571	0.371257	0.236794
0.718141	0.750888	0.745489	0.371155	0.236564
0.718141	0.750789	0.745407	0.371053	0.236481
0.718141	0.750691	0.745324	0.370951	0.236366
0.718141	0.750592	0.745242	0.370848	0.236286
0.718141	0.750493	0.745159	0.370746	0.23626
0.718641	0.750493	0.745242	0.371118	0.236213
0.718641	0.750395	0.745159	0.371016	0.236189
0.718641	0.750296	0.745077	0.370913	0.235962
0.718641	0.750197	0.744995	0.370811	0.235748
0.718641	0.750099	0.744912	0.370709	0.235717
0.718641	0.75	0.74483	0.370607	0.235704
0.718641	0.749901	0.744747	0.370505	0.235639
0.718641	0.749803	0.744665	0.370404	0.235407
0.718641	0.749704	0.744583	0.370302	0.235168
0.718641	0.749605	0.7445	0.3702	0.235091
0.71914	0.749605	0.744583	0.370571	0.23508
0.71964	0.749605	0.744665	0.370942	0.235021
0.71964	0.749507	0.744583	0.37084	0.234894
0.71964	0.749408	0.7445	0.370738	0.234813
0.72014	0.749408	0.744583	0.37111	0.234741
0.72014	0.749309	0.7445	0.371008	0.234521
0.72014	0.749211	0.744418	0.370906	0.234396
0.72014	0.749112	0.744336	0.370804	0.234294
0.72014	0.749013	0.744253	0.370702	0.2341
0.72014	0.748915	0.744171	0.370601	0.233918
0.72014	0.748816	0.744088	0.370499	0.2339
0.72014	0.748717	0.744006	0.370397	0.233887
0.72064	0.748717	0.744088	0.370768	0.233852
0.72064	0.748619	0.744006	0.370667	0.233836
0.72064	0.74852	0.743924	0.370565	0.233679
0.72064	0.748421	0.743841	0.370464	0.233645
0.721139	0.748421	0.743924	0.370835	0.233632
0.721639	0.748421	0.744006	0.371206	0.233524
0.721639	0.748323	0.743924	0.371104	0.233305
0.721639	0.748224	0.743841	0.371002	0.233303
0.722139	0.748224	0.743924	0.371373	0.233298
0.722639	0.748224	0.744006	0.371744	0.233246
0.722639	0.748125	0.743924	0.371643	0.233079
0.723138	0.748125	0.744006	0.372014	0.233047
0.723138	0.748027	0.743924	0.371912	0.233004
0.723138	0.747928	0.743841	0.371811	0.232863
0.723138	0.74783	0.743759	0.371709	0.232808
0.723138	0.747731	0.743676	0.371608	0.232769
0.723138	0.747632	0.743594	0.371506	0.23264
0.723138	0.747534	0.743512	0.371405	0.232379
0.723638	0.747534	0.743594	0.371776	0.232203
0.723638	0.747435	0.743512	0.371674	0.232148
0.724138	0.747435	0.743594	0.372045	0.231961
0.724138	0.747336	0.743512	0.371944	0.231882
0.724638	0.747336	0.743594	0.372315	0.231825
0.724638	0.747238	0.743512	0.372213	0.231623
0.725137	0.747238	0.743594	0.372584	0.231622
0.725137	0.747139	0.743512	0.372483	0.231299
0.725137	0.74704	0.743429	0.372381	0.23118
0.725637	0.74704	0.743512	0.372752	0.231176
0.725637	0.746942	0.743429	0.372651	0.231164
0.726137	0.746942	0.743512	0.373021	0.231162
0.726137	0.746843	0.743429	0.37292	0.231042
0.726137	0.746744	0.743347	0.372819	0.230943
0.726137	0.746646	0.743264	0.372718	0.230903
0.726637	0.746646	0.743347	0.373088	0.230833
0.726637	0.746547	0.743264	0.372987	0.230735
0.726637	0.746448	0.743182	0.372886	0.23072
0.726637	0.74635	0.7431	0.372785	0.23072
0.727136	0.74635	0.743182	0.373156	0.23044
0.727136	0.746251	0.7431	0.373055	0.230335
0.727136	0.746152	0.743017	0.372953	0.230224
0.727136	0.746054	0.742935	0.372852	0.230032
0.727136	0.745955	0.742852	0.372751	0.229997
0.727636	0.745955	0.742935	0.373122	0.229961
0.727636	0.745856	0.742852	0.373021	0.229953
0.727636	0.745758	0.74277	0.37292	0.229922
0.727636	0.745659	0.742688	0.372819	0.229741
0.727636	0.74556	0.742605	0.372718	0.229655
0.728136	0.74556	0.742688	0.373089	0.229584
0.728636	0.74556	0.74277	0.373459	0.22956
0.728636	0.745462	0.742688	0.373358	0.229413
0.728636	0.745363	0.742605	0.373257	0.229357
0.729135	0.745363	0.742688	0.373628	0.229338
0.729135	0.745264	0.742605	0.373527	0.229311
0.729635	0.745264	0.742688	0.373897	0.229224
0.729635	0.745166	0.742605	0.373796	0.228935
0.730135	0.745166	0.742688	0.374167	0.228915
0.730135	0.745067	0.742605	0.374066	0.228784
0.730635	0.745067	0.742688	0.374436	0.228779
0.730635	0.744968	0.742605	0.374335	0.228479
0.731134	0.744968	0.742688	0.374705	0.228459
0.731134	0.74487	0.742605	0.374605	0.228402
0.731634	0.74487	0.742688	0.374975	0.22813
0.731634	0.744771	0.742605	0.374874	0.227914
0.731634	0.744672	0.742523	0.374773	0.22789
0.732134	0.744672	0.742605	0.375144	0.227885
0.732134	0.744574	0.742523	0.375043	0.227879
0.732134	0.744475	0.74244	0.374942	0.227788
0.732134	0.744376	0.742358	0.374842	0.227694
0.732634	0.744376	0.74244	0.375212	0.227664
0.732634	0.744278	0.742358	0.375111	0.227579
0.732634	0.744179	0.742276	0.37501	0.227564
0.732634	0.744081	0.742193	0.37491	0.22747
0.732634	0.743982	0.742111	0.374809	0.227408
0.732634	0.743883	0.742029	0.374709	0.227313
0.732634	0.743785	0.741946	0.374608	0.227259
0.732634	0.743686	0.741864	0.374508	0.22724
0.733133	0.743686	0.741946	0.374878	0.227101
0.733133	0.743587	0.741864	0.374777	0.227097
0.733633	0.743587	0.741946	0.375147	0.227055
0.734133	0.743587	0.742029	0.375517	0.227002
0.734133	0.743489	0.741946	0.375417	0.226822
0.734133	0.74339	0.741864	0.375317	0.226817
0.734133	0.743291	0.741781	0.375216	0.226682
0.734133	0.743193	0.741699	0.375116	0.226607
0.734633	0.743193	0.741781	0.375486	0.226589
0.734633	0.743094	0.741699	0.375385	0.226482
0.735132	0.743094	0.741781	0.375755	0.226431
0.735132	0.742995	0.741699	0.375655	0.226427
0.735132	0.742897	0.741617	0.375555	0.226423
0.735132	0.742798	0.741534	0.375454	0.226351
0.735132	0.742699	0.741452	0.375354	0.226018
0.735132	0.742601	0.741369	0.375254	0.225785
0.735132	0.742502	0.741287	0.375154	0.225756
0.735132	0.742403	0.741205	0.375054	0.225708
0.735132	0.742305	0.741122	0.374954	0.225395
0.735632	0.742305	0.741205	0.375323	0.225375
0.735632	0.742206	0.741122	0.375223	0.225265
0.736132	0.742206	0.741205	0.375593	0.22498
0.736132	0.742107	0.741122	0.375493	0.224978
0.736132	0.742009	0.74104	0.375393	0.224882
0.736632	0.742009	0.741122	0.375763	0.224822
0.737131	0.742009	0.741205	0.376132	0.224753
0.737131	0.74191	0.741122	0.376032	0.224603
0.737131	0.741811	0.74104	0.375932	0.224574
0.737631	0.741811	0.741122	0.376302	0.224524
0.737631	0.741713	0.74104	0.376202	0.224387
0.737631	0.741614	0.740957	0.376102	0.224292
0.737631	0.741515	0.740875	0.376002	0.224239
0.737631	0.741417	0.740793	0.375902	0.224195
0.737631	0.741318	0.74071	0.375802	0.22416
0.737631	0.741219	0.740628	0.375702	0.223997
0.737631	0.741121	0.740545	0.375603	0.223887
0.737631	0.741022	0.740463	0.375503	0.223859
0.737631	0.740923	0.740381	0.375403	0.223785
0.737631	0.740825	0.740298	0.375303	0.223594
0.737631	0.740726	0.740216	0.375203	0.223425
0.738131	0.740726	0.740298	0.375573	0.223299
0.738131	0.740627	0.740216	0.375473	0.223278
0.738131	0.740529	0.740133	0.375374	0.223077
0.738131	0.74043	0.740051	0.375274	0.223033
0.738131	0.740331	0.739969	0.375174	0.222958
0.738131	0.740233	0.739886	0.375075	0.222937
0.738131	0.740134	0.739804	0.374975	0.222747
0.738631	0.740134	0.739886	0.375344	0.222739
0.738631	0.740036	0.739804	0.375245	0.222595
0.738631	0.739937	0.739722	0.375145	0.222467
0.73913	0.739937	0.739804	0.375515	0.222466
0.73913	0.739838	0.739722	0.375415	0.222407
0.73913	0.73974	0.739639	0.375316	0.222374
0.73913	0.739641	0.739557	0.375216	0.222258
0.73913	0.739542	0.739474	0.375117	0.222228
0.73913	0.739444	0.739392	0.375017	0.222183
0.73913	0.739345	0.73931	0.374918	0.221884
0.73913	0.739246	0.739227	0.374819	0.221751
0.73963	0.739246	0.73931	0.375188	0.221656
0.73963	0.739148	0.739227	0.375089	0.221579
0.73963	0.739049	0.739145	0.374989	0.221551
0.74013	0.739049	0.739227	0.375359	0.221508
0.74013	0.73895	0.739145	0.375259	0.221462
0.74013	0.738852	0.739062	0.37516	0.221462
0.74013	0.738753	0.73898	0.375061	0.221427
0.74013	0.738654	0.738898	0.374962	0.221424
0.74013	0.738556	0.738815	0.374862	0.221374
0.74013	0.738457	0.738733	0.374763	0.22135
0.74013	0.738358	0.73865	0.374664	0.221318
0.74013	0.73826	0.738568	0.374565	0.221298
0.74013	0.738161	0.738486	0.374466	0.2211
0.74063	0.738161	0.738568	0.374835	0.221099
0.741129	0.738161	0.73865	0.375204	0.220977
0.741629	0.738161	0.738733	0.375574	0.220908
0.741629	0.738062	0.73865	0.375475	0.220765
0.741629	0.737964	0.738568	0.375375	0.220653
0.742129	0.737964	0.73865	0.375745	0.220582
0.742129	0.737865	0.738568	0.375646	0.220565
0.742129	0.737766	0.738486	0.375547	0.220492
0.742129	0.737668	0.738403	0.375448	0.220438
0.742629	0.737668	0.738486	0.375817	0.220423
0.743128	0.737668	0.738568	0.376186	0.220391
0.743128	0.737569	0.738486	0.376087	0.220374
0.743128	0.73747	0.738403	0.375988	0.220258
0.743628	0.73747	0.738486	0.376357	0.220179
0.744128	0.73747	0.738568	0.376726	0.219957
0.744128	0.737372	0.738486	0.376627	0.219931
0.744128	0.737273	0.738403	0.376528	0.219906
0.744128	0.737174	0.738321	0.376429	0.219859
0.744128	0.737076	0.738238	0.376331	0.219774
0.744628	0.737076	0.738321	0.3767	0.219774
0.744628	0.736977	0.738238	0.376601	0.219752
0.745127	0.736977	0.738321	0.37697	0.219585
0.745127	0.736878	0.738238	0.376871	0.219492
0.745127	0.73678	0.738156	0.376772	0.219396
0.745127	0.736681	0.738074	0.376673	0.219313
0.745127	0.736582	0.737991	0.376575	0.219113
0.745627	0.736582	0.738074	0.376944	0.219105
0.745627	0.736484	0.737991	0.376845	0.219074
0.745627	0.736385	0.737909	0.376746	0.219039
0.745627	0.736287	0.737826	0.376647	0.218898
0.745627	0.736188	0.737744	0.376549	0.218847
0.745627	0.736089	0.737662	0.37645	0.218804
0.745627	0.735991	0.737579	0.376351	0.218799
0.745627	0.735892	0.737497	0.376253	0.218716
0.746127	0.735892	0.737579	0.376622	0.218673
0.746127	0.735793	0.737497	0.376523	0.218501
0.746127	0.735695	0.737415	0.376425	0.218473
0.746627	0.735695	0.737497	0.376794	0.218409
0.746627	0.735596	0.737415	0.376695	0.218385
0.746627	0.735497	0.737332	0.376596	0.218279
0.747126	0.735497	0.737415	0.376965	0.218248
0.747126	0.735399	0.737332	0.376867	0.218134
0.747126	0.7353	0.73725	0.376768	0.217925
0.747626	0.7353	0.737332	0.377137	0.217916
0.747626	0.735201	0.73725	0.377039	0.217856
0.748126	0.735201	0.737332	0.377408	0.217829
0.748126	0.735103	0.73725	0.377309	0.21781
0.748126	0.735004	0.737167	0.377211	0.217401
0.748126	0.734905	0.737085	0.377112	0.217379
0.748126	0.734807	0.737003	0.377014	0.21726
0.748126	0.734708	0.73692	0.376916	0.217251
0.748126	0.734609	0.736838	0.376817	0.217241
0.748126	0.734511	0.736755	0.376719	0.21703
0.748126	0.734412	0.736673	0.376621	0.216866
0.748126	0.734313	0.736591	0.376522	0.216762
0.748126	0.734215	0.736508	0.376424	0.216753
0.748126	0.734116	0.736426	0.376326	0.216663
0.748626	0.734116	0.736508	0.376695	0.216627
0.748626	0.734017	0.736426	0.376597	0.216448
0.748626	0.733919	0.736343	0.376498	0.216299
0.748626	0.73382	0.736261	0.3764	0.216294
0.748626	0.733721	0.736179	0.376302	0.216277
0.748626	0.733623	0.736096	0.376204	0.216081
0.748626	0.733524	0.736014	0.376106	0.216065
0.748626	0.733425	0.735931	0.376008	0.215978
0.748626	0.733327	0.735849	0.37591	0.215942
0.748626	0.733228	0.735767	0.375812	0.215942
0.748626	0.733129	0.735684	0.375714	0.2159
0.748626	0.733031	0.735602	0.375616	0.215841
0.748626	0.732932	0.735519	0.375518	0.215803
0.748626	0.732833	0.735437	0.37542	0.215613
0.748626	0.732735	0.735355	0.375322	0.215469
0.749125	0.732735	0.735437	0.375691	0.21543
0.749125	0.732636	0.735355	0.375593	0.215409
0.749125	0.732537	0.735272	0.375495	0.215248
0.749125	0.732439	0.73519	0.375398	0.215124
0.749125	0.73234	0.735108	0.3753	0.215088
0.749125	0.732242	0.735025	0.375202	0.215075
0.749125	0.732143	0.734943	0.375104	0.215066
0.749125	0.732044	0.73486	0.375007	0.215011
0.749625	0.732044	0.734943	0.375375	0.214963
0.749625	0.731946	0.73486	0.375278	0.214931
0.749625	0.731847	0.734778	0.37518	0.214911
0.749625	0.731748	0.734696	0.375082	0.214722
0.750125	0.731748	0.734778	0.375451	0.214713
0.750125	0.73165	0.734696	0.375353	0.214681
0.750125	0.731551	0.734613	0.375256	0.214656
0.750125	0.731452	0.734531	0.375158	0.214616
0.750125	0.731354	0.734448	0.37506	0.214576
0.750125	0.731255	0.734366	0.374963	0.214394
0.750125	0.731156	0.734284	0.374865	0.214222
0.750125	0.731058	0.734201	0.374768	0.214131
0.750625	0.731058	0.734284	0.375136	0.214087
0.750625	0.730959	0.734201	0.375039	0.213865
0.750625	0.73086	0.734119	0.374942	0.213803
0.750625	0.730762	0.734036	0.374844	0.213774
0.751124	0.730762	0.734119	0.375213	0.213752
0.751124	0.730663	0.734036	0.375115	0.213682
0.751124	0.730564	0.733954	0.375018	0.213557
0.751624	0.730564	0.734036	0.375386	0.213554
0.752124	0.730564	0.734119	0.375755	0.213521
0.752124	0.730466	0.734036	0.375657	0.213451
0.752124	0.730367	0.733954	0.37556	0.213305
0.752624	0.730367	0.734036	0.375929	0.213187
0.752624	0.730268	0.733954	0.375831	0.213065
0.752624	0.73017	0.733872	0.375734	0.212975
0.752624	0.730071	0.733789	0.375637	0.212963
0.752624	0.729972	0.733707	0.375539	0.212849
0.752624	0.729874	0.733624	0.375442	0.212784
0.752624	0.729775	0.733542	0.375345	0.212644
0.752624	0.729676	0.73346	0.375248	0.21264
0.752624	0.729578	0.733377	0.375151	0.212203
0.752624	0.729479	0.733295	0.375054	0.212174
0.752624	0.72938	0.733212	0.374956	0.212156
0.753123	0.72938	0.733295	0.375325	0.21215
0.753123	0.729282	0.733212	0.375228	0.212104
0.753123	0.729183	0.73313	0.375131	0.212076
0.753123	0.729084	0.733048	0.375034	0.21206
0.753123	0.728986	0.732965	0.374937	0.212045
0.753123	0.728887	0.732883	0.37484	0.212007
0.753123	0.728788	0.732801	0.374743	0.212
0.753623	0.728788	0.732883	0.375111	0.211791
0.753623	0.72869	0.732801	0.375014	0.211672
0.753623	0.728591	0.732718	0.374917	0.211601
0.753623	0.728493	0.732636	0.37482	0.211312
0.753623	0.728394	0.732553	0.374723	0.211263
0.753623	0.728295	0.732471	0.374626	0.211253
0.753623	0.728197	0.732389	0.37453	0.211164
0.753623	0.728098	0.732306	0.374433	0.211031
0.754123	0.728098	0.732389	0.374801	0.211021
0.754123	0.727999	0.732306	0.374704	0.210761
0.754123	0.727901	0.732224	0.374607	0.210723
0.754123	0.727802	0.732141	0.374511	0.210577
0.754123	0.727703	0.732059	0.374414	0.210296
0.754623	0.727703	0.732141	0.374782	0.210205
0.754623	0.727605	0.732059	0.374685	0.210118
0.754623	0.727506	0.731977	0.374589	0.210008
0.754623	0.727407	0.731894	0.374492	0.209939
0.754623	0.727309	0.731812	0.374395	0.209908
0.754623	0.72721	0.731729	0.374299	0.209807
0.754623	0.727111	0.731647	0.374202	0.209687
0.754623	0.727013	0.731565	0.374106	0.209529
0.754623	0.726914	0.731482	0.374009	0.209499
0.755122	0.726914	0.731565	0.374377	0.209267
0.755122	0.726815	0.731482	0.374281	0.209158
0.755122	0.726717	0.7314	0.374184	0.209142
0.755122	0.726618	0.731317	0.374088	0.208753
0.755122	0.726519	0.731235	0.373991	0.208469
0.755122	0.726421	0.731153	0.373895	0.208461
0.755122	0.726322	0.73107	0.373798	0.208439
0.755122	0.726223	0.730988	0.373702	0.208346
0.755122	0.726125	0.730905	0.373606	0.2082
0.755122	0.726026	0.730823	0.373509	0.208132
0.755622	0.726026	0.730905	0.373877	0.208084
0.756122	0.726026	0.730988	0.374246	0.207944
0.756122	0.725927	0.730905	0.374149	0.207926
0.756122	0.725829	0.730823	0.374053	0.207892
0.756122	0.72573	0.730741	0.373957	0.207849
0.756122	0.725631	0.730658	0.37386	0.207833
0.756122	0.725533	0.730576	0.373764	0.207671
0.756122	0.725434	0.730494	0.373668	0.207523
0.756122	0.725335	0.730411	0.373572	0.207415
0.756122	0.725237	0.730329	0.373476	0.207325
0.756122	0.725138	0.730246	0.373379	0.207322
0.756122	0.725039	0.730164	0.373283	0.207069
0.756122	0.724941	0.730082	0.373187	0.206994
0.756122	0.724842	0.729999	0.373091	0.206956
0.756122	0.724743	0.729917	0.372995	0.206941
0.756122	0.724645	0.729834	0.372899	0.20682
0.756122	0.724546	0.729752	0.372803	0.206776
0.756122	0.724448	0.72967	0.372707	0.206768
0.756122	0.724349	0.729587	0.372611	0.206697
0.756122	0.72425	0.729505	0.372515	0.206694
0.756122	0.724152	0.729422	0.372419	0.206614
0.756122	0.724053	0.72934	0.372323	0.206587
0.756122	0.723954	0.729258	0.372227	0.206586
0.756122	0.723856	0.729175	0.372131	0.206345
0.756122	0.723757	0.729093	0.372035	0.206162
0.756122	0.723658	0.72901	0.37194	0.206157
0.756122	0.72356	0.728928	0.371844	0.206134
0.756122	0.723461	0.728846	0.371748	0.205952
0.756122	0.723362	0.728763	0.371652	0.205948
0.756122	0.723264	0.728681	0.371556	0.205929
0.756122	0.723165	0.728599	0.371461	0.205777
0.756122	0.723066	0.728516	0.371365	0.205769
0.756122	0.722968	0.728434	0.371269	0.205735
0.756122	0.722869	0.728351	0.371174	0.20564
0.756122	0.72277	0.728269	0.371078	0.2056
0.756122	0.722672	0.728187	0.370983	0.205584
0.756122	0.722573	0.728104	0.370887	0.205227
0.756122	0.722474	0.728022	0.370791	0.205143
0.756122	0.722376	0.727939	0.370696	0.20509
0.756122	0.722277	0.727857	0.3706	0.204925
0.756622	0.722277	0.727939	0.370968	0.20491
0.757121	0.722277	0.728022	0.371336	0.204899
0.757621	0.722277	0.728104	0.371704	0.204888
0.757621	0.722178	0.728022	0.371609	0.204787
0.757621	0.72208	0.727939	0.371513	0.20474
0.758121	0.72208	0.728022	0.371881	0.204647
0.758121	0.721981	0.727939	0.371786	0.20456
0.758121	0.721882	0.727857	0.37169	0.2044
0.758121	0.721784	0.727775	0.371595	0.204387
0.758121	0.721685	0.727692	0.3715	0.204295
0.758121	0.721586	0.72761	0.371404	0.204238
0.758121	0.721488	0.727527	0.371309	0.204099
0.758121	0.721389	0.727445	0.371213	0.204043
0.758121	0.72129	0.727363	0.371118	0.204007
0.758121	0.721192	0.72728	0.371023	0.203964
0.758121	0.721093	0.727198	0.370928	0.203742
0.758121	0.720994	0.727115	0.370832	0.203707
0.758121	0.720896	0.727033	0.370737	0.203699
0.758121	0.720797	0.726951	0.370642	0.203476
0.758621	0.720797	0.727033	0.37101	0.203468
0.758621	0.720699	0.726951	0.370915	0.203424
0.758621	0.7206	0.726868	0.370819	0.203364
0.758621	0.720501	0.726786	0.370724	0.203234
0.758621	0.720403	0.726703	0.370629	0.203015
0.758621	0.720304	0.726621	0.370534	0.202937
0.75912	0.720304	0.726703	0.370902	0.202908
0.75962	0.720304	0.726786	0.37127	0.202896
0.76012	0.720304	0.726868	0.371638	0.202879
0.76012	0.720205	0.726786	0.371543	0.202748
0.76012	0.720107	0.726703	0.371448	0.202742
0.76012	0.720008	0.726621	0.371352	0.202723
0.76012	0.719909	0.726539	0.371257	0.202704
0.76012	0.719811	0.726456	0.371162	0.2027
0.76012	0.719712	0.726374	0.371067	0.202699
0.76012	0.719613	0.726292	0.370973	0.202692
0.76012	0.719515	0.726209	0.370878	0.20269
0.76012	0.719416	0.726127	0.370783	0.202547
0.76012	0.719317	0.726044	0.370688	0.20251
0.76062	0.719317	0.726127	0.371056	0.202225
0.76062	0.719219	0.726044	0.370961	0.202223
0.76062	0.71912	0.725962	0.370866	0.202155
0.761119	0.71912	0.726044	0.371234	0.201914
0.761119	0.719021	0.725962	0.371139	0.201572
0.761119	0.718923	0.72588	0.371044	0.201472
0.761619	0.718923	0.725962	0.371412	0.201429
0.761619	0.718824	0.72588	0.371317	0.201324
0.761619	0.718725	0.725797	0.371222	0.201294
0.762119	0.718725	0.72588	0.37159	0.201285
0.762119	0.718627	0.725797	0.371495	0.201284
0.762119	0.718528	0.725715	0.3714	0.201275
0.762619	0.718528	0.725797	0.371768	0.201257
0.762619	0.718429	0.725715	0.371673	0.201106
0.762619	0.718331	0.725632	0.371579	0.200998
0.762619	0.718232	0.72555	0.371484	0.200806
0.762619	0.718133	0.725468	0.371389	0.200805
0.762619	0.718035	0.725385	0.371295	0.200804
0.762619	0.717936	0.725303	0.3712	0.200766
0.762619	0.717837	0.72522	0.371105	0.200757
0.762619	0.717739	0.725138	0.371011	0.200753
0.762619	0.71764	0.725056	0.370916	0.200724
0.763118	0.71764	0.725138	0.371284	0.200638
0.763618	0.71764	0.72522	0.371652	0.200579
0.763618	0.717541	0.725138	0.371557	0.200522
0.763618	0.717443	0.725056	0.371463	0.200513
0.764118	0.717443	0.725138	0.37183	0.200449
0.764118	0.717344	0.725056	0.371736	0.200203
0.764118	0.717245	0.724973	0.371641	0.200202
0.764118	0.717147	0.724891	0.371547	0.200201
0.764118	0.717048	0.724808	0.371452	0.200166
0.764118	0.716949	0.724726	0.371358	0.199811
0.764118	0.716851	0.724644	0.371264	0.19956
0.764618	0.716851	0.724726	0.371631	0.199456
0.764618	0.716752	0.724644	0.371537	0.199454
0.764618	0.716654	0.724561	0.371442	0.199418
0.764618	0.716555	0.724479	0.371348	0.199351
0.764618	0.716456	0.724396	0.371254	0.199245
0.764618	0.716358	0.724314	0.37116	0.199113
0.764618	0.716259	0.724232	0.371065	0.198863
0.764618	0.71616	0.724149	0.370971	0.198843
0.764618	0.716062	0.724067	0.370877	0.198731
0.764618	0.715963	0.723985	0.370783	0.198701
0.765117	0.715963	0.724067	0.37115	0.198672
0.765117	0.715864	0.723985	0.371056	0.198642
0.765117	0.715766	0.723902	0.370962	0.198552
0.765117	0.715667	0.72382	0.370868	0.198478
0.765117	0.715568	0.723737	0.370774	0.198459
0.765117	0.71547	0.723655	0.37068	0.198391
0.765117	0.715371	0.723573	0.370586	0.198362
0.765117	0.715272	0.72349	0.370491	0.198229
0.765617	0.715272	0.723573	0.370859	0.198222
0.765617	0.715174	0.72349	0.370765	0.198127
0.765617	0.715075	0.723408	0.370671	0.198117
0.765617	0.714976	0.723325	0.370577	0.198075
0.765617	0.714878	0.723243	0.370483	0.198057
0.765617	0.714779	0.723161	0.370389	0.197952
0.765617	0.71468	0.723078	0.370295	0.197919
0.766117	0.71468	0.723161	0.370663	0.197863
0.766117	0.714582	0.723078	0.370569	0.197838
0.766117	0.714483	0.722996	0.370475	0.197792
0.766617	0.714483	0.723078	0.370842	0.197661
0.766617	0.714384	0.722996	0.370748	0.19766
0.766617	0.714286	0.722913	0.370654	0.197601
0.766617	0.714187	0.722831	0.370561	0.197599
0.766617	0.714088	0.722749	0.370467	0.197301
0.766617	0.71399	0.722666	0.370373	0.197119
0.767116	0.71399	0.722749	0.37074	0.197104
0.767616	0.71399	0.722831	0.371108	0.196973
0.767616	0.713891	0.722749	0.371014	0.196926
0.767616	0.713792	0.722666	0.37092	0.196805
0.767616	0.713694	0.722584	0.370827	0.196766
0.767616	0.713595	0.722501	0.370733	0.196707
0.767616	0.713496	0.722419	0.370639	0.196702
0.767616	0.713398	0.722337	0.370546	0.196644
0.767616	0.713299	0.722254	0.370452	0.196483
0.767616	0.7132	0.722172	0.370358	0.196463
0.768116	0.7132	0.722254	0.370726	0.196455
0.768116	0.713102	0.722172	0.370632	0.196438
0.768116	0.713003	0.722089	0.370538	0.19634
0.768116	0.712904	0.722007	0.370445	0.196309
0.768116	0.712806	0.721925	0.370351	0.196234
0.768616	0.712806	0.722007	0.370719	0.196142
0.768616	0.712707	0.721925	0.370625	0.196136
0.768616	0.712609	0.721842	0.370532	0.196126
0.769115	0.712609	0.721925	0.370899	0.196066
0.769115	0.71251	0.721842	0.370805	0.196016
0.769115	0.712411	0.72176	0.370712	0.196014
0.769115	0.712313	0.721678	0.370619	0.196012
0.769115	0.712214	0.721595	0.370525	0.19601
0.769615	0.712214	0.721678	0.370892	0.195998
0.770115	0.712214	0.72176	0.37126	0.19579
0.770615	0.712214	0.721842	0.371627	0.195774
0.770615	0.712115	0.72176	0.371533	0.195659
0.770615	0.712017	0.721678	0.37144	0.195568
0.770615	0.711918	0.721595	0.371347	0.195442
0.770615	0.711819	0.721513	0.371253	0.195434
0.770615	0.711721	0.72143	0.37116	0.195276
0.770615	0.711622	0.721348	0.371067	0.19525
0.770615	0.711523	0.721266	0.370973	0.195171
0.770615	0.711425	0.721183	0.37088	0.195164
0.770615	0.711326	0.721101	0.370787	0.195118
0.770615	0.711227	0.721018	0.370694	0.19511
0.770615	0.711129	0.720936	0.370601	0.194999
0.770615	0.71103	0.720854	0.370507	0.194995
0.771114	0.71103	0.720936	0.370875	0.194903
0.771114	0.710931	0.720854	0.370781	0.194887
0.771114	0.710833	0.720771	0.370688	0.194813
0.771114	0.710734	0.720689	0.370595	0.194775
0.771614	0.710734	0.720771	0.370962	0.194771
0.771614	0.710635	0.720689	0.370869	0.194619
0.772114	0.710635	0.720771	0.371236	0.194617
0.772114	0.710537	0.720689	0.371143	0.194451
0.772114	0.710438	0.720606	0.37105	0.194401
0.772614	0.710438	0.720689	0.371417	0.194325
0.772614	0.710339	0.720606	0.371324	0.194296
0.772614	0.710241	0.720524	0.371231	0.194267
0.772614	0.710142	0.720442	0.371138	0.194227
0.772614	0.710043	0.720359	0.371045	0.19416
0.772614	0.709945	0.720277	0.370952	0.194033
0.772614	0.709846	0.720194	0.370859	0.193968
0.772614	0.709747	0.720112	0.370766	0.193951
0.772614	0.709649	0.72003	0.370674	0.193833
0.772614	0.70955	0.719947	0.370581	0.193628
0.772614	0.709451	0.719865	0.370488	0.193465
0.772614	0.709353	0.719782	0.370395	0.193386
0.772614	0.709254	0.7197	0.370302	0.19324
0.772614	0.709155	0.719618	0.370209	0.193196
0.772614	0.709057	0.719535	0.370117	0.193172
0.772614	0.708958	0.719453	0.370024	0.192802
0.773113	0.708958	0.719535	0.370391	0.192799
0.773113	0.70886	0.719453	0.370298	0.192795
0.773613	0.70886	0.719535	0.370665	0.192773
0.773613	0.708761	0.719453	0.370572	0.19275
0.774113	0.708761	0.719535	0.370939	0.192643
0.774113	0.708662	0.719453	0.370847	0.192616
0.774113	0.708564	0.719371	0.370754	0.192595
0.774113	0.708465	0.719288	0.370661	0.192549
0.774613	0.708465	0.719371	0.371028	0.192542
0.774613	0.708366	0.719288	0.370936	0.192529
0.774613	0.708268	0.719206	0.370843	0.192383
0.774613	0.708169	0.719123	0.370751	0.192319
0.774613	0.70807	0.719041	0.370658	0.192316
0.774613	0.707972	0.718959	0.370565	0.192152
0.774613	0.707873	0.718876	0.370473	0.192143
0.774613	0.707774	0.718794	0.37038	0.192122
0.774613	0.707676	0.718711	0.370288	0.192117
0.774613	0.707577	0.718629	0.370195	0.192006
0.775112	0.707577	0.718711	0.370562	0.191964
0.775112	0.707478	0.718629	0.37047	0.191842
0.775112	0.70738	0.718547	0.370377	0.191791
0.775112	0.707281	0.718464	0.370285	0.191736
0.775112	0.707182	0.718382	0.370193	0.19167
0.775112	0.707084	0.718299	0.3701	0.191469
0.775112	0.706985	0.718217	0.370008	0.191421
0.775112	0.706886	0.718135	0.369916	0.191378
0.775112	0.706788	0.718052	0.369823	0.191319
0.775112	0.706689	0.71797	0.369731	0.191273
0.775112	0.70659	0.717887	0.369639	0.19121
0.775112	0.706492	0.717805	0.369546	0.191163
0.775112	0.706393	0.717723	0.369454	0.19109
0.775112	0.706294	0.71764	0.369362	0.191082
0.775112	0.706196	0.717558	0.36927	0.191056
0.775612	0.706196	0.71764	0.369637	0.190608
0.775612	0.706097	0.717558	0.369544	0.190583
0.775612	0.705998	0.717475	0.369452	0.190331
0.775612	0.7059	0.717393	0.36936	0.190291
0.775612	0.705801	0.717311	0.369268	0.190278
0.775612	0.705702	0.717228	0.369176	0.190263
0.775612	0.705604	0.717146	0.369084	0.190184
0.775612	0.705505	0.717064	0.368992	0.190086
0.775612	0.705406	0.716981	0.3689	0.190058
0.775612	0.705308	0.716899	0.368808	0.190006
0.775612	0.705209	0.716816	0.368716	0.189941
0.775612	0.70511	0.716734	0.368624	0.189932
0.775612	0.705012	0.716652	0.368532	0.189889
0.775612	0.704913	0.716569	0.36844	0.189887
0.775612	0.704815	0.716487	0.368348	0.189814
0.775612	0.704716	0.716404	0.368256	0.189759
0.775612	0.704617	0.716322	0.368164	0.189738
0.775612	0.704519	0.71624	0.368072	0.189549
0.775612	0.70442	0.716157	0.36798	0.189506
0.775612	0.704321	0.716075	0.367889	0.189442
0.775612	0.704223	0.715992	0.367797	0.189359
0.775612	0.704124	0.71591	0.367705	0.189342
0.776112	0.704124	0.715992	0.368072	0.189327
0.776612	0.704124	0.716075	0.368439	0.1893
0.776612	0.704025	0.715992	0.368347	0.189199
0.776612	0.703927	0.71591	0.368255	0.189148
0.776612	0.703828	0.715828	0.368163	0.189052
0.776612	0.703729	0.715745	0.368072	0.188918
0.776612	0.703631	0.715663	0.36798	0.188883
0.776612	0.703532	0.71558	0.367888	0.188862
0.776612	0.703433	0.715498	0.367797	0.188765
0.776612	0.703335	0.715416	0.367705	0.188643
0.777111	0.703335	0.715498	0.368072	0.188609
0.777111	0.703236	0.715416	0.36798	0.188561
0.777111	0.703137	0.715333	0.367889	0.188376
0.777111	0.703039	0.715251	0.367797	0.188331
0.777111	0.70294	0.715168	0.367705	0.18828
0.777111	0.702841	0.715086	0.367614	0.188231
0.777111	0.702743	0.715004	0.367522	0.188208
0.777611	0.702743	0.715086	0.367889	0.188183
0.777611	0.702644	0.715004	0.367798	0.188091
0.778111	0.702644	0.715086	0.368164	0.188
0.778111	0.702545	0.715004	0.368073	0.187966
0.778611	0.702545	0.715086	0.36844	0.187777
0.778611	0.702447	0.715004	0.368348	0.187628
0.77911	0.702447	0.715086	0.368715	0.187473
0.77911	0.702348	0.715004	0.368624	0.187448
0.77911	0.702249	0.714921	0.368532	0.187404
0.77911	0.702151	0.714839	0.368441	0.187342
0.77911	0.702052	0.714757	0.368349	0.187309
0.77911	0.701953	0.714674	0.368258	0.187298
0.77911	0.701855	0.714592	0.368167	0.18727
0.77911	0.701756	0.714509	0.368075	0.187213
0.77911	0.701657	0.714427	0.367984	0.187172
0.77961	0.701657	0.714509	0.368351	0.187024
0.77961	0.701559	0.714427	0.368259	0.187005
0.78011	0.701559	0.714509	0.368626	0.186992
0.78061	0.701559	0.714592	0.368993	0.186963
0.78061	0.70146	0.714509	0.368901	0.186889
0.78061	0.701361	0.714427	0.36881	0.186885
0.78061	0.701263	0.714345	0.368719	0.186875
0.78061	0.701164	0.714262	0.368628	0.186844
0.78061	0.701066	0.71418	0.368537	0.186802
0.78061	0.700967	0.714097	0.368445	0.186797
0.78061	0.700868	0.714015	0.368354	0.186794
0.78061	0.70077	0.713933	0.368263	0.186791
0.78061	0.700671	0.71385	0.368172	0.186687
0.78061	0.700572	0.713768	0.368081	0.186667
0.78061	0.700474	0.713685	0.36799	0.186614
0.78061	0.700375	0.713603	0.367899	0.186415
0.78061	0.700276	0.713521	0.367808	0.186366
0.78061	0.700178	0.713438	0.367717	0.186286
0.78061	0.700079	0.713356	0.367626	0.186284
0.78061	0.69998	0.713273	0.367535	0.18624
0.78061	0.699882	0.713191	0.367444	0.1861
0.78061	0.699783	0.713109	0.367353	0.185999
0.78061	0.699684	0.713026	0.367262	0.185973
0.78061	0.699586	0.712944	0.367171	0.185968
0.781109	0.699586	0.713026	0.367537	0.185863
0.781109	0.699487	0.712944	0.367447	0.185838
0.781109	0.699388	0.712861	0.367356	0.185813
0.781109	0.69929	0.712779	0.367265	0.185813
0.781109	0.699191	0.712697	0.367174	0.185737
0.781109	0.699092	0.712614	0.367083	0.185711
0.781109	0.698994	0.712532	0.366992	0.185604
0.781109	0.698895	0.71245	0.366902	0.185598
0.781109	0.698796	0.712367	0.366811	0.185582
0.781109	0.698698	0.712285	0.36672	0.185547
0.781109	0.698599	0.712202	0.366629	0.185533
0.781109	0.6985	0.71212	0.366539	0.185504
0.781109	0.698402	0.712038	0.366448	0.185383
0.781109	0.698303	0.711955	0.366357	0.185295
0.781109	0.698204	0.711873	0.366267	0.185182
0.781109	0.698106	0.71179	0.366176	0.185171
0.781109	0.698007	0.711708	0.366085	0.185147
0.781109	0.697908	0.711626	0.365995	0.18501
0.781109	0.69781	0.711543	0.365904	0.184981
0.781109	0.697711	0.711461	0.365814	0.184949
0.781609	0.697711	0.711543	0.36618	0.184949
0.781609	0.697612	0.711461	0.36609	0.18491
0.781609	0.697514	0.711378	0.365999	0.184843
0.781609	0.697415	0.711296	0.365909	0.184661
0.781609	0.697316	0.711214	0.365818	0.184551
0.782109	0.697316	0.711296	0.366185	0.184485
0.782609	0.697316	0.711378	0.366551	0.184475
0.782609	0.697218	0.711296	0.366461	0.184464
0.782609	0.697119	0.711214	0.366371	0.184462
0.782609	0.697021	0.711131	0.36628	0.184424
0.783108	0.697021	0.711214	0.366647	0.184407
0.783108	0.696922	0.711131	0.366556	0.184321
0.783108	0.696823	0.711049	0.366466	0.184318
0.783108	0.696725	0.710966	0.366375	0.18429
0.783108	0.696626	0.710884	0.366285	0.184287
0.783108	0.696527	0.710802	0.366195	0.184235
0.783108	0.696429	0.710719	0.366104	0.184023
0.783108	0.69633	0.710637	0.366014	0.184002
0.783108	0.696231	0.710555	0.365924	0.183994
0.783108	0.696133	0.710472	0.365834	0.18399
0.783608	0.696133	0.710555	0.3662	0.183979
0.783608	0.696034	0.710472	0.36611	0.183964
0.783608	0.695935	0.71039	0.36602	0.183939
0.783608	0.695837	0.710307	0.365929	0.1839
0.783608	0.695738	0.710225	0.365839	0.183886
0.783608	0.695639	0.710143	0.365749	0.183831
0.784108	0.695639	0.710225	0.366116	0.183786
0.784108	0.695541	0.710143	0.366025	0.183769
0.784108	0.695442	0.71006	0.365935	0.183755
0.784108	0.695343	0.709978	0.365845	0.183747
0.784608	0.695343	0.71006	0.366212	0.183707
0.785107	0.695343	0.710143	0.366578	0.183694
0.785607	0.695343	0.710225	0.366945	0.183666
0.785607	0.695245	0.710143	0.366855	0.18365
0.786107	0.695245	0.710225	0.367221	0.18364
0.786107	0.695146	0.710143	0.367131	0.183636
0.786607	0.695146	0.710225	0.367497	0.183591
0.786607	0.695047	0.710143	0.367407	0.183577
0.786607	0.694949	0.71006	0.367317	0.183529
0.786607	0.69485	0.709978	0.367227	0.183525
0.786607	0.694751	0.709895	0.367137	0.183482
0.786607	0.694653	0.709813	0.367047	0.183424
0.787106	0.694653	0.709895	0.367414	0.183377
0.787106	0.694554	0.709813	0.367324	0.183237
0.787106	0.694455	0.709731	0.367234	0.183236
0.787106	0.694357	0.709648	0.367144	0.18316
0.787106	0.694258	0.709566	0.367054	0.183125
0.787606	0.694258	0.709648	0.36742	0.182764
0.787606	0.694159	0.709566	0.36733	0.182743
0.787606	0.694061	0.709483	0.367241	0.182698
0.787606	0.693962	0.709401	0.367151	0.182681
0.787606	0.693863	0.709319	0.367061	0.182671
0.787606	0.693765	0.709236	0.366971	0.182638
0.787606	0.693666	0.709154	0.366881	0.182635
0.787606	0.693567	0.709071	0.366791	0.182629
0.787606	0.693469	0.708989	0.366702	0.182561
0.788106	0.693469	0.709071	0.367068	0.182398
0.788106	0.69337	0.708989	0.366978	0.182384
0.788106	0.693272	0.708907	0.366889	0.182362
0.788106	0.693173	0.708824	0.366799	0.182359
0.788106	0.693074	0.708742	0.366709	0.182296
0.788606	0.693074	0.708824	0.367076	0.182279
0.788606	0.692976	0.708742	0.366986	0.182228
0.788606	0.692877	0.708659	0.366896	0.182064
0.788606	0.692778	0.708577	0.366807	0.181994
0.788606	0.69268	0.708495	0.366717	0.181987
0.788606	0.692581	0.708412	0.366627	0.181968
0.788606	0.692482	0.70833	0.366538	0.181801
0.788606	0.692384	0.708248	0.366448	0.181783
0.788606	0.692285	0.708165	0.366359	0.181672
0.788606	0.692186	0.708083	0.366269	0.181568
0.788606	0.692088	0.708	0.36618	0.181564
0.788606	0.691989	0.707918	0.36609	0.181553
0.789105	0.691989	0.708	0.366456	0.181472
0.789105	0.69189	0.707918	0.366367	0.181314
0.789105	0.691792	0.707836	0.366277	0.181269
0.789605	0.691792	0.707918	0.366644	0.181132
0.789605	0.691693	0.707836	0.366554	0.181039
0.790105	0.691693	0.707918	0.366921	0.181034
0.790105	0.691594	0.707836	0.366831	0.18101
0.790105	0.691496	0.707753	0.366742	0.180978
0.790105	0.691397	0.707671	0.366652	0.180919
0.790105	0.691298	0.707588	0.366563	0.180913
0.790105	0.6912	0.707506	0.366474	0.180899
0.790105	0.691101	0.707424	0.366384	0.180894
0.790105	0.691002	0.707341	0.366295	0.180812
0.790105	0.690904	0.707259	0.366206	0.180798
0.790105	0.690805	0.707176	0.366117	0.18071
0.790105	0.690706	0.707094	0.366027	0.180686
0.790605	0.690706	0.707176	0.366394	0.180518
0.790605	0.690608	0.707094	0.366304	0.180487
0.790605	0.690509	0.707012	0.366215	0.180458
0.790605	0.69041	0.706929	0.366126	0.18043
0.791104	0.69041	0.707012	0.366492	0.180371
0.791104	0.690312	0.706929	0.366403	0.180345
0.791104	0.690213	0.706847	0.366314	0.180339
0.791104	0.690114	0.706764	0.366225	0.180338
0.791104	0.690016	0.706682	0.366136	0.180294
0.791604	0.690016	0.706764	0.366502	0.180271
0.791604	0.689917	0.706682	0.366413	0.180262
0.791604	0.689818	0.7066	0.366324	0.180246
0.791604	0.68972	0.706517	0.366234	0.180168
0.791604	0.689621	0.706435	0.366145	0.180115
0.791604	0.689522	0.706352	0.366056	0.1801
0.791604	0.689424	0.70627	0.365967	0.179983
0.792104	0.689424	0.706352	0.366334	0.179925
0.792104	0.689325	0.70627	0.366245	0.179846
0.792104	0.689227	0.706188	0.366156	0.179802
0.792104	0.689128	0.706105	0.366067	0.179798
0.792104	0.689029	0.706023	0.365978	0.179694
0.792104	0.688931	0.705941	0.365889	0.17963
0.792104	0.688832	0.705858	0.3658	0.17961
0.792104	0.688733	0.705776	0.365711	0.179601
0.792104	0.688635	0.705693	0.365622	0.179592
0.792104	0.688536	0.705611	0.365533	0.17952
0.792604	0.688536	0.705693	0.365899	0.179253
0.792604	0.688437	0.705611	0.365811	0.17917
0.792604	0.688339	0.705529	0.365722	0.179118
0.792604	0.68824	0.705446	0.365633	0.179092
0.792604	0.688141	0.705364	0.365544	0.17909
0.792604	0.688043	0.705281	0.365455	0.17908
0.793103	0.688043	0.705364	0.365822	0.179046
0.793103	0.687944	0.705281	0.365733	0.178934
0.793103	0.687845	0.705199	0.365644	0.178884
0.793103	0.687747	0.705117	0.365555	0.178839
0.793103	0.687648	0.705034	0.365467	0.178823
0.793103	0.687549	0.704952	0.365378	0.178812
0.793603	0.687549	0.705034	0.365744	0.178763
0.793603	0.687451	0.704952	0.365655	0.178686
0.793603	0.687352	0.704869	0.365567	0.17861
0.793603	0.687253	0.704787	0.365478	0.178536
0.793603	0.687155	0.704705	0.36539	0.178463
0.794103	0.687155	0.704787	0.365756	0.178415
0.794603	0.687155	0.704869	0.366122	0.178402
0.794603	0.687056	0.704787	0.366033	0.178381
0.795102	0.687056	0.704869	0.366399	0.178363
0.795102	0.686957	0.704787	0.366311	0.178342
0.795602	0.686957	0.704869	0.366677	0.178111
0.795602	0.686859	0.704787	0.366588	0.178077
0.795602	0.68676	0.704705	0.3665	0.178055
0.795602	0.686661	0.704622	0.366411	0.17796
0.795602	0.686563	0.70454	0.366323	0.177898
0.795602	0.686464	0.704457	0.366234	0.177882
0.795602	0.686365	0.704375	0.366146	0.177761
0.795602	0.686267	0.704293	0.366057	0.177588
0.795602	0.686168	0.70421	0.365969	0.177574
0.795602	0.686069	0.704128	0.365881	0.177556
0.796102	0.686069	0.70421	0.366247	0.177528
0.796602	0.686069	0.704293	0.366613	0.177423
0.797101	0.686069	0.704375	0.366979	0.177416
0.797101	0.685971	0.704293	0.36689	0.177394
0.797101	0.685872	0.70421	0.366802	0.17739
0.797101	0.685773	0.704128	0.366714	0.177389
0.797101	0.685675	0.704045	0.366625	0.177331
0.797601	0.685675	0.704128	0.366991	0.177317
0.797601	0.685576	0.704045	0.366903	0.177304
0.797601	0.685478	0.703963	0.366815	0.177281
0.797601	0.685379	0.703881	0.366727	0.177264
0.797601	0.68528	0.703798	0.366638	0.177252
0.798101	0.68528	0.703881	0.367004	0.177199
0.798101	0.685182	0.703798	0.366916	0.17713
0.798101	0.685083	0.703716	0.366828	0.176991
0.798101	0.684984	0.703634	0.36674	0.176869
0.798101	0.684886	0.703551	0.366651	0.176811
0.798101	0.684787	0.703469	0.366563	0.176791
0.798101	0.684688	0.703386	0.366475	0.176689
0.798101	0.68459	0.703304	0.366387	0.176654
0.798601	0.68459	0.703386	0.366753	0.176643
0.798601	0.684491	0.703304	0.366665	0.176636
0.798601	0.684392	0.703222	0.366577	0.176594
0.798601	0.684294	0.703139	0.366489	0.176573
0.798601	0.684195	0.703057	0.3664	0.176429
0.798601	0.684096	0.702974	0.366312	0.176364
0.798601	0.683998	0.702892	0.366224	0.176297
0.798601	0.683899	0.70281	0.366136	0.176265
0.798601	0.6838	0.702727	0.366048	0.176221
0.798601	0.683702	0.702645	0.36596	0.176197
0.798601	0.683603	0.702562	0.365872	0.176141
0.798601	0.683504	0.70248	0.365784	0.176116
0.798601	0.683406	0.702398	0.365696	0.176115
0.798601	0.683307	0.702315	0.365608	0.176078
0.798601	0.683208	0.702233	0.36552	0.176057
0.798601	0.68311	0.70215	0.365433	0.175928
0.798601	0.683011	0.702068	0.365345	0.175913
0.798601	0.682912	0.701986	0.365257	0.175896
0.798601	0.682814	0.701903	0.365169	0.175812
0.798601	0.682715	0.701821	0.365081	0.175809
0.798601	0.682616	0.701738	0.364993	0.175749
0.798601	0.682518	0.701656	0.364906	0.175714
0.798601	0.682419	0.701574	0.364818	0.17556
0.7991	0.682419	0.701656	0.365184	0.175524
0.7991	0.68232	0.701574	0.365096	0.175461
0.7991	0.682222	0.701491	0.365008	0.175428
0.7991	0.682123	0.701409	0.364921	0.175256
0.7991	0.682024	0.701327	0.364833	0.175151
0.7991	0.681926	0.701244	0.364745	0.17515
0.7991	0.681827	0.701162	0.364657	0.175087
0.7991	0.681728	0.701079	0.36457	0.175053
0.7991	0.68163	0.700997	0.364482	0.175049
0.7991	0.681531	0.700915	0.364395	0.175012
0.7991	0.681433	0.700832	0.364307	0.174992
0.7996	0.681433	0.700915	0.364673	0.174899
0.7996	0.681334	0.700832	0.364585	0.174898
0.7996	0.681235	0.70075	0.364498	0.174873
0.7996	0.681137	0.700667	0.36441	0.174852
0.7996	0.681038	0.700585	0.364323	0.17485
0.8006	0.681038	0.70075	0.365055	0.174812
0.8006	0.680939	0.700667	0.364967	0.174741
0.8006	0.680841	0.700585	0.36488	0.174505
0.8006	0.680742	0.700503	0.364792	0.174467
0.8006	0.680643	0.70042	0.364705	0.174448
0.8006	0.680545	0.700338	0.364617	0.174366
0.801099	0.680545	0.70042	0.364983	0.174349
0.801099	0.680446	0.700338	0.364896	0.174298
0.801099	0.680347	0.700255	0.364809	0.174281
0.801599	0.680347	0.700338	0.365175	0.174255
0.801599	0.680249	0.700255	0.365087	0.174212
0.802099	0.680249	0.700338	0.365453	0.174163
0.802599	0.680249	0.70042	0.365819	0.174155
0.802599	0.68015	0.700338	0.365732	0.174057
0.802599	0.680051	0.700255	0.365644	0.173984
0.802599	0.679953	0.700173	0.365557	0.173758
0.803098	0.679953	0.700255	0.365923	0.173626
0.803598	0.679953	0.700338	0.366289	0.173565
0.803598	0.679854	0.700255	0.366202	0.173464
0.803598	0.679755	0.700173	0.366114	0.173419
0.803598	0.679657	0.700091	0.366027	0.173399
0.803598	0.679558	0.700008	0.36594	0.173288
0.803598	0.679459	0.699926	0.365852	0.173282
0.803598	0.679361	0.699843	0.365765	0.173234
0.803598	0.679262	0.699761	0.365678	0.173154
0.803598	0.679163	0.699679	0.365591	0.173098
0.803598	0.679065	0.699596	0.365504	0.17306
0.803598	0.678966	0.699514	0.365416	0.173055
0.803598	0.678867	0.699431	0.365329	0.172996
0.803598	0.678769	0.699349	0.365242	0.172977
0.803598	0.67867	0.699267	0.365155	0.172942
0.803598	0.678571	0.699184	0.365068	0.17294
0.803598	0.678473	0.699102	0.364981	0.172935
0.803598	0.678374	0.69902	0.364894	0.172905
0.803598	0.678275	0.698937	0.364807	0.172829
0.804098	0.678275	0.69902	0.365173	0.172806
0.804598	0.678275	0.699102	0.365539	0.172806
0.804598	0.678177	0.69902	0.365451	0.17278
0.804598	0.678078	0.698937	0.365364	0.172771
0.804598	0.677979	0.698855	0.365277	0.172764
0.804598	0.677881	0.698772	0.36519	0.172735
0.805097	0.677881	0.698855	0.365556	0.17271
0.805097	0.677782	0.698772	0.365469	0.172703
0.805097	0.677684	0.69869	0.365382	0.172585
0.805097	0.677585	0.698608	0.365296	0.172482
0.805097	0.677486	0.698525	0.365209	0.172439
0.805097	0.677388	0.698443	0.365122	0.172396
0.805097	0.677289	0.69836	0.365035	0.17234
0.805097	0.67719	0.698278	0.364948	0.172283
0.805097	0.677092	0.698196	0.364861	0.172229
0.805097	0.676993	0.698113	0.364774	0.172114
0.805097	0.676894	0.698031	0.364687	0.1721
0.805097	0.676796	0.697948	0.364601	0.171949
0.805097	0.676697	0.697866	0.364514	0.171935
0.805097	0.676598	0.697784	0.364427	0.171873
0.805097	0.6765	0.697701	0.36434	0.17185
0.805597	0.6765	0.697784	0.364706	0.171692
0.805597	0.676401	0.697701	0.364619	0.171628
0.805597	0.676302	0.697619	0.364533	0.171557
0.805597	0.676204	0.697536	0.364446	0.171458
0.805597	0.676105	0.697454	0.364359	0.171433
0.805597	0.676006	0.697372	0.364273	0.171401
0.805597	0.675908	0.697289	0.364186	0.171361
0.805597	0.675809	0.697207	0.364099	0.171346
0.805597	0.67571	0.697124	0.364013	0.171214
0.805597	0.675612	0.697042	0.363926	0.171136
0.805597	0.675513	0.69696	0.363839	0.170949
0.805597	0.675414	0.696877	0.363753	0.170882
0.805597	0.675316	0.696795	0.363666	0.170669
0.805597	0.675217	0.696713	0.36358	0.170593
0.805597	0.675118	0.69663	0.363493	0.170553
0.805597	0.67502	0.696548	0.363407	0.170431
0.806097	0.67502	0.69663	0.363773	0.170332
0.806097	0.674921	0.696548	0.363686	0.170325
0.806097	0.674822	0.696465	0.3636	0.170291
0.806097	0.674724	0.696383	0.363513	0.170258
0.806097	0.674625	0.696301	0.363427	0.1702
0.806097	0.674526	0.696218	0.36334	0.170134
0.806097	0.674428	0.696136	0.363254	0.170112
0.806097	0.674329	0.696053	0.363168	0.170112
0.806097	0.67423	0.695971	0.363081	0.170088
0.806597	0.67423	0.696053	0.363447	0.170074
0.806597	0.674132	0.695971	0.363361	0.169934
0.806597	0.674033	0.695889	0.363274	0.169927
0.806597	0.673934	0.695806	0.363188	0.169584
0.806597	0.673836	0.695724	0.363102	0.169537
0.806597	0.673737	0.695641	0.363015	0.169415
0.806597	0.673639	0.695559	0.362929	0.16941
0.806597	0.67354	0.695477	0.362843	0.169401
0.807096	0.67354	0.695559	0.363209	0.169325
0.807596	0.67354	0.695641	0.363575	0.169314
0.807596	0.673441	0.695559	0.363489	0.169309
0.808096	0.673441	0.695641	0.363854	0.169192
0.808096	0.673343	0.695559	0.363768	0.169114
0.808096	0.673244	0.695477	0.363682	0.169102
0.808096	0.673145	0.695394	0.363596	0.169084
0.808096	0.673047	0.695312	0.36351	0.169013
0.808096	0.672948	0.695229	0.363423	0.168938
0.808096	0.672849	0.695147	0.363337	0.168926
0.808096	0.672751	0.695065	0.363251	0.168878
0.808096	0.672652	0.694982	0.363165	0.168808
0.808096	0.672553	0.6949	0.363079	0.168728
0.808096	0.672455	0.694818	0.362993	0.168648
0.808096	0.672356	0.694735	0.362907	0.168613
0.808096	0.672257	0.694653	0.362821	0.168529
0.808596	0.672257	0.694735	0.363187	0.168512
0.808596	0.672159	0.694653	0.363101	0.168509
0.808596	0.67206	0.69457	0.363015	0.168498
0.808596	0.671961	0.694488	0.362929	0.168458
0.809095	0.671961	0.69457	0.363295	0.168403
0.809595	0.671961	0.694653	0.363661	0.168391
0.810095	0.671961	0.694735	0.364026	0.168376
0.810095	0.671863	0.694653	0.36394	0.168375
0.810595	0.671863	0.694735	0.364306	0.168332
0.810595	0.671764	0.694653	0.36422	0.16824
0.810595	0.671665	0.69457	0.364134	0.168119
0.810595	0.671567	0.694488	0.364048	0.168092
0.810595	0.671468	0.694406	0.363963	0.168038
0.811094	0.671468	0.694488	0.364328	0.168022
0.811094	0.671369	0.694406	0.364243	0.16802
0.811094	0.671271	0.694323	0.364157	0.167992
0.811094	0.671172	0.694241	0.364071	0.167902
0.811594	0.671172	0.694323	0.364437	0.167877
0.811594	0.671073	0.694241	0.364351	0.167807
0.811594	0.670975	0.694158	0.364265	0.167794
0.811594	0.670876	0.694076	0.364179	0.167793
0.811594	0.670777	0.693994	0.364093	0.167714
0.812094	0.670777	0.694076	0.364459	0.167671
0.812094	0.670679	0.693994	0.364373	0.167593
0.812094	0.67058	0.693911	0.364288	0.167517
0.812094	0.670481	0.693829	0.364202	0.167456
0.812094	0.670383	0.693746	0.364116	0.167455
0.812094	0.670284	0.693664	0.36403	0.167373
0.812094	0.670185	0.693582	0.363945	0.16734
0.812094	0.670087	0.693499	0.363859	0.167312
0.812594	0.670087	0.693582	0.364225	0.16731
0.812594	0.669988	0.693499	0.364139	0.167293
0.812594	0.66989	0.693417	0.364054	0.167272
0.812594	0.669791	0.693334	0.363968	0.167254
0.812594	0.669692	0.693252	0.363882	0.167181
0.812594	0.669594	0.69317	0.363797	0.167144
0.812594	0.669495	0.693087	0.363711	0.167131
0.812594	0.669396	0.693005	0.363626	0.167045
0.812594	0.669298	0.692922	0.36354	0.16704
0.812594	0.669199	0.69284	0.363455	0.166911
0.812594	0.6691	0.692758	0.363369	0.166864
0.812594	0.669002	0.692675	0.363283	0.16685
0.812594	0.668903	0.692593	0.363198	0.166821
0.812594	0.668804	0.692511	0.363112	0.166767
0.812594	0.668706	0.692428	0.363027	0.166737
0.812594	0.668607	0.692346	0.362942	0.166726
0.812594	0.668508	0.692263	0.362856	0.166676
0.812594	0.66841	0.692181	0.362771	0.166416
0.812594	0.668311	0.692099	0.362685	0.166403
0.812594	0.668212	0.692016	0.3626	0.166386
0.812594	0.668114	0.691934	0.362515	0.166278
0.812594	0.668015	0.691851	0.362429	0.166214
0.812594	0.667916	0.691769	0.362344	0.166194
0.812594	0.667818	0.691687	0.362259	0.166141
0.812594	0.667719	0.691604	0.362173	0.166139
0.812594	0.66762	0.691522	0.362088	0.16607
0.812594	0.667522	0.691439	0.362003	0.165925
0.812594	0.667423	0.691357	0.361917	0.165925
0.812594	0.667324	0.691275	0.361832	0.165833
0.812594	0.667226	0.691192	0.361747	0.16582
0.812594	0.667127	0.69111	0.361662	0.16578
0.813093	0.667127	0.691192	0.362028	0.165743
0.813093	0.667028	0.69111	0.361942	0.165608
0.813593	0.667028	0.691192	0.362308	0.165549
0.813593	0.66693	0.69111	0.362223	0.16542
0.813593	0.666831	0.691027	0.362138	0.165381
0.813593	0.666732	0.690945	0.362053	0.165362
0.813593	0.666634	0.690863	0.361968	0.165344
0.813593	0.666535	0.69078	0.361883	0.165328
0.813593	0.666436	0.690698	0.361798	0.165287
0.813593	0.666338	0.690615	0.361712	0.165166
0.814093	0.666338	0.690698	0.362078	0.164982
0.814093	0.666239	0.690615	0.361993	0.164904
0.814093	0.66614	0.690533	0.361908	0.16487
0.814593	0.66614	0.690615	0.362274	0.164868
0.814593	0.666042	0.690533	0.362189	0.164761
0.814593	0.665943	0.690451	0.362104	0.164706
0.814593	0.665845	0.690368	0.362019	0.164591
0.814593	0.665746	0.690286	0.361934	0.16459
0.814593	0.665647	0.690204	0.361849	0.164579
0.814593	0.665549	0.690121	0.361764	0.164508
0.814593	0.66545	0.690039	0.361679	0.16443
0.814593	0.665351	0.689956	0.361594	0.164368
0.814593	0.665253	0.689874	0.361509	0.164367
0.814593	0.665154	0.689792	0.361424	0.164353
0.815092	0.665154	0.689874	0.36179	0.164338
0.815592	0.665154	0.689956	0.362156	0.164155
0.816092	0.665154	0.690039	0.362522	0.164082
0.816092	0.665055	0.689956	0.362437	0.163885
0.816092	0.664957	0.689874	0.362352	0.163808
0.816092	0.664858	0.689792	0.362268	0.163806
0.816092	0.664759	0.689709	0.362183	0.163689
0.816592	0.664759	0.689792	0.362549	0.163684
0.816592	0.664661	0.689709	0.362464	0.163596
0.817091	0.664661	0.689792	0.36283	0.163585
0.817091	0.664562	0.689709	0.362745	0.163583
0.817091	0.664463	0.689627	0.36266	0.163472
0.817091	0.664365	0.689544	0.362575	0.163415
0.817591	0.664365	0.689627	0.362941	0.163307
0.817591	0.664266	0.689544	0.362857	0.163296
0.817591	0.664167	0.689462	0.362772	0.163237
0.817591	0.664069	0.68938	0.362687	0.163161
0.817591	0.66397	0.689297	0.362602	0.163118
0.817591	0.663871	0.689215	0.362518	0.163106
0.817591	0.663773	0.689132	0.362433	0.162996
0.817591	0.663674	0.68905	0.362348	0.162994
0.817591	0.663575	0.688968	0.362264	0.162955
0.817591	0.663477	0.688885	0.362179	0.162819
0.817591	0.663378	0.688803	0.362095	0.162784
0.817591	0.663279	0.68872	0.36201	0.162684
0.817591	0.663181	0.688638	0.361925	0.162628
0.817591	0.663082	0.688556	0.361841	0.162595
0.817591	0.662983	0.688473	0.361756	0.162574
0.818091	0.662983	0.688556	0.362122	0.162509
0.818591	0.662983	0.688638	0.362488	0.162411
0.818591	0.662885	0.688556	0.362404	0.162341
0.818591	0.662786	0.688473	0.362319	0.162336
0.818591	0.662687	0.688391	0.362235	0.162331
0.818591	0.662589	0.688308	0.36215	0.162314
0.818591	0.66249	0.688226	0.362066	0.162276
0.81909	0.66249	0.688308	0.362432	0.162251
0.81909	0.662391	0.688226	0.362347	0.162168
0.81909	0.662293	0.688144	0.362263	0.16214
0.81909	0.662194	0.688061	0.362178	0.162123
0.81909	0.662096	0.687979	0.362094	0.162084
0.81909	0.661997	0.687897	0.362009	0.162059
0.81909	0.661898	0.687814	0.361925	0.162002
0.81909	0.6618	0.687732	0.361841	0.161956
0.81909	0.661701	0.687649	0.361756	0.161939
0.81909	0.661602	0.687567	0.361672	0.161796
0.81909	0.661504	0.687485	0.361588	0.161788
0.81959	0.661504	0.687567	0.361954	0.161765
0.81959	0.661405	0.687485	0.361869	0.16175
0.81959	0.661306	0.687402	0.361785	0.16164
0.81959	0.661208	0.68732	0.361701	0.16162
0.81959	0.661109	0.687237	0.361617	0.161587
0.81959	0.66101	0.687155	0.361532	0.16155
0.81959	0.660912	0.687073	0.361448	0.161542
0.81959	0.660813	0.68699	0.361364	0.161399
0.81959	0.660714	0.686908	0.36128	0.161319
0.81959	0.660616	0.686825	0.361196	0.161213
0.81959	0.660517	0.686743	0.361111	0.161109
0.81959	0.660418	0.686661	0.361027	0.161107
0.81959	0.66032	0.686578	0.360943	0.160945
0.81959	0.660221	0.686496	0.360859	0.160943
0.82009	0.660221	0.686578	0.361225	0.160932
0.82009	0.660122	0.686496	0.361141	0.160877
0.82009	0.660024	0.686413	0.361057	0.16076
0.82009	0.659925	0.686331	0.360973	0.16072
0.82009	0.659826	0.686249	0.360889	0.160637
0.82009	0.659728	0.686166	0.360805	0.160628
0.82009	0.659629	0.686084	0.360721	0.160433
0.82059	0.659629	0.686166	0.361087	0.160431
0.82059	0.65953	0.686084	0.361003	0.160419
0.821089	0.65953	0.686166	0.361368	0.160306
0.821089	0.659432	0.686084	0.361284	0.160278
0.821089	0.659333	0.686001	0.3612	0.16026
0.821089	0.659234	0.685919	0.361117	0.160254
0.821089	0.659136	0.685837	0.361033	0.160206
0.821089	0.659037	0.685754	0.360949	0.159979
0.821089	0.658938	0.685672	0.360865	0.159956
0.821089	0.65884	0.68559	0.360781	0.159951
0.821089	0.658741	0.685507	0.360697	0.159922
0.821089	0.658642	0.685425	0.360613	0.159848
0.821089	0.658544	0.685342	0.360529	0.159836
0.821089	0.658445	0.68526	0.360445	0.159828
0.821089	0.658346	0.685178	0.360362	0.159825
0.821089	0.658248	0.685095	0.360278	0.159814
0.821089	0.658051	0.68493	0.36011	0.159803
0.821589	0.658051	0.685013	0.360476	0.159777
0.822089	0.658051	0.685095	0.360842	0.159662
0.822089	0.657952	0.685013	0.360758	0.159579
0.822089	0.657853	0.68493	0.360675	0.159569
0.822089	0.657755	0.684848	0.360591	0.159532
0.822089	0.657656	0.684766	0.360507	0.159433
0.822089	0.657557	0.684683	0.360423	0.159369
0.822089	0.657459	0.684601	0.36034	0.159311
0.822089	0.65736	0.684518	0.360256	0.159289
0.822089	0.657261	0.684436	0.360172	0.159076
0.822089	0.657163	0.684354	0.360089	0.15898
0.822589	0.657163	0.684436	0.360455	0.158975
0.822589	0.657064	0.684354	0.360371	0.158924
0.822589	0.656965	0.684271	0.360288	0.158875
0.823088	0.656965	0.684354	0.360654	0.158838
0.823088	0.656867	0.684271	0.36057	0.158824
0.823088	0.656768	0.684189	0.360486	0.158738
0.823088	0.656669	0.684106	0.360403	0.158722
0.823088	0.656571	0.684024	0.360319	0.158696
0.823088	0.656472	0.683942	0.360236	0.158682
0.823088	0.656373	0.683859	0.360152	0.158682
0.823088	0.656275	0.683777	0.360069	0.158665
0.823088	0.656176	0.683694	0.359985	0.158655
0.823088	0.656077	0.683612	0.359902	0.158628
0.823088	0.655979	0.68353	0.359818	0.158583
0.823088	0.65588	0.683447	0.359735	0.158573
0.823088	0.655781	0.683365	0.359651	0.158534
0.823588	0.655781	0.683447	0.360017	0.158504
0.823588	0.655683	0.683365	0.359934	0.158494
0.823588	0.655584	0.683283	0.359851	0.158436
0.824088	0.655584	0.683365	0.360217	0.15837
0.824088	0.655485	0.683283	0.360133	0.158348
0.824088	0.655387	0.6832	0.36005	0.158334
0.824588	0.655387	0.683283	0.360416	0.158164
0.824588	0.655288	0.6832	0.360333	0.158072
0.824588	0.655189	0.683118	0.360249	0.158004
0.825087	0.655189	0.6832	0.360615	0.157978
0.825087	0.655091	0.683118	0.360532	0.157874
0.825087	0.654992	0.683035	0.360449	0.157828
0.825087	0.654893	0.682953	0.360365	0.157731
0.825087	0.654795	0.682871	0.360282	0.157689
0.825087	0.654696	0.682788	0.360199	0.157576
0.825087	0.654597	0.682706	0.360115	0.157472
0.825087	0.654499	0.682623	0.360032	0.157306
0.825087	0.6544	0.682541	0.359949	0.157304
0.825087	0.654301	0.682459	0.359866	0.157292
0.825087	0.654203	0.682376	0.359783	0.157224
0.825087	0.654104	0.682294	0.359699	0.157204
0.825087	0.654006	0.682211	0.359616	0.157103
0.825087	0.653907	0.682129	0.359533	0.157053
0.825087	0.653808	0.682047	0.35945	0.15705
0.825087	0.65371	0.681964	0.359367	0.157028
0.825587	0.65371	0.682047	0.359733	0.156787
0.825587	0.653611	0.681964	0.35965	0.156726
0.825587	0.653512	0.681882	0.359567	0.156717
0.826087	0.653512	0.681964	0.359933	0.156647
0.826087	0.653414	0.681882	0.35985	0.156581
0.826087	0.653315	0.681799	0.359767	0.156544
0.826087	0.653216	0.681717	0.359684	0.156485
0.826087	0.653118	0.681635	0.359601	0.156439
0.826087	0.653019	0.681552	0.359518	0.156431
0.826087	0.65292	0.68147	0.359435	0.156422
0.826087	0.652822	0.681387	0.359352	0.156284
0.826587	0.652822	0.68147	0.359718	0.15628
0.826587	0.652723	0.681387	0.359635	0.156253
0.826587	0.652624	0.681305	0.359552	0.15622
0.826587	0.652526	0.681223	0.359469	0.156164
0.827086	0.652526	0.681305	0.359835	0.156069
0.827586	0.652526	0.681387	0.360201	0.156047
0.827586	0.652427	0.681305	0.360118	0.155997
0.827586	0.652328	0.681223	0.360035	0.155988
0.827586	0.65223	0.68114	0.359952	0.155941
0.827586	0.652131	0.681058	0.359869	0.155929
0.827586	0.652032	0.680976	0.359787	0.155762
0.827586	0.651934	0.680893	0.359704	0.155745
0.827586	0.651835	0.680811	0.359621	0.155675
0.828086	0.651835	0.680893	0.359987	0.155666
0.828086	0.651736	0.680811	0.359904	0.155659
0.828086	0.651638	0.680728	0.359821	0.155606
0.828086	0.651539	0.680646	0.359739	0.155565
0.828086	0.65144	0.680564	0.359656	0.155539
0.828086	0.651342	0.680481	0.359573	0.155534
0.828086	0.651243	0.680399	0.35949	0.155465
0.828086	0.651144	0.680316	0.359408	0.15545
0.828086	0.651046	0.680234	0.359325	0.155409
0.828086	0.650947	0.680152	0.359242	0.155369
0.828086	0.650848	0.680069	0.359159	0.155293
0.828086	0.65075	0.679987	0.359077	0.155251
0.828586	0.65075	0.680069	0.359443	0.155192
0.828586	0.650651	0.679987	0.35936	0.155118
0.829085	0.650651	0.680069	0.359726	0.155083
0.829085	0.650552	0.679987	0.359644	0.154952
0.829585	0.650552	0.680069	0.36001	0.154928
0.829585	0.650454	0.679987	0.359927	0.154906
0.830085	0.650454	0.680069	0.360293	0.154862
0.830085	0.650355	0.679987	0.360211	0.15473
0.830085	0.650257	0.679904	0.360128	0.154728
0.830085	0.650158	0.679822	0.360045	0.15471
0.830585	0.650158	0.679904	0.360412	0.154698
0.830585	0.650059	0.679822	0.360329	0.154668
0.830585	0.649961	0.67974	0.360246	0.154638
0.830585	0.649862	0.679657	0.360164	0.154624
0.831084	0.649862	0.67974	0.36053	0.154568
0.831084	0.649763	0.679657	0.360447	0.154497
0.831084	0.649665	0.679575	0.360365	0.154437
0.831584	0.649665	0.679657	0.360731	0.154423
0.831584	0.649566	0.679575	0.360649	0.15439
0.831584	0.649467	0.679492	0.360566	0.154342
0.831584	0.649369	0.67941	0.360484	0.154262
0.831584	0.64927	0.679328	0.360401	0.154247
0.831584	0.649171	0.679245	0.360319	0.154197
0.832084	0.649171	0.679328	0.360685	0.154152
0.832084	0.649073	0.679245	0.360603	0.154139
0.832084	0.648974	0.679163	0.36052	0.154064
0.832584	0.648974	0.679245	0.360886	0.154042
0.832584	0.648875	0.679163	0.360804	0.153841
0.833083	0.648875	0.679245	0.36117	0.15384
0.833083	0.648777	0.679163	0.361088	0.153839
0.833083	0.648678	0.67908	0.361005	0.15383
0.833083	0.648579	0.678998	0.360923	0.153823
0.833083	0.648481	0.678916	0.360841	0.153731
0.833083	0.648382	0.678833	0.360758	0.153692
0.833083	0.648283	0.678751	0.360676	0.153688
0.833083	0.648185	0.678669	0.360594	0.153577
0.833083	0.648086	0.678586	0.360512	0.15347
0.833083	0.647987	0.678504	0.360429	0.153453
0.833083	0.647889	0.678421	0.360347	0.153425
0.833083	0.64779	0.678339	0.360265	0.153387
0.833083	0.647691	0.678257	0.360183	0.15335
0.833083	0.647593	0.678174	0.3601	0.153349
0.833083	0.647494	0.678092	0.360018	0.1533
0.833083	0.647395	0.678009	0.359936	0.153293
0.833083	0.647297	0.677927	0.359854	0.153212
0.833083	0.647198	0.677845	0.359772	0.153045
0.833583	0.647198	0.677927	0.360138	0.153037
0.833583	0.647099	0.677845	0.360056	0.153027
0.833583	0.647001	0.677762	0.359974	0.152987
0.833583	0.646902	0.67768	0.359892	0.152957
0.834083	0.646902	0.677762	0.360258	0.152941
0.834583	0.646902	0.677845	0.360624	0.152905
0.835082	0.646902	0.677927	0.36099	0.152897
0.835082	0.646803	0.677845	0.360908	0.152665
0.835082	0.646705	0.677762	0.360826	0.152618
0.835082	0.646606	0.67768	0.360744	0.152528
0.835082	0.646507	0.677597	0.360662	0.152516
0.835082	0.646409	0.677515	0.36058	0.152504
0.835082	0.64631	0.677433	0.360498	0.152419
0.835082	0.646212	0.67735	0.360416	0.152397
0.835082	0.646113	0.677268	0.360334	0.15232
0.835082	0.646014	0.677185	0.360252	0.152212
0.835082	0.645916	0.677103	0.36017	0.152148
0.835582	0.645916	0.677185	0.360536	0.152133
0.835582	0.645817	0.677103	0.360454	0.15212
0.836082	0.645817	0.677185	0.360821	0.152101
0.836082	0.645718	0.677103	0.360739	0.152065
0.836582	0.645718	0.677185	0.361105	0.151985
0.836582	0.645521	0.677021	0.360941	0.151931
0.836582	0.645324	0.676856	0.360777	0.151876
0.836582	0.645225	0.676774	0.360696	0.151749
0.836582	0.645126	0.676691	0.360614	0.151737
0.836582	0.645028	0.676609	0.360532	0.151658
0.836582	0.644929	0.676526	0.36045	0.151656
0.836582	0.64483	0.676444	0.360368	0.15158
0.836582	0.644732	0.676362	0.360287	0.151506
0.837081	0.644732	0.676444	0.360653	0.151462
0.837081	0.644633	0.676362	0.360571	0.15135
0.837081	0.644534	0.676279	0.360489	0.151316
0.837081	0.644436	0.676197	0.360408	0.151313
0.837581	0.644436	0.676279	0.360774	0.151306
0.837581	0.644337	0.676197	0.360692	0.15125
0.838081	0.644337	0.676279	0.361058	0.151244
0.838081	0.644238	0.676197	0.360977	0.151114
0.838081	0.64414	0.676114	0.360895	0.150991
0.838081	0.644041	0.676032	0.360813	0.150955
0.838081	0.643942	0.67595	0.360732	0.150889
0.838081	0.643844	0.675867	0.36065	0.150718
0.838581	0.643844	0.67595	0.361016	0.150709
0.838581	0.643745	0.675867	0.360935	0.150689
0.838581	0.643646	0.675785	0.360853	0.150665
0.838581	0.643548	0.675702	0.360772	0.150621
0.838581	0.643449	0.67562	0.36069	0.150578
0.838581	0.64335	0.675538	0.360608	0.150529
0.838581	0.643252	0.675455	0.360527	0.150507
0.83908	0.643252	0.675538	0.360893	0.150467
0.83908	0.643153	0.675455	0.360812	0.15046
0.83908	0.643054	0.675373	0.36073	0.150455
0.83908	0.642956	0.67529	0.360649	0.150377
0.83908	0.642857	0.675208	0.360567	0.150367
0.83908	0.642758	0.675126	0.360486	0.150287
0.83908	0.64266	0.675043	0.360404	0.150254
0.83908	0.642561	0.674961	0.360323	0.150216
0.83908	0.642463	0.674878	0.360241	0.150171
0.83908	0.642364	0.674796	0.36016	0.15013
0.83908	0.642265	0.674714	0.360079	0.149993
0.83908	0.642167	0.674631	0.359997	0.149978
0.83908	0.642068	0.674549	0.359916	0.149957
0.83908	0.641969	0.674467	0.359834	0.149949
0.83908	0.641871	0.674384	0.359753	0.149941
0.83908	0.641772	0.674302	0.359672	0.14993
0.83908	0.641673	0.674219	0.35959	0.149908
0.83908	0.641575	0.674137	0.359509	0.149903
0.83908	0.641476	0.674055	0.359428	0.149828
0.83908	0.641377	0.673972	0.359347	0.14981
0.83908	0.641279	0.67389	0.359265	0.149762
0.83958	0.641279	0.673972	0.359632	0.149656
0.83958	0.64118	0.67389	0.35955	0.149591
0.83958	0.641081	0.673807	0.359469	0.149574
0.83958	0.640983	0.673725	0.359388	0.14957
0.83958	0.640884	0.673643	0.359307	0.149562
0.83958	0.640785	0.67356	0.359226	0.149506
0.83958	0.640687	0.673478	0.359144	0.149482
0.83958	0.640588	0.673395	0.359063	0.149414
0.83958	0.640489	0.673313	0.358982	0.149257
0.84008	0.640489	0.673395	0.359348	0.149135
0.84008	0.640391	0.673313	0.359267	0.149078
0.84008	0.640292	0.673231	0.359186	0.149063
0.84008	0.640193	0.673148	0.359105	0.149062
0.84058	0.640193	0.673231	0.359471	0.149047
0.84058	0.640095	0.673148	0.35939	0.149011
0.84058	0.639996	0.673066	0.359309	0.148906
0.841079	0.639996	0.673148	0.359676	0.148848
0.841079	0.639897	0.673066	0.359595	0.148816
0.841079	0.639799	0.672983	0.359513	0.14874
0.841079	0.6397	0.672901	0.359432	0.148686
0.841079	0.639601	0.672819	0.359351	0.148684
0.841079	0.639503	0.672736	0.35927	0.14868
0.841079	0.639404	0.672654	0.359189	0.148666
0.841079	0.639305	0.672571	0.359108	0.148557
0.841079	0.639207	0.672489	0.359028	0.148475
0.841079	0.639108	0.672407	0.358947	0.14841
0.841079	0.639009	0.672324	0.358866	0.148393
0.841579	0.639009	0.672407	0.359232	0.148383
0.842079	0.639009	0.672489	0.359598	0.148355
0.842579	0.639009	0.672571	0.359965	0.148341
0.842579	0.638911	0.672489	0.359884	0.148329
0.842579	0.638812	0.672407	0.359803	0.14831
0.843078	0.638812	0.672489	0.360169	0.148237
0.843078	0.638713	0.672407	0.360088	0.148226
0.843578	0.638713	0.672489	0.360455	0.14821
0.843578	0.638615	0.672407	0.360374	0.148176
0.843578	0.638516	0.672324	0.360293	0.148138
0.843578	0.638418	0.672242	0.360212	0.147995
0.843578	0.638319	0.67216	0.360131	0.147977
0.843578	0.63822	0.672077	0.360051	0.147905
0.844078	0.63822	0.67216	0.360417	0.147894
0.844078	0.638122	0.672077	0.360336	0.147844
0.844078	0.638023	0.671995	0.360255	0.147782
0.844078	0.637924	0.671912	0.360175	0.147753
0.844078	0.637826	0.67183	0.360094	0.147741
0.844078	0.637727	0.671748	0.360013	0.147693
0.844078	0.637628	0.671665	0.359932	0.147583
0.844078	0.63753	0.671583	0.359852	0.147564
0.844078	0.637431	0.6715	0.359771	0.147483
0.844078	0.637332	0.671418	0.35969	0.14748
0.844078	0.637234	0.671336	0.35961	0.14741
0.844578	0.637234	0.671418	0.359976	0.147321
0.844578	0.637135	0.671336	0.359895	0.147219
0.844578	0.637036	0.671253	0.359815	0.147075
0.844578	0.636938	0.671171	0.359734	0.147026
0.844578	0.636839	0.671088	0.359654	0.146969
0.845077	0.636839	0.671171	0.36002	0.146932
0.845077	0.63674	0.671088	0.359939	0.146893
0.845577	0.63674	0.671171	0.360306	0.146878
0.846077	0.63674	0.671253	0.360672	0.146793
0.846077	0.636642	0.671171	0.360592	0.146764
0.846077	0.636543	0.671088	0.360511	0.146754
0.846077	0.636444	0.671006	0.360431	0.146745
0.846577	0.636444	0.671088	0.360797	0.146728
0.846577	0.636346	0.671006	0.360717	0.146719
0.846577	0.636247	0.670924	0.360636	0.146614
0.846577	0.636148	0.670841	0.360556	0.146578
0.846577	0.63605	0.670759	0.360475	0.14657
0.846577	0.635951	0.670676	0.360395	0.146519
0.846577	0.635852	0.670594	0.360314	0.146408
0.846577	0.635754	0.670512	0.360234	0.14639
0.846577	0.635655	0.670429	0.360153	0.146357
0.847076	0.635655	0.670512	0.36052	0.146288
0.847076	0.635556	0.670429	0.360439	0.146263
0.847076	0.635458	0.670347	0.360359	0.146217
0.847076	0.635359	0.670264	0.360278	0.146047
0.847076	0.63526	0.670182	0.360198	0.14601
0.847076	0.635162	0.6701	0.360118	0.146007
0.847076	0.635063	0.670017	0.360037	0.145986
0.847076	0.634964	0.669935	0.359957	0.145934
0.847076	0.634866	0.669853	0.359877	0.145916
0.847076	0.634767	0.66977	0.359796	0.145863
0.847076	0.634669	0.669688	0.359716	0.145739
0.847076	0.63457	0.669605	0.359636	0.145665
0.847076	0.634471	0.669523	0.359556	0.145647
0.847076	0.634373	0.669441	0.359475	0.145584
0.847076	0.634274	0.669358	0.359395	0.145518
0.847076	0.634175	0.669276	0.359315	0.145488
0.847076	0.634077	0.669193	0.359235	0.145475
0.847076	0.633978	0.669111	0.359154	0.145469
0.847076	0.633879	0.669029	0.359074	0.14545
0.847076	0.633781	0.668946	0.358994	0.145416
0.847076	0.633682	0.668864	0.358914	0.145337
0.847076	0.633583	0.668781	0.358834	0.145321
0.847076	0.633485	0.668699	0.358753	0.145288
0.847076	0.633386	0.668617	0.358673	0.145261
0.847576	0.633386	0.668699	0.35904	0.145168
0.847576	0.633287	0.668617	0.35896	0.145157
0.847576	0.633189	0.668534	0.35888	0.145101
0.847576	0.63309	0.668452	0.3588	0.145085
0.847576	0.632991	0.668369	0.35872	0.144892
0.847576	0.632893	0.668287	0.358639	0.144805
0.847576	0.632794	0.668205	0.358559	0.144513
0.848076	0.632794	0.668287	0.358926	0.144314
0.848076	0.632695	0.668205	0.358846	0.144284
0.848076	0.632597	0.668122	0.358766	0.144273
0.848076	0.632498	0.66804	0.358686	0.144182
0.848076	0.632399	0.667957	0.358606	0.144132
0.848076	0.632301	0.667875	0.358526	0.144112
0.848076	0.632202	0.667793	0.358446	0.144094
0.848076	0.632103	0.66771	0.358366	0.14401
0.848076	0.632005	0.667628	0.358286	0.144005
0.848076	0.631906	0.667546	0.358206	0.143937
0.848076	0.631807	0.667463	0.358126	0.143682
0.848076	0.631709	0.667381	0.358046	0.143679
0.848076	0.63161	0.667298	0.357966	0.143637
0.848076	0.631511	0.667216	0.357887	0.143572
0.848076	0.631413	0.667134	0.357807	0.14354
0.848076	0.631314	0.667051	0.357727	0.143381
0.848076	0.631215	0.666969	0.357647	0.143293
0.848576	0.631215	0.667051	0.358014	0.143242
0.848576	0.631117	0.666969	0.357934	0.143125
0.848576	0.631018	0.666886	0.357854	0.143117
0.848576	0.630919	0.666804	0.357774	0.142957
0.848576	0.630821	0.666722	0.357694	0.142903
0.848576	0.630722	0.666639	0.357615	0.1429
0.848576	0.630624	0.666557	0.357535	0.14285
0.848576	0.630525	0.666474	0.357455	0.142825
0.848576	0.630426	0.666392	0.357375	0.142797
0.848576	0.630328	0.66631	0.357296	0.142763
0.848576	0.630229	0.666227	0.357216	0.142761
0.848576	0.63013	0.666145	0.357136	0.142657
0.848576	0.630032	0.666062	0.357057	0.14265
0.848576	0.629933	0.66598	0.356977	0.142647
0.848576	0.629834	0.665898	0.356897	0.142617
0.848576	0.629736	0.665815	0.356818	0.142562
0.848576	0.629637	0.665733	0.356738	0.142534
0.848576	0.629538	0.66565	0.356658	0.14247
0.848576	0.62944	0.665568	0.356579	0.142463
0.848576	0.629341	0.665486	0.356499	0.142456
0.848576	0.629242	0.665403	0.356419	0.142436
0.848576	0.629144	0.665321	0.35634	0.142381
0.848576	0.629045	0.665239	0.35626	0.142359
0.848576	0.628946	0.665156	0.356181	0.142345
0.848576	0.628848	0.665074	0.356101	0.142334
0.848576	0.628749	0.664991	0.356022	0.142187
0.849075	0.628749	0.665074	0.356389	0.141974
0.849075	0.62865	0.664991	0.356309	0.141909
0.849075	0.628552	0.664909	0.35623	0.141804
0.849075	0.628453	0.664827	0.35615	0.141785
0.849075	0.628354	0.664744	0.356071	0.141676
0.849075	0.628256	0.664662	0.355991	0.141659
0.849075	0.628157	0.664579	0.355912	0.141651
0.849075	0.628058	0.664497	0.355832	0.141622
0.849075	0.62796	0.664415	0.355753	0.14162
0.849075	0.627861	0.664332	0.355673	0.141579
0.849075	0.627762	0.66425	0.355594	0.141539
0.849075	0.627664	0.664167	0.355515	0.141538
0.849075	0.627565	0.664085	0.355435	0.14145
0.849575	0.627565	0.664167	0.355802	0.141357
0.850075	0.627565	0.66425	0.356169	0.141343
0.850075	0.627466	0.664167	0.35609	0.141156
0.850575	0.627466	0.66425	0.356457	0.141138
0.851074	0.627466	0.664332	0.356823	0.141031
0.851074	0.627368	0.66425	0.356744	0.140911
0.851074	0.627269	0.664167	0.356665	0.140888
0.851074	0.62717	0.664085	0.356586	0.140849
0.851574	0.62717	0.664167	0.356952	0.140815
0.851574	0.627072	0.664085	0.356873	0.140647
0.852074	0.627072	0.664167	0.35724	0.140644
0.852074	0.626973	0.664085	0.357161	0.140615
0.852074	0.626875	0.664003	0.357081	0.140578
0.852074	0.626776	0.66392	0.357002	0.140478
0.852074	0.626677	0.663838	0.356923	0.14046
0.852074	0.626579	0.663755	0.356844	0.140455
0.852074	0.62648	0.663673	0.356765	0.140344
0.852074	0.626381	0.663591	0.356685	0.140298
0.852074	0.626283	0.663508	0.356606	0.140227
0.852074	0.626184	0.663426	0.356527	0.140217
0.852074	0.626085	0.663343	0.356448	0.140214
0.852074	0.625987	0.663261	0.356369	0.140173
0.852074	0.625888	0.663179	0.35629	0.140083
0.852074	0.625789	0.663096	0.356211	0.140065
0.852074	0.625691	0.663014	0.356131	0.139987
0.852074	0.625592	0.662932	0.356052	0.139942
0.852074	0.625493	0.662849	0.355973	0.139842
0.852074	0.625395	0.662767	0.355894	0.13982
0.852074	0.625296	0.662684	0.355815	0.139703
0.852074	0.625197	0.662602	0.355736	0.139696
0.852074	0.625099	0.66252	0.355657	0.139674
0.852074	0.625	0.662437	0.355578	0.139536
0.852074	0.624901	0.662355	0.355499	0.139491
0.852074	0.624803	0.662272	0.35542	0.139468
0.852074	0.624704	0.66219	0.355341	0.139451
0.852074	0.624605	0.662108	0.355262	0.139364
0.852074	0.624507	0.662025	0.355183	0.139336
0.852074	0.624408	0.661943	0.355104	0.139326
0.852574	0.624408	0.662025	0.355471	0.139212
0.852574	0.624309	0.661943	0.355392	0.139159
0.852574	0.624211	0.66186	0.355313	0.139134
0.853073	0.624211	0.661943	0.35568	0.139127
0.853573	0.624211	0.662025	0.356047	0.139116
0.853573	0.624112	0.661943	0.355969	0.139095
0.854073	0.624112	0.662025	0.356336	0.139067
0.854573	0.624112	0.662108	0.356703	0.138981
0.854573	0.624013	0.662025	0.356624	0.138823
0.854573	0.623915	0.661943	0.356545	0.138745
0.854573	0.623816	0.66186	0.356466	0.138725
0.855072	0.623816	0.661943	0.356833	0.138628
0.855072	0.623717	0.66186	0.356754	0.138622
0.855072	0.623619	0.661778	0.356676	0.138586
0.855072	0.62352	0.661696	0.356597	0.138515
0.855072	0.623421	0.661613	0.356518	0.138505
0.855072	0.623323	0.661531	0.356439	0.138422
0.855072	0.623224	0.661448	0.35636	0.13841
0.855072	0.623125	0.661366	0.356282	0.138402
0.855072	0.623027	0.661284	0.356203	0.138361
0.855072	0.622928	0.661201	0.356124	0.138314
0.855572	0.622928	0.661284	0.356491	0.138183
0.855572	0.62283	0.661201	0.356413	0.138183
0.855572	0.622731	0.661119	0.356334	0.138072
0.856072	0.622731	0.661201	0.356701	0.138047
0.856072	0.622632	0.661119	0.356622	0.138011
0.856072	0.622534	0.661036	0.356544	0.138005
0.856072	0.622435	0.660954	0.356465	0.138001
0.856072	0.622336	0.660872	0.356386	0.137896
0.856072	0.622238	0.660789	0.356308	0.137855
0.856072	0.622139	0.660707	0.356229	0.137743
0.856572	0.622139	0.660789	0.356596	0.137715
0.857071	0.622139	0.660872	0.356963	0.137688
0.857071	0.62204	0.660789	0.356885	0.137666
0.857071	0.621942	0.660707	0.356806	0.137523
0.857071	0.621843	0.660625	0.356728	0.137465
0.857071	0.621744	0.660542	0.356649	0.137387
0.857071	0.621646	0.66046	0.356571	0.137343
0.857071	0.621547	0.660377	0.356492	0.13727
0.857071	0.621448	0.660295	0.356413	0.137216
0.857071	0.62135	0.660213	0.356335	0.137201
0.857071	0.621251	0.66013	0.356256	0.137119
0.857071	0.621152	0.660048	0.356178	0.137083
0.857071	0.621054	0.659965	0.356099	0.137066
0.857071	0.620955	0.659883	0.356021	0.137044
0.857071	0.620856	0.659801	0.355943	0.137012
0.857071	0.620758	0.659718	0.355864	0.137004
0.857571	0.620758	0.659801	0.356231	0.136956
0.857571	0.620659	0.659718	0.356153	0.136939
0.858071	0.620659	0.659801	0.35652	0.136833
0.858071	0.62056	0.659718	0.356442	0.136784
0.858071	0.620462	0.659636	0.356363	0.136598
0.858071	0.620363	0.659553	0.356285	0.136595
0.858071	0.620264	0.659471	0.356207	0.136576
0.858071	0.620166	0.659389	0.356128	0.13653
0.858071	0.620067	0.659306	0.35605	0.13652
0.858071	0.619968	0.659224	0.355972	0.136506
0.858071	0.61987	0.659141	0.355893	0.13639
0.858071	0.619771	0.659059	0.355815	0.136311
0.858071	0.619672	0.658977	0.355737	0.136247
0.858071	0.619574	0.658894	0.355658	0.136242
0.858571	0.619574	0.658977	0.356026	0.136176
0.858571	0.619475	0.658894	0.355947	0.136159
0.858571	0.619376	0.658812	0.355869	0.136099
0.858571	0.619278	0.65873	0.355791	0.136042
0.858571	0.619179	0.658647	0.355713	0.136016
0.858571	0.619081	0.658565	0.355634	0.135852
0.85907	0.619081	0.658647	0.356002	0.135811
0.85907	0.618982	0.658565	0.355924	0.135704
0.85907	0.618883	0.658482	0.355845	0.135694
0.85907	0.618785	0.6584	0.355767	0.135661
0.85907	0.618686	0.658318	0.355689	0.135622
0.85907	0.618587	0.658235	0.355611	0.135409
0.85907	0.618489	0.658153	0.355533	0.135308
0.85907	0.61839	0.65807	0.355455	0.135224
0.85907	0.618291	0.657988	0.355377	0.135219
0.85907	0.618193	0.657906	0.355298	0.135202
0.85907	0.618094	0.657823	0.35522	0.135198
0.85907	0.617995	0.657741	0.355142	0.135055
0.85907	0.617897	0.657658	0.355064	0.134998
0.85907	0.617798	0.657576	0.354986	0.134854
0.85907	0.617699	0.657494	0.354908	0.134828
0.85957	0.617699	0.657576	0.355275	0.134824
0.85957	0.617601	0.657494	0.355197	0.134787
0.85957	0.617502	0.657411	0.355119	0.134586
0.85957	0.617403	0.657329	0.355041	0.134515
0.85957	0.617305	0.657246	0.354963	0.13441
0.85957	0.617206	0.657164	0.354885	0.134377
0.86007	0.617206	0.657246	0.355253	0.134278
0.86007	0.617107	0.657164	0.355175	0.134221
0.86007	0.617009	0.657082	0.355097	0.134173
0.86007	0.61691	0.656999	0.355019	0.134169
0.86007	0.616811	0.656917	0.354941	0.134111
0.86007	0.616713	0.656834	0.354863	0.134109
0.86007	0.616614	0.656752	0.354785	0.134095
0.86007	0.616515	0.65667	0.354707	0.133851
0.86007	0.616417	0.656587	0.354629	0.133793
0.86007	0.616318	0.656505	0.354552	0.133792
0.86007	0.616219	0.656423	0.354474	0.133771
0.86007	0.616121	0.65634	0.354396	0.133736
0.86007	0.616022	0.656258	0.354318	0.133717
0.86007	0.615923	0.656175	0.35424	0.133626
0.86007	0.615825	0.656093	0.354162	0.133608
0.86007	0.615726	0.656011	0.354085	0.13359
0.86007	0.615627	0.655928	0.354007	0.133534
0.86007	0.615529	0.655846	0.353929	0.133392
0.86007	0.61543	0.655763	0.353851	0.133283
0.86057	0.61543	0.655846	0.354219	0.133217
0.86057	0.615331	0.655763	0.354141	0.13319
0.861069	0.615331	0.655846	0.354509	0.133161
0.861069	0.615233	0.655763	0.354431	0.133148
0.861069	0.615134	0.655681	0.354353	0.133083
0.861069	0.615036	0.655599	0.354275	0.132963
0.861569	0.615036	0.655681	0.354643	0.132912
0.861569	0.614937	0.655599	0.354565	0.132911
0.861569	0.614838	0.655516	0.354488	0.132833
0.862069	0.614838	0.655599	0.354855	0.132789
0.862069	0.61474	0.655516	0.354778	0.132787
0.862069	0.614641	0.655434	0.3547	0.132714
0.862069	0.614542	0.655351	0.354622	0.13271
0.862069	0.614444	0.655269	0.354545	0.132627
0.862569	0.614444	0.655351	0.354912	0.132588
0.862569	0.614345	0.655269	0.354835	0.132538
0.862569	0.614246	0.655187	0.354757	0.132535
0.862569	0.614148	0.655104	0.35468	0.132494
0.862569	0.614049	0.655022	0.354602	0.132464
0.862569	0.61395	0.654939	0.354524	0.132404
0.862569	0.613852	0.654857	0.354447	0.13238
0.863068	0.613852	0.654939	0.354815	0.132325
0.863068	0.613753	0.654857	0.354737	0.132301
0.863068	0.613654	0.654775	0.354659	0.13226
0.863568	0.613654	0.654857	0.355027	0.132185
0.863568	0.613556	0.654775	0.35495	0.132164
0.863568	0.613457	0.654692	0.354872	0.132106
0.863568	0.613358	0.65461	0.354795	0.132081
0.863568	0.61326	0.654527	0.354717	0.132031
0.864068	0.61326	0.65461	0.355085	0.131987
0.864068	0.613161	0.654527	0.355007	0.131955
0.864068	0.613062	0.654445	0.35493	0.131917
0.864068	0.612964	0.654363	0.354853	0.13189
0.864068	0.612865	0.65428	0.354775	0.131839
0.864568	0.612865	0.654363	0.355143	0.131814
0.864568	0.612766	0.65428	0.355066	0.131785
0.864568	0.612668	0.654198	0.354988	0.131781
0.864568	0.612569	0.654116	0.354911	0.131706
0.864568	0.61247	0.654033	0.354833	0.131539
0.865067	0.61247	0.654116	0.355201	0.131508
0.865067	0.612372	0.654033	0.355124	0.131504
0.865067	0.612273	0.653951	0.355046	0.131501
0.865067	0.612174	0.653868	0.354969	0.131497
0.865067	0.612076	0.653786	0.354892	0.131435
0.865067	0.611977	0.653704	0.354815	0.131413
0.865067	0.611878	0.653621	0.354737	0.131367
0.865067	0.61178	0.653539	0.35466	0.131354
0.865067	0.611681	0.653456	0.354583	0.131225
0.865067	0.611582	0.653374	0.354505	0.131158
0.865067	0.611484	0.653292	0.354428	0.131152
0.865067	0.611385	0.653209	0.354351	0.1311
0.865067	0.611287	0.653127	0.354274	0.131004
0.865067	0.611188	0.653044	0.354197	0.130818
0.865067	0.611089	0.652962	0.354119	0.130776
0.865567	0.611089	0.653044	0.354487	0.130662
0.866067	0.611089	0.653127	0.354855	0.130545
0.866067	0.610991	0.653044	0.354778	0.130517
0.866067	0.610892	0.652962	0.354701	0.130491
0.866067	0.610793	0.65288	0.354624	0.130458
0.866067	0.610695	0.652797	0.354546	0.13045
0.866567	0.610695	0.65288	0.354914	0.1304
0.866567	0.610596	0.652797	0.354837	0.130399
0.867066	0.610596	0.65288	0.355205	0.130354
0.867066	0.610497	0.652797	0.355128	0.130303
0.867066	0.610399	0.652715	0.355051	0.130285
0.867566	0.610399	0.652797	0.355419	0.130282
0.867566	0.6103	0.652715	0.355342	0.130225
0.867566	0.610201	0.652632	0.355265	0.130197
0.867566	0.610103	0.65255	0.355188	0.130178
0.867566	0.610004	0.652468	0.355111	0.130175
0.867566	0.609905	0.652385	0.355034	0.130062
0.867566	0.609807	0.652303	0.354956	0.130042
0.867566	0.609708	0.65222	0.354879	0.130036
0.867566	0.609609	0.652138	0.354802	0.13001
0.867566	0.609511	0.652056	0.354726	0.12987
0.867566	0.609412	0.651973	0.354649	0.129774
0.867566	0.609313	0.651891	0.354572	0.129762
0.868066	0.609313	0.651973	0.35494	0.129704
0.868066	0.609215	0.651891	0.354863	0.129654
0.868566	0.609215	0.651973	0.355231	0.129594
0.868566	0.609116	0.651891	0.355154	0.129569
0.868566	0.609017	0.651809	0.355077	0.129517
0.868566	0.608919	0.651726	0.355	0.129398
0.868566	0.60882	0.651644	0.354923	0.129326
0.868566	0.608721	0.651561	0.354846	0.129326
0.869065	0.608721	0.651644	0.355214	0.129259
0.869065	0.608623	0.651561	0.355137	0.129255
0.869065	0.608524	0.651479	0.35506	0.129208
0.869065	0.608425	0.651397	0.354984	0.12917
0.869065	0.608327	0.651314	0.354907	0.129128
0.869065	0.608228	0.651232	0.35483	0.129074
0.869565	0.608228	0.651314	0.355198	0.129049
0.869565	0.608129	0.651232	0.355121	0.128974
0.870065	0.608129	0.651314	0.355489	0.128955
0.870065	0.608031	0.651232	0.355412	0.128918
0.870065	0.607932	0.651149	0.355336	0.128901
0.870065	0.607833	0.651067	0.355259	0.12888
0.870065	0.607735	0.650985	0.355182	0.128877
0.870065	0.607636	0.650902	0.355105	0.12878
0.870565	0.607636	0.650985	0.355474	0.128705
0.870565	0.607537	0.650902	0.355397	0.12867
0.870565	0.607439	0.65082	0.35532	0.128629
0.870565	0.60734	0.650737	0.355243	0.128502
0.870565	0.607242	0.650655	0.355167	0.128429
0.870565	0.607143	0.650573	0.35509	0.128383
0.870565	0.607044	0.65049	0.355013	0.128297
0.870565	0.606946	0.650408	0.354937	0.12829
0.870565	0.606847	0.650325	0.35486	0.128278
0.870565	0.606748	0.650243	0.354784	0.128259
0.870565	0.60665	0.650161	0.354707	0.128216
0.870565	0.606551	0.650078	0.35463	0.128161
0.871064	0.606551	0.650161	0.354998	0.128076
0.871064	0.606452	0.650078	0.354922	0.128036
0.871064	0.606354	0.649996	0.354845	0.127955
0.871064	0.606255	0.649913	0.354769	0.127913
0.871064	0.606156	0.649831	0.354692	0.127906
0.871064	0.606058	0.649749	0.354616	0.127863
0.871064	0.605959	0.649666	0.354539	0.127863
0.871064	0.60586	0.649584	0.354463	0.127823
0.871064	0.605762	0.649502	0.354386	0.127667
0.871064	0.605663	0.649419	0.35431	0.127596
0.871064	0.605564	0.649337	0.354233	0.127594
0.871064	0.605466	0.649254	0.354157	0.127588
0.871064	0.605367	0.649172	0.35408	0.12758
0.871064	0.605268	0.64909	0.354004	0.127559
0.871064	0.60517	0.649007	0.353927	0.127518
0.871564	0.60517	0.64909	0.354296	0.127429
0.871564	0.605071	0.649007	0.354219	0.127409
0.871564	0.604972	0.648925	0.354143	0.127397
0.871564	0.604874	0.648842	0.354066	0.127201
0.871564	0.604775	0.64876	0.35399	0.127194
0.871564	0.604676	0.648678	0.353914	0.127174
0.871564	0.604578	0.648595	0.353837	0.127122
0.872064	0.604578	0.648678	0.354205	0.127087
0.872564	0.604578	0.64876	0.354574	0.127039
0.872564	0.604479	0.648678	0.354497	0.127035
0.872564	0.60438	0.648595	0.354421	0.126989
0.872564	0.604282	0.648513	0.354345	0.126988
0.872564	0.604183	0.64843	0.354268	0.126976
0.872564	0.604084	0.648348	0.354192	0.126904
0.872564	0.603986	0.648266	0.354116	0.126885
0.872564	0.603887	0.648183	0.35404	0.126806
0.872564	0.603788	0.648101	0.353963	0.126754
0.872564	0.60369	0.648018	0.353887	0.126668
0.872564	0.603591	0.647936	0.353811	0.126634
0.872564	0.603493	0.647854	0.353735	0.126487
0.872564	0.603394	0.647771	0.353658	0.12643
0.872564	0.603295	0.647689	0.353582	0.126376
0.872564	0.603197	0.647606	0.353506	0.12627
0.872564	0.603098	0.647524	0.35343	0.126253
0.872564	0.602999	0.647442	0.353354	0.126198
0.872564	0.602901	0.647359	0.353277	0.126176
0.873063	0.602901	0.647442	0.353646	0.126171
0.873063	0.602802	0.647359	0.35357	0.126164
0.873063	0.602703	0.647277	0.353494	0.126129
0.873063	0.602605	0.647195	0.353417	0.126055
0.873063	0.602506	0.647112	0.353341	0.126032
0.873563	0.602506	0.647195	0.35371	0.125961
0.873563	0.602407	0.647112	0.353634	0.125896
0.873563	0.602309	0.64703	0.353558	0.125884
0.873563	0.60221	0.646947	0.353482	0.125853
0.873563	0.602111	0.646865	0.353405	0.125811
0.873563	0.602013	0.646783	0.353329	0.125778
0.873563	0.601914	0.6467	0.353253	0.125751
0.873563	0.601815	0.646618	0.353177	0.125665
0.873563	0.601717	0.646535	0.353101	0.12563
0.873563	0.601618	0.646453	0.353025	0.12555
0.873563	0.601519	0.646371	0.352949	0.125464
0.874063	0.601519	0.646453	0.353318	0.125452
0.874063	0.601421	0.646371	0.353242	0.125439
0.874563	0.601421	0.646453	0.35361	0.125383
0.874563	0.601322	0.646371	0.353535	0.125355
0.874563	0.601223	0.646288	0.353459	0.125341
0.874563	0.601125	0.646206	0.353383	0.125336
0.874563	0.601026	0.646123	0.353307	0.125331
0.874563	0.600927	0.646041	0.353231	0.125287
0.874563	0.600829	0.645959	0.353155	0.125206
0.874563	0.60073	0.645876	0.353079	0.125106
0.874563	0.600631	0.645794	0.353003	0.125104
0.874563	0.600533	0.645711	0.352927	0.125099
0.874563	0.600434	0.645629	0.352851	0.125075
0.874563	0.600335	0.645547	0.352775	0.125034
0.874563	0.600237	0.645464	0.3527	0.125028
0.874563	0.600138	0.645382	0.352624	0.124949
0.874563	0.600039	0.645299	0.352548	0.124877
0.874563	0.599941	0.645217	0.352472	0.124818
0.874563	0.599842	0.645135	0.352396	0.124803
0.874563	0.599743	0.645052	0.35232	0.124689
0.874563	0.599645	0.64497	0.352245	0.124614
0.875062	0.599645	0.645052	0.352613	0.124609
0.875062	0.599546	0.64497	0.352538	0.124579
0.875062	0.599448	0.644888	0.352462	0.124467
0.875062	0.599349	0.644805	0.352386	0.124427
0.875062	0.59925	0.644723	0.35231	0.124317
0.875062	0.599152	0.64464	0.352235	0.124267
0.875062	0.599053	0.644558	0.352159	0.124225
0.875062	0.598954	0.644476	0.352083	0.124191
0.875062	0.598856	0.644393	0.352008	0.124077
0.875562	0.598856	0.644476	0.352376	0.124052
0.875562	0.598757	0.644393	0.352301	0.124032
0.875562	0.598658	0.644311	0.352225	0.123978
0.875562	0.59856	0.644228	0.352149	0.123961
0.875562	0.598461	0.644146	0.352074	0.123906
0.876062	0.598461	0.644228	0.352443	0.123835
0.876062	0.598362	0.644146	0.352367	0.12381
0.876062	0.598264	0.644064	0.352291	0.123774
0.876062	0.598165	0.643981	0.352216	0.123736
0.876062	0.598066	0.643899	0.35214	0.123734
0.876062	0.597968	0.643816	0.352065	0.123668
0.876062	0.597869	0.643734	0.351989	0.123649
0.876062	0.59777	0.643652	0.351913	0.123644
0.876062	0.597672	0.643569	0.351838	0.123641
0.876062	0.597573	0.643487	0.351762	0.123579
0.876562	0.597573	0.643569	0.352131	0.123551
0.876562	0.597474	0.643487	0.352056	0.123517
0.876562	0.597376	0.643404	0.35198	0.123461
0.876562	0.597277	0.643322	0.351905	0.123459
0.876562	0.597178	0.64324	0.351829	0.123426
0.876562	0.59708	0.643157	0.351754	0.123376
0.876562	0.596981	0.643075	0.351678	0.123293
0.876562	0.596882	0.642993	0.351603	0.123273
0.876562	0.596784	0.64291	0.351527	0.123269
0.876562	0.596685	0.642828	0.351452	0.123258
0.877061	0.596685	0.64291	0.351821	0.123253
0.877061	0.596586	0.642828	0.351745	0.123244
0.877061	0.596488	0.642745	0.35167	0.123242
0.877061	0.596389	0.642663	0.351595	0.123239
0.877061	0.59629	0.642581	0.351519	0.123216
0.877561	0.59629	0.642663	0.351888	0.123119
0.877561	0.596192	0.642581	0.351813	0.123102
0.877561	0.596093	0.642498	0.351738	0.12307
0.877561	0.595994	0.642416	0.351662	0.123064
0.877561	0.595896	0.642333	0.351587	0.12301
0.877561	0.595797	0.642251	0.351512	0.122982
0.877561	0.595699	0.642169	0.351436	0.122758
0.877561	0.5956	0.642086	0.351361	0.122758
0.877561	0.595501	0.642004	0.351286	0.122712
0.877561	0.595403	0.641921	0.35121	0.122675
0.877561	0.595304	0.641839	0.351135	0.122614
0.877561	0.595205	0.641757	0.35106	0.122592
0.877561	0.595107	0.641674	0.350985	0.122525
0.877561	0.595008	0.641592	0.350909	0.122523
0.877561	0.594909	0.641509	0.350834	0.122496
0.877561	0.594811	0.641427	0.350759	0.122404
0.877561	0.594712	0.641345	0.350684	0.122402
0.877561	0.594613	0.641262	0.350608	0.12238
0.877561	0.594515	0.64118	0.350533	0.122359
0.877561	0.594416	0.641097	0.350458	0.122304
0.877561	0.594317	0.641015	0.350383	0.122278
0.878061	0.594317	0.641097	0.350752	0.122208
0.878061	0.594219	0.641015	0.350677	0.12212
0.878061	0.59412	0.640933	0.350602	0.122085
0.878061	0.594021	0.64085	0.350527	0.122017
0.878061	0.593923	0.640768	0.350451	0.121987
0.878061	0.593824	0.640686	0.350376	0.121977
0.878561	0.593824	0.640768	0.350746	0.121976
0.878561	0.593725	0.640686	0.35067	0.12195
0.878561	0.593627	0.640603	0.350595	0.121938
0.878561	0.593528	0.640521	0.35052	0.121859
0.878561	0.593429	0.640438	0.350445	0.121845
0.878561	0.593331	0.640356	0.35037	0.121827
0.878561	0.593232	0.640274	0.350295	0.121776
0.878561	0.593133	0.640191	0.35022	0.121719
0.878561	0.593035	0.640109	0.350145	0.121715
0.878561	0.592936	0.640026	0.35007	0.121507
0.878561	0.592837	0.639944	0.349995	0.121505
0.878561	0.592739	0.639862	0.34992	0.121486
0.878561	0.59264	0.639779	0.349845	0.121461
0.878561	0.592541	0.639697	0.34977	0.121439
0.878561	0.592443	0.639614	0.349695	0.121392
0.878561	0.592344	0.639532	0.34962	0.121277
0.878561	0.592245	0.63945	0.349545	0.121269
0.878561	0.592147	0.639367	0.34947	0.121125
0.878561	0.592048	0.639285	0.349395	0.121092
0.878561	0.591949	0.639202	0.349321	0.121003
0.878561	0.591851	0.63912	0.349246	0.120995
0.878561	0.591752	0.639038	0.349171	0.1209
0.878561	0.591654	0.638955	0.349096	0.120838
0.878561	0.591555	0.638873	0.349021	0.120786
0.878561	0.591456	0.63879	0.348946	0.120707
0.878561	0.591358	0.638708	0.348871	0.120675
0.878561	0.591259	0.638626	0.348796	0.120647
0.878561	0.59116	0.638543	0.348722	0.120599
0.878561	0.591062	0.638461	0.348647	0.120548
0.878561	0.590963	0.638379	0.348572	0.120547
0.878561	0.590864	0.638296	0.348497	0.120371
0.878561	0.590766	0.638214	0.348422	0.120347
0.878561	0.590667	0.638131	0.348348	0.120281
0.878561	0.590568	0.638049	0.348273	0.120273
0.878561	0.59047	0.637967	0.348198	0.120236
0.878561	0.590371	0.637884	0.348123	0.1202
0.878561	0.590272	0.637802	0.348049	0.120198
0.878561	0.590174	0.637719	0.347974	0.120176
0.878561	0.590075	0.637637	0.347899	0.120033
0.878561	0.589976	0.637555	0.347825	0.119851
0.878561	0.589878	0.637472	0.34775	0.11979
0.878561	0.589779	0.63739	0.347675	0.119775
0.878561	0.58968	0.637307	0.3476	0.119737
0.878561	0.589582	0.637225	0.347526	0.119721
0.87906	0.589582	0.637307	0.347895	0.119688
0.87906	0.589483	0.637225	0.347821	0.119676
0.87906	0.589384	0.637143	0.347746	0.119618
0.87906	0.589286	0.63706	0.347671	0.11953
0.87906	0.589187	0.636978	0.347597	0.119484
0.87906	0.589088	0.636895	0.347522	0.119442
0.87906	0.58899	0.636813	0.347448	0.119401
0.87906	0.588891	0.636731	0.347373	0.119381
0.87906	0.588792	0.636648	0.347298	0.119352
0.87906	0.588694	0.636566	0.347224	0.11931
0.87956	0.588694	0.636648	0.347594	0.119276
0.87956	0.588595	0.636566	0.347519	0.119249
0.87956	0.588496	0.636483	0.347444	0.119222
0.87956	0.588398	0.636401	0.34737	0.119221
0.87956	0.588299	0.636319	0.347295	0.119162
0.87956	0.5882	0.636236	0.347221	0.119153
0.87956	0.588102	0.636154	0.347146	0.119136
0.87956	0.588003	0.636072	0.347072	0.119055
0.88006	0.588003	0.636154	0.347442	0.119045
0.88006	0.587904	0.636072	0.347367	0.118975
0.88006	0.587806	0.635989	0.347293	0.118951
0.88006	0.587707	0.635907	0.347218	0.118933
0.88006	0.587609	0.635824	0.347144	0.118791
0.88006	0.58751	0.635742	0.347069	0.118563
0.88006	0.587411	0.63566	0.346995	0.118537
0.88056	0.587411	0.635742	0.347365	0.118518
0.88056	0.587313	0.63566	0.34729	0.118399
0.88056	0.587214	0.635577	0.347216	0.118373
0.881059	0.587214	0.63566	0.347586	0.118345
0.881059	0.587115	0.635577	0.347511	0.118277
0.881059	0.587017	0.635495	0.347437	0.11817
0.881059	0.586918	0.635412	0.347363	0.118163
0.881059	0.586819	0.63533	0.347288	0.118159
0.881059	0.586721	0.635248	0.347214	0.118144
0.881059	0.586622	0.635165	0.34714	0.118131
0.881059	0.586523	0.635083	0.347065	0.118103
0.881059	0.586425	0.635	0.346991	0.118
0.881059	0.586326	0.634918	0.346917	0.11798
0.881059	0.586227	0.634836	0.346842	0.117957
0.881059	0.586129	0.634753	0.346768	0.117953
0.881559	0.586129	0.634836	0.347138	0.117909
0.881559	0.58603	0.634753	0.347064	0.117878
0.881559	0.585931	0.634671	0.34699	0.117732
0.881559	0.585833	0.634588	0.346915	0.117661
0.881559	0.585734	0.634506	0.346841	0.117654
0.881559	0.585635	0.634424	0.346767	0.117575
0.881559	0.585537	0.634341	0.346693	0.117503
0.881559	0.585438	0.634259	0.346619	0.117451
0.881559	0.585339	0.634176	0.346544	0.117355
0.881559	0.585241	0.634094	0.34647	0.117326
0.881559	0.585142	0.634012	0.346396	0.117305
0.881559	0.585043	0.633929	0.346322	0.117286
0.881559	0.584945	0.633847	0.346248	0.117188
0.881559	0.584846	0.633765	0.346174	0.117146
0.881559	0.584747	0.633682	0.346099	0.117066
0.881559	0.584649	0.6336	0.346025	0.117049
0.881559	0.58455	0.633517	0.345951	0.11704
0.881559	0.584451	0.633435	0.345877	0.116983
0.881559	0.584353	0.633353	0.345803	0.116919
0.882059	0.584353	0.633435	0.346173	0.116875
0.882059	0.584254	0.633353	0.346099	0.116844
0.882059	0.584155	0.63327	0.346025	0.11683
0.882059	0.584057	0.633188	0.345951	0.116796
0.882059	0.583958	0.633105	0.345877	0.116756
0.882059	0.58386	0.633023	0.345803	0.116753
0.882059	0.583761	0.632941	0.345729	0.116725
0.882059	0.583662	0.632858	0.345655	0.116687
0.882059	0.583564	0.632776	0.345581	0.116671
0.882059	0.583465	0.632693	0.345507	0.11667
0.882059	0.583366	0.632611	0.345433	0.116585
0.882059	0.583268	0.632529	0.345359	0.11648
0.882059	0.583169	0.632446	0.345285	0.116346
0.882559	0.583169	0.632529	0.345655	0.116332
0.882559	0.58307	0.632446	0.345581	0.11633
0.882559	0.582972	0.632364	0.345507	0.116242
0.882559	0.582873	0.632281	0.345433	0.116241
0.882559	0.582774	0.632199	0.345359	0.116205
0.882559	0.582676	0.632117	0.345285	0.116196
0.882559	0.582577	0.632034	0.345212	0.116194
0.882559	0.582478	0.631952	0.345138	0.116146
0.882559	0.58238	0.631869	0.345064	0.116115
0.882559	0.582281	0.631787	0.34499	0.116107
0.882559	0.582182	0.631705	0.344916	0.116104
0.883058	0.582182	0.631787	0.345286	0.116076
0.883058	0.582084	0.631705	0.345212	0.116067
0.883058	0.581985	0.631622	0.345139	0.115889
0.883058	0.581886	0.63154	0.345065	0.115854
0.883058	0.581788	0.631458	0.344991	0.11584
0.883058	0.581689	0.631375	0.344917	0.115823
0.883058	0.58159	0.631293	0.344843	0.115797
0.883058	0.581492	0.63121	0.34477	0.115786
0.883058	0.581393	0.631128	0.344696	0.115743
0.883058	0.581294	0.631046	0.344622	0.115713
0.883058	0.581196	0.630963	0.344548	0.115642
0.883058	0.581097	0.630881	0.344475	0.115632
0.883058	0.580998	0.630798	0.344401	0.115506
0.883558	0.580998	0.630881	0.344771	0.115498
0.883558	0.5809	0.630798	0.344698	0.115476
0.883558	0.580801	0.630716	0.344624	0.115465
0.883558	0.580702	0.630634	0.34455	0.115378
0.883558	0.580604	0.630551	0.344476	0.115268
0.883558	0.580505	0.630469	0.344403	0.115259
0.884058	0.580505	0.630551	0.344773	0.114917
0.884058	0.580406	0.630469	0.3447	0.114877
0.884058	0.580308	0.630386	0.344626	0.114874
0.884058	0.580209	0.630304	0.344552	0.114845
0.884058	0.58011	0.630222	0.344479	0.114815
0.884558	0.58011	0.630304	0.344849	0.114784
0.885057	0.58011	0.630386	0.34522	0.114774
0.885057	0.580012	0.630304	0.345146	0.114766
0.885057	0.579913	0.630222	0.345072	0.114731
0.885057	0.579815	0.630139	0.344999	0.114689
0.885057	0.579716	0.630057	0.344925	0.114682
0.885057	0.579617	0.629974	0.344852	0.114655
0.885057	0.579519	0.629892	0.344778	0.114616
0.885057	0.57942	0.62981	0.344705	0.114582
0.885057	0.579321	0.629727	0.344631	0.114548
0.885057	0.579223	0.629645	0.344558	0.11454
0.885057	0.579124	0.629562	0.344484	0.114524
0.885057	0.579025	0.62948	0.34441	0.114472
0.885057	0.578927	0.629398	0.344337	0.114374
0.885057	0.578828	0.629315	0.344264	0.114313
0.885057	0.578729	0.629233	0.34419	0.114239
0.885057	0.578631	0.629151	0.344117	0.114234
0.885557	0.578631	0.629233	0.344487	0.114181
0.886057	0.578631	0.629315	0.344858	0.11417
0.886557	0.578631	0.629398	0.345228	0.114074
0.887056	0.578631	0.62948	0.345599	0.113987
0.887056	0.578532	0.629398	0.345526	0.113979
0.887556	0.578532	0.62948	0.345896	0.113953
0.887556	0.578433	0.629398	0.345823	0.113927
0.887556	0.578335	0.629315	0.34575	0.113926
0.887556	0.578236	0.629233	0.345676	0.113925
0.887556	0.578137	0.629151	0.345603	0.113897
0.887556	0.578039	0.629068	0.345529	0.113865
0.887556	0.57794	0.628986	0.345456	0.113801
0.887556	0.577841	0.628903	0.345383	0.113746
0.888056	0.577841	0.628986	0.345754	0.113608
0.888056	0.577743	0.628903	0.34568	0.113607
0.888056	0.577644	0.628821	0.345607	0.113606
0.888056	0.577545	0.628739	0.345534	0.113519
0.888056	0.577447	0.628656	0.34546	0.113446
0.888556	0.577447	0.628739	0.345831	0.113315
0.888556	0.577348	0.628656	0.345758	0.113297
0.888556	0.577249	0.628574	0.345685	0.113253
0.889055	0.577249	0.628656	0.346055	0.113078
0.889055	0.577151	0.628574	0.345982	0.113058
0.889055	0.577052	0.628491	0.345909	0.113054
0.889055	0.576953	0.628409	0.345836	0.112999
0.889055	0.576855	0.628327	0.345762	0.112998
0.889555	0.576855	0.628409	0.346133	0.11294
0.889555	0.576756	0.628327	0.34606	0.112884
0.890055	0.576756	0.628409	0.346431	0.112822
0.890055	0.576657	0.628327	0.346358	0.112674
0.890055	0.576559	0.628244	0.346285	0.112642
0.890055	0.57646	0.628162	0.346211	0.11257
0.890555	0.57646	0.628244	0.346582	0.112507
0.890555	0.576361	0.628162	0.346509	0.112472
0.890555	0.576263	0.628079	0.346436	0.112418
0.890555	0.576164	0.627997	0.346363	0.112335
0.890555	0.576066	0.627915	0.34629	0.11229
0.890555	0.575967	0.627832	0.346217	0.112287
0.890555	0.575868	0.62775	0.346144	0.112249
0.890555	0.57577	0.627667	0.34607	0.112223
0.891054	0.57577	0.62775	0.346442	0.112206
0.891054	0.575671	0.627667	0.346368	0.112178
0.891054	0.575572	0.627585	0.346295	0.112152
0.891554	0.575572	0.627667	0.346666	0.112147
0.891554	0.575474	0.627585	0.346593	0.111934
0.891554	0.575375	0.627503	0.34652	0.111933
0.892054	0.575375	0.627585	0.346891	0.111706
0.892554	0.575375	0.627667	0.347262	0.111659
0.892554	0.575276	0.627585	0.347189	0.111579
0.892554	0.575178	0.627503	0.347116	0.111539
0.893053	0.575178	0.627585	0.347488	0.111439
0.893053	0.575079	0.627503	0.347415	0.111415
0.893553	0.575079	0.627585	0.347786	0.11139
0.893553	0.57498	0.627503	0.347713	0.111314
0.893553	0.574882	0.62742	0.34764	0.111292
0.893553	0.574783	0.627338	0.347567	0.111234
0.893553	0.574684	0.627255	0.347494	0.111233
0.894053	0.574684	0.627338	0.347865	0.111224
0.894053	0.574586	0.627255	0.347792	0.111215
0.894053	0.574487	0.627173	0.347719	0.111164
0.894053	0.574388	0.627091	0.347646	0.111119
0.894053	0.57429	0.627008	0.347573	0.111116
0.894053	0.574191	0.626926	0.347501	0.111115
0.894053	0.574092	0.626844	0.347428	0.111093
0.894053	0.573994	0.626761	0.347355	0.111068
0.894053	0.573895	0.626679	0.347282	0.111067
0.894053	0.573796	0.626596	0.347209	0.11105
0.894053	0.573698	0.626514	0.347136	0.110953
0.894053	0.573599	0.626432	0.347064	0.110945
0.894053	0.5735	0.626349	0.346991	0.110878
0.894053	0.573402	0.626267	0.346918	0.110874
0.894553	0.573402	0.626349	0.347289	0.110864
0.894553	0.573303	0.626267	0.347216	0.110855
0.894553	0.573204	0.626184	0.347144	0.110854
0.894553	0.573106	0.626102	0.347071	0.11084
0.894553	0.573007	0.62602	0.346998	0.110833
0.894553	0.572908	0.625937	0.346925	0.110693
0.895052	0.572908	0.62602	0.347297	0.110616
0.895052	0.57281	0.625937	0.347224	0.110595
0.895052	0.572711	0.625855	0.347151	0.110516
0.895052	0.572612	0.625772	0.347079	0.110492
0.895052	0.572514	0.62569	0.347006	0.11041
0.895052	0.572415	0.625608	0.346933	0.110299
0.895052	0.572316	0.625525	0.346861	0.110267
0.895052	0.572218	0.625443	0.346788	0.110222
0.895052	0.572119	0.62536	0.346715	0.110212
0.895052	0.572021	0.625278	0.346643	0.110111
0.895052	0.571922	0.625196	0.34657	0.110106
0.895052	0.571823	0.625113	0.346497	0.110103
0.895052	0.571725	0.625031	0.346425	0.110023
0.895052	0.571626	0.624949	0.346352	0.110017
0.895052	0.571527	0.624866	0.346279	0.109988
0.895552	0.571527	0.624949	0.346651	0.109973
0.895552	0.571429	0.624866	0.346578	0.109969
0.895552	0.57133	0.624784	0.346506	0.109922
0.895552	0.571231	0.624701	0.346433	0.109779
0.895552	0.571133	0.624619	0.346361	0.109752
0.895552	0.571034	0.624537	0.346288	0.109737
0.895552	0.570935	0.624454	0.346215	0.10967
0.895552	0.570837	0.624372	0.346143	0.109653
0.895552	0.570738	0.624289	0.34607	0.109585
0.895552	0.570639	0.624207	0.345998	0.109573
0.895552	0.570541	0.624125	0.345925	0.109474
0.895552	0.570442	0.624042	0.345853	0.10944
0.896052	0.570442	0.624125	0.346225	0.109437
0.896052	0.570343	0.624042	0.346152	0.109432
0.896052	0.570245	0.62396	0.34608	0.109416
0.896052	0.570146	0.623877	0.346007	0.109413
0.896052	0.570047	0.623795	0.345935	0.109399
0.896052	0.569949	0.623713	0.345862	0.109294
0.896052	0.56985	0.62363	0.34579	0.109286
0.896052	0.569751	0.623548	0.345717	0.109268
0.896052	0.569653	0.623465	0.345645	0.10923
0.896052	0.569554	0.623383	0.345573	0.109215
0.896552	0.569554	0.623465	0.345944	0.109204
0.896552	0.569455	0.623383	0.345872	0.109112
0.896552	0.569357	0.623301	0.3458	0.109066
0.896552	0.569258	0.623218	0.345727	0.109026
0.896552	0.569159	0.623136	0.345655	0.109012
0.897051	0.569159	0.623218	0.346027	0.108943
0.897051	0.569061	0.623136	0.345954	0.108902
0.897051	0.568962	0.623053	0.345882	0.10889
0.897051	0.568863	0.622971	0.34581	0.108889
0.897051	0.568765	0.622889	0.345737	0.108835
0.897051	0.568666	0.622806	0.345665	0.108831
0.897051	0.568567	0.622724	0.345593	0.108748
0.897051	0.568469	0.622642	0.34552	0.108734
0.897051	0.56837	0.622559	0.345448	0.108726
0.897051	0.568272	0.622477	0.345376	0.108697
0.897051	0.568173	0.622394	0.345304	0.108633
0.897051	0.568074	0.622312	0.345231	0.108567
0.897551	0.568074	0.622394	0.345603	0.108553
0.897551	0.567976	0.622312	0.345531	0.108547
0.897551	0.567877	0.62223	0.345459	0.108478
0.897551	0.567778	0.622147	0.345387	0.108465
0.897551	0.56768	0.622065	0.345314	0.108452
0.897551	0.567581	0.621982	0.345242	0.108446
0.897551	0.567482	0.6219	0.34517	0.108425
0.897551	0.567384	0.621818	0.345098	0.10835
0.897551	0.567285	0.621735	0.345026	0.10821
0.897551	0.567186	0.621653	0.344953	0.108161
0.897551	0.567088	0.62157	0.344881	0.108075
0.897551	0.566989	0.621488	0.344809	0.107909
0.897551	0.56689	0.621406	0.344737	0.107903
0.897551	0.566792	0.621323	0.344665	0.107891
0.897551	0.566693	0.621241	0.344593	0.10781
0.897551	0.566594	0.621158	0.344521	0.107725
0.898051	0.566594	0.621241	0.344893	0.107717
0.898051	0.566496	0.621158	0.344821	0.107592
0.898051	0.566397	0.621076	0.344749	0.107576
0.898051	0.566298	0.620994	0.344677	0.107482
0.898051	0.5662	0.620911	0.344604	0.107433
0.898051	0.566101	0.620829	0.344532	0.107423
0.898051	0.566002	0.620746	0.34446	0.107389
0.898051	0.565904	0.620664	0.344388	0.107201
0.898051	0.565805	0.620582	0.344316	0.107147
0.898051	0.565706	0.620499	0.344244	0.107116
0.898051	0.565608	0.620417	0.344172	0.107115
0.898051	0.565509	0.620335	0.3441	0.10699
0.898051	0.56541	0.620252	0.344028	0.106945
0.898051	0.565312	0.62017	0.343956	0.106916
0.898551	0.565312	0.620252	0.344329	0.106859
0.898551	0.565213	0.62017	0.344257	0.106854
0.898551	0.565114	0.620087	0.344185	0.106832
0.898551	0.565016	0.620005	0.344113	0.106705
0.898551	0.564917	0.619923	0.344041	0.10666
0.898551	0.564818	0.61984	0.343969	0.106595
0.898551	0.56472	0.619758	0.343897	0.106554
0.898551	0.564621	0.619675	0.343825	0.106439
0.898551	0.564522	0.619593	0.343753	0.106298
0.898551	0.564424	0.619511	0.343681	0.106271
0.898551	0.564325	0.619428	0.343609	0.106096
0.898551	0.564227	0.619346	0.343537	0.106081
0.898551	0.564128	0.619263	0.343466	0.106075
0.898551	0.564029	0.619181	0.343394	0.106049
0.898551	0.563931	0.619099	0.343322	0.106017
0.898551	0.563832	0.619016	0.34325	0.10597
0.898551	0.563733	0.618934	0.343178	0.105868
0.898551	0.563635	0.618851	0.343106	0.105787
0.898551	0.563536	0.618769	0.343035	0.105742
0.898551	0.563437	0.618687	0.342963	0.105719
0.898551	0.563339	0.618604	0.342891	0.1057
0.89905	0.563339	0.618687	0.343263	0.105689
0.89905	0.56324	0.618604	0.343192	0.105675
0.89955	0.56324	0.618687	0.343564	0.105667
0.90005	0.56324	0.618769	0.343937	0.105604
0.90005	0.563141	0.618687	0.343865	0.105599
0.90005	0.563043	0.618604	0.343793	0.105592
0.90005	0.562944	0.618522	0.343721	0.105591
0.90005	0.562845	0.618439	0.34365	0.105535
0.90005	0.562747	0.618357	0.343578	0.105477
0.90005	0.562648	0.618275	0.343506	0.105458
0.90005	0.562549	0.618192	0.343435	0.105453
0.90005	0.562451	0.61811	0.343363	0.105364
0.90005	0.562352	0.618028	0.343291	0.105359
0.90005	0.562253	0.617945	0.34322	0.105328
0.90005	0.562155	0.617863	0.343148	0.105241
0.90005	0.562056	0.61778	0.343076	0.105125
0.90005	0.561957	0.617698	0.343005	0.105071
0.90055	0.561957	0.61778	0.343377	0.10503
0.90055	0.561859	0.617698	0.343306	0.104986
0.90055	0.56176	0.617616	0.343234	0.104915
0.901049	0.56176	0.617698	0.343607	0.104869
0.901549	0.56176	0.61778	0.343979	0.104845
0.901549	0.561661	0.617698	0.343908	0.10469
0.902049	0.561661	0.61778	0.34428	0.10464
0.902049	0.561563	0.617698	0.344209	0.104545
0.902049	0.561464	0.617616	0.344137	0.104525
0.902049	0.561365	0.617533	0.344066	0.104518
0.902049	0.561267	0.617451	0.343994	0.104471
0.902049	0.561168	0.617368	0.343923	0.10442
0.902049	0.561069	0.617286	0.343851	0.104392
0.902049	0.560971	0.617204	0.34378	0.104268
0.902049	0.560872	0.617121	0.343708	0.104248
0.902049	0.560773	0.617039	0.343637	0.104147
0.902049	0.560675	0.616956	0.343565	0.104103
0.902049	0.560576	0.616874	0.343494	0.104026
0.902049	0.560478	0.616792	0.343422	0.103929
0.902049	0.560379	0.616709	0.343351	0.103914
0.902049	0.56028	0.616627	0.343279	0.103868
0.902049	0.560182	0.616544	0.343208	0.103826
0.902049	0.560083	0.616462	0.343136	0.103785
0.902049	0.559984	0.61638	0.343065	0.103772
0.902049	0.559886	0.616297	0.342994	0.103751
0.902049	0.559787	0.616215	0.342922	0.103746
0.902049	0.559688	0.616132	0.342851	0.103683
0.902049	0.55959	0.61605	0.342779	0.103584
0.902049	0.559491	0.615968	0.342708	0.103581
0.902049	0.559392	0.615885	0.342637	0.103531
0.902049	0.559294	0.615803	0.342565	0.103501
0.902049	0.559195	0.615721	0.342494	0.103497
0.902049	0.559096	0.615638	0.342423	0.103485
0.902049	0.558998	0.615556	0.342351	0.103465
0.902049	0.558899	0.615473	0.34228	0.103385
0.902049	0.5588	0.615391	0.342209	0.103367
0.902049	0.558702	0.615309	0.342137	0.103348
0.902549	0.558702	0.615391	0.34251	0.103333
0.902549	0.558603	0.615309	0.342439	0.103282
0.902549	0.558504	0.615226	0.342368	0.10325
0.902549	0.558406	0.615144	0.342296	0.103217
0.902549	0.558307	0.615061	0.342225	0.103203
0.903048	0.558307	0.615144	0.342598	0.103168
0.903048	0.558208	0.615061	0.342527	0.10309
0.903048	0.55811	0.614979	0.342456	0.103069
0.903048	0.558011	0.614897	0.342385	0.103025
0.903048	0.557912	0.614814	0.342313	0.103001
0.903048	0.557814	0.614732	0.342242	0.102965
0.903048	0.557715	0.614649	0.342171	0.102941
0.903048	0.557616	0.614567	0.3421	0.102924
0.903048	0.557518	0.614485	0.342029	0.102917
0.903048	0.557419	0.614402	0.341957	0.102845
0.903048	0.55732	0.61432	0.341886	0.102821
0.903048	0.557222	0.614237	0.341815	0.102757
0.903048	0.557123	0.614155	0.341744	0.102742
0.903048	0.557024	0.614073	0.341673	0.102735
0.903048	0.556926	0.61399	0.341602	0.102672
0.903048	0.556827	0.613908	0.34153	0.102638
0.903048	0.556728	0.613825	0.341459	0.102637
0.903048	0.55663	0.613743	0.341388	0.102555
0.903048	0.556531	0.613661	0.341317	0.102532
0.903048	0.556433	0.613578	0.341246	0.102513
0.903048	0.556334	0.613496	0.341175	0.102446
0.903048	0.556235	0.613414	0.341104	0.102369
0.903048	0.556137	0.613331	0.341033	0.102346
0.903548	0.556137	0.613414	0.341406	0.102323
0.903548	0.556038	0.613331	0.341335	0.10228
0.903548	0.555939	0.613249	0.341264	0.102241
0.903548	0.555841	0.613166	0.341193	0.102169
0.903548	0.555742	0.613084	0.341122	0.102117
0.903548	0.555643	0.613002	0.341051	0.102114
0.904048	0.555643	0.613084	0.341424	0.102108
0.904048	0.555545	0.613002	0.341353	0.102097
0.904048	0.555446	0.612919	0.341282	0.102046
0.904048	0.555347	0.612837	0.341211	0.101921
0.904048	0.555249	0.612754	0.34114	0.101915
0.904548	0.555249	0.612837	0.341514	0.101823
0.904548	0.55515	0.612754	0.341443	0.101636
0.904548	0.555051	0.612672	0.341372	0.101553
0.904548	0.554953	0.61259	0.341301	0.101546
0.904548	0.554854	0.612507	0.34123	0.101214
0.904548	0.554755	0.612425	0.341159	0.101133
0.904548	0.554657	0.612342	0.341088	0.101088
0.904548	0.554558	0.61226	0.341017	0.101059
0.904548	0.554459	0.612178	0.340946	0.101028
0.904548	0.554361	0.612095	0.340876	0.101007
0.904548	0.554262	0.612013	0.340805	0.10097
0.904548	0.554163	0.61193	0.340734	0.100958
0.904548	0.554065	0.611848	0.340663	0.100805
0.904548	0.553966	0.611766	0.340592	0.100661
0.904548	0.553867	0.611683	0.340521	0.100654
0.904548	0.553769	0.611601	0.34045	0.100593
0.904548	0.55367	0.611518	0.34038	0.100581
0.905047	0.55367	0.611601	0.340753	0.100527
0.905547	0.55367	0.611683	0.341127	0.100499
0.905547	0.553571	0.611601	0.341056	0.100381
0.905547	0.553473	0.611518	0.340985	0.100364
0.906047	0.553473	0.611601	0.341359	0.100344
0.906047	0.553374	0.611518	0.341288	0.100343
0.906547	0.553374	0.611601	0.341662	0.10033
0.907046	0.553374	0.611683	0.342036	0.100272
0.907046	0.553275	0.611601	0.341965	0.100265
0.907046	0.553177	0.611518	0.341894	0.100159
0.907546	0.553177	0.611601	0.342268	0.100087
0.907546	0.553078	0.611518	0.342198	0.100069
0.907546	0.552979	0.611436	0.342127	0.100028
0.907546	0.552881	0.611354	0.342056	0.0999893
0.907546	0.552782	0.611271	0.341985	0.0999598
0.907546	0.552684	0.611189	0.341915	0.0998555
0.907546	0.552585	0.611107	0.341844	0.0998341
0.907546	0.552486	0.611024	0.341773	0.0998325
0.907546	0.552388	0.610942	0.341703	0.0998122
0.907546	0.552289	0.610859	0.341632	0.0998017
0.907546	0.55219	0.610777	0.341562	0.0997934
0.907546	0.552092	0.610695	0.341491	0.0997802
0.907546	0.551993	0.610612	0.34142	0.0997504
0.907546	0.551894	0.61053	0.34135	0.0996687
0.908046	0.551894	0.610612	0.341724	0.0996347
0.908046	0.551796	0.61053	0.341653	0.0996293
0.908046	0.551697	0.610447	0.341582	0.0996092
0.908046	0.551598	0.610365	0.341512	0.0995923
0.908046	0.5515	0.610283	0.341441	0.0995559
0.908546	0.5515	0.610365	0.341815	0.0995473
0.908546	0.551401	0.610283	0.341745	0.0995367
0.908546	0.551302	0.6102	0.341674	0.0995304
0.908546	0.551204	0.610118	0.341604	0.0994564
0.908546	0.551105	0.610035	0.341533	0.0993904
0.908546	0.551006	0.609953	0.341463	0.0993493
0.908546	0.550908	0.609871	0.341392	0.0993354
0.908546	0.550809	0.609788	0.341322	0.0992565
0.908546	0.55071	0.609706	0.341251	0.099248
0.908546	0.550612	0.609623	0.341181	0.0992396
0.908546	0.550513	0.609541	0.34111	0.0992359
0.908546	0.550414	0.609459	0.34104	0.0992027
0.908546	0.550316	0.609376	0.340969	0.0991784
0.908546	0.550217	0.609294	0.340899	0.0991539
0.908546	0.550118	0.609212	0.340828	0.0991501
0.909045	0.550118	0.609294	0.341203	0.0991369
0.909045	0.55002	0.609212	0.341132	0.0990884
0.909045	0.549921	0.609129	0.341062	0.0990466
0.909045	0.549822	0.609047	0.340991	0.0990222
0.909045	0.549724	0.608964	0.340921	0.0988927
0.909045	0.549625	0.608882	0.340851	0.0988902
0.909045	0.549526	0.6088	0.34078	0.0988778
0.909045	0.549428	0.608717	0.34071	0.098862
0.909045	0.549329	0.608635	0.34064	0.0988043
0.909045	0.54923	0.608552	0.340569	0.0988011
0.909045	0.549132	0.60847	0.340499	0.0985569
0.909045	0.549033	0.608388	0.340428	0.0984787
0.909045	0.548934	0.608305	0.340358	0.098216
0.909545	0.548934	0.608388	0.340733	0.0981903
0.909545	0.548836	0.608305	0.340662	0.0981406
0.909545	0.548737	0.608223	0.340592	0.0981239
0.909545	0.548639	0.60814	0.340522	0.0980513
0.909545	0.54854	0.608058	0.340451	0.0980327
0.909545	0.548441	0.607976	0.340381	0.0979308
0.909545	0.548343	0.607893	0.340311	0.097869
0.909545	0.548244	0.607811	0.34024	0.0977904
0.909545	0.548145	0.607728	0.34017	0.0977878
0.909545	0.548047	0.607646	0.3401	0.0977529
0.909545	0.547948	0.607564	0.34003	0.0976933
0.909545	0.547849	0.607481	0.339959	0.0974782
0.909545	0.547751	0.607399	0.339889	0.0974629
0.909545	0.547652	0.607316	0.339819	0.0974522
0.909545	0.547553	0.607234	0.339749	0.0974419
0.909545	0.547455	0.607152	0.339679	0.0974165
0.909545	0.547356	0.607069	0.339608	0.0973952
0.910045	0.547356	0.607152	0.339983	0.0973074
0.910045	0.547257	0.607069	0.339913	0.0972319
0.910545	0.547257	0.607152	0.340288	0.0971828
0.911044	0.547257	0.607234	0.340662	0.0970486
0.911044	0.547159	0.607152	0.340592	0.0970393
0.911044	0.54706	0.607069	0.340522	0.0970321
0.911044	0.546961	0.606987	0.340452	0.0970237
0.911044	0.546863	0.606905	0.340382	0.09699
0.911544	0.546863	0.606987	0.340756	0.0968964
0.911544	0.546764	0.606905	0.340686	0.0968853
0.911544	0.546665	0.606822	0.340616	0.0967783
0.912044	0.546665	0.606905	0.340991	0.0966932
0.912044	0.546567	0.606822	0.340921	0.0966778
0.912044	0.546468	0.60674	0.340851	0.0965699
0.912044	0.546369	0.606657	0.340781	0.0965247
0.912544	0.546369	0.60674	0.341156	0.0965116
0.912544	0.546271	0.606657	0.341086	0.0965064
0.912544	0.546172	0.606575	0.341015	0.0964306
0.912544	0.546073	0.606493	0.340945	0.0964173
0.912544	0.545975	0.60641	0.340875	0.0963658
0.912544	0.545876	0.606328	0.340805	0.0963211
0.912544	0.545777	0.606245	0.340735	0.0963083
0.912544	0.545679	0.606163	0.340665	0.0962984
0.912544	0.54558	0.606081	0.340595	0.0962669
0.912544	0.545481	0.605998	0.340526	0.0962269
0.912544	0.545383	0.605916	0.340456	0.0961831
0.912544	0.545284	0.605833	0.340386	0.0961749
0.912544	0.545185	0.605751	0.340316	0.0961489
0.912544	0.545087	0.605669	0.340246	0.0961176
0.912544	0.544988	0.605586	0.340176	0.0961166
0.912544	0.54489	0.605504	0.340106	0.0961122
0.912544	0.544791	0.605421	0.340036	0.0960133
0.912544	0.544692	0.605339	0.339966	0.0960013
0.912544	0.544594	0.605257	0.339896	0.0959568
0.912544	0.544495	0.605174	0.339826	0.0958423
0.913043	0.544495	0.605257	0.340201	0.0958401
0.913043	0.544396	0.605174	0.340131	0.0958271
0.913043	0.544298	0.605092	0.340062	0.0958138
0.913043	0.544199	0.605009	0.339992	0.0957558
0.913043	0.5441	0.604927	0.339922	0.0957039
0.913043	0.544002	0.604845	0.339852	0.0956956
0.913543	0.544002	0.604927	0.340227	0.0956787
0.913543	0.543903	0.604845	0.340157	0.0956514
0.913543	0.543804	0.604762	0.340088	0.0956232
0.913543	0.543706	0.60468	0.340018	0.0955707
0.913543	0.543607	0.604598	0.339948	0.0955382
0.913543	0.543508	0.604515	0.339878	0.0955305
0.913543	0.54341	0.604433	0.339808	0.0954889
0.913543	0.543311	0.60435	0.339739	0.0954408
0.913543	0.543212	0.604268	0.339669	0.0953653
0.913543	0.543114	0.604186	0.339599	0.0953644
0.913543	0.543015	0.604103	0.339529	0.0953635
0.913543	0.542916	0.604021	0.33946	0.0953256
0.913543	0.542818	0.603938	0.33939	0.0952898
0.913543	0.542719	0.603856	0.33932	0.0952866
0.913543	0.54262	0.603774	0.33925	0.0952399
0.914043	0.54262	0.603856	0.339626	0.0952136
0.914543	0.54262	0.603938	0.340001	0.095026
0.915042	0.54262	0.604021	0.340376	0.0950095
0.915042	0.542522	0.603938	0.340307	0.0949722
0.915042	0.542423	0.603856	0.340237	0.0949718
0.915042	0.542324	0.603774	0.340167	0.0949521
0.915042	0.542226	0.603691	0.340098	0.0948545
0.915042	0.542127	0.603609	0.340028	0.0948278
0.915042	0.542028	0.603526	0.339959	0.094722
0.915042	0.54193	0.603444	0.339889	0.0946926
0.915042	0.541831	0.603362	0.339819	0.0946201
0.915042	0.541732	0.603279	0.33975	0.0945611
0.915542	0.541732	0.603362	0.340125	0.0944936
0.915542	0.541634	0.603279	0.340056	0.0944926
0.916042	0.541634	0.603362	0.340431	0.0944652
0.916542	0.541634	0.603444	0.340807	0.094427
0.916542	0.541535	0.603362	0.340737	0.0943641
0.916542	0.541436	0.603279	0.340668	0.0943307
0.916542	0.541338	0.603197	0.340598	0.0943117
0.916542	0.541239	0.603114	0.340529	0.0943114
0.917041	0.541239	0.603197	0.340904	0.0942372
0.917041	0.54114	0.603114	0.340835	0.0942348
0.917041	0.541042	0.603032	0.340765	0.0941728
0.917041	0.540943	0.60295	0.340696	0.0940914
0.917041	0.540845	0.602867	0.340626	0.0940724
0.917041	0.540746	0.602785	0.340557	0.0940312
0.917041	0.540647	0.602702	0.340487	0.0940236
0.917041	0.540549	0.60262	0.340418	0.0939614
0.917041	0.54045	0.602538	0.340348	0.0938825
0.917041	0.540351	0.602455	0.340279	0.0938054
0.917041	0.540253	0.602373	0.340209	0.0937633
0.917041	0.540154	0.602291	0.34014	0.0936099
0.917041	0.540055	0.602208	0.340071	0.0935013
0.917041	0.539957	0.602126	0.340001	0.0934001
0.917041	0.539858	0.602043	0.339932	0.093369
0.917041	0.539759	0.601961	0.339862	0.0933619
0.917041	0.539661	0.601879	0.339793	0.0933072
0.917041	0.539562	0.601796	0.339723	0.0932271
0.917041	0.539463	0.601714	0.339654	0.0931288
0.917041	0.539365	0.601631	0.339585	0.0930831
0.917041	0.539266	0.601549	0.339515	0.0930459
0.917041	0.539167	0.601467	0.339446	0.0929412
0.917041	0.539069	0.601384	0.339377	0.0928629
0.917541	0.539069	0.601467	0.339753	0.0928623
0.917541	0.53897	0.601384	0.339683	0.0928528
0.917541	0.538871	0.601302	0.339614	0.0928087
0.917541	0.538773	0.601219	0.339545	0.0927476
0.917541	0.538674	0.601137	0.339475	0.0926783
0.917541	0.538575	0.601055	0.339406	0.0926513
0.917541	0.538477	0.600972	0.339337	0.0926241
0.917541	0.538378	0.60089	0.339267	0.0925796
0.917541	0.538279	0.600807	0.339198	0.0925792
0.917541	0.538181	0.600725	0.339129	0.0925089
0.917541	0.538082	0.600643	0.33906	0.0925039
0.917541	0.537983	0.60056	0.33899	0.0924976
0.917541	0.537885	0.600478	0.338921	0.092445
0.917541	0.537786	0.600395	0.338852	0.0924049
0.917541	0.537589	0.600231	0.338713	0.0923835
0.917541	0.537391	0.600066	0.338575	0.0923434
0.917541	0.537293	0.599984	0.338506	0.0923189
0.917541	0.537194	0.599901	0.338437	0.0922119
0.917541	0.537096	0.599819	0.338367	0.0922024
0.917541	0.536997	0.599736	0.338298	0.0920793
0.917541	0.536898	0.599654	0.338229	0.0920781
0.917541	0.5368	0.599572	0.33816	0.0920722
0.917541	0.536701	0.599489	0.338091	0.0920321
0.917541	0.536602	0.599407	0.338022	0.0920136
0.917541	0.536504	0.599324	0.337952	0.0919895
0.917541	0.536405	0.599242	0.337883	0.0919643
0.917541	0.536306	0.59916	0.337814	0.0919366
0.917541	0.536208	0.599077	0.337745	0.0919205
0.917541	0.536109	0.598995	0.337676	0.0918616
0.917541	0.53601	0.598912	0.337607	0.0918616
0.917541	0.535912	0.59883	0.337538	0.0918424
0.917541	0.535813	0.598748	0.337469	0.091812
0.917541	0.535714	0.598665	0.3374	0.0917662
0.917541	0.535616	0.598583	0.337331	0.0917284
0.917541	0.535517	0.5985	0.337262	0.0916304
0.917541	0.535418	0.598418	0.337192	0.0916101
0.917541	0.53532	0.598336	0.337123	0.091519
0.917541	0.535221	0.598253	0.337054	0.0914859
0.917541	0.535122	0.598171	0.336985	0.0911957
0.917541	0.535024	0.598088	0.336916	0.091176
0.917541	0.534925	0.598006	0.336847	0.0910856
0.917541	0.534826	0.597924	0.336778	0.0910344
0.917541	0.534728	0.597841	0.336709	0.0909798
0.918041	0.534728	0.597924	0.337086	0.0909544
0.918041	0.534629	0.597841	0.337017	0.0908858
0.918041	0.53453	0.597759	0.336948	0.0908371
0.918041	0.534432	0.597677	0.336879	0.0908096
0.918041	0.534333	0.597594	0.33681	0.0907695
0.918041	0.534234	0.597512	0.336741	0.0907143
0.918041	0.534136	0.597429	0.336672	0.0906095
0.918041	0.534037	0.597347	0.336603	0.0905761
0.918041	0.533938	0.597265	0.336534	0.0905031
0.918041	0.53384	0.597182	0.336465	0.0904918
0.918041	0.533741	0.5971	0.336396	0.0904661
0.918041	0.533642	0.597017	0.336327	0.0904627
0.918041	0.533544	0.596935	0.336258	0.0903508
0.918041	0.533445	0.596853	0.33619	0.0903353
0.918041	0.533346	0.59677	0.336121	0.0902725
0.918041	0.533248	0.596688	0.336052	0.0902649
0.918041	0.533149	0.596605	0.335983	0.0901725
0.918041	0.533051	0.596523	0.335914	0.0901387
0.918041	0.532952	0.596441	0.335845	0.0900505
0.918041	0.532853	0.596358	0.335776	0.0899603
0.918041	0.532755	0.596276	0.335708	0.0899479
0.918041	0.532656	0.596193	0.335639	0.0898679
0.918041	0.532557	0.596111	0.33557	0.0898392
0.918041	0.532459	0.596029	0.335501	0.0898294
0.918041	0.53236	0.595946	0.335432	0.0897908
0.918041	0.532261	0.595864	0.335363	0.0897401
0.918041	0.532163	0.595781	0.335295	0.0897269
0.918041	0.532064	0.595699	0.335226	0.0897232
0.918041	0.531965	0.595617	0.335157	0.0897166
0.918041	0.531867	0.595534	0.335088	0.0897107
0.918041	0.531768	0.595452	0.335019	0.089619
0.918041	0.531669	0.59537	0.334951	0.089597
0.918041	0.531571	0.595287	0.334882	0.0895758
0.918541	0.531571	0.59537	0.335259	0.0895658
0.91904	0.531571	0.595452	0.335636	0.089533
0.91904	0.531472	0.59537	0.335567	0.0894703
0.91904	0.531373	0.595287	0.335498	0.0894654
0.91904	0.531275	0.595205	0.33543	0.089395
0.91904	0.531176	0.595122	0.335361	0.0893815
0.91904	0.531077	0.59504	0.335292	0.0892974
0.91904	0.530979	0.594958	0.335224	0.0892938
0.91904	0.53088	0.594875	0.335155	0.0892674
0.91904	0.530781	0.594793	0.335086	0.0892512
0.91904	0.530683	0.59471	0.335018	0.08919
0.91904	0.530584	0.594628	0.334949	0.0891713
0.91954	0.530584	0.59471	0.335326	0.0891703
0.91954	0.530485	0.594628	0.335258	0.0891653
0.91954	0.530387	0.594546	0.335189	0.0891592
0.91954	0.530288	0.594463	0.33512	0.089147
0.91954	0.530189	0.594381	0.335052	0.0891052
0.91954	0.530091	0.594298	0.334983	0.0890999
0.91954	0.529992	0.594216	0.334914	0.0890506
0.92004	0.529992	0.594298	0.335292	0.0890381
0.92004	0.529893	0.594216	0.335223	0.0889359
0.92004	0.529795	0.594134	0.335155	0.088877
0.92004	0.529696	0.594051	0.335086	0.0888725
0.92004	0.529597	0.593969	0.335017	0.0888187
0.92004	0.529499	0.593886	0.334949	0.0887577
0.92004	0.5294	0.593804	0.33488	0.0885498
0.92004	0.529301	0.593722	0.334812	0.0885435
0.92004	0.529203	0.593639	0.334743	0.0884994
0.92004	0.529104	0.593557	0.334675	0.0883889
0.92004	0.529006	0.593474	0.334606	0.0883372
0.92004	0.528907	0.593392	0.334538	0.0883033
0.92004	0.528808	0.59331	0.334469	0.0882599
0.92004	0.52871	0.593227	0.334401	0.0882231
0.92004	0.528611	0.593145	0.334332	0.0882182
0.92004	0.528512	0.593063	0.334264	0.0881853
0.92004	0.528414	0.59298	0.334195	0.0881145
0.92004	0.528315	0.592898	0.334127	0.0880577
0.92004	0.528216	0.592815	0.334058	0.0880457
0.92004	0.528118	0.592733	0.33399	0.0880276
0.92004	0.528019	0.592651	0.333922	0.0880233
0.92004	0.52792	0.592568	0.333853	0.0880071
0.92004	0.527822	0.592486	0.333785	0.0879484
0.92004	0.527723	0.592403	0.333716	0.0879391
0.92004	0.527624	0.592321	0.333648	0.0879039
0.92004	0.527526	0.592239	0.333579	0.0878683
0.92004	0.527427	0.592156	0.333511	0.0878414
0.92004	0.527328	0.592074	0.333443	0.0877769
0.92004	0.52723	0.591991	0.333374	0.0877734
0.92004	0.527131	0.591909	0.333306	0.0877387
0.92004	0.527032	0.591827	0.333238	0.0877177
0.92004	0.526934	0.591744	0.333169	0.0875989
0.92004	0.526835	0.591662	0.333101	0.0875414
0.92004	0.526736	0.591579	0.333032	0.0874596
0.92004	0.526638	0.591497	0.332964	0.0874447
0.92004	0.526539	0.591415	0.332896	0.0873262
0.92004	0.52644	0.591332	0.332827	0.0872907
0.92004	0.526342	0.59125	0.332759	0.0872888
0.92054	0.526342	0.591332	0.333137	0.0872805
0.92054	0.526243	0.59125	0.333069	0.0872768
0.92054	0.526144	0.591168	0.333	0.0872068
0.92054	0.526046	0.591085	0.332932	0.0871649
0.92054	0.525947	0.591003	0.332864	0.0871441
0.92054	0.525848	0.59092	0.332795	0.0871228
0.92054	0.52575	0.590838	0.332727	0.0871018
0.92054	0.525651	0.590756	0.332659	0.0870301
0.92054	0.525552	0.590673	0.332591	0.086972
0.92054	0.525454	0.590591	0.332522	0.0868682
0.92054	0.525355	0.590508	0.332454	0.0868375
0.92054	0.525257	0.590426	0.332386	0.086831
0.92054	0.525158	0.590344	0.332318	0.0867467
0.921039	0.525158	0.590426	0.332696	0.0867416
0.921039	0.525059	0.590344	0.332628	0.0867414
0.921039	0.524961	0.590261	0.332559	0.0867298
0.921039	0.524862	0.590179	0.332491	0.0867238
0.921039	0.524763	0.590096	0.332423	0.0867129
0.921039	0.524665	0.590014	0.332355	0.0867116
0.921039	0.524566	0.589932	0.332287	0.0867087
0.921039	0.524467	0.589849	0.332218	0.0866992
0.921039	0.524369	0.589767	0.33215	0.0866978
0.921039	0.52427	0.589684	0.332082	0.0864518
0.921039	0.524171	0.589602	0.332014	0.0863301
0.921039	0.524073	0.58952	0.331946	0.0862483
0.921039	0.523974	0.589437	0.331878	0.0862392
0.921039	0.523875	0.589355	0.33181	0.086194
0.921039	0.523777	0.589272	0.331742	0.0861832
0.921039	0.523678	0.58919	0.331673	0.0861397
0.921039	0.523579	0.589108	0.331605	0.0860889
0.921039	0.523481	0.589025	0.331537	0.0860781
0.921039	0.523382	0.588943	0.331469	0.0860328
0.921039	0.523283	0.588861	0.331401	0.0860193
0.921039	0.523185	0.588778	0.331333	0.0859833
0.921039	0.523086	0.588696	0.331265	0.0859255
0.921039	0.522987	0.588613	0.331197	0.0859245
0.921039	0.522889	0.588531	0.331129	0.08592
0.921039	0.52279	0.588449	0.331061	0.0859002
0.921039	0.522691	0.588366	0.330993	0.0858116
0.921039	0.522593	0.588284	0.330925	0.0857622
0.921039	0.522494	0.588201	0.330857	0.0857228
0.921039	0.522395	0.588119	0.330789	0.0857058
0.921039	0.522297	0.588037	0.330721	0.0856622
0.921039	0.522198	0.587954	0.330653	0.0856622
0.921039	0.522099	0.587872	0.330585	0.0855908
0.921039	0.522001	0.587789	0.330517	0.0855647
0.921039	0.521902	0.587707	0.330449	0.085525
0.921039	0.521803	0.587625	0.330381	0.0854376
0.921039	0.521705	0.587542	0.330313	0.0854081
0.921039	0.521606	0.58746	0.330245	0.0853318
0.921039	0.521507	0.587377	0.330177	0.0853225
0.921039	0.521409	0.587295	0.330109	0.0853117
0.921539	0.521409	0.587377	0.330488	0.0852483
0.921539	0.52131	0.587295	0.33042	0.0851565
0.921539	0.521212	0.587213	0.330352	0.0851269
0.921539	0.521113	0.58713	0.330284	0.0850168
0.921539	0.521014	0.587048	0.330216	0.0849783
0.922039	0.521014	0.58713	0.330595	0.0849594
0.922039	0.520916	0.587048	0.330527	0.084898
0.922039	0.520817	0.586965	0.330459	0.0848903
0.922039	0.520718	0.586883	0.330391	0.0848362
0.922039	0.52062	0.586801	0.330323	0.0848015
0.922039	0.520521	0.586718	0.330255	0.0847777
0.922039	0.520422	0.586636	0.330187	0.0847118
0.922539	0.520422	0.586718	0.330566	0.0846921
0.923038	0.520422	0.586801	0.330945	0.0846403
0.923038	0.520324	0.586718	0.330877	0.0846094
0.923038	0.520225	0.586636	0.330809	0.0846002
0.923038	0.520126	0.586554	0.330741	0.0845907
0.923038	0.520028	0.586471	0.330674	0.0845743
0.923538	0.520028	0.586554	0.331052	0.0845638
0.923538	0.519929	0.586471	0.330985	0.0845453
0.923538	0.51983	0.586389	0.330917	0.0845171
0.923538	0.519732	0.586306	0.330849	0.0844878
0.923538	0.519633	0.586224	0.330781	0.0844691
0.923538	0.519534	0.586142	0.330714	0.0843706
0.923538	0.519436	0.586059	0.330646	0.0843623
0.923538	0.519337	0.585977	0.330578	0.0843499
0.923538	0.519238	0.585894	0.33051	0.0843328
0.923538	0.51914	0.585812	0.330443	0.0842002
0.923538	0.519041	0.58573	0.330375	0.0841972
0.923538	0.518942	0.585647	0.330307	0.0841647
0.923538	0.518844	0.585565	0.33024	0.0840556
0.923538	0.518745	0.585482	0.330172	0.0840537
0.923538	0.518646	0.5854	0.330104	0.0840201
0.923538	0.518548	0.585318	0.330037	0.0839752
0.923538	0.518449	0.585235	0.329969	0.0839605
0.924038	0.518449	0.585318	0.330348	0.0839399
0.924038	0.51835	0.585235	0.33028	0.0839235
0.924038	0.518252	0.585153	0.330213	0.0839008
0.924538	0.518252	0.585235	0.330592	0.0838427
0.924538	0.518153	0.585153	0.330524	0.0838374
0.924538	0.518054	0.58507	0.330457	0.0838355
0.924538	0.517956	0.584988	0.330389	0.0838285
0.924538	0.517857	0.584906	0.330321	0.0837883
0.924538	0.517758	0.584823	0.330254	0.0835737
0.924538	0.51766	0.584741	0.330186	0.0835732
0.924538	0.517561	0.584658	0.330119	0.0835634
0.925037	0.517561	0.584741	0.330498	0.0835337
0.925037	0.517463	0.584658	0.33043	0.083528
0.925037	0.517364	0.584576	0.330363	0.0834975
0.925037	0.517265	0.584494	0.330295	0.0834593
0.925537	0.517265	0.584576	0.330675	0.0834424
0.925537	0.517167	0.584494	0.330607	0.083438
0.925537	0.517068	0.584411	0.33054	0.0834274
0.925537	0.516969	0.584329	0.330472	0.0833614
0.925537	0.516871	0.584247	0.330405	0.0833001
0.925537	0.516772	0.584164	0.330337	0.0832889
0.925537	0.516673	0.584082	0.33027	0.0831794
0.925537	0.516575	0.583999	0.330202	0.0830557
0.925537	0.516476	0.583917	0.330135	0.0830104
0.925537	0.516377	0.583835	0.330067	0.0830022
0.925537	0.516279	0.583752	0.33	0.0829294
0.925537	0.51618	0.58367	0.329932	0.0829184
0.925537	0.516081	0.583587	0.329865	0.0828005
0.925537	0.515983	0.583505	0.329797	0.082798
0.925537	0.515884	0.583423	0.32973	0.082741
0.925537	0.515785	0.58334	0.329663	0.0826288
0.925537	0.515687	0.583258	0.329595	0.0825996
0.925537	0.515588	0.583175	0.329528	0.0825169
0.925537	0.515489	0.583093	0.32946	0.082507
0.925537	0.515391	0.583011	0.329393	0.0824958
0.925537	0.515292	0.582928	0.329325	0.0823915
0.925537	0.515193	0.582846	0.329258	0.0823896
0.926037	0.515193	0.582928	0.329638	0.082364
0.926037	0.515095	0.582846	0.32957	0.082353
0.926037	0.514996	0.582763	0.329503	0.0820985
0.926037	0.514897	0.582681	0.329436	0.0820927
0.926037	0.514799	0.582599	0.329368	0.0820584
0.926537	0.514799	0.582681	0.329748	0.0820507
0.926537	0.5147	0.582599	0.329681	0.0819202
0.926537	0.514601	0.582516	0.329613	0.0819169
0.926537	0.514503	0.582434	0.329546	0.081885
0.926537	0.514404	0.582351	0.329479	0.0818313
0.926537	0.514305	0.582269	0.329412	0.0818091
0.926537	0.514207	0.582187	0.329344	0.0816973
0.926537	0.514108	0.582104	0.329277	0.0816385
0.926537	0.514009	0.582022	0.32921	0.081415
0.927036	0.514009	0.582104	0.32959	0.0814041
0.927036	0.513911	0.582022	0.329522	0.081324
0.927036	0.513812	0.58194	0.329455	0.0812909
0.927536	0.513812	0.582022	0.329835	0.08123
0.927536	0.513713	0.58194	0.329768	0.0812233
0.927536	0.513615	0.581857	0.329701	0.0812085
0.927536	0.513516	0.581775	0.329633	0.0812025
0.927536	0.513418	0.581692	0.329566	0.0811327
0.927536	0.513319	0.58161	0.329499	0.0810864
0.928036	0.513319	0.581692	0.329879	0.0810224
0.928036	0.51322	0.58161	0.329812	0.0810173
0.928036	0.513122	0.581528	0.329745	0.0810157
0.928036	0.513023	0.581445	0.329678	0.0809418
0.928036	0.512924	0.581363	0.32961	0.0807626
0.928036	0.512826	0.58128	0.329543	0.0807554
0.928036	0.512727	0.581198	0.329476	0.0807364
0.928036	0.512628	0.581116	0.329409	0.080717
0.928036	0.51253	0.581033	0.329342	0.080673
0.928036	0.512431	0.580951	0.329275	0.0806362
0.928036	0.512332	0.580868	0.329208	0.0805953
0.928036	0.512234	0.580786	0.32914	0.0805725
0.928036	0.512135	0.580704	0.329073	0.0804961
0.928536	0.512135	0.580786	0.329454	0.080448
0.928536	0.512036	0.580704	0.329387	0.0804333
0.928536	0.511938	0.580621	0.329319	0.080358
0.928536	0.511839	0.580539	0.329252	0.0803402
0.929035	0.511839	0.580621	0.329633	0.0803029
0.929035	0.51174	0.580539	0.329566	0.0802406
0.929035	0.511642	0.580456	0.329499	0.0802158
0.929035	0.511543	0.580374	0.329432	0.0801859
0.929035	0.511444	0.580292	0.329365	0.0801201
0.929035	0.511346	0.580209	0.329298	0.0801188
0.929035	0.511247	0.580127	0.329231	0.0801101
0.929035	0.511148	0.580044	0.329163	0.0800656
0.929035	0.51105	0.579962	0.329096	0.0799831
0.929035	0.510951	0.57988	0.329029	0.0799662
0.929035	0.510852	0.579797	0.328962	0.0799471
0.929035	0.510754	0.579715	0.328896	0.0799345
0.929035	0.510655	0.579633	0.328829	0.0799058
0.929035	0.510556	0.57955	0.328762	0.0799037
0.929035	0.510458	0.579468	0.328695	0.0798587
0.929035	0.510359	0.579385	0.328628	0.0798011
0.929035	0.51026	0.579303	0.328561	0.0797765
0.929035	0.510162	0.579221	0.328494	0.0797745
0.929035	0.510063	0.579138	0.328427	0.0796691
0.929035	0.509964	0.579056	0.32836	0.079544
0.929535	0.509964	0.579138	0.328741	0.0794398
0.929535	0.509866	0.579056	0.328674	0.0793836
0.929535	0.509767	0.578973	0.328607	0.0793669
0.929535	0.509669	0.578891	0.32854	0.0793506
0.929535	0.50957	0.578809	0.328473	0.0792573
0.929535	0.509471	0.578726	0.328406	0.0792176
0.930035	0.509373	0.578726	0.32872	0.0791755
0.930035	0.509274	0.578644	0.328653	0.0791652
0.930035	0.509175	0.578561	0.328586	0.0791629
0.930035	0.509077	0.578479	0.328519	0.0791393
0.930035	0.508978	0.578397	0.328453	0.0791221
0.930035	0.508879	0.578314	0.328386	0.0790766
0.930035	0.508781	0.578232	0.328319	0.0790651
0.930035	0.508682	0.578149	0.328252	0.079038
0.930035	0.508583	0.578067	0.328185	0.0790361
0.930035	0.508485	0.577985	0.328118	0.0789949
0.930535	0.508485	0.578067	0.328499	0.0788843
0.930535	0.508386	0.577985	0.328433	0.0788703
0.931034	0.508386	0.578067	0.328814	0.0788612
0.931034	0.508287	0.577985	0.328747	0.0788297
0.931034	0.508189	0.577902	0.32868	0.0787312
0.931034	0.50809	0.57782	0.328613	0.0786828
0.931034	0.507991	0.577737	0.328547	0.0786769
0.931034	0.507893	0.577655	0.32848	0.0786256
0.931034	0.507794	0.577573	0.328413	0.0786059
0.931034	0.507695	0.57749	0.328346	0.0786052
0.931034	0.507597	0.577408	0.32828	0.0785623
0.931034	0.507498	0.577326	0.328213	0.0785508
0.931034	0.507399	0.577243	0.328146	0.0785368
0.931034	0.507301	0.577161	0.32808	0.0785227
0.931034	0.507202	0.577078	0.328013	0.0784984
0.931034	0.507103	0.576996	0.327946	0.0783399
0.931034	0.507005	0.576914	0.327879	0.0783024
0.931034	0.506906	0.576831	0.327813	0.0782966
0.931034	0.506807	0.576749	0.327746	0.0782741
0.931534	0.506807	0.576831	0.328127	0.0782328
0.931534	0.506709	0.576749	0.328061	0.0780989
0.931534	0.50661	0.576666	0.327994	0.0780034
0.931534	0.506511	0.576584	0.327927	0.0779682
0.931534	0.506413	0.576502	0.327861	0.0779671
0.931534	0.506314	0.576419	0.327794	0.077924
0.931534	0.506215	0.576337	0.327728	0.0779232
0.931534	0.506117	0.576254	0.327661	0.0778684
0.932034	0.506117	0.576337	0.328042	0.0778655
0.932034	0.506018	0.576254	0.327976	0.0778465
0.932034	0.505919	0.576172	0.327909	0.0778201
0.932034	0.505821	0.57609	0.327843	0.077764
0.932534	0.505821	0.576172	0.328224	0.0777631
0.932534	0.505722	0.57609	0.328158	0.0776792
0.932534	0.505624	0.576007	0.328091	0.0776505
0.932534	0.505525	0.575925	0.328025	0.0776408
0.932534	0.505426	0.575842	0.327958	0.0775759
0.932534	0.505328	0.57576	0.327892	0.0775658
0.932534	0.505229	0.575678	0.327825	0.0775422
0.932534	0.50513	0.575595	0.327758	0.0775268
0.932534	0.505032	0.575513	0.327692	0.0774522
0.932534	0.504933	0.575431	0.327625	0.0773691
0.932534	0.504834	0.575348	0.327559	0.0773466
0.932534	0.504736	0.575266	0.327492	0.0773456
0.933033	0.504736	0.575348	0.327874	0.0773211
0.933033	0.504637	0.575266	0.327808	0.0772903
0.933033	0.504538	0.575183	0.327741	0.0772081
0.933033	0.50444	0.575101	0.327675	0.0771341
0.933033	0.504341	0.575019	0.327608	0.0771069
0.933533	0.504341	0.575101	0.32799	0.0770084
0.933533	0.504242	0.575019	0.327924	0.0769994
0.933533	0.504144	0.574936	0.327857	0.0769423
0.933533	0.504045	0.574854	0.327791	0.0768474
0.933533	0.503946	0.574771	0.327724	0.0768163
0.934033	0.503946	0.574854	0.328106	0.0767799
0.934033	0.503848	0.574771	0.32804	0.0767559
0.934033	0.503749	0.574689	0.327974	0.0767406
0.934033	0.50365	0.574607	0.327907	0.076693
0.934033	0.503552	0.574524	0.327841	0.0766762
0.934033	0.503453	0.574442	0.327775	0.0766609
0.934033	0.503354	0.574359	0.327708	0.0766097
0.934533	0.503354	0.574442	0.32809	0.0765892
0.934533	0.503256	0.574359	0.328024	0.076577
0.934533	0.503157	0.574277	0.327958	0.0765261
0.934533	0.503058	0.574195	0.327891	0.0765211
0.934533	0.50296	0.574112	0.327825	0.0765114
0.934533	0.502861	0.57403	0.327759	0.0764174
0.934533	0.502762	0.573947	0.327692	0.0763735
0.934533	0.502664	0.573865	0.327626	0.0762963
0.934533	0.502565	0.573783	0.32756	0.0762853
0.934533	0.502466	0.5737	0.327493	0.0762826
0.934533	0.502368	0.573618	0.327427	0.0762031
0.934533	0.502269	0.573535	0.327361	0.0761907
0.935032	0.502269	0.573618	0.327743	0.0760831
0.935532	0.502269	0.5737	0.328125	0.0760124
0.935532	0.50217	0.573618	0.328059	0.0758281
0.935532	0.502072	0.573535	0.327993	0.0758253
0.935532	0.501973	0.573453	0.327927	0.0758223
0.935532	0.501875	0.573371	0.327861	0.075811
0.935532	0.501776	0.573288	0.327794	0.075788
0.935532	0.501677	0.573206	0.327728	0.075776
0.935532	0.501579	0.573124	0.327662	0.075771
0.935532	0.50148	0.573041	0.327596	0.0757012
0.935532	0.501381	0.572959	0.32753	0.0756701
0.935532	0.501283	0.572876	0.327463	0.0756451
0.935532	0.501184	0.572794	0.327397	0.0756404
0.935532	0.501085	0.572712	0.327331	0.0756358
0.935532	0.500987	0.572629	0.327265	0.0756315
0.935532	0.500888	0.572547	0.327199	0.0755896
0.935532	0.500789	0.572464	0.327133	0.0755858
0.935532	0.500691	0.572382	0.327066	0.0755815
0.935532	0.500592	0.5723	0.327	0.0755089
0.935532	0.500493	0.572217	0.326934	0.0754991
0.935532	0.500395	0.572135	0.326868	0.0754881
0.936032	0.500395	0.572217	0.327251	0.0754744
0.936032	0.500296	0.572135	0.327185	0.0754521
0.936032	0.500197	0.572052	0.327118	0.0754509
0.936032	0.500099	0.57197	0.327052	0.0753665
0.936032	0.5	0.571888	0.326986	0.075341
0.936032	0.499901	0.571805	0.32692	0.0753139
0.936032	0.499803	0.571723	0.326854	0.0752735
0.936032	0.499704	0.57164	0.326788	0.0752295
0.936032	0.499605	0.571558	0.326722	0.0751858
0.936032	0.499507	0.571476	0.326656	0.07518
0.936032	0.499408	0.571393	0.32659	0.0751153
0.936032	0.499309	0.571311	0.326524	0.0750597
0.936032	0.499211	0.571228	0.326458	0.0750413
0.936032	0.499112	0.571146	0.326392	0.0750039
0.936032	0.499013	0.571064	0.326326	0.0749746
0.936032	0.498915	0.570981	0.32626	0.074932
0.936032	0.498816	0.570899	0.326194	0.0748973
0.936032	0.498717	0.570817	0.326128	0.0748858
0.936032	0.498619	0.570734	0.326062	0.0748783
0.936032	0.49852	0.570652	0.325996	0.0748696
0.936032	0.498421	0.570569	0.32593	0.074855
0.936032	0.498323	0.570487	0.325864	0.0747723
0.936032	0.498224	0.570405	0.325798	0.0747714
0.936032	0.498125	0.570322	0.325732	0.0747269
0.936032	0.498027	0.57024	0.325666	0.0747077
0.936032	0.497928	0.570157	0.3256	0.0746705
0.936532	0.497928	0.57024	0.325983	0.0746366
0.936532	0.49783	0.570157	0.325917	0.0746216
0.936532	0.497731	0.570075	0.325851	0.0745789
0.936532	0.497632	0.569993	0.325785	0.0745786
0.936532	0.497534	0.56991	0.325719	0.0745414
0.936532	0.497435	0.569828	0.325654	0.0745293
0.936532	0.497336	0.569745	0.325588	0.0745265
0.936532	0.497238	0.569663	0.325522	0.0745057
0.936532	0.497139	0.569581	0.325456	0.074452
0.936532	0.49704	0.569498	0.32539	0.0744447
0.937031	0.49704	0.569581	0.325773	0.0744345
0.937031	0.496942	0.569498	0.325707	0.0744323
0.937031	0.496843	0.569416	0.325642	0.0743539
0.937031	0.496744	0.569333	0.325576	0.0743262
0.937031	0.496646	0.569251	0.32551	0.0742947
0.937031	0.496547	0.569169	0.325444	0.0742777
0.937531	0.496547	0.569251	0.325827	0.0740284
0.937531	0.496448	0.569169	0.325762	0.0740273
0.937531	0.49635	0.569086	0.325696	0.0739897
0.937531	0.496251	0.569004	0.32563	0.0739656
0.938031	0.496251	0.569086	0.326013	0.0739045
0.938031	0.496152	0.569004	0.325948	0.0738619
0.938031	0.496054	0.568921	0.325882	0.073786
0.938031	0.495955	0.568839	0.325816	0.0737092
0.938031	0.495856	0.568757	0.32575	0.0736922
0.938031	0.495758	0.568674	0.325685	0.0736563
0.938031	0.495659	0.568592	0.325619	0.073626
0.938031	0.49556	0.56851	0.325553	0.0735972
0.938031	0.495462	0.568427	0.325487	0.0735838
0.938031	0.495363	0.568345	0.325422	0.0735364
0.938031	0.495264	0.568262	0.325356	0.0735297
0.938031	0.495166	0.56818	0.32529	0.0735209
0.938531	0.495166	0.568262	0.325674	0.0734794
0.93903	0.495166	0.568345	0.326057	0.0734577
0.93903	0.495067	0.568262	0.325992	0.0734098
0.93903	0.494968	0.56818	0.325926	0.0733321
0.93903	0.49487	0.568098	0.32586	0.0732465
0.93903	0.494771	0.568015	0.325795	0.0732132
0.93903	0.494672	0.567933	0.325729	0.0732004
0.93903	0.494574	0.56785	0.325664	0.0731723
0.93903	0.494475	0.567768	0.325598	0.0731716
0.93953	0.494475	0.56785	0.325982	0.0731466
0.93953	0.494376	0.567768	0.325916	0.0731241
0.93953	0.494278	0.567686	0.32585	0.0731129
0.93953	0.494179	0.567603	0.325785	0.0730936
0.93953	0.494081	0.567521	0.325719	0.0730231
0.93953	0.493982	0.567438	0.325654	0.0729842
0.93953	0.493883	0.567356	0.325588	0.072973
0.93953	0.493785	0.567274	0.325523	0.0729101
0.93953	0.493686	0.567191	0.325457	0.0728999
0.93953	0.493587	0.567109	0.325391	0.0728972
0.93953	0.493489	0.567026	0.325326	0.0728688
0.93953	0.49339	0.566944	0.32526	0.0728655
0.93953	0.493291	0.566862	0.325195	0.0728311
0.93953	0.493193	0.566779	0.325129	0.0727334
0.93953	0.493094	0.566697	0.325064	0.0726963
0.93953	0.492995	0.566614	0.324998	0.0726883
0.93953	0.492897	0.566532	0.324933	0.0725925
0.93953	0.492798	0.56645	0.324867	0.0725847
0.93953	0.492699	0.566367	0.324802	0.0725574
0.93953	0.492601	0.566285	0.324736	0.072551
0.93953	0.492502	0.566203	0.32467	0.0725508
0.94003	0.492502	0.566285	0.325055	0.0725353
0.94003	0.492403	0.566203	0.324989	0.0724187
0.94003	0.492305	0.56612	0.324924	0.0723104
0.94003	0.492206	0.566038	0.324858	0.0722895
0.94003	0.492107	0.565955	0.324793	0.0721622
0.94003	0.492009	0.565873	0.324727	0.0721378
0.94003	0.49191	0.565791	0.324662	0.0720787
0.94003	0.491811	0.565708	0.324596	0.0720554
0.94003	0.491713	0.565626	0.324531	0.0720508
0.94003	0.491614	0.565543	0.324466	0.0719897
0.94003	0.491515	0.565461	0.3244	0.0719777
0.94003	0.491417	0.565379	0.324335	0.0719746
0.94003	0.491318	0.565296	0.324269	0.0719121
0.94003	0.491219	0.565214	0.324204	0.0718378
0.94003	0.491121	0.565131	0.324138	0.0717912
0.94003	0.491022	0.565049	0.324073	0.0717065
0.94003	0.490923	0.564967	0.324008	0.0716455
0.94003	0.490825	0.564884	0.323942	0.0716168
0.94003	0.490726	0.564802	0.323877	0.0715144
0.94003	0.490627	0.564719	0.323812	0.0714995
0.94003	0.490529	0.564637	0.323746	0.0714945
0.94003	0.49043	0.564555	0.323681	0.0714599
0.94053	0.49043	0.564637	0.324065	0.0713988
0.94053	0.490331	0.564555	0.324	0.0713901
0.94053	0.490233	0.564472	0.323935	0.0713677
0.94053	0.490134	0.56439	0.323869	0.0713437
0.941029	0.490134	0.564472	0.324254	0.071328
0.941029	0.490036	0.56439	0.324189	0.0713001
0.941029	0.489937	0.564307	0.324123	0.0712881
0.941029	0.489838	0.564225	0.324058	0.0712753
0.941029	0.48974	0.564143	0.323993	0.0712687
0.941029	0.489641	0.56406	0.323928	0.0712539
0.941029	0.489542	0.563978	0.323862	0.0712309
0.941029	0.489444	0.563896	0.323797	0.0712036
0.941029	0.489345	0.563813	0.323732	0.0710769
0.941029	0.489246	0.563731	0.323667	0.0710001
0.941029	0.489148	0.563648	0.323601	0.071
0.941029	0.489049	0.563566	0.323536	0.0709334
0.941029	0.48895	0.563484	0.323471	0.0708709
0.941029	0.488852	0.563401	0.323406	0.0708134
0.941029	0.488753	0.563319	0.32334	0.0707925
0.941029	0.488654	0.563236	0.323275	0.0707008
0.941029	0.488556	0.563154	0.32321	0.070698
0.941029	0.488457	0.563072	0.323145	0.0706971
0.941029	0.488358	0.562989	0.323079	0.0705042
0.941029	0.48826	0.562907	0.323014	0.0704666
0.941029	0.488161	0.562824	0.322949	0.0704481
0.941029	0.488062	0.562742	0.322884	0.0704448
0.941029	0.487964	0.56266	0.322819	0.0704416
0.941029	0.487865	0.562577	0.322753	0.0704327
0.941029	0.487766	0.562495	0.322688	0.0703973
0.941029	0.487668	0.562412	0.322623	0.0703304
0.941029	0.487569	0.56233	0.322558	0.0703061
0.941029	0.48747	0.562248	0.322493	0.0703034
0.941029	0.487372	0.562165	0.322428	0.0702841
0.941029	0.487273	0.562083	0.322362	0.0702794
0.941029	0.487174	0.562	0.322297	0.0702261
0.941029	0.487076	0.561918	0.322232	0.0701802
0.941029	0.486977	0.561836	0.322167	0.0701478
0.941029	0.486878	0.561753	0.322102	0.0701478
0.941029	0.48678	0.561671	0.322037	0.0701419
0.941029	0.486681	0.561589	0.321972	0.0701381
0.941029	0.486582	0.561506	0.321907	0.0700359
0.941029	0.486484	0.561424	0.321841	0.0700296
0.941029	0.486385	0.561341	0.321776	0.0700216
0.941029	0.486287	0.561259	0.321711	0.0700036
0.941029	0.486188	0.561177	0.321646	0.0699701
0.941029	0.486089	0.561094	0.321581	0.0699479
0.941029	0.485991	0.561012	0.321516	0.0699359
0.941029	0.485892	0.560929	0.321451	0.0698737
0.941029	0.485793	0.560847	0.321386	0.0698358
0.941029	0.485695	0.560765	0.321321	0.0698304
0.941029	0.485596	0.560682	0.321256	0.0698082
0.941029	0.485497	0.5606	0.321191	0.0698006
0.941029	0.485399	0.560517	0.321126	0.0697918
0.941029	0.4853	0.560435	0.321061	0.0697373
0.941029	0.485201	0.560353	0.320996	0.0697059
0.941529	0.485201	0.560435	0.321381	0.0696925
0.941529	0.485103	0.560353	0.321316	0.0696406
0.941529	0.485004	0.56027	0.321251	0.0696386
0.941529	0.484905	0.560188	0.321186	0.0696149
0.941529	0.484807	0.560105	0.321121	0.0696043
0.941529	0.484708	0.560023	0.321056	0.0696008
0.941529	0.484609	0.559941	0.320991	0.0695542
0.941529	0.484511	0.559858	0.320926	0.0695496
0.941529	0.484412	0.559776	0.320861	0.0695418
0.942029	0.484412	0.559858	0.321247	0.0694467
0.942029	0.484313	0.559776	0.321182	0.069314
0.942029	0.484215	0.559693	0.321117	0.0692973
0.942029	0.484116	0.559611	0.321052	0.0692644
0.942029	0.484017	0.559529	0.320987	0.0692284
0.942029	0.483919	0.559446	0.320922	0.0692061
0.942529	0.483919	0.559529	0.321308	0.0691654
0.942529	0.48382	0.559446	0.321243	0.0691647
0.942529	0.483721	0.559364	0.321179	0.0691454
0.942529	0.483623	0.559282	0.321114	0.0690852
0.942529	0.483524	0.559199	0.321049	0.0690587
0.942529	0.483425	0.559117	0.320984	0.0690494
0.942529	0.483327	0.559034	0.320919	0.0690319
0.942529	0.483228	0.558952	0.320854	0.0690289
0.942529	0.483129	0.55887	0.320789	0.0689478
0.942529	0.483031	0.558787	0.320724	0.0689347
0.942529	0.482932	0.558705	0.32066	0.0688903
0.942529	0.482833	0.558622	0.320595	0.0688454
0.942529	0.482735	0.55854	0.32053	0.0688005
0.942529	0.482636	0.558458	0.320465	0.0687894
0.942529	0.482537	0.558375	0.3204	0.0687816
0.942529	0.482439	0.558293	0.320335	0.0687576
0.942529	0.48234	0.55821	0.320271	0.0686962
0.942529	0.482242	0.558128	0.320206	0.0686687
0.942529	0.482143	0.558046	0.320141	0.068582
0.942529	0.482044	0.557963	0.320076	0.0685485
0.942529	0.481946	0.557881	0.320011	0.0685291
0.942529	0.481847	0.557798	0.319947	0.0684584
0.942529	0.481748	0.557716	0.319882	0.0684189
0.942529	0.48165	0.557634	0.319817	0.0684035
0.942529	0.481551	0.557551	0.319752	0.0683454
0.942529	0.481452	0.557469	0.319687	0.068345
0.942529	0.481354	0.557387	0.319623	0.0683338
0.942529	0.481255	0.557304	0.319558	0.0683054
0.942529	0.481156	0.557222	0.319493	0.0682368
0.942529	0.481058	0.557139	0.319428	0.0682348
0.942529	0.480959	0.557057	0.319364	0.0682292
0.942529	0.48086	0.556975	0.319299	0.0681892
0.942529	0.480762	0.556892	0.319234	0.0681685
0.942529	0.480663	0.55681	0.319169	0.0681058
0.942529	0.480564	0.556727	0.319105	0.0680721
0.942529	0.480466	0.556645	0.31904	0.0680536
0.942529	0.480367	0.556563	0.318975	0.06803
0.942529	0.480268	0.55648	0.318911	0.0679199
0.943028	0.480268	0.556563	0.319297	0.0679064
0.943028	0.48017	0.55648	0.319233	0.0678888
0.943028	0.480071	0.556398	0.319168	0.0678585
0.943028	0.479972	0.556315	0.319103	0.0678578
0.943528	0.479972	0.556398	0.31949	0.0678468
0.944028	0.479972	0.55648	0.319877	0.0678136
0.944028	0.479874	0.556398	0.319812	0.0677604
0.944028	0.479775	0.556315	0.319748	0.0677592
0.944528	0.479775	0.556398	0.320134	0.0677511
0.944528	0.479676	0.556315	0.32007	0.0677198
0.944528	0.479578	0.556233	0.320005	0.0677015
0.944528	0.479479	0.556151	0.319941	0.0676506
0.944528	0.47938	0.556068	0.319876	0.0675235
0.944528	0.479282	0.555986	0.319811	0.0675062
0.944528	0.479183	0.555903	0.319747	0.0674595
0.944528	0.479084	0.555821	0.319682	0.0674009
0.944528	0.478986	0.555739	0.319618	0.0673813
0.944528	0.478887	0.555656	0.319553	0.0673449
0.944528	0.478788	0.555574	0.319489	0.0673427
0.944528	0.47869	0.555491	0.319424	0.0673106
0.944528	0.478591	0.555409	0.31936	0.0673019
0.944528	0.478493	0.555327	0.319295	0.067277
0.944528	0.478394	0.555244	0.319231	0.0672664
0.944528	0.478295	0.555162	0.319166	0.067265
0.944528	0.478197	0.55508	0.319101	0.0672619
0.944528	0.478098	0.554997	0.319037	0.0672048
0.944528	0.477999	0.554915	0.318972	0.0671967
0.944528	0.477901	0.554832	0.318908	0.0671134
0.944528	0.477802	0.55475	0.318843	0.0671095
0.945027	0.477802	0.554832	0.319231	0.0670931
0.945027	0.477703	0.55475	0.319166	0.0670525
0.945027	0.477605	0.554668	0.319102	0.067051
0.945027	0.477506	0.554585	0.319037	0.0669892
0.945027	0.477407	0.554503	0.318973	0.0669366
0.945027	0.477309	0.55442	0.318908	0.0669233
0.945027	0.47721	0.554338	0.318844	0.0668657
0.945027	0.477111	0.554256	0.31878	0.0668412
0.945027	0.477013	0.554173	0.318715	0.0667832
0.945027	0.476914	0.554091	0.318651	0.0667209
0.945027	0.476815	0.554008	0.318586	0.0667193
0.945027	0.476717	0.553926	0.318522	0.0666814
0.945027	0.476618	0.553844	0.318457	0.0666493
0.945027	0.476519	0.553761	0.318393	0.0666342
0.945027	0.476421	0.553679	0.318329	0.0665353
0.945027	0.476322	0.553596	0.318264	0.0664871
0.945027	0.476223	0.553514	0.3182	0.0664762
0.945027	0.476125	0.553432	0.318135	0.0664462
0.945027	0.476026	0.553349	0.318071	0.0664372
0.945027	0.475927	0.553267	0.318007	0.0664343
0.945027	0.475829	0.553184	0.317942	0.0664095
0.945027	0.47573	0.553102	0.317878	0.0664082
0.945027	0.475631	0.55302	0.317813	0.0663607
0.945027	0.475533	0.552937	0.317749	0.0663531
0.945027	0.475434	0.552855	0.317685	0.0663082
0.945027	0.475335	0.552773	0.31762	0.0662722
0.945027	0.475237	0.55269	0.317556	0.0662608
0.945027	0.475138	0.552608	0.317492	0.0662152
0.945527	0.475138	0.55269	0.31788	0.0661825
0.945527	0.475039	0.552608	0.317815	0.066134
0.945527	0.474941	0.552525	0.317751	0.0660615
0.945527	0.474842	0.552443	0.317687	0.0660286
0.945527	0.474743	0.552361	0.317622	0.0659804
0.945527	0.474645	0.552278	0.317558	0.0659353
0.945527	0.474546	0.552196	0.317494	0.0659313
0.945527	0.474448	0.552113	0.317429	0.0658935
0.945527	0.474349	0.552031	0.317365	0.0658816
0.946027	0.474349	0.552113	0.317753	0.0658549
0.946027	0.47425	0.552031	0.317689	0.0657809
0.946027	0.474152	0.551949	0.317625	0.0656979
0.946027	0.474053	0.551866	0.31756	0.0656853
0.946027	0.473954	0.551784	0.317496	0.0656127
0.946027	0.473856	0.551701	0.317432	0.0656091
0.946027	0.473757	0.551619	0.317368	0.0655837
0.946027	0.473658	0.551537	0.317304	0.0655594
0.946027	0.47356	0.551454	0.317239	0.0655343
0.946027	0.473461	0.551372	0.317175	0.0654813
0.946027	0.473362	0.551289	0.317111	0.0654485
0.946527	0.473362	0.551372	0.317499	0.0654434
0.946527	0.473264	0.551289	0.317435	0.0654078
0.946527	0.473165	0.551207	0.317371	0.0653724
0.946527	0.473066	0.551125	0.317307	0.0653202
0.946527	0.472968	0.551042	0.317242	0.0653066
0.946527	0.472869	0.55096	0.317178	0.0652969
0.946527	0.47277	0.550877	0.317114	0.0652849
0.946527	0.472672	0.550795	0.31705	0.0652331
0.946527	0.472573	0.550713	0.316986	0.0652077
0.946527	0.472474	0.55063	0.316922	0.0651174
0.946527	0.472376	0.550548	0.316858	0.0650942
0.946527	0.472277	0.550466	0.316793	0.0650228
0.946527	0.472178	0.550383	0.316729	0.0649861
0.946527	0.47208	0.550301	0.316665	0.0649399
0.946527	0.471981	0.550218	0.316601	0.0649151
0.946527	0.471882	0.550136	0.316537	0.0648035
0.946527	0.471784	0.550054	0.316473	0.0647577
0.946527	0.471685	0.549971	0.316409	0.064717
0.946527	0.471586	0.549889	0.316345	0.0646524
0.946527	0.471488	0.549806	0.316281	0.0646486
0.946527	0.471389	0.549724	0.316216	0.064525
0.946527	0.47129	0.549642	0.316152	0.0645056
0.946527	0.471192	0.549559	0.316088	0.0644967
0.946527	0.471093	0.549477	0.316024	0.0644737
0.946527	0.470994	0.549394	0.31596	0.0643951
0.946527	0.470896	0.549312	0.315896	0.0643678
0.946527	0.470797	0.54923	0.315832	0.0643343
0.946527	0.470699	0.549147	0.315768	0.0642767
0.946527	0.4706	0.549065	0.315704	0.0642462
0.946527	0.470501	0.548982	0.31564	0.0642226
0.946527	0.470403	0.5489	0.315576	0.0642141
0.946527	0.470304	0.548818	0.315512	0.0641841
0.946527	0.470205	0.548735	0.315448	0.0641635
0.946527	0.470107	0.548653	0.315384	0.0641451
0.946527	0.470008	0.54857	0.31532	0.0640998
0.946527	0.469909	0.548488	0.315256	0.0640254
0.946527	0.469811	0.548406	0.315192	0.0639416
0.946527	0.469712	0.548323	0.315128	0.0638966
0.946527	0.469613	0.548241	0.315064	0.0638839
0.946527	0.469515	0.548159	0.315	0.0638806
0.946527	0.469416	0.548076	0.314936	0.0638649
0.947026	0.469416	0.548159	0.315325	0.0638559
0.947026	0.469317	0.548076	0.315261	0.0638275
0.947026	0.469219	0.547994	0.315197	0.0638095
0.947026	0.46912	0.547911	0.315133	0.0637893
0.947026	0.469021	0.547829	0.315069	0.063758
0.947026	0.468923	0.547747	0.315005	0.0637578
0.947026	0.468824	0.547664	0.314941	0.0637462
0.947026	0.468725	0.547582	0.314877	0.063582
0.947026	0.468627	0.547499	0.314813	0.0635658
0.947026	0.468528	0.547417	0.314749	0.0635618
0.947026	0.468429	0.547335	0.314685	0.063546
0.947026	0.468331	0.547252	0.314622	0.0635357
0.947026	0.468232	0.54717	0.314558	0.0634808
0.947026	0.468133	0.547087	0.314494	0.063469
0.947026	0.468035	0.547005	0.31443	0.06343
0.947026	0.467936	0.546923	0.314366	0.0634228
0.947026	0.467837	0.54684	0.314302	0.0634141
0.947026	0.467739	0.546758	0.314238	0.0634082
0.947026	0.46764	0.546675	0.314174	0.0633835
0.947026	0.467541	0.546593	0.31411	0.0633368
0.947026	0.467443	0.546511	0.314047	0.0632729
0.947026	0.467344	0.546428	0.313983	0.0632695
0.947026	0.467245	0.546346	0.313919	0.0632083
0.947026	0.467147	0.546263	0.313855	0.0632045
0.947026	0.467048	0.546181	0.313791	0.0631654
0.947026	0.466949	0.546099	0.313727	0.0631604
0.947526	0.466949	0.546181	0.314117	0.0631374
0.947526	0.466851	0.546099	0.314053	0.0630947
0.948026	0.466851	0.546181	0.314443	0.0629825
0.948026	0.466752	0.546099	0.314379	0.0629657
0.948026	0.466654	0.546016	0.314315	0.0629217
0.948026	0.466555	0.545934	0.314251	0.0628562
0.948026	0.466456	0.545852	0.314188	0.0628369
0.948026	0.466358	0.545769	0.314124	0.0628102
0.948026	0.466259	0.545687	0.31406	0.0627988
0.948026	0.46616	0.545604	0.313996	0.0627758
0.948526	0.46616	0.545687	0.314386	0.0627057
0.948526	0.466062	0.545604	0.314323	0.0626464
0.948526	0.465963	0.545522	0.314259	0.0625984
0.948526	0.465864	0.54544	0.314195	0.0625504
0.948526	0.465766	0.545357	0.314131	0.0625461
0.948526	0.465667	0.545275	0.314068	0.0625366
0.948526	0.465568	0.545192	0.314004	0.0625116
0.948526	0.46547	0.54511	0.31394	0.0624455
0.948526	0.465371	0.545028	0.313876	0.0624284
0.948526	0.465272	0.544945	0.313813	0.0624208
0.948526	0.465174	0.544863	0.313749	0.0624186
0.948526	0.465075	0.54478	0.313685	0.0623862
0.949025	0.465075	0.544863	0.314076	0.0623124
0.949025	0.464976	0.54478	0.314012	0.0622901
0.949025	0.464878	0.544698	0.313948	0.0622753
0.949025	0.464779	0.544616	0.313885	0.0622618
0.949025	0.46468	0.544533	0.313821	0.0622466
0.949025	0.464582	0.544451	0.313757	0.062242
0.949525	0.464582	0.544533	0.314148	0.0622278
0.949525	0.464483	0.544451	0.314084	0.0622126
0.949525	0.464384	0.544368	0.31402	0.0621592
0.949525	0.464286	0.544286	0.313957	0.0620976
0.949525	0.464187	0.544204	0.313893	0.0620508
0.949525	0.464088	0.544121	0.31383	0.0620371
0.949525	0.46399	0.544039	0.313766	0.0619725
0.949525	0.463891	0.543956	0.313702	0.0619449
0.949525	0.463792	0.543874	0.313639	0.0619047
0.949525	0.463694	0.543792	0.313575	0.0619007
0.949525	0.463595	0.543709	0.313512	0.0618985
0.949525	0.463496	0.543627	0.313448	0.0618905
0.949525	0.463398	0.543545	0.313384	0.0618841
0.949525	0.463299	0.543462	0.313321	0.0618231
0.949525	0.4632	0.54338	0.313257	0.0617726
0.949525	0.463102	0.543297	0.313194	0.061737
0.949525	0.463003	0.543215	0.31313	0.061732
0.949525	0.462904	0.543133	0.313067	0.0617128
0.949525	0.462806	0.54305	0.313003	0.0616871
0.949525	0.462707	0.542968	0.31294	0.0616825
0.949525	0.462609	0.542885	0.312876	0.0616177
0.949525	0.46251	0.542803	0.312812	0.0616002
0.949525	0.462411	0.542721	0.312749	0.0615762
0.949525	0.462313	0.542638	0.312685	0.0615475
0.949525	0.462214	0.542556	0.312622	0.0615332
0.950025	0.462214	0.542638	0.313013	0.061508
0.950525	0.462214	0.542721	0.313404	0.061508
0.950525	0.462115	0.542638	0.31334	0.0614967
0.950525	0.462017	0.542556	0.313277	0.0614467
0.950525	0.461918	0.542473	0.313213	0.0614102
0.950525	0.461819	0.542391	0.31315	0.0614078
0.951024	0.461819	0.542473	0.313541	0.0613819
0.951024	0.461721	0.542391	0.313477	0.0613788
0.951024	0.461622	0.542309	0.313414	0.0613598
0.951024	0.461523	0.542226	0.313351	0.0613298
0.951024	0.461425	0.542144	0.313287	0.0613112
0.951024	0.461326	0.542061	0.313224	0.0612643
0.951024	0.461227	0.541979	0.31316	0.0612508
0.951024	0.461129	0.541897	0.313097	0.0611881
0.951024	0.46103	0.541814	0.313034	0.0611215
0.951024	0.460931	0.541732	0.31297	0.061099
0.951024	0.460833	0.54165	0.312907	0.0610902
0.951024	0.460734	0.541567	0.312843	0.0609799
0.951524	0.460734	0.54165	0.313235	0.0609692
0.951524	0.460635	0.541567	0.313171	0.0609642
0.951524	0.460537	0.541485	0.313108	0.0609213
0.951524	0.460438	0.541402	0.313045	0.0609205
0.951524	0.460339	0.54132	0.312981	0.0608955
0.952024	0.460339	0.541402	0.313373	0.0608926
0.952024	0.460241	0.54132	0.313309	0.060868
0.952024	0.460142	0.541238	0.313246	0.0608078
0.952024	0.460043	0.541155	0.313183	0.0608002
0.952024	0.459945	0.541073	0.31312	0.0607512
0.952524	0.459945	0.541155	0.313511	0.0606926
0.952524	0.459846	0.541073	0.313448	0.0606296
0.952524	0.459747	0.54099	0.313385	0.060582
0.952524	0.459649	0.540908	0.313321	0.0605515
0.952524	0.45955	0.540826	0.313258	0.0605458
0.952524	0.459451	0.540743	0.313195	0.0604768
0.952524	0.459353	0.540661	0.313131	0.0603682
0.952524	0.459254	0.540578	0.313068	0.0603039
0.952524	0.459155	0.540496	0.313005	0.0602868
0.952524	0.459057	0.540414	0.312942	0.0602576
0.952524	0.458958	0.540331	0.312879	0.0602494
0.952524	0.45886	0.540249	0.312815	0.0602234
0.952524	0.458761	0.540166	0.312752	0.0602039
0.952524	0.458662	0.540084	0.312689	0.0602027
0.952524	0.458564	0.540002	0.312626	0.0602012
0.952524	0.458465	0.539919	0.312562	0.0601802
0.952524	0.458366	0.539837	0.312499	0.0601788
0.952524	0.458268	0.539754	0.312436	0.0601467
0.952524	0.458169	0.539672	0.312373	0.0601017
0.952524	0.45807	0.53959	0.31231	0.0601002
0.952524	0.457972	0.539507	0.312246	0.0600926
0.952524	0.457873	0.539425	0.312183	0.0600842
0.952524	0.457774	0.539343	0.31212	0.0600751
0.952524	0.457676	0.53926	0.312057	0.0599644
0.952524	0.457577	0.539178	0.311994	0.0599326
0.952524	0.457478	0.539095	0.311931	0.0598445
0.952524	0.45738	0.539013	0.311867	0.0597666
0.952524	0.457281	0.538931	0.311804	0.0596725
0.952524	0.457182	0.538848	0.311741	0.0596123
0.952524	0.457084	0.538766	0.311678	0.0594904
0.952524	0.456985	0.538683	0.311615	0.059463
0.952524	0.456886	0.538601	0.311552	0.0594144
0.952524	0.456788	0.538519	0.311489	0.0593933
0.952524	0.456689	0.538436	0.311425	0.0593823
0.952524	0.45659	0.538354	0.311362	0.0593291
0.952524	0.456492	0.538271	0.311299	0.0592856
0.952524	0.456393	0.538189	0.311236	0.059275
0.952524	0.456294	0.538107	0.311173	0.0592688
0.952524	0.456196	0.538024	0.31111	0.0592368
0.952524	0.456097	0.537942	0.311047	0.0592181
0.952524	0.455998	0.537859	0.310984	0.0592022
0.952524	0.4559	0.537777	0.310921	0.0591662
0.952524	0.455801	0.537695	0.310857	0.059166
0.952524	0.455702	0.537612	0.310794	0.0591481
0.952524	0.455604	0.53753	0.310731	0.0590955
0.952524	0.455505	0.537447	0.310668	0.0590868
0.952524	0.455406	0.537365	0.310605	0.059085
0.952524	0.455308	0.537283	0.310542	0.0589724
0.952524	0.455209	0.5372	0.310479	0.0589461
0.952524	0.45511	0.537118	0.310416	0.0589013
0.952524	0.455012	0.537036	0.310353	0.0588953
0.952524	0.454913	0.536953	0.31029	0.058879
0.952524	0.454815	0.536871	0.310227	0.0588786
0.953023	0.454815	0.536953	0.31062	0.0588536
0.953023	0.454716	0.536871	0.310557	0.0588089
0.953023	0.454617	0.536788	0.310494	0.058749
0.953523	0.454617	0.536871	0.310886	0.0587334
0.953523	0.454519	0.536788	0.310823	0.0587079
0.954023	0.454519	0.536871	0.311216	0.0587073
0.954023	0.45442	0.536788	0.311153	0.0586221
0.954023	0.454321	0.536706	0.31109	0.0586076
0.954023	0.454223	0.536624	0.311027	0.0585599
0.954023	0.454124	0.536541	0.310964	0.0585288
0.954023	0.454025	0.536459	0.310901	0.0585031
0.954023	0.453927	0.536376	0.310839	0.0584942
0.954023	0.453828	0.536294	0.310776	0.0584451
0.954023	0.453729	0.536212	0.310713	0.0584285
0.954023	0.453631	0.536129	0.31065	0.0583972
0.954023	0.453532	0.536047	0.310587	0.0583857
0.954523	0.453532	0.536129	0.31098	0.0583856
0.954523	0.453433	0.536047	0.310917	0.0583769
0.954523	0.453335	0.535964	0.310854	0.0583514
0.954523	0.453236	0.535882	0.310791	0.0583232
0.954523	0.453137	0.5358	0.310728	0.0583153
0.954523	0.453039	0.535717	0.310666	0.0582899
0.954523	0.45294	0.535635	0.310603	0.0582695
0.954523	0.452841	0.535552	0.31054	0.0582237
0.954523	0.452743	0.53547	0.310477	0.0581956
0.954523	0.452644	0.535388	0.310414	0.0581736
0.954523	0.452545	0.535305	0.310351	0.0581654
0.954523	0.452447	0.535223	0.310288	0.0581453
0.954523	0.452348	0.53514	0.310226	0.0581453
0.954523	0.452249	0.535058	0.310163	0.0581451
0.954523	0.452151	0.534976	0.3101	0.0581049
0.954523	0.452052	0.534893	0.310037	0.0580902
0.954523	0.451953	0.534811	0.309974	0.0580258
0.954523	0.451855	0.534729	0.309911	0.0580202
0.954523	0.451756	0.534646	0.309849	0.057968
0.954523	0.451657	0.534564	0.309786	0.0578758
0.954523	0.451559	0.534481	0.309723	0.0578573
0.954523	0.45146	0.534399	0.30966	0.0577828
0.954523	0.451361	0.534317	0.309597	0.0577491
0.954523	0.451263	0.534234	0.309535	0.0577217
0.954523	0.451164	0.534152	0.309472	0.0576713
0.954523	0.451066	0.534069	0.309409	0.0576154
0.955022	0.451066	0.534152	0.309803	0.0576144
0.955022	0.450967	0.534069	0.30974	0.0576096
0.955022	0.450868	0.533987	0.309677	0.0575951
0.955022	0.45077	0.533905	0.309614	0.0575581
0.955022	0.450671	0.533822	0.309552	0.0575255
0.955022	0.450572	0.53374	0.309489	0.0574457
0.955022	0.450474	0.533657	0.309426	0.0574227
0.955022	0.450375	0.533575	0.309364	0.0573923
0.955022	0.450276	0.533493	0.309301	0.0573843
0.955022	0.450178	0.53341	0.309238	0.0573839
0.955022	0.450079	0.533328	0.309175	0.057378
0.955022	0.44998	0.533245	0.309113	0.0573725
0.955022	0.449882	0.533163	0.30905	0.0573704
0.955022	0.449783	0.533081	0.308987	0.0573598
0.955022	0.449684	0.532998	0.308925	0.0573157
0.955022	0.449586	0.532916	0.308862	0.0572938
0.955022	0.449487	0.532833	0.308799	0.0572704
0.955022	0.449388	0.532751	0.308736	0.0572194
0.955022	0.44929	0.532669	0.308674	0.057178
0.955022	0.449191	0.532586	0.308611	0.0571256
0.955022	0.449092	0.532504	0.308548	0.0570764
0.955022	0.448994	0.532422	0.308486	0.0570223
0.955022	0.448895	0.532339	0.308423	0.0570118
0.955022	0.448796	0.532257	0.30836	0.0569935
0.955022	0.448698	0.532174	0.308298	0.0569108
0.955522	0.448698	0.532257	0.308692	0.0568816
0.955522	0.448599	0.532174	0.308629	0.0568516
0.955522	0.4485	0.532092	0.308567	0.0568321
0.955522	0.448402	0.53201	0.308504	0.0568295
0.955522	0.448303	0.531927	0.308442	0.0567497
0.955522	0.448204	0.531845	0.308379	0.0567455
0.955522	0.448106	0.531762	0.308316	0.0567321
0.956022	0.448106	0.531845	0.308711	0.0567165
0.956022	0.448007	0.531762	0.308648	0.056682
0.956022	0.447908	0.53168	0.308586	0.05667
0.956022	0.44781	0.531598	0.308523	0.0566563
0.956022	0.447711	0.531515	0.30846	0.0566525
0.956022	0.447612	0.531433	0.308398	0.0566076
0.956522	0.447612	0.531515	0.308793	0.0565599
0.957021	0.447612	0.531598	0.309187	0.0565325
0.957021	0.447514	0.531515	0.309125	0.0565082
0.957021	0.447415	0.531433	0.309062	0.0564747
0.957021	0.447316	0.53135	0.309	0.0564672
0.957021	0.447218	0.531268	0.308937	0.056464
0.957021	0.447119	0.531186	0.308875	0.0564487
0.957521	0.447119	0.531268	0.30927	0.0564356
0.957521	0.447021	0.531186	0.309207	0.0563646
0.957521	0.446922	0.531103	0.309145	0.0563247
0.957521	0.446823	0.531021	0.309082	0.0562583
0.957521	0.446725	0.530938	0.30902	0.0562145
0.957521	0.446626	0.530856	0.308957	0.056211
0.957521	0.446527	0.530774	0.308895	0.0561718
0.957521	0.446429	0.530691	0.308832	0.0561459
0.957521	0.44633	0.530609	0.30877	0.0561197
0.957521	0.446231	0.530526	0.308707	0.0561019
0.957521	0.446133	0.530444	0.308645	0.0560617
0.957521	0.446034	0.530362	0.308583	0.0560398
0.957521	0.445935	0.530279	0.30852	0.0560333
0.957521	0.445837	0.530197	0.308458	0.0560314
0.957521	0.445738	0.530115	0.308395	0.0560159
0.957521	0.445639	0.530032	0.308333	0.0559397
0.957521	0.445541	0.52995	0.308271	0.0559292
0.957521	0.445442	0.529867	0.308208	0.0559178
0.958021	0.445442	0.52995	0.308603	0.0558877
0.958021	0.445343	0.529867	0.308541	0.0558864
0.958021	0.445245	0.529785	0.308479	0.055816
0.958021	0.445146	0.529703	0.308416	0.0558089
0.958021	0.445047	0.52962	0.308354	0.0557171
0.958021	0.444949	0.529538	0.308292	0.055609
0.958521	0.444949	0.52962	0.308687	0.0555999
0.958521	0.44485	0.529538	0.308625	0.0555834
0.958521	0.444751	0.529455	0.308562	0.0555698
0.958521	0.444653	0.529373	0.3085	0.0555318
0.958521	0.444554	0.529291	0.308438	0.0554876
0.95902	0.444554	0.529373	0.308833	0.0554669
0.95902	0.444455	0.529291	0.308771	0.0554552
0.95902	0.444357	0.529208	0.308709	0.0554196
0.95902	0.444258	0.529126	0.308646	0.0554184
0.95902	0.444159	0.529043	0.308584	0.05541
0.95902	0.444061	0.528961	0.308522	0.055335
0.95902	0.443962	0.528879	0.30846	0.0552833
0.95902	0.443863	0.528796	0.308397	0.0552447
0.95902	0.443765	0.528714	0.308335	0.0552063
0.95902	0.443666	0.528631	0.308273	0.0551354
0.95902	0.443567	0.528549	0.308211	0.0551155
0.95902	0.443469	0.528467	0.308148	0.0551114
0.95902	0.44337	0.528384	0.308086	0.0551103
0.95902	0.443272	0.528302	0.308024	0.0549235
0.95902	0.443173	0.528219	0.307962	0.0548659
0.95902	0.443074	0.528137	0.307899	0.0548632
0.95902	0.442976	0.528055	0.307837	0.054846
0.95902	0.442877	0.527972	0.307775	0.054796
0.95902	0.442778	0.52789	0.307713	0.0547731
0.95902	0.44268	0.527808	0.30765	0.0547194
0.95902	0.442581	0.527725	0.307588	0.0546696
0.95902	0.442482	0.527643	0.307526	0.0546688
0.95902	0.442384	0.52756	0.307464	0.0546599
0.95902	0.442285	0.527478	0.307402	0.0545919
0.95902	0.442186	0.527396	0.307339	0.0545292
0.95902	0.442088	0.527313	0.307277	0.0545094
0.95952	0.442088	0.527396	0.307673	0.0545039
0.95952	0.441989	0.527313	0.307611	0.0544905
0.95952	0.44189	0.527231	0.307549	0.0544777
0.95952	0.441792	0.527148	0.307487	0.0544621
0.95952	0.441693	0.527066	0.307425	0.0544157
0.95952	0.441594	0.526984	0.307363	0.0543712
0.95952	0.441496	0.526901	0.307301	0.0543502
0.95952	0.441397	0.526819	0.307238	0.0543156
0.95952	0.441298	0.526736	0.307176	0.054301
0.95952	0.4412	0.526654	0.307114	0.0542363
0.95952	0.441101	0.526572	0.307052	0.0541758
0.95952	0.441002	0.526489	0.30699	0.05414
0.95952	0.440904	0.526407	0.306928	0.0540824
0.95952	0.440805	0.526324	0.306866	0.0540735
0.95952	0.440706	0.526242	0.306804	0.0540662
0.95952	0.440608	0.52616	0.306741	0.0540563
0.96002	0.440608	0.526242	0.307138	0.0540428
0.96002	0.440509	0.52616	0.307076	0.0539658
0.96002	0.44041	0.526077	0.307014	0.053929
0.96052	0.44041	0.52616	0.307411	0.0539179
0.96052	0.440312	0.526077	0.307349	0.0539062
0.96052	0.440213	0.525995	0.307287	0.0538813
0.96052	0.440114	0.525912	0.307225	0.053865
0.96052	0.440016	0.52583	0.307162	0.0538182
0.96052	0.439917	0.525748	0.3071	0.0537883
0.96052	0.439818	0.525665	0.307038	0.0537742
0.96052	0.43972	0.525583	0.306976	0.053701
0.96052	0.439621	0.525501	0.306914	0.0536969
0.961019	0.439621	0.525583	0.307311	0.0536241
0.961019	0.439522	0.525501	0.307249	0.0536017
0.961019	0.439424	0.525418	0.307187	0.0535665
0.961019	0.439325	0.525336	0.307125	0.0535542
0.961019	0.439227	0.525253	0.307063	0.053551
0.961019	0.439128	0.525171	0.307001	0.0534398
0.961019	0.439029	0.525089	0.306939	0.0534358
0.961019	0.438931	0.525006	0.306877	0.0534315
0.961019	0.438832	0.524924	0.306816	0.0533714
0.961019	0.438733	0.524841	0.306754	0.0533666
0.961019	0.438635	0.524759	0.306692	0.0533448
0.961019	0.438536	0.524677	0.30663	0.0533164
0.961019	0.438437	0.524594	0.306568	0.0532888
0.961019	0.438339	0.524512	0.306506	0.0532779
0.961019	0.43824	0.524429	0.306444	0.0532691
0.961019	0.438141	0.524347	0.306382	0.0532543
0.961019	0.438043	0.524265	0.30632	0.0532368
0.961019	0.437944	0.524182	0.306258	0.0532221
0.961019	0.437845	0.5241	0.306196	0.0532116
0.961519	0.437845	0.524182	0.306594	0.0531977
0.962019	0.437845	0.524265	0.306991	0.0531304
0.962019	0.437747	0.524182	0.306929	0.0531216
0.962019	0.437648	0.5241	0.306867	0.0531201
0.962019	0.437549	0.524017	0.306805	0.0531026
0.962519	0.437549	0.5241	0.307203	0.0529973
0.962519	0.437451	0.524017	0.307141	0.052988
0.962519	0.437352	0.523935	0.307079	0.0529633
0.962519	0.437253	0.523853	0.307018	0.0529203
0.962519	0.437155	0.52377	0.306956	0.052878
0.962519	0.437056	0.523688	0.306894	0.0528188
0.963018	0.437056	0.52377	0.307292	0.0528021
0.963018	0.436957	0.523688	0.30723	0.0527979
0.963018	0.436859	0.523606	0.307168	0.0526444
0.963018	0.43676	0.523523	0.307106	0.0524946
0.963018	0.436661	0.523441	0.307045	0.0524859
0.963018	0.436563	0.523358	0.306983	0.0524684
0.963018	0.436464	0.523276	0.306921	0.0524592
0.963018	0.436365	0.523194	0.306859	0.0524253
0.963018	0.436267	0.523111	0.306798	0.0524173
0.963018	0.436168	0.523029	0.306736	0.0524172
0.963018	0.436069	0.522946	0.306674	0.0524025
0.963018	0.435971	0.522864	0.306612	0.0523944
0.963018	0.435872	0.522782	0.306551	0.05233
0.963018	0.435773	0.522699	0.306489	0.0522754
0.963018	0.435675	0.522617	0.306427	0.0522239
0.963018	0.435576	0.522534	0.306365	0.0522003
0.963018	0.435478	0.522452	0.306304	0.0521283
0.963018	0.435379	0.52237	0.306242	0.0519504
0.963018	0.43528	0.522287	0.30618	0.0518576
0.963018	0.435182	0.522205	0.306118	0.0518276
0.963018	0.435083	0.522122	0.306057	0.0517786
0.963018	0.434984	0.52204	0.305995	0.0517684
0.963018	0.434886	0.521958	0.305933	0.0517642
0.963018	0.434787	0.521875	0.305872	0.0517383
0.963018	0.434688	0.521793	0.30581	0.0516902
0.963018	0.43459	0.52171	0.305748	0.051624
0.963018	0.434491	0.521628	0.305686	0.0516096
0.963018	0.434392	0.521546	0.305625	0.0515848
0.963018	0.434294	0.521463	0.305563	0.0515478
0.963018	0.434195	0.521381	0.305501	0.0515415
0.963018	0.434096	0.521299	0.30544	0.0515414
0.963018	0.433998	0.521216	0.305378	0.0515127
0.963018	0.433899	0.521134	0.305316	0.0514955
0.963018	0.4338	0.521051	0.305255	0.0514579
0.963018	0.433702	0.520969	0.305193	0.0514481
0.963018	0.433603	0.520887	0.305131	0.0514132
0.963018	0.433504	0.520804	0.30507	0.0514064
0.963018	0.433406	0.520722	0.305008	0.0513983
0.963018	0.433307	0.520639	0.304946	0.0513302
0.963018	0.433208	0.520557	0.304885	0.0513164
0.963018	0.43311	0.520475	0.304823	0.0512934
0.963018	0.433011	0.520392	0.304761	0.0512882
0.963018	0.432912	0.52031	0.3047	0.0512847
0.963018	0.432814	0.520227	0.304638	0.0512627
0.963018	0.432715	0.520145	0.304577	0.0512378
0.963018	0.432616	0.520063	0.304515	0.0512145
0.963018	0.432518	0.51998	0.304453	0.0512076
0.963018	0.432419	0.519898	0.304392	0.0511998
0.963018	0.43232	0.519815	0.30433	0.0511435
0.963018	0.432222	0.519733	0.304269	0.0511147
0.963018	0.432123	0.519651	0.304207	0.0510991
0.963018	0.432024	0.519568	0.304145	0.0510515
0.963018	0.431926	0.519486	0.304084	0.0510428
0.963018	0.431827	0.519403	0.304022	0.0510213
0.963018	0.431728	0.519321	0.303961	0.0509982
0.963018	0.43163	0.519239	0.303899	0.0509351
0.963018	0.431531	0.519156	0.303837	0.0509266
0.963018	0.431433	0.519074	0.303776	0.0509115
0.963018	0.431334	0.518992	0.303714	0.0508799
0.963018	0.431235	0.518909	0.303653	0.0507508
0.963018	0.431137	0.518827	0.303591	0.0507355
0.963018	0.431038	0.518744	0.30353	0.0507282
0.963018	0.430939	0.518662	0.303468	0.0507275
0.963018	0.430841	0.51858	0.303406	0.0507011
0.963018	0.430742	0.518497	0.303345	0.0506996
0.963018	0.430643	0.518415	0.303283	0.0506558
0.963018	0.430545	0.518332	0.303222	0.0505719
0.963018	0.430446	0.51825	0.30316	0.0505378
0.963018	0.430347	0.518168	0.303099	0.0505372
0.963518	0.430347	0.51825	0.303498	0.0505302
0.963518	0.430249	0.518168	0.303437	0.0505198
0.963518	0.43015	0.518085	0.303375	0.0504997
0.963518	0.430051	0.518003	0.303314	0.0504842
0.963518	0.429953	0.51792	0.303252	0.05046
0.964018	0.429953	0.518003	0.303652	0.0504524
0.964018	0.429854	0.51792	0.303591	0.0504461
0.964018	0.429755	0.517838	0.303529	0.0504417
0.964018	0.429657	0.517756	0.303468	0.0504313
0.964018	0.429558	0.517673	0.303406	0.0503572
0.964018	0.429459	0.517591	0.303345	0.0503447
0.964018	0.429361	0.517508	0.303283	0.0502913
0.964018	0.429262	0.517426	0.303222	0.0502865
0.964018	0.429163	0.517344	0.30316	0.0502852
0.964018	0.429065	0.517261	0.303099	0.0502794
0.964018	0.428966	0.517179	0.303038	0.0502744
0.964018	0.428867	0.517096	0.302976	0.050255
0.964018	0.428769	0.517014	0.302915	0.050213
0.964018	0.42867	0.516932	0.302853	0.0501853
0.964518	0.42867	0.517014	0.303253	0.0501757
0.964518	0.428571	0.516932	0.303192	0.0501607
0.964518	0.428473	0.516849	0.303131	0.050151
0.964518	0.428374	0.516767	0.303069	0.0501488
0.964518	0.428275	0.516685	0.303008	0.0501363
0.964518	0.428177	0.516602	0.302946	0.0501332
0.964518	0.428078	0.51652	0.302885	0.0501079
0.965017	0.428078	0.516602	0.303285	0.0500983
0.965017	0.427979	0.51652	0.303224	0.0500743
0.965017	0.427881	0.516437	0.303163	0.0500473
0.965017	0.427782	0.516355	0.303101	0.0500356
0.965017	0.427684	0.516273	0.30304	0.0499737
0.965017	0.427585	0.51619	0.302979	0.0499579
0.965017	0.427486	0.516108	0.302917	0.0499236
0.965017	0.427388	0.516025	0.302856	0.0499085
0.965017	0.427289	0.515943	0.302795	0.0498689
0.965017	0.42719	0.515861	0.302733	0.0498649
0.965017	0.427092	0.515778	0.302672	0.0498506
0.965017	0.426993	0.515696	0.302611	0.0498255
0.965017	0.426894	0.515613	0.302549	0.0498155
0.965017	0.426796	0.515531	0.302488	0.0497944
0.965017	0.426697	0.515449	0.302427	0.0497265
0.965017	0.426598	0.515366	0.302366	0.0497204
0.965017	0.4265	0.515284	0.302304	0.0497104
0.965017	0.426401	0.515201	0.302243	0.0497051
0.965017	0.426302	0.515119	0.302182	0.0496988
0.965017	0.426204	0.515037	0.30212	0.0496894
0.965017	0.426105	0.514954	0.302059	0.0496728
0.965017	0.426006	0.514872	0.301998	0.0496102
0.965017	0.425908	0.514789	0.301937	0.049607
0.965017	0.425809	0.514707	0.301875	0.0495795
0.965017	0.42571	0.514625	0.301814	0.0495374
0.965017	0.425612	0.514542	0.301753	0.0495095
0.965017	0.425513	0.51446	0.301692	0.0495079
0.965017	0.425414	0.514378	0.30163	0.0494697
0.965017	0.425316	0.514295	0.301569	0.0494304
0.965017	0.425217	0.514213	0.301508	0.0494105
0.965517	0.425217	0.514295	0.301909	0.0493794
0.965517	0.425118	0.514213	0.301848	0.0493698
0.966017	0.425118	0.514295	0.302249	0.0493099
0.966017	0.42502	0.514213	0.302188	0.0492635
0.966517	0.42502	0.514295	0.302589	0.0492348
0.966517	0.424921	0.514213	0.302528	0.0492125
0.966517	0.424822	0.51413	0.302467	0.0490987
0.966517	0.424724	0.514048	0.302406	0.0490489
0.966517	0.424625	0.513966	0.302344	0.0490296
0.967016	0.424625	0.514048	0.302746	0.0490124
0.967016	0.424526	0.513966	0.302685	0.0489361
0.967016	0.424428	0.513883	0.302624	0.0489359
0.967016	0.424329	0.513801	0.302563	0.0489289
0.967016	0.42423	0.513718	0.302501	0.0489108
0.967016	0.424132	0.513636	0.30244	0.0489061
0.967016	0.424033	0.513554	0.302379	0.0488743
0.967016	0.423934	0.513471	0.302318	0.048784
0.967016	0.423836	0.513389	0.302257	0.0487551
0.967016	0.423737	0.513306	0.302196	0.0487077
0.967016	0.423639	0.513224	0.302135	0.0486169
0.967016	0.42354	0.513142	0.302074	0.0486131
0.967016	0.423441	0.513059	0.302013	0.0486037
0.967016	0.423343	0.512977	0.301952	0.0485499
0.967016	0.423244	0.512894	0.301891	0.048535
0.967016	0.423145	0.512812	0.30183	0.0485279
0.967016	0.423047	0.51273	0.301769	0.0485249
0.967016	0.422948	0.512647	0.301707	0.0485045
0.967016	0.422849	0.512565	0.301646	0.0484162
0.967016	0.422751	0.512482	0.301585	0.0483877
0.967016	0.422652	0.5124	0.301524	0.0483165
0.967016	0.422553	0.512318	0.301463	0.0482738
0.967016	0.422455	0.512235	0.301402	0.0482028
0.967016	0.422356	0.512153	0.301341	0.048105
0.967016	0.422257	0.512071	0.30128	0.0480914
0.967016	0.422159	0.511988	0.301219	0.048005
0.967016	0.42206	0.511906	0.301158	0.0479806
0.967016	0.421961	0.511823	0.301097	0.047978
0.967016	0.421863	0.511741	0.301036	0.0479333
0.967016	0.421764	0.511659	0.300975	0.0478892
0.967016	0.421665	0.511576	0.300914	0.047874
0.967016	0.421567	0.511494	0.300853	0.0478591
0.967016	0.421468	0.511411	0.300792	0.0477464
0.967016	0.421369	0.511329	0.300731	0.0476632
0.967016	0.421271	0.511247	0.30067	0.0476598
0.967016	0.421172	0.511164	0.300609	0.0476545
0.967016	0.421073	0.511082	0.300548	0.047611
0.967016	0.420975	0.510999	0.300487	0.047606
0.967016	0.420876	0.510917	0.300426	0.0474955
0.967016	0.420777	0.510835	0.300365	0.0474803
0.967016	0.420679	0.510752	0.300304	0.0474684
0.967016	0.42058	0.51067	0.300243	0.0474429
0.967016	0.420481	0.510587	0.300182	0.0473264
0.967016	0.420383	0.510505	0.300121	0.0473183
0.967016	0.420284	0.510423	0.30006	0.0473135
0.967016	0.420185	0.51034	0.299999	0.0472854
0.967016	0.420087	0.510258	0.299938	0.0472671
0.967016	0.419988	0.510175	0.299877	0.0472663
0.967016	0.41989	0.510093	0.299816	0.0472443
0.967016	0.419791	0.510011	0.299755	0.0472434
0.967016	0.419692	0.509928	0.299695	0.0472385
0.967016	0.419594	0.509846	0.299634	0.0472244
0.967516	0.419594	0.509928	0.300036	0.0471954
0.967516	0.419495	0.509846	0.299976	0.0471615
0.967516	0.419396	0.509764	0.299915	0.0470876
0.967516	0.419298	0.509681	0.299854	0.0470683
0.967516	0.419199	0.509599	0.299793	0.0470109
0.967516	0.4191	0.509516	0.299732	0.047009
0.967516	0.419002	0.509434	0.299671	0.0469911
0.967516	0.418903	0.509352	0.29961	0.0469857
0.967516	0.418804	0.509269	0.299549	0.046976
0.967516	0.418706	0.509187	0.299488	0.0469717
0.967516	0.418607	0.509104	0.299428	0.0469633
0.967516	0.418508	0.509022	0.299367	0.0469549
0.967516	0.41841	0.50894	0.299306	0.0469213
0.967516	0.418311	0.508857	0.299245	0.0468953
0.967516	0.418212	0.508775	0.299184	0.0468646
0.967516	0.418114	0.508692	0.299123	0.0468643
0.967516	0.418015	0.50861	0.299062	0.0468286
0.967516	0.417916	0.508528	0.299001	0.0468279
0.967516	0.417818	0.508445	0.298941	0.0467986
0.967516	0.417719	0.508363	0.29888	0.0467652
0.967516	0.41762	0.50828	0.298819	0.0466671
0.968016	0.41762	0.508363	0.299222	0.0466195
0.968016	0.417522	0.50828	0.299162	0.0466089
0.968016	0.417423	0.508198	0.299101	0.0465512
0.968016	0.417324	0.508116	0.29904	0.0464982
0.968016	0.417226	0.508033	0.298979	0.0464717
0.968016	0.417127	0.507951	0.298918	0.0464556
0.968016	0.417028	0.507869	0.298858	0.046438
0.968016	0.41693	0.507786	0.298797	0.0464081
0.968016	0.416831	0.507704	0.298736	0.046387
0.968016	0.416732	0.507621	0.298675	0.0463562
0.968016	0.416634	0.507539	0.298614	0.0463448
0.968016	0.416535	0.507457	0.298554	0.0463187
0.968016	0.416436	0.507374	0.298493	0.0462128
0.968016	0.416338	0.507292	0.298432	0.0461932
0.968016	0.416239	0.507209	0.298371	0.0461522
0.968016	0.41614	0.507127	0.298311	0.0461259
0.968016	0.416042	0.507045	0.29825	0.0461108
0.968016	0.415943	0.506962	0.298189	0.0461067
0.968016	0.415845	0.50688	0.298128	0.0460669
0.968016	0.415746	0.506797	0.298067	0.0460666
0.968016	0.415647	0.506715	0.298007	0.0460556
0.968016	0.415549	0.506633	0.297946	0.046004
0.968016	0.41545	0.50655	0.297885	0.0459817
0.968016	0.415351	0.506468	0.297824	0.0459669
0.968016	0.415253	0.506385	0.297764	0.045903
0.968016	0.415154	0.506303	0.297703	0.0458542
0.968016	0.415055	0.506221	0.297642	0.0458399
0.968016	0.414957	0.506138	0.297582	0.0458257
0.968016	0.414858	0.506056	0.297521	0.0458166
0.968016	0.414759	0.505973	0.29746	0.0457759
0.968016	0.414661	0.505891	0.297399	0.0457218
0.968016	0.414562	0.505809	0.297339	0.0456916
0.968016	0.414463	0.505726	0.297278	0.0456395
0.968516	0.414463	0.505809	0.297682	0.0455863
0.968516	0.414365	0.505726	0.297622	0.0455709
0.968516	0.414266	0.505644	0.297561	0.0454994
0.968516	0.414167	0.505562	0.2975	0.0454839
0.968516	0.414069	0.505479	0.29744	0.0454127
0.968516	0.41397	0.505397	0.297379	0.0453998
0.968516	0.413871	0.505314	0.297318	0.0453773
0.968516	0.413773	0.505232	0.297258	0.0453768
0.968516	0.413674	0.50515	0.297197	0.0453656
0.968516	0.413575	0.505067	0.297136	0.0453315
0.969015	0.413575	0.50515	0.297541	0.0452931
0.969015	0.413477	0.505067	0.29748	0.0452816
0.969015	0.413378	0.504985	0.29742	0.045265
0.969515	0.413378	0.505067	0.297825	0.0451812
0.969515	0.413279	0.504985	0.297764	0.04518
0.969515	0.413181	0.504902	0.297703	0.0451372
0.969515	0.413082	0.50482	0.297643	0.0451343
0.969515	0.412983	0.504738	0.297582	0.0450847
0.969515	0.412885	0.504655	0.297522	0.045015
0.969515	0.412786	0.504573	0.297461	0.0450029
0.969515	0.412687	0.50449	0.297401	0.044954
0.969515	0.412589	0.504408	0.29734	0.0449135
0.969515	0.41249	0.504326	0.297279	0.044907
0.969515	0.412391	0.504243	0.297219	0.0449049
0.969515	0.412293	0.504161	0.297158	0.0448763
0.969515	0.412194	0.504078	0.297098	0.0448601
0.969515	0.412096	0.503996	0.297037	0.0447653
0.969515	0.411997	0.503914	0.296977	0.0447219
0.969515	0.411898	0.503831	0.296916	0.0447044
0.969515	0.4118	0.503749	0.296856	0.0446898
0.969515	0.411701	0.503666	0.296795	0.0446608
0.969515	0.411602	0.503584	0.296735	0.044612
0.969515	0.411504	0.503502	0.296674	0.0445422
0.969515	0.411405	0.503419	0.296613	0.0445315
0.969515	0.411306	0.503337	0.296553	0.0444799
0.970015	0.411306	0.503419	0.296958	0.0444781
0.970015	0.411208	0.503337	0.296898	0.0444716
0.970015	0.411109	0.503255	0.296837	0.0444316
0.970015	0.41101	0.503172	0.296777	0.0444297
0.970015	0.410912	0.50309	0.296716	0.0444215
0.970015	0.410813	0.503007	0.296656	0.0444191
0.970015	0.410714	0.502925	0.296595	0.0444104
0.970015	0.410616	0.502843	0.296535	0.0444098
0.970015	0.410517	0.50276	0.296475	0.0443924
0.970015	0.410418	0.502678	0.296414	0.0443898
0.970015	0.41032	0.502595	0.296354	0.0442773
0.970015	0.410221	0.502513	0.296293	0.0442244
0.970015	0.410122	0.502431	0.296233	0.0442043
0.970015	0.410024	0.502348	0.296172	0.0441408
0.970015	0.409925	0.502266	0.296112	0.0440946
0.970015	0.409826	0.502183	0.296051	0.0440866
0.970015	0.409728	0.502101	0.295991	0.0440621
0.970015	0.409629	0.502019	0.29593	0.0440152
0.970015	0.40953	0.501936	0.29587	0.0440028
0.970015	0.409432	0.501854	0.29581	0.0439734
0.970015	0.409333	0.501771	0.295749	0.0439575
0.970015	0.409234	0.501689	0.295689	0.043953
0.970015	0.409136	0.501607	0.295628	0.0439478
0.970015	0.409037	0.501524	0.295568	0.0439239
0.970015	0.408938	0.501442	0.295507	0.0438027
0.970015	0.40884	0.501359	0.295447	0.0437728
0.970015	0.408741	0.501277	0.295387	0.0436931
0.970015	0.408642	0.501195	0.295326	0.0436714
0.970015	0.408544	0.501112	0.295266	0.0436693
0.970015	0.408445	0.50103	0.295205	0.0436611
0.970015	0.408346	0.500948	0.295145	0.0436507
0.970015	0.408248	0.500865	0.295084	0.043637
0.970015	0.408149	0.500783	0.295024	0.0436093
0.970015	0.408051	0.5007	0.294964	0.0435513
0.970015	0.407952	0.500618	0.294903	0.0435079
0.970015	0.407853	0.500536	0.294843	0.043495
0.970015	0.407755	0.500453	0.294783	0.0434717
0.970015	0.407656	0.500371	0.294722	0.0434623
0.970015	0.407557	0.500288	0.294662	0.0434476
0.970015	0.407459	0.500206	0.294601	0.0434192
0.970015	0.40736	0.500124	0.294541	0.0434154
0.970015	0.407261	0.500041	0.294481	0.0434076
0.970015	0.407163	0.499959	0.29442	0.0433954
0.970015	0.407064	0.499876	0.29436	0.0433248
0.970015	0.406965	0.499794	0.2943	0.0432816
0.970515	0.406965	0.499876	0.294706	0.0431815
0.970515	0.406867	0.499794	0.294646	0.0431467
0.970515	0.406768	0.499712	0.294586	0.043135
0.970515	0.406669	0.499629	0.294525	0.0431275
0.970515	0.406571	0.499547	0.294465	0.0430728
0.970515	0.406472	0.499464	0.294405	0.0430615
0.970515	0.406373	0.499382	0.294344	0.0430267
0.970515	0.406275	0.4993	0.294284	0.0430144
0.970515	0.406176	0.499217	0.294224	0.0429318
0.970515	0.406077	0.499135	0.294163	0.0429251
0.970515	0.405979	0.499052	0.294103	0.0429115
0.970515	0.40588	0.49897	0.294043	0.0428984
0.970515	0.405781	0.498888	0.293983	0.0428835
0.970515	0.405683	0.498805	0.293922	0.042848
0.970515	0.405584	0.498723	0.293862	0.0428471
0.970515	0.405485	0.498641	0.293802	0.0428068
0.970515	0.405387	0.498558	0.293741	0.0427968
0.970515	0.405288	0.498476	0.293681	0.0427727
0.970515	0.405189	0.498393	0.293621	0.0426606
0.970515	0.405091	0.498311	0.293561	0.0426297
0.970515	0.404992	0.498229	0.2935	0.0425787
0.970515	0.404893	0.498146	0.29344	0.042576
0.970515	0.404795	0.498064	0.29338	0.0425623
0.970515	0.404696	0.497981	0.293319	0.0425039
0.970515	0.404597	0.497899	0.293259	0.042448
0.970515	0.404499	0.497817	0.293199	0.042446
0.970515	0.4044	0.497734	0.293139	0.0424281
0.970515	0.404301	0.497652	0.293078	0.0424075
0.970515	0.404203	0.497569	0.293018	0.0424038
0.970515	0.404104	0.497487	0.292958	0.0423751
0.970515	0.404006	0.497405	0.292898	0.0423706
0.970515	0.403907	0.497322	0.292837	0.042259
0.970515	0.403808	0.49724	0.292777	0.0422405
0.970515	0.40371	0.497157	0.292717	0.0421992
0.970515	0.403611	0.497075	0.292657	0.0421825
0.970515	0.403512	0.496993	0.292596	0.042168
0.970515	0.403414	0.49691	0.292536	0.0421333
0.970515	0.403315	0.496828	0.292476	0.0421331
0.970515	0.403216	0.496745	0.292416	0.0421275
0.970515	0.403118	0.496663	0.292356	0.0421235
0.970515	0.403019	0.496581	0.292295	0.0420593
0.970515	0.40292	0.496498	0.292235	0.0419931
0.970515	0.402822	0.496416	0.292175	0.041985
0.970515	0.402723	0.496334	0.292115	0.041974
0.970515	0.402624	0.496251	0.292054	0.0419457
0.970515	0.402526	0.496169	0.291994	0.0419436
0.970515	0.402427	0.496086	0.291934	0.0418925
0.970515	0.402328	0.496004	0.291874	0.0418726
0.970515	0.40223	0.495922	0.291814	0.0417827
0.970515	0.402131	0.495839	0.291753	0.0417809
0.970515	0.402032	0.495757	0.291693	0.0417717
0.970515	0.401934	0.495674	0.291633	0.0417583
0.970515	0.401835	0.495592	0.291573	0.0417537
0.970515	0.401736	0.49551	0.291513	0.0417213
0.970515	0.401638	0.495427	0.291453	0.0416808
0.970515	0.401539	0.495345	0.291392	0.0416802
0.970515	0.40144	0.495262	0.291332	0.0416779
0.970515	0.401342	0.49518	0.291272	0.0416698
0.970515	0.401243	0.495098	0.291212	0.0416604
0.970515	0.401144	0.495015	0.291152	0.0416486
0.970515	0.401046	0.494933	0.291091	0.0416415
0.970515	0.400947	0.49485	0.291031	0.0416091
0.970515	0.400848	0.494768	0.290971	0.0415661
0.970515	0.40075	0.494686	0.290911	0.0415578
0.970515	0.400651	0.494603	0.290851	0.0415562
0.970515	0.400552	0.494521	0.290791	0.0415551
0.970515	0.400454	0.494438	0.290731	0.0415542
0.970515	0.400355	0.494356	0.29067	0.0415324
0.970515	0.400257	0.494274	0.29061	0.0414978
0.970515	0.400158	0.494191	0.29055	0.0414951
0.970515	0.400059	0.494109	0.29049	0.0414941
0.970515	0.399961	0.494027	0.29043	0.0414894
0.970515	0.399862	0.493944	0.29037	0.0414811
0.970515	0.399763	0.493862	0.29031	0.0414491
0.970515	0.399665	0.493779	0.290249	0.0414264
0.970515	0.399566	0.493697	0.290189	0.0413876
0.970515	0.399467	0.493615	0.290129	0.0413725
0.970515	0.399369	0.493532	0.290069	0.0413531
0.970515	0.39927	0.49345	0.290009	0.0413373
0.970515	0.399171	0.493367	0.289949	0.0413179
0.970515	0.399073	0.493285	0.289889	0.0412867
0.970515	0.398974	0.493203	0.289829	0.0412652
0.970515	0.398875	0.49312	0.289769	0.0412516
0.970515	0.398777	0.493038	0.289708	0.0412479
0.970515	0.398678	0.492955	0.289648	0.0412295
0.970515	0.398579	0.492873	0.289588	0.0412229
0.970515	0.398481	0.492791	0.289528	0.0412107
0.970515	0.398382	0.492708	0.289468	0.041198
0.970515	0.398283	0.492626	0.289408	0.0411552
0.970515	0.398185	0.492543	0.289348	0.0411495
0.970515	0.398086	0.492461	0.289288	0.0411075
0.970515	0.397987	0.492379	0.289228	0.0410978
0.970515	0.397889	0.492296	0.289168	0.0410943
0.970515	0.39779	0.492214	0.289108	0.0410897
0.970515	0.397691	0.492131	0.289047	0.0410751
0.970515	0.397593	0.492049	0.288987	0.04106
0.970515	0.397494	0.491967	0.288927	0.0410595
0.970515	0.397395	0.491884	0.288867	0.0409789
0.970515	0.397297	0.491802	0.288807	0.0409624
0.970515	0.397198	0.49172	0.288747	0.040952
0.971014	0.397198	0.491802	0.289157	0.0409025
0.971014	0.397099	0.49172	0.289097	0.0408589
0.971014	0.397001	0.491637	0.289037	0.040844
0.971014	0.396902	0.491555	0.288977	0.0407857
0.971014	0.396803	0.491472	0.288917	0.0407018
0.971014	0.396705	0.49139	0.288857	0.0406964
0.971014	0.396606	0.491308	0.288797	0.0406877
0.971014	0.396507	0.491225	0.288737	0.0406853
0.971014	0.396409	0.491143	0.288677	0.0406538
0.971014	0.39631	0.49106	0.288617	0.0405842
0.971014	0.396212	0.490978	0.288557	0.0405827
0.971014	0.396113	0.490896	0.288497	0.0405751
0.971014	0.396014	0.490813	0.288437	0.0405142
0.971014	0.395916	0.490731	0.288377	0.0404758
0.971014	0.395718	0.490566	0.288257	0.040469
0.971014	0.39562	0.490484	0.288197	0.0404548
0.971014	0.395521	0.490401	0.288137	0.0404308
0.971014	0.395422	0.490319	0.288077	0.040397
0.971014	0.395324	0.490236	0.288017	0.04039
0.971014	0.395225	0.490154	0.287957	0.0403868
0.971014	0.395126	0.490072	0.287897	0.0403813
0.971014	0.395028	0.489989	0.287837	0.0403705
0.971014	0.394929	0.489907	0.287777	0.040369
0.971014	0.39483	0.489825	0.287717	0.0403613
0.971514	0.39483	0.489907	0.288128	0.0403355
0.971514	0.394732	0.489825	0.288068	0.0402928
0.971514	0.394633	0.489742	0.288008	0.04029
0.971514	0.394534	0.48966	0.287948	0.0402764
0.971514	0.394436	0.489577	0.287888	0.0402029
0.971514	0.394337	0.489495	0.287828	0.0401768
0.971514	0.394238	0.489413	0.287768	0.0401591
0.971514	0.39414	0.48933	0.287708	0.0401232
0.971514	0.394041	0.489248	0.287648	0.0400696
0.971514	0.393942	0.489165	0.287588	0.0400041
0.971514	0.393844	0.489083	0.287529	0.0400032
0.971514	0.393745	0.489001	0.287469	0.0399772
0.971514	0.393646	0.488918	0.287409	0.039973
0.971514	0.393548	0.488836	0.287349	0.0399719
0.971514	0.393449	0.488753	0.287289	0.0399478
0.971514	0.39335	0.488671	0.287229	0.0398827
0.971514	0.393252	0.488589	0.287169	0.0398326
0.971514	0.393153	0.488506	0.287109	0.0398292
0.971514	0.393054	0.488424	0.287049	0.0397489
0.971514	0.392956	0.488341	0.286989	0.0397442
0.971514	0.392857	0.488259	0.28693	0.0397346
0.971514	0.392758	0.488177	0.28687	0.0396608
0.971514	0.39266	0.488094	0.28681	0.0396486
0.971514	0.392561	0.488012	0.28675	0.0396476
0.971514	0.392463	0.487929	0.28669	0.0396065
0.971514	0.392364	0.487847	0.28663	0.0395793
0.971514	0.392265	0.487765	0.28657	0.039561
0.971514	0.392167	0.487682	0.28651	0.0395505
0.971514	0.392068	0.4876	0.286451	0.0395031
0.971514	0.391969	0.487518	0.286391	0.0394968
0.971514	0.391871	0.487435	0.286331	0.039473
0.971514	0.391772	0.487353	0.286271	0.0394582
0.971514	0.391673	0.48727	0.286211	0.0394581
0.971514	0.391575	0.487188	0.286151	0.0394529
0.971514	0.391476	0.487106	0.286091	0.0394339
0.972014	0.391476	0.487188	0.286503	0.0393737
0.972014	0.391377	0.487106	0.286443	0.0393537
0.972014	0.391279	0.487023	0.286384	0.039344
0.972014	0.39118	0.486941	0.286324	0.0393293
0.972014	0.391081	0.486858	0.286264	0.0393203
0.972014	0.390983	0.486776	0.286204	0.0393096
0.972014	0.390884	0.486694	0.286144	0.0392604
0.972014	0.390785	0.486611	0.286085	0.0392364
0.972014	0.390687	0.486529	0.286025	0.0392359
0.972014	0.390588	0.486446	0.285965	0.0392326
0.972014	0.390489	0.486364	0.285905	0.0392295
0.972014	0.390391	0.486282	0.285845	0.0392292
0.972014	0.390292	0.486199	0.285786	0.0392083
0.972014	0.390193	0.486117	0.285726	0.0391939
0.972014	0.390095	0.486034	0.285666	0.0391842
0.972514	0.390095	0.486117	0.286078	0.0391107
0.972514	0.389996	0.486034	0.286019	0.0391096
0.972514	0.389897	0.485952	0.285959	0.0391076
0.972514	0.389799	0.48587	0.285899	0.039084
0.972514	0.3897	0.485787	0.285839	0.039077
0.972514	0.389601	0.485705	0.28578	0.0390387
0.972514	0.389503	0.485622	0.28572	0.0390253
0.972514	0.389404	0.48554	0.28566	0.0390193
0.972514	0.389305	0.485458	0.2856	0.0390025
0.973013	0.389305	0.48554	0.286013	0.0389412
0.973013	0.389207	0.485458	0.285953	0.0389388
0.973013	0.389108	0.485375	0.285894	0.0389291
0.973013	0.389009	0.485293	0.285834	0.0388945
0.973013	0.388911	0.485211	0.285774	0.038889
0.973013	0.388812	0.485128	0.285714	0.0388615
0.973013	0.388713	0.485046	0.285655	0.0388191
0.973013	0.388615	0.484963	0.285595	0.0387958
0.973013	0.388516	0.484881	0.285535	0.0387955
0.973013	0.388418	0.484799	0.285476	0.0387518
0.973013	0.388319	0.484716	0.285416	0.0387412
0.973013	0.38822	0.484634	0.285356	0.038723
0.973013	0.388122	0.484551	0.285297	0.0387
0.973013	0.388023	0.484469	0.285237	0.038698
0.973013	0.387924	0.484387	0.285177	0.0386911
0.973013	0.387826	0.484304	0.285118	0.038644
0.973013	0.387727	0.484222	0.285058	0.0386099
0.973013	0.387628	0.484139	0.284998	0.0385773
0.973013	0.38753	0.484057	0.284939	0.0385292
0.973013	0.387431	0.483975	0.284879	0.038516
0.973013	0.387332	0.483892	0.284819	0.038502
0.973013	0.387234	0.48381	0.28476	0.0385012
0.973013	0.387135	0.483727	0.2847	0.0384856
0.973013	0.387036	0.483645	0.28464	0.0384811
0.973013	0.386938	0.483563	0.284581	0.0384318
0.973013	0.386839	0.48348	0.284521	0.0384001
0.973013	0.38674	0.483398	0.284461	0.0383958
0.973013	0.386642	0.483315	0.284402	0.0383859
0.973513	0.386642	0.483398	0.284815	0.0383842
0.973513	0.386543	0.483315	0.284756	0.0383556
0.973513	0.386444	0.483233	0.284696	0.0383418
0.973513	0.386346	0.483151	0.284637	0.0383257
0.973513	0.386247	0.483068	0.284577	0.0383135
0.973513	0.386148	0.482986	0.284517	0.0382557
0.973513	0.38605	0.482904	0.284458	0.0382458
0.973513	0.385951	0.482821	0.284398	0.0382385
0.973513	0.385852	0.482739	0.284339	0.0381921
0.973513	0.385754	0.482656	0.284279	0.0381821
0.973513	0.385655	0.482574	0.284219	0.0381785
0.973513	0.385556	0.482492	0.28416	0.0381756
0.973513	0.385458	0.482409	0.2841	0.0381732
0.973513	0.385359	0.482327	0.284041	0.0381672
0.973513	0.38526	0.482244	0.283981	0.038159
0.973513	0.385162	0.482162	0.283922	0.0381316
0.974013	0.385162	0.482244	0.284336	0.038052
0.974013	0.385063	0.482162	0.284276	0.0380305
0.974013	0.384964	0.48208	0.284217	0.0380147
0.974013	0.384866	0.481997	0.284157	0.0379795
0.974013	0.384767	0.481915	0.284098	0.037964
0.974013	0.384669	0.481832	0.284038	0.0379573
0.974013	0.38457	0.48175	0.283978	0.0379366
0.974013	0.384471	0.481668	0.283919	0.0379179
0.974013	0.384373	0.481585	0.283859	0.0378931
0.974013	0.384274	0.481503	0.2838	0.0378751
0.974013	0.384175	0.48142	0.28374	0.0378442
0.974013	0.384077	0.481338	0.283681	0.0377767
0.974013	0.383978	0.481256	0.283621	0.0377544
0.974013	0.383879	0.481173	0.283562	0.037745
0.974013	0.383781	0.481091	0.283502	0.0377073
0.974013	0.383682	0.481008	0.283443	0.0376785
0.974013	0.383583	0.480926	0.283383	0.0376757
0.974013	0.383485	0.480844	0.283324	0.037627
0.974013	0.383386	0.480761	0.283264	0.0376176
0.974013	0.383287	0.480679	0.283205	0.037617
0.974013	0.383189	0.480597	0.283145	0.0376062
0.974013	0.38309	0.480514	0.283086	0.0375872
0.974013	0.382991	0.480432	0.283026	0.0375513
0.974013	0.382893	0.480349	0.282967	0.0375102
0.974013	0.382794	0.480267	0.282907	0.03747
0.974013	0.382695	0.480185	0.282848	0.0374365
0.974013	0.382597	0.480102	0.282788	0.037436
0.974513	0.382597	0.480185	0.283203	0.0374003
0.974513	0.382498	0.480102	0.283144	0.0373989
0.974513	0.382399	0.48002	0.283085	0.0373842
0.974513	0.382301	0.479937	0.283025	0.0373539
0.974513	0.382202	0.479855	0.282966	0.0373484
0.974513	0.382103	0.479773	0.282906	0.037329
0.974513	0.382005	0.47969	0.282847	0.0372687
0.975012	0.382005	0.479773	0.283262	0.037225
0.975012	0.381906	0.47969	0.283203	0.037217
0.975012	0.381807	0.479608	0.283143	0.0372162
0.975012	0.381709	0.479525	0.283084	0.0372026
0.975512	0.381709	0.479608	0.283499	0.0371973
0.975512	0.38161	0.479525	0.28344	0.0371957
0.976012	0.38161	0.479608	0.283856	0.0371919
0.976012	0.381511	0.479525	0.283796	0.0371668
0.976012	0.381413	0.479443	0.283737	0.0371615
0.976012	0.381314	0.479361	0.283678	0.0371142
0.976012	0.381215	0.479278	0.283618	0.0370758
0.976012	0.381117	0.479196	0.283559	0.0370232
0.976012	0.381018	0.479113	0.2835	0.0369856
0.976012	0.380919	0.479031	0.28344	0.0369774
0.976012	0.380821	0.478949	0.283381	0.0369745
0.976012	0.380722	0.478866	0.283322	0.0369132
0.976012	0.380624	0.478784	0.283262	0.0368935
0.976012	0.380525	0.478701	0.283203	0.0368821
0.976012	0.380426	0.478619	0.283144	0.0368567
0.976012	0.380328	0.478537	0.283085	0.0368398
0.976012	0.380229	0.478454	0.283025	0.036787
0.976012	0.38013	0.478372	0.282966	0.0367566
0.976012	0.380032	0.47829	0.282907	0.0367551
0.976012	0.379933	0.478207	0.282847	0.0366604
0.976012	0.379834	0.478125	0.282788	0.0366467
0.976012	0.379736	0.478042	0.282729	0.0366465
0.976012	0.379637	0.47796	0.282669	0.0366355
0.976012	0.379538	0.477878	0.28261	0.0366171
0.976012	0.37944	0.477795	0.282551	0.0365491
0.976012	0.379341	0.477713	0.282492	0.036544
0.976012	0.379242	0.47763	0.282432	0.0365425
0.976012	0.379144	0.477548	0.282373	0.0364895
0.976012	0.379045	0.477466	0.282314	0.0364243
0.976012	0.378946	0.477383	0.282255	0.036423
0.976012	0.378848	0.477301	0.282195	0.036422
0.976012	0.378749	0.477218	0.282136	0.0363824
0.976012	0.37865	0.477136	0.282077	0.0363763
0.976012	0.378552	0.477054	0.282017	0.0363368
0.976012	0.378453	0.476971	0.281958	0.0363039
0.976012	0.378354	0.476889	0.281899	0.0363038
0.976012	0.378256	0.476806	0.28184	0.0363023
0.976012	0.378157	0.476724	0.28178	0.0362831
0.976012	0.378058	0.476642	0.281721	0.0362753
0.976012	0.37796	0.476559	0.281662	0.0362666
0.976012	0.377861	0.476477	0.281603	0.0362641
0.976012	0.377762	0.476394	0.281543	0.0362621
0.976012	0.377664	0.476312	0.281484	0.0362429
0.976012	0.377565	0.47623	0.281425	0.0362259
0.976012	0.377466	0.476147	0.281366	0.0361859
0.976012	0.377368	0.476065	0.281306	0.0360842
0.976012	0.377269	0.475983	0.281247	0.0360789
0.976012	0.37717	0.4759	0.281188	0.0360707
0.976012	0.377072	0.475818	0.281129	0.0360477
0.976012	0.376973	0.475735	0.281069	0.0360293
0.976012	0.376875	0.475653	0.28101	0.0360088
0.976012	0.376776	0.475571	0.280951	0.0359998
0.976012	0.376677	0.475488	0.280892	0.035962
0.976012	0.376579	0.475406	0.280833	0.0359579
0.976012	0.37648	0.475323	0.280773	0.0359561
0.976012	0.376381	0.475241	0.280714	0.0359465
0.976012	0.376283	0.475159	0.280655	0.0359179
0.976012	0.376184	0.475076	0.280596	0.0359167
0.976012	0.376085	0.474994	0.280536	0.0359143
0.976512	0.376085	0.475076	0.280954	0.03591
0.976512	0.375987	0.474994	0.280895	0.0358969
0.976512	0.375888	0.474911	0.280836	0.0358807
0.976512	0.375789	0.474829	0.280777	0.0358594
0.976512	0.375691	0.474747	0.280717	0.0358496
0.976512	0.375592	0.474664	0.280658	0.0358276
0.976512	0.375493	0.474582	0.280599	0.0358148
0.976512	0.375395	0.474499	0.28054	0.0357728
0.976512	0.375296	0.474417	0.280481	0.0357721
0.976512	0.375197	0.474335	0.280422	0.0356774
0.976512	0.375099	0.474252	0.280362	0.0356765
0.976512	0.375	0.47417	0.280303	0.0356163
0.976512	0.374901	0.474088	0.280244	0.0355696
0.976512	0.374803	0.474005	0.280185	0.0354921
0.976512	0.374704	0.473923	0.280126	0.0354639
0.976512	0.374605	0.47384	0.280067	0.0354628
0.976512	0.374507	0.473758	0.280007	0.0354551
0.976512	0.374408	0.473676	0.279948	0.0354192
0.976512	0.374309	0.473593	0.279889	0.0354033
0.976512	0.374211	0.473511	0.27983	0.0353757
0.976512	0.374112	0.473428	0.279771	0.0353651
0.976512	0.374013	0.473346	0.279712	0.0353642
0.976512	0.373915	0.473264	0.279653	0.0353544
0.977011	0.373915	0.473346	0.280071	0.0353418
0.977011	0.373816	0.473264	0.280012	0.0353413
0.977011	0.373717	0.473181	0.279953	0.0353336
0.977011	0.373619	0.473099	0.279894	0.035319
0.977011	0.37352	0.473016	0.279835	0.0352553
0.977011	0.373421	0.472934	0.279776	0.0352063
0.977011	0.373323	0.472852	0.279716	0.0351604
0.977011	0.373224	0.472769	0.279657	0.0351573
0.977011	0.373125	0.472687	0.279598	0.0351567
0.977011	0.373027	0.472604	0.279539	0.0351522
0.977011	0.372928	0.472522	0.27948	0.0351433
0.977011	0.37283	0.47244	0.279421	0.0351387
0.977011	0.372731	0.472357	0.279362	0.0351069
0.977011	0.372632	0.472275	0.279303	0.0350863
0.977011	0.372534	0.472192	0.279244	0.0350815
0.977011	0.372435	0.47211	0.279185	0.0350704
0.977011	0.372336	0.472028	0.279126	0.0350242
0.977011	0.372238	0.471945	0.279067	0.0350167
0.977011	0.372139	0.471863	0.279007	0.0349962
0.977011	0.37204	0.471781	0.278948	0.0349317
0.977011	0.371942	0.471698	0.278889	0.0349152
0.977011	0.371843	0.471616	0.27883	0.0349034
0.977011	0.371744	0.471533	0.278771	0.0348592
0.977011	0.371646	0.471451	0.278712	0.0348547
0.977011	0.371547	0.471369	0.278653	0.0348529
0.977011	0.371448	0.471286	0.278594	0.0348502
0.977011	0.37135	0.471204	0.278535	0.0348425
0.977011	0.371251	0.471121	0.278476	0.0348393
0.977011	0.371152	0.471039	0.278417	0.0348324
0.977011	0.371054	0.470957	0.278358	0.0348008
0.977011	0.370955	0.470874	0.278299	0.0347673
0.977011	0.370856	0.470792	0.27824	0.0347421
0.977011	0.370758	0.470709	0.278181	0.0346728
0.977011	0.370659	0.470627	0.278122	0.0346621
0.977011	0.37056	0.470545	0.278063	0.0346339
0.977011	0.370462	0.470462	0.278004	0.0346282
0.977011	0.370363	0.47038	0.277945	0.0346147
0.977011	0.370264	0.470297	0.277886	0.0345928
0.977011	0.370166	0.470215	0.277826	0.0345873
0.977011	0.370067	0.470133	0.277767	0.034571
0.977011	0.369968	0.47005	0.277708	0.0345705
0.977011	0.36987	0.469968	0.277649	0.0345561
0.977011	0.369771	0.469885	0.27759	0.034533
0.977011	0.369672	0.469803	0.277531	0.0344572
0.977011	0.369574	0.469721	0.277472	0.0344247
0.977011	0.369475	0.469638	0.277413	0.0344186
0.977511	0.369475	0.469721	0.277833	0.0344014
0.977511	0.369376	0.469638	0.277774	0.0343899
0.977511	0.369278	0.469556	0.277715	0.0343755
0.977511	0.369179	0.469474	0.277656	0.0343459
0.977511	0.369081	0.469391	0.277597	0.0343439
0.977511	0.368982	0.469309	0.277539	0.034318
0.977511	0.368883	0.469226	0.27748	0.0343134
0.977511	0.368785	0.469144	0.277421	0.0343131
0.977511	0.368686	0.469062	0.277362	0.0342704
0.977511	0.368587	0.468979	0.277303	0.0342268
0.977511	0.368489	0.468897	0.277244	0.0341253
0.977511	0.36839	0.468814	0.277185	0.0341209
0.977511	0.368291	0.468732	0.277126	0.0341193
0.977511	0.368193	0.46865	0.277067	0.034075
0.977511	0.368094	0.468567	0.277008	0.0340341
0.977511	0.367995	0.468485	0.276949	0.0340316
0.977511	0.367897	0.468402	0.27689	0.0340182
0.977511	0.367798	0.46832	0.276831	0.0339485
0.977511	0.367699	0.468238	0.276772	0.033929
0.977511	0.367601	0.468155	0.276713	0.033865
0.977511	0.367502	0.468073	0.276654	0.0338561
0.977511	0.367403	0.46799	0.276595	0.0338532
0.977511	0.367305	0.467908	0.276536	0.0338177
0.977511	0.367206	0.467826	0.276477	0.0337295
0.977511	0.367107	0.467743	0.276418	0.033681
0.977511	0.367009	0.467661	0.276359	0.0336679
0.977511	0.36691	0.467578	0.2763	0.0336449
0.977511	0.366811	0.467496	0.276241	0.0336408
0.977511	0.366713	0.467414	0.276182	0.0335672
0.977511	0.366614	0.467331	0.276124	0.0335398
0.977511	0.366515	0.467249	0.276065	0.0335072
0.977511	0.366417	0.467167	0.276006	0.0334971
0.977511	0.366318	0.467084	0.275947	0.0333842
0.977511	0.366219	0.467002	0.275888	0.0333819
0.977511	0.366121	0.466919	0.275829	0.0333716
0.977511	0.366022	0.466837	0.27577	0.0333519
0.977511	0.365923	0.466755	0.275711	0.0333063
0.977511	0.365825	0.466672	0.275652	0.0332309
0.977511	0.365726	0.46659	0.275593	0.0332219
0.977511	0.365627	0.466507	0.275534	0.0332188
0.977511	0.365529	0.466425	0.275475	0.0331541
0.977511	0.36543	0.466343	0.275416	0.0331422
0.977511	0.365331	0.46626	0.275357	0.0330787
0.977511	0.365233	0.466178	0.275299	0.0330748
0.977511	0.365134	0.466095	0.27524	0.0330142
0.977511	0.365036	0.466013	0.275181	0.0329982
0.977511	0.364937	0.465931	0.275122	0.0329934
0.977511	0.364838	0.465848	0.275063	0.0329556
0.977511	0.36474	0.465766	0.275004	0.0329309
0.977511	0.364641	0.465683	0.274945	0.0329197
0.977511	0.364542	0.465601	0.274886	0.0329045
0.977511	0.364444	0.465519	0.274827	0.0328734
0.977511	0.364345	0.465436	0.274768	0.0328714
0.977511	0.364246	0.465354	0.27471	0.0328705
0.977511	0.364148	0.465271	0.274651	0.0328231
0.977511	0.364049	0.465189	0.274592	0.0327886
0.977511	0.36395	0.465107	0.274533	0.032706
0.977511	0.363852	0.465024	0.274474	0.0326944
0.977511	0.363753	0.464942	0.274415	0.0326887
0.978011	0.363753	0.465024	0.274837	0.0326827
0.978011	0.363654	0.464942	0.274779	0.03263
0.978011	0.363556	0.46486	0.27472	0.0325923
0.978011	0.363457	0.464777	0.274661	0.0324888
0.978011	0.363358	0.464695	0.274602	0.0324449
0.978011	0.36326	0.464612	0.274543	0.0323637
0.978011	0.363161	0.46453	0.274484	0.0323419
0.978011	0.363062	0.464448	0.274425	0.0323409
0.978011	0.362964	0.464365	0.274367	0.0323301
0.978011	0.362865	0.464283	0.274308	0.0323085
0.978011	0.362766	0.4642	0.274249	0.0322843
0.978011	0.362668	0.464118	0.27419	0.0322772
0.978011	0.362569	0.464036	0.274131	0.0322461
0.978511	0.362569	0.464118	0.274554	0.0322396
0.978511	0.36247	0.464036	0.274495	0.0322104
0.978511	0.362372	0.463953	0.274436	0.0322074
0.978511	0.362273	0.463871	0.274378	0.0322041
0.978511	0.362174	0.463788	0.274319	0.0321658
0.978511	0.362076	0.463706	0.27426	0.0321606
0.978511	0.361977	0.463624	0.274201	0.0321504
0.978511	0.361878	0.463541	0.274143	0.0321313
0.978511	0.36178	0.463459	0.274084	0.0321205
0.978511	0.361681	0.463376	0.274025	0.0320853
0.978511	0.361582	0.463294	0.273966	0.0320766
0.978511	0.361484	0.463212	0.273907	0.0320753
0.978511	0.361385	0.463129	0.273849	0.0320733
0.978511	0.361287	0.463047	0.27379	0.0320491
0.978511	0.361188	0.462964	0.273731	0.032036
0.978511	0.361089	0.462882	0.273672	0.0320304
0.978511	0.360991	0.4628	0.273613	0.0320196
0.978511	0.360892	0.462717	0.273555	0.0320129
0.978511	0.360793	0.462635	0.273496	0.0319779
0.978511	0.360695	0.462553	0.273437	0.0319445
0.978511	0.360596	0.46247	0.273378	0.0319416
0.978511	0.360497	0.462388	0.27332	0.0319258
0.978511	0.360399	0.462305	0.273261	0.0319075
0.978511	0.3603	0.462223	0.273202	0.0319009
0.978511	0.360201	0.462141	0.273143	0.0318862
0.978511	0.360103	0.462058	0.273085	0.0318138
0.978511	0.360004	0.461976	0.273026	0.0317926
0.978511	0.359905	0.461893	0.272967	0.031737
0.978511	0.359807	0.461811	0.272908	0.0317261
0.978511	0.359708	0.461729	0.27285	0.0317093
0.978511	0.359609	0.461646	0.272791	0.0316951
0.978511	0.359511	0.461564	0.272732	0.0316759
0.978511	0.359412	0.461481	0.272673	0.0316436
0.978511	0.359313	0.461399	0.272615	0.0316262
0.978511	0.359215	0.461317	0.272556	0.031577
0.978511	0.359116	0.461234	0.272497	0.0315708
0.978511	0.359017	0.461152	0.272438	0.0315484
0.978511	0.358919	0.461069	0.27238	0.0315261
0.978511	0.35882	0.460987	0.272321	0.0315224
0.978511	0.358721	0.460905	0.272262	0.0315195
0.978511	0.358623	0.460822	0.272203	0.0314972
0.97901	0.358623	0.460905	0.272628	0.0314889
0.97901	0.358524	0.460822	0.272569	0.0314882
0.97901	0.358425	0.46074	0.27251	0.0314833
0.97901	0.358327	0.460657	0.272452	0.0314792
0.97901	0.358228	0.460575	0.272393	0.0314533
0.97901	0.358129	0.460493	0.272334	0.0314467
0.97901	0.358031	0.46041	0.272276	0.0314054
0.97901	0.357932	0.460328	0.272217	0.031404
0.97901	0.357833	0.460246	0.272158	0.0313973
0.97901	0.357735	0.460163	0.272099	0.0313368
0.97901	0.357636	0.460081	0.272041	0.0313206
0.97901	0.357537	0.459998	0.271982	0.0313161
0.97901	0.357439	0.459916	0.271923	0.0312896
0.97901	0.35734	0.459834	0.271865	0.031286
0.97901	0.357242	0.459751	0.271806	0.0312405
0.97901	0.357143	0.459669	0.271747	0.0312263
0.97901	0.357044	0.459586	0.271689	0.0312053
0.97901	0.356946	0.459504	0.27163	0.0311917
0.97901	0.356847	0.459422	0.271571	0.031187
0.97901	0.356748	0.459339	0.271513	0.0311715
0.97901	0.35665	0.459257	0.271454	0.0311276
0.97901	0.356551	0.459174	0.271395	0.0309812
0.97901	0.356452	0.459092	0.271337	0.0309648
0.97901	0.356354	0.45901	0.271278	0.0309636
0.97901	0.356255	0.458927	0.271219	0.0309374
0.97901	0.356156	0.458845	0.271161	0.0309355
0.97901	0.356058	0.458762	0.271102	0.0309073
0.97901	0.355959	0.45868	0.271043	0.0308814
0.97901	0.35586	0.458598	0.270985	0.0308657
0.97901	0.355762	0.458515	0.270926	0.0308571
0.97901	0.355663	0.458433	0.270867	0.0308563
0.97901	0.355564	0.45835	0.270809	0.030828
0.97951	0.355564	0.458433	0.271234	0.0308112
0.97951	0.355466	0.45835	0.271176	0.0308052
0.97951	0.355367	0.458268	0.271117	0.0308048
0.97951	0.355268	0.458186	0.271058	0.0308017
0.97951	0.35517	0.458103	0.271	0.0307829
0.97951	0.355071	0.458021	0.270941	0.0307714
0.97951	0.354972	0.457939	0.270883	0.0307682
0.97951	0.354874	0.457856	0.270824	0.0307542
0.97951	0.354775	0.457774	0.270765	0.0307293
0.97951	0.354676	0.457691	0.270707	0.0307221
0.97951	0.354578	0.457609	0.270648	0.0307064
0.97951	0.354479	0.457527	0.270589	0.0307045
0.97951	0.35438	0.457444	0.270531	0.0306967
0.97951	0.354282	0.457362	0.270472	0.0306791
0.97951	0.354183	0.457279	0.270414	0.0306746
0.97951	0.354084	0.457197	0.270355	0.0306489
0.97951	0.353986	0.457115	0.270296	0.0306331
0.97951	0.353887	0.457032	0.270238	0.0306217
0.97951	0.353788	0.45695	0.270179	0.0306153
0.97951	0.35369	0.456867	0.270121	0.0306089
0.97951	0.353591	0.456785	0.270062	0.0306087
0.97951	0.353493	0.456703	0.270003	0.0305954
0.97951	0.353394	0.45662	0.269945	0.0305914
0.97951	0.353295	0.456538	0.269886	0.0305292
0.97951	0.353197	0.456455	0.269828	0.0305102
0.97951	0.353098	0.456373	0.269769	0.0304803
0.97951	0.352999	0.456291	0.26971	0.0304707
0.97951	0.352901	0.456208	0.269652	0.0304465
0.97951	0.352802	0.456126	0.269593	0.0304347
0.97951	0.352703	0.456044	0.269535	0.0304236
0.97951	0.352605	0.455961	0.269476	0.030378
0.97951	0.352506	0.455879	0.269417	0.0303753
0.97951	0.352407	0.455796	0.269359	0.0303347
0.97951	0.352309	0.455714	0.2693	0.0303338
0.97951	0.35221	0.455632	0.269242	0.0303216
0.97951	0.352111	0.455549	0.269183	0.030302
0.97951	0.352013	0.455467	0.269125	0.0302918
0.97951	0.351914	0.455384	0.269066	0.0302824
0.97951	0.351815	0.455302	0.269007	0.0302494
0.97951	0.351717	0.45522	0.268949	0.0302427
0.97951	0.351618	0.455137	0.26889	0.030234
0.97951	0.351519	0.455055	0.268832	0.0302286
0.98001	0.351519	0.455137	0.269259	0.0302145
0.98001	0.351421	0.455055	0.269201	0.0301805
0.98001	0.351322	0.454972	0.269142	0.0301767
0.98001	0.351223	0.45489	0.269083	0.030174
0.98001	0.351125	0.454808	0.269025	0.0301609
0.98001	0.351026	0.454725	0.268966	0.030141
0.98001	0.350927	0.454643	0.268908	0.0301147
0.98001	0.350829	0.45456	0.268849	0.0300879
0.98001	0.35073	0.454478	0.268791	0.0300777
0.98001	0.350631	0.454396	0.268732	0.030053
0.98001	0.350533	0.454313	0.268674	0.0300254
0.98001	0.350434	0.454231	0.268615	0.0299875
0.98001	0.350335	0.454148	0.268557	0.0299845
0.98001	0.350237	0.454066	0.268498	0.0299735
0.98001	0.350138	0.453984	0.26844	0.0299268
0.98001	0.350039	0.453901	0.268381	0.0299082
0.98001	0.349941	0.453819	0.268323	0.0299
0.98001	0.349842	0.453737	0.268264	0.029854
0.98001	0.349743	0.453654	0.268206	0.0298273
0.98001	0.349645	0.453572	0.268147	0.0298102
0.98001	0.349546	0.453489	0.268089	0.0297794
0.98001	0.349448	0.453407	0.26803	0.0297764
0.98001	0.349349	0.453325	0.267972	0.0297673
0.98001	0.34925	0.453242	0.267913	0.02976
0.98001	0.349152	0.45316	0.267854	0.0297329
0.98001	0.349053	0.453077	0.267796	0.0297154
0.98001	0.348954	0.452995	0.267737	0.0297088
0.98001	0.348856	0.452913	0.267679	0.0296999
0.98001	0.348757	0.45283	0.26762	0.0296994
0.98001	0.348658	0.452748	0.267562	0.0296983
0.98001	0.34856	0.452665	0.267503	0.0296847
0.98001	0.348461	0.452583	0.267445	0.0296512
0.98001	0.348362	0.452501	0.267386	0.0296374
0.98001	0.348264	0.452418	0.267328	0.0296373
0.98001	0.348165	0.452336	0.267269	0.0296324
0.98001	0.348066	0.452253	0.267211	0.0295976
0.98001	0.347968	0.452171	0.267152	0.0295911
0.98001	0.347869	0.452089	0.267094	0.0295861
0.98001	0.34777	0.452006	0.267035	0.0295533
0.98001	0.347672	0.451924	0.266977	0.0295383
0.98001	0.347573	0.451841	0.266918	0.0295189
0.98001	0.347474	0.451759	0.26686	0.0295132
0.98001	0.347376	0.451677	0.266801	0.0294936
0.98001	0.347277	0.451594	0.266743	0.0294425
0.98001	0.347178	0.451512	0.266684	0.0294414
0.98001	0.34708	0.45143	0.266626	0.0294314
0.98001	0.346981	0.451347	0.266567	0.0294054
0.98001	0.346882	0.451265	0.266509	0.029376
0.98001	0.346784	0.451182	0.26645	0.0293662
0.98001	0.346685	0.4511	0.266392	0.0293556
0.98001	0.346586	0.451018	0.266334	0.0293426
0.98001	0.346488	0.450935	0.266275	0.0293272
0.98001	0.346389	0.450853	0.266217	0.0293128
0.98001	0.34629	0.45077	0.266158	0.0292674
0.98001	0.346192	0.450688	0.2661	0.0292663
0.98001	0.346093	0.450606	0.266041	0.0292624
0.98001	0.345994	0.450523	0.265983	0.029259
0.98001	0.345896	0.450441	0.265924	0.0292407
0.98001	0.345797	0.450358	0.265866	0.0292271
0.98001	0.345699	0.450276	0.265807	0.0292091
0.98001	0.3456	0.450194	0.265749	0.029194
0.98001	0.345501	0.450111	0.26569	0.0291322
0.98001	0.345403	0.450029	0.265632	0.0291214
0.98001	0.345304	0.449946	0.265573	0.0291152
0.98001	0.345205	0.449864	0.265515	0.0291125
0.98001	0.345107	0.449782	0.265456	0.0290632
0.98001	0.345008	0.449699	0.265398	0.0290602
0.98051	0.345008	0.449782	0.265828	0.0290479
0.98051	0.344909	0.449699	0.26577	0.0290279
0.98051	0.344811	0.449617	0.265711	0.0290192
0.98051	0.344712	0.449534	0.265653	0.0290176
0.98051	0.344613	0.449452	0.265594	0.0289973
0.98051	0.344515	0.44937	0.265536	0.0289874
0.98051	0.344416	0.449287	0.265477	0.0289836
0.98051	0.344317	0.449205	0.265419	0.0289456
0.98051	0.344219	0.449123	0.265361	0.0289375
0.98051	0.34412	0.44904	0.265302	0.0289324
0.98051	0.344021	0.448958	0.265244	0.0289069
0.98051	0.343923	0.448875	0.265185	0.0288526
0.98051	0.343824	0.448793	0.265127	0.0288354
0.98051	0.343725	0.448711	0.265068	0.0288304
0.98051	0.343627	0.448628	0.26501	0.0288131
0.98051	0.343528	0.448546	0.264952	0.0287921
0.98051	0.343429	0.448463	0.264893	0.0287804
0.98051	0.343331	0.448381	0.264835	0.0287663
0.98051	0.343232	0.448299	0.264776	0.028731
0.98051	0.343133	0.448216	0.264718	0.0287235
0.98051	0.343035	0.448134	0.26466	0.028711
0.98051	0.342936	0.448051	0.264601	0.0287015
0.98051	0.342837	0.447969	0.264543	0.0286953
0.98051	0.342739	0.447887	0.264484	0.0286906
0.98051	0.34264	0.447804	0.264426	0.0286813
0.98051	0.342541	0.447722	0.264367	0.0286801
0.98051	0.342443	0.447639	0.264309	0.0286754
0.98051	0.342344	0.447557	0.264251	0.0286723
0.98051	0.342245	0.447475	0.264192	0.0286672
0.98051	0.342147	0.447392	0.264134	0.0285678
0.98051	0.342048	0.44731	0.264075	0.0285344
0.98051	0.341949	0.447227	0.264017	0.0285307
0.98051	0.341851	0.447145	0.263959	0.0284659
0.98051	0.341752	0.447063	0.2639	0.0284629
0.98051	0.341654	0.44698	0.263842	0.0284563
0.98051	0.341555	0.446898	0.263783	0.0284556
0.98051	0.341456	0.446816	0.263725	0.0284242
0.98051	0.341358	0.446733	0.263667	0.028379
0.98051	0.341259	0.446651	0.263608	0.0283544
0.98051	0.34116	0.446568	0.26355	0.0283373
0.98051	0.341062	0.446486	0.263491	0.0283323
0.98051	0.340963	0.446404	0.263433	0.0283132
0.98051	0.340864	0.446321	0.263375	0.0282823
0.98051	0.340766	0.446239	0.263316	0.0282525
0.98051	0.340667	0.446156	0.263258	0.028249
0.98051	0.340568	0.446074	0.263199	0.0282333
0.98051	0.34047	0.445992	0.263141	0.0281448
0.98051	0.340371	0.445909	0.263083	0.0281431
0.98051	0.340272	0.445827	0.263024	0.0281234
0.98051	0.340174	0.445744	0.262966	0.0281196
0.981009	0.340174	0.445827	0.263398	0.0281083
0.981009	0.340075	0.445744	0.26334	0.0280961
0.981009	0.339976	0.445662	0.263281	0.0280635
0.981009	0.339878	0.44558	0.263223	0.028044
0.981009	0.339779	0.445497	0.263165	0.0280394
0.981009	0.33968	0.445415	0.263106	0.0280367
0.981009	0.339582	0.445332	0.263048	0.0280356
0.981009	0.339483	0.44525	0.26299	0.0280076
0.981009	0.339384	0.445168	0.262931	0.0279667
0.981009	0.339286	0.445085	0.262873	0.0279531
0.981009	0.339187	0.445003	0.262815	0.0279516
0.981009	0.339088	0.44492	0.262756	0.0279125
0.981009	0.33899	0.444838	0.262698	0.0279092
0.981009	0.338891	0.444756	0.26264	0.0278642
0.981009	0.338792	0.444673	0.262581	0.0278577
0.981009	0.338694	0.444591	0.262523	0.0278566
0.981009	0.338595	0.444509	0.262465	0.0278138
0.981009	0.338496	0.444426	0.262406	0.0278027
0.981009	0.338398	0.444344	0.262348	0.0277917
0.981009	0.338299	0.444261	0.26229	0.027788
0.981009	0.3382	0.444179	0.262231	0.0277571
0.981009	0.338102	0.444097	0.262173	0.0277533
0.981009	0.338003	0.444014	0.262115	0.0277471
0.981009	0.337904	0.443932	0.262056	0.0277409
0.981009	0.337806	0.443849	0.261998	0.0277233
0.981009	0.337707	0.443767	0.26194	0.0277172
0.981009	0.337609	0.443685	0.261881	0.02766
0.981509	0.337609	0.443767	0.262315	0.0276594
0.981509	0.33751	0.443685	0.262256	0.0276592
0.981509	0.337411	0.443602	0.262198	0.0276272
0.981509	0.337313	0.44352	0.26214	0.0275989
0.981509	0.337214	0.443437	0.262082	0.0275721
0.981509	0.337115	0.443355	0.262023	0.0275683
0.981509	0.337017	0.443273	0.261965	0.0275211
0.981509	0.336918	0.44319	0.261907	0.0275206
0.982009	0.336918	0.443273	0.262341	0.0275079
0.982009	0.336819	0.44319	0.262282	0.0274894
0.982009	0.336721	0.443108	0.262224	0.0274612
0.982509	0.336721	0.44319	0.262658	0.027454
0.982509	0.336622	0.443108	0.2626	0.0274478
0.982509	0.336523	0.443025	0.262542	0.0274296
0.982509	0.336425	0.442943	0.262484	0.0274104
0.982509	0.336326	0.442861	0.262425	0.027407
0.982509	0.336227	0.442778	0.262367	0.0273929
0.982509	0.336129	0.442696	0.262309	0.0273748
0.982509	0.33603	0.442613	0.262251	0.0273567
0.982509	0.335931	0.442531	0.262193	0.0273512
0.982509	0.335833	0.442449	0.262135	0.0273472
0.982509	0.335734	0.442366	0.262076	0.0273125
0.982509	0.335635	0.442284	0.262018	0.0272937
0.982509	0.335537	0.442202	0.26196	0.0272862
0.982509	0.335438	0.442119	0.261902	0.0272372
0.982509	0.335339	0.442037	0.261844	0.027224
0.982509	0.335241	0.441954	0.261785	0.0272215
0.982509	0.335142	0.441872	0.261727	0.0272199
0.982509	0.335043	0.44179	0.261669	0.027211
0.982509	0.334945	0.441707	0.261611	0.0272079
0.982509	0.334846	0.441625	0.261553	0.0271143
0.982509	0.334747	0.441542	0.261494	0.0271017
0.982509	0.334649	0.44146	0.261436	0.0270954
0.982509	0.33455	0.441378	0.261378	0.027083
0.982509	0.334451	0.441295	0.26132	0.0270565
0.982509	0.334353	0.441213	0.261262	0.0270512
0.982509	0.334254	0.44113	0.261203	0.0270409
0.982509	0.334155	0.441048	0.261145	0.027024
0.982509	0.334057	0.440966	0.261087	0.0270151
0.982509	0.333958	0.440883	0.261029	0.027
0.982509	0.33386	0.440801	0.260971	0.026978
0.982509	0.333761	0.440718	0.260913	0.0269506
0.982509	0.333662	0.440636	0.260854	0.0269436
0.982509	0.333564	0.440554	0.260796	0.0269356
0.982509	0.333465	0.440471	0.260738	0.0269191
0.982509	0.333366	0.440389	0.26068	0.0269129
0.982509	0.333268	0.440307	0.260622	0.0268983
0.982509	0.333169	0.440224	0.260563	0.0268894
0.982509	0.33307	0.440142	0.260505	0.0268787
0.982509	0.332972	0.440059	0.260447	0.0268728
0.982509	0.332873	0.439977	0.260389	0.0268366
0.982509	0.332774	0.439895	0.260331	0.0267764
0.982509	0.332676	0.439812	0.260273	0.0267569
0.982509	0.332577	0.43973	0.260214	0.0267492
0.982509	0.332478	0.439647	0.260156	0.0267477
0.982509	0.33238	0.439565	0.260098	0.0267239
0.982509	0.332281	0.439483	0.26004	0.0267203
0.982509	0.332182	0.4394	0.259982	0.0267026
0.982509	0.332084	0.439318	0.259923	0.0266989
0.982509	0.331985	0.439235	0.259865	0.0266883
0.982509	0.331886	0.439153	0.259807	0.0266789
0.982509	0.331788	0.439071	0.259749	0.0266602
0.982509	0.331689	0.438988	0.259691	0.0266176
0.982509	0.33159	0.438906	0.259633	0.0266092
0.982509	0.331492	0.438823	0.259574	0.0266075
0.982509	0.331393	0.438741	0.259516	0.0265878
0.982509	0.331294	0.438659	0.259458	0.0265642
0.982509	0.331196	0.438576	0.2594	0.0265321
0.982509	0.331097	0.438494	0.259342	0.0265206
0.982509	0.330998	0.438411	0.259284	0.0264916
0.982509	0.3309	0.438329	0.259225	0.0264851
0.982509	0.330801	0.438247	0.259167	0.0264591
0.982509	0.330702	0.438164	0.259109	0.0264432
0.983008	0.330702	0.438247	0.259546	0.0263891
0.983008	0.330604	0.438164	0.259488	0.0263851
0.983008	0.330505	0.438082	0.25943	0.026377
0.983008	0.330406	0.438	0.259372	0.0263743
0.983008	0.330308	0.437917	0.259313	0.0263709
0.983008	0.330209	0.437835	0.259255	0.0263663
0.983008	0.33011	0.437752	0.259197	0.0263424
0.983008	0.330012	0.43767	0.259139	0.0263108
0.983508	0.330012	0.437752	0.259576	0.0263081
0.983508	0.329913	0.43767	0.259518	0.0263025
0.983508	0.329815	0.437588	0.25946	0.0263004
0.983508	0.329716	0.437505	0.259402	0.0262916
0.983508	0.329617	0.437423	0.259344	0.026229
0.983508	0.329519	0.43734	0.259286	0.026187
0.983508	0.32942	0.437258	0.259228	0.0261791
0.983508	0.329321	0.437176	0.25917	0.0260962
0.983508	0.329223	0.437093	0.259112	0.0260686
0.983508	0.329124	0.437011	0.259054	0.0260646
0.983508	0.329025	0.436928	0.258996	0.0260614
0.983508	0.328927	0.436846	0.258938	0.0260419
0.983508	0.328828	0.436764	0.258879	0.0260224
0.983508	0.328729	0.436681	0.258821	0.0260222
0.983508	0.328631	0.436599	0.258763	0.0260059
0.983508	0.328532	0.436516	0.258705	0.0260041
0.983508	0.328433	0.436434	0.258647	0.0259841
0.983508	0.328335	0.436352	0.258589	0.0259332
0.983508	0.328236	0.436269	0.258531	0.0259266
0.983508	0.328137	0.436187	0.258473	0.0259148
0.983508	0.328039	0.436104	0.258415	0.0258677
0.983508	0.32794	0.436022	0.258357	0.0258518
0.983508	0.327841	0.43594	0.258299	0.0258488
0.983508	0.327743	0.435857	0.258241	0.0258414
0.983508	0.327644	0.435775	0.258183	0.0258352
0.983508	0.327545	0.435693	0.258124	0.0258298
0.983508	0.327447	0.43561	0.258066	0.0257956
0.983508	0.327348	0.435528	0.258008	0.0257484
0.983508	0.327249	0.435445	0.25795	0.0257466
0.983508	0.327151	0.435363	0.257892	0.025706
0.983508	0.327052	0.435281	0.257834	0.0256962
0.983508	0.326953	0.435198	0.257776	0.0256622
0.983508	0.326855	0.435116	0.257718	0.0256502
0.983508	0.326756	0.435033	0.25766	0.0256424
0.983508	0.326657	0.434951	0.257602	0.0256282
0.983508	0.326559	0.434869	0.257544	0.0256238
0.983508	0.32646	0.434786	0.257486	0.0256145
0.983508	0.326361	0.434704	0.257428	0.0255977
0.983508	0.326263	0.434621	0.25737	0.0255774
0.983508	0.326164	0.434539	0.257311	0.0255689
0.983508	0.326066	0.434457	0.257253	0.0255406
0.983508	0.325967	0.434374	0.257195	0.0255363
0.983508	0.325868	0.434292	0.257137	0.0255354
0.983508	0.32577	0.434209	0.257079	0.0255142
0.983508	0.325671	0.434127	0.257021	0.0254961
0.983508	0.325572	0.434045	0.256963	0.0254828
0.983508	0.325474	0.433962	0.256905	0.0254638
0.983508	0.325375	0.43388	0.256847	0.0254074
0.983508	0.325276	0.433797	0.256789	0.0254044
0.983508	0.325178	0.433715	0.256731	0.0253999
0.983508	0.325079	0.433633	0.256673	0.025357
0.983508	0.32498	0.43355	0.256615	0.0253433
0.983508	0.324882	0.433468	0.256557	0.0253356
0.983508	0.324783	0.433386	0.256499	0.0253247
0.983508	0.324684	0.433303	0.25644	0.0252978
0.983508	0.324586	0.433221	0.256382	0.0252867
0.983508	0.324487	0.433138	0.256324	0.0252846
0.983508	0.324388	0.433056	0.256266	0.0252529
0.983508	0.32429	0.432974	0.256208	0.0252265
0.983508	0.324191	0.432891	0.25615	0.0252238
0.983508	0.324092	0.432809	0.256092	0.0252175
0.983508	0.323994	0.432726	0.256034	0.0252005
0.983508	0.323895	0.432644	0.255976	0.0251878
0.983508	0.323796	0.432562	0.255918	0.0251784
0.983508	0.323698	0.432479	0.25586	0.0251652
0.983508	0.323599	0.432397	0.255802	0.025127
0.983508	0.3235	0.432314	0.255744	0.0251194
0.983508	0.323402	0.432232	0.255686	0.0251161
0.983508	0.323303	0.43215	0.255628	0.0251123
0.983508	0.323204	0.432067	0.255569	0.0251086
0.983508	0.323106	0.431985	0.255511	0.0251018
0.983508	0.323007	0.431902	0.255453	0.0250849
0.983508	0.322908	0.43182	0.255395	0.0250816
0.983508	0.32281	0.431738	0.255337	0.0250797
0.983508	0.322711	0.431655	0.255279	0.0250648
0.983508	0.322612	0.431573	0.255221	0.0249773
0.983508	0.322514	0.43149	0.255163	0.0249577
0.983508	0.322415	0.431408	0.255105	0.0249411
0.983508	0.322316	0.431326	0.255047	0.024913
0.983508	0.322218	0.431243	0.254989	0.0248858
0.983508	0.322119	0.431161	0.254931	0.02488
0.983508	0.322021	0.431079	0.254873	0.0248509
0.983508	0.321922	0.430996	0.254815	0.0248173
0.983508	0.321823	0.430914	0.254757	0.0248013
0.983508	0.321725	0.430831	0.254699	0.0247971
0.983508	0.321626	0.430749	0.25464	0.0247932
0.983508	0.321527	0.430667	0.254582	0.0247882
0.983508	0.321429	0.430584	0.254524	0.0247702
0.983508	0.32133	0.430502	0.254466	0.0247446
0.983508	0.321231	0.430419	0.254408	0.024724
0.983508	0.321133	0.430337	0.25435	0.0247068
0.983508	0.321034	0.430255	0.254292	0.0246984
0.983508	0.320935	0.430172	0.254234	0.0246831
0.983508	0.320837	0.43009	0.254176	0.0246809
0.983508	0.320738	0.430007	0.254118	0.024671
0.983508	0.320639	0.429925	0.25406	0.0246645
0.983508	0.320541	0.429843	0.254002	0.0246437
0.983508	0.320442	0.42976	0.253944	0.0246395
0.983508	0.320343	0.429678	0.253886	0.0246178
0.983508	0.320245	0.429595	0.253828	0.0246177
0.983508	0.320146	0.429513	0.253769	0.0246084
0.983508	0.320047	0.429431	0.253711	0.0245952
0.983508	0.319949	0.429348	0.253653	0.0245714
0.983508	0.31985	0.429266	0.253595	0.0245613
0.983508	0.319751	0.429183	0.253537	0.0245594
0.983508	0.319653	0.429101	0.253479	0.0245566
0.983508	0.319554	0.429019	0.253421	0.0245377
0.983508	0.319455	0.428936	0.253363	0.0245307
0.983508	0.319357	0.428854	0.253305	0.0244982
0.983508	0.319258	0.428772	0.253247	0.0244921
0.983508	0.319159	0.428689	0.253189	0.0244911
0.983508	0.319061	0.428607	0.253131	0.0244617
0.983508	0.318962	0.428524	0.253073	0.0244514
0.983508	0.318863	0.428442	0.253015	0.0244426
0.983508	0.318765	0.42836	0.252957	0.02444
0.983508	0.318666	0.428277	0.252898	0.0244296
0.983508	0.318567	0.428195	0.25284	0.0244087
0.983508	0.318469	0.428112	0.252782	0.0243866
0.983508	0.31837	0.42803	0.252724	0.0243811
0.983508	0.318272	0.427948	0.252666	0.0243607
0.983508	0.318173	0.427865	0.252608	0.0243412
0.983508	0.318074	0.427783	0.25255	0.0243248
0.983508	0.317976	0.4277	0.252492	0.0243213
0.983508	0.317877	0.427618	0.252434	0.024312
0.983508	0.317778	0.427536	0.252376	0.024305
0.983508	0.31768	0.427453	0.252318	0.0243042
0.983508	0.317581	0.427371	0.25226	0.0242501
0.983508	0.317482	0.427288	0.252202	0.024249
0.983508	0.317384	0.427206	0.252144	0.0242453
0.983508	0.317285	0.427124	0.252086	0.0242089
0.983508	0.317186	0.427041	0.252027	0.0242009
0.983508	0.317088	0.426959	0.251969	0.0241948
0.983508	0.316989	0.426876	0.251911	0.0241935
0.983508	0.31689	0.426794	0.251853	0.0241555
0.983508	0.316792	0.426712	0.251795	0.0241346
0.983508	0.316693	0.426629	0.251737	0.0241243
0.983508	0.316594	0.426547	0.251679	0.0241038
0.983508	0.316496	0.426465	0.251621	0.0240728
0.983508	0.316397	0.426382	0.251563	0.0240411
0.983508	0.316298	0.4263	0.251505	0.0240175
0.983508	0.3162	0.426217	0.251447	0.0240136
0.983508	0.316101	0.426135	0.251389	0.0240026
0.983508	0.316002	0.426053	0.251331	0.0239692
0.983508	0.315904	0.42597	0.251273	0.0239519
0.983508	0.315805	0.425888	0.251214	0.0239511
0.983508	0.315706	0.425805	0.251156	0.0239453
0.983508	0.315608	0.425723	0.251098	0.0239395
0.983508	0.315509	0.425641	0.25104	0.0239336
0.983508	0.31541	0.425558	0.250982	0.0239265
0.983508	0.315312	0.425476	0.250924	0.0239253
0.983508	0.315213	0.425393	0.250866	0.023921
0.983508	0.315114	0.425311	0.250808	0.0239186
0.983508	0.315016	0.425229	0.25075	0.0239158
0.983508	0.314917	0.425146	0.250692	0.0239008
0.983508	0.314818	0.425064	0.250634	0.0238981
0.983508	0.31472	0.424981	0.250576	0.0238637
0.983508	0.314621	0.424899	0.250518	0.023844
0.983508	0.314522	0.424817	0.25046	0.0237945
0.983508	0.314424	0.424734	0.250401	0.0237843
0.983508	0.314325	0.424652	0.250343	0.0237668
0.983508	0.314227	0.424569	0.250285	0.0237227
0.983508	0.314128	0.424487	0.250227	0.0237167
0.983508	0.314029	0.424405	0.250169	0.0236815
0.984008	0.314029	0.424487	0.250614	0.0236706
0.984008	0.313931	0.424405	0.250556	0.0236658
0.984008	0.313832	0.424322	0.250498	0.0236565
0.984008	0.313733	0.42424	0.25044	0.0236534
0.984008	0.313635	0.424158	0.250382	0.0236488
0.984008	0.313536	0.424075	0.250324	0.0236467
0.984008	0.313437	0.423993	0.250266	0.0236439
0.984008	0.313339	0.42391	0.250208	0.0236274
0.984008	0.31324	0.423828	0.25015	0.0236216
0.984008	0.313141	0.423746	0.250092	0.0236163
0.984008	0.313043	0.423663	0.250034	0.0236123
0.984008	0.312944	0.423581	0.249976	0.0236078
0.984008	0.312845	0.423498	0.249918	0.0235929
0.984008	0.312747	0.423416	0.24986	0.0235794
0.984008	0.312648	0.423334	0.249802	0.0235705
0.984008	0.312549	0.423251	0.249744	0.0235414
0.984008	0.312451	0.423169	0.249686	0.0235291
0.984008	0.312352	0.423086	0.249628	0.0234918
0.984008	0.312253	0.423004	0.24957	0.0234836
0.984008	0.312155	0.422922	0.249512	0.0234734
0.984008	0.312056	0.422839	0.249454	0.0234667
0.984008	0.311957	0.422757	0.249396	0.0234658
0.984008	0.311859	0.422674	0.249338	0.0234612
0.984008	0.31176	0.422592	0.249279	0.0234452
0.984008	0.311661	0.42251	0.249221	0.0233936
0.984008	0.311563	0.422427	0.249163	0.0233928
0.984008	0.311464	0.422345	0.249105	0.023369
0.984008	0.311365	0.422263	0.249047	0.023331
0.984008	0.311267	0.42218	0.248989	0.0233278
0.984008	0.311168	0.422098	0.248931	0.0233125
0.984008	0.311069	0.422015	0.248873	0.023289
0.984008	0.310971	0.421933	0.248815	0.0232805
0.984008	0.310872	0.421851	0.248757	0.0232797
0.984008	0.310773	0.421768	0.248699	0.0232298
0.984008	0.310675	0.421686	0.248641	0.0232061
0.984008	0.310576	0.421603	0.248583	0.0231986
0.984008	0.310478	0.421521	0.248525	0.0231665
0.984008	0.310379	0.421439	0.248467	0.023159
0.984008	0.31028	0.421356	0.248409	0.0231525
0.984008	0.310182	0.421274	0.248351	0.0231525
0.984008	0.310083	0.421191	0.248293	0.0231506
0.984008	0.309984	0.421109	0.248235	0.0231428
0.984008	0.309886	0.421027	0.248177	0.0230997
0.984008	0.309787	0.420944	0.248119	0.0230937
0.984008	0.309688	0.420862	0.248061	0.0230631
0.984008	0.30959	0.420779	0.248003	0.0230451
0.984008	0.309491	0.420697	0.247944	0.0230146
0.984008	0.309392	0.420615	0.247886	0.0229907
0.984008	0.309294	0.420532	0.247828	0.0229828
0.984008	0.309195	0.42045	0.24777	0.0229622
0.984008	0.309096	0.420367	0.247712	0.0229482
0.984008	0.308998	0.420285	0.247654	0.0229412
0.984008	0.308899	0.420203	0.247596	0.0229288
0.984008	0.3088	0.42012	0.247538	0.022925
0.984008	0.308702	0.420038	0.24748	0.0229058
0.984008	0.308603	0.419956	0.247422	0.0228973
0.984508	0.308603	0.420038	0.24787	0.0228932
0.984508	0.308504	0.419956	0.247812	0.0228831
0.984508	0.308406	0.419873	0.247754	0.022854
0.984508	0.308307	0.419791	0.247696	0.0228253
0.984508	0.308208	0.419708	0.247638	0.0228191
0.984508	0.30811	0.419626	0.24758	0.0227474
0.984508	0.308011	0.419544	0.247522	0.0227208
0.984508	0.307912	0.419461	0.247464	0.0227096
0.984508	0.307814	0.419379	0.247406	0.0226967
0.984508	0.307715	0.419296	0.247348	0.0226926
0.984508	0.307616	0.419214	0.24729	0.0226739
0.984508	0.307518	0.419132	0.247232	0.0226681
0.984508	0.307419	0.419049	0.247174	0.0226346
0.984508	0.30732	0.418967	0.247116	0.0226305
0.984508	0.307222	0.418884	0.247058	0.0226284
0.984508	0.307123	0.418802	0.247	0.0225916
0.984508	0.307024	0.41872	0.246942	0.0225855
0.984508	0.306926	0.418637	0.246884	0.0225717
0.984508	0.306827	0.418555	0.246826	0.0225656
0.984508	0.306728	0.418472	0.246768	0.0225445
0.984508	0.30663	0.41839	0.24671	0.0225395
0.984508	0.306531	0.418308	0.246652	0.0225293
0.984508	0.306433	0.418225	0.246594	0.022526
0.984508	0.306334	0.418143	0.246536	0.0225239
0.984508	0.306235	0.41806	0.246478	0.0225156
0.984508	0.306137	0.417978	0.24642	0.0225032
0.984508	0.306038	0.417896	0.246362	0.0224545
0.984508	0.305939	0.417813	0.246304	0.0224398
0.984508	0.305841	0.417731	0.246246	0.0224369
0.984508	0.305742	0.417649	0.246188	0.0224367
0.984508	0.305643	0.417566	0.24613	0.0224241
0.984508	0.305545	0.417484	0.246072	0.0224191
0.984508	0.305446	0.417401	0.246014	0.0224153
0.984508	0.305347	0.417319	0.245956	0.0224119
0.984508	0.305249	0.417237	0.245898	0.0224039
0.984508	0.30515	0.417154	0.24584	0.0223887
0.984508	0.305051	0.417072	0.245782	0.0223603
0.984508	0.304953	0.416989	0.245723	0.0223448
0.984508	0.304854	0.416907	0.245665	0.0223362
0.984508	0.304755	0.416825	0.245607	0.0222729
0.984508	0.304657	0.416742	0.245549	0.0222645
0.984508	0.304558	0.41666	0.245491	0.0222309
0.984508	0.304459	0.416577	0.245433	0.0222012
0.984508	0.304361	0.416495	0.245375	0.0221994
0.984508	0.304262	0.416413	0.245317	0.0221915
0.984508	0.304163	0.41633	0.245259	0.0221668
0.984508	0.303966	0.416165	0.245143	0.022078
0.984508	0.303867	0.416083	0.245085	0.0220282
0.984508	0.303769	0.416001	0.245027	0.0220267
0.984508	0.30367	0.415918	0.244969	0.0220103
0.984508	0.303571	0.415836	0.244911	0.0220016
0.984508	0.303473	0.415753	0.244853	0.0219954
0.984508	0.303374	0.415671	0.244795	0.0219943
0.984508	0.303275	0.415589	0.244737	0.0219913
0.984508	0.303177	0.415506	0.244679	0.0219761
0.984508	0.303078	0.415424	0.244621	0.0219737
0.984508	0.302979	0.415342	0.244563	0.0219699
0.984508	0.302881	0.415259	0.244505	0.0219657
0.984508	0.302782	0.415177	0.244447	0.0219562
0.984508	0.302684	0.415094	0.244389	0.0219154
0.984508	0.302585	0.415012	0.244331	0.0219001
0.984508	0.302486	0.41493	0.244273	0.0218862
0.984508	0.302388	0.414847	0.244215	0.0218458
0.984508	0.302289	0.414765	0.244157	0.0218221
0.984508	0.30219	0.414682	0.244098	0.0218216
0.984508	0.302092	0.4146	0.24404	0.0218001
0.984508	0.301993	0.414518	0.243982	0.0217997
0.984508	0.301894	0.414435	0.243924	0.0217924
0.984508	0.301796	0.414353	0.243866	0.0217768
0.985007	0.301796	0.414435	0.244318	0.021775
0.985007	0.301697	0.414353	0.24426	0.0217515
0.985007	0.301598	0.41427	0.244202	0.0217392
0.985007	0.3015	0.414188	0.244144	0.0217331
0.985007	0.301401	0.414106	0.244086	0.0217319
0.985007	0.301302	0.414023	0.244028	0.0217166
0.985007	0.301204	0.413941	0.24397	0.0217079
0.985507	0.301204	0.414023	0.244422	0.0216982
0.985507	0.301105	0.413941	0.244364	0.0216887
0.985507	0.301006	0.413858	0.244306	0.0216614
0.985507	0.300908	0.413776	0.244248	0.0216452
0.985507	0.300809	0.413694	0.24419	0.0216338
0.985507	0.30071	0.413611	0.244132	0.0216218
0.985507	0.300612	0.413529	0.244074	0.0216146
0.985507	0.300513	0.413446	0.244016	0.0216102
0.985507	0.300414	0.413364	0.243958	0.0216071
0.985507	0.300316	0.413282	0.243901	0.0215907
0.985507	0.300217	0.413199	0.243843	0.0215757
0.985507	0.300118	0.413117	0.243785	0.0215729
0.985507	0.30002	0.413035	0.243727	0.0215517
0.985507	0.299921	0.412952	0.243669	0.0215484
0.985507	0.299822	0.41287	0.243611	0.0215228
0.985507	0.299724	0.412787	0.243553	0.0215215
0.985507	0.299625	0.412705	0.243495	0.0214775
0.985507	0.299526	0.412623	0.243437	0.0214379
0.985507	0.299428	0.41254	0.243379	0.0214043
0.985507	0.299329	0.412458	0.243321	0.0213783
0.985507	0.29923	0.412375	0.243263	0.0213697
0.985507	0.299132	0.412293	0.243205	0.0213686
0.985507	0.299033	0.412211	0.243147	0.0213638
0.985507	0.298934	0.412128	0.243089	0.0213579
0.985507	0.298836	0.412046	0.243031	0.0213496
0.985507	0.298737	0.411963	0.242973	0.0213442
0.985507	0.298639	0.411881	0.242915	0.0213221
0.985507	0.29854	0.411799	0.242857	0.0213215
0.985507	0.298441	0.411716	0.242799	0.0213132
0.985507	0.298343	0.411634	0.242741	0.0213012
0.985507	0.298244	0.411551	0.242683	0.0212925
0.985507	0.298145	0.411469	0.242625	0.0212854
0.985507	0.298047	0.411387	0.242567	0.0212775
0.985507	0.297948	0.411304	0.242509	0.0212773
0.985507	0.297849	0.411222	0.242451	0.0212664
0.985507	0.297751	0.411139	0.242393	0.0212529
0.985507	0.297652	0.411057	0.242335	0.02124
0.985507	0.297553	0.410975	0.242277	0.0212197
0.985507	0.297455	0.410892	0.242219	0.0212052
0.985507	0.297356	0.41081	0.242161	0.0211777
0.985507	0.297257	0.410728	0.242103	0.0211768
0.985507	0.297159	0.410645	0.242045	0.0211748
0.986007	0.297159	0.410728	0.2425	0.0211735
0.986007	0.29706	0.410645	0.242442	0.0211728
0.986007	0.296961	0.410563	0.242384	0.0211478
0.986007	0.296863	0.41048	0.242326	0.0211421
0.986007	0.296764	0.410398	0.242268	0.0211397
0.986007	0.296665	0.410316	0.24221	0.0211135
0.986007	0.296567	0.410233	0.242152	0.0210968
0.986007	0.296468	0.410151	0.242094	0.0210804
0.986007	0.296369	0.410068	0.242036	0.021077
0.986007	0.296271	0.409986	0.241978	0.0210372
0.986007	0.296172	0.409904	0.24192	0.0210289
0.986007	0.296073	0.409821	0.241863	0.0210237
0.986007	0.295975	0.409739	0.241805	0.0210125
0.986007	0.295876	0.409656	0.241747	0.0210038
0.986007	0.295777	0.409574	0.241689	0.0209876
0.986007	0.295679	0.409492	0.241631	0.0209869
0.986007	0.29558	0.409409	0.241573	0.0209389
0.986007	0.295481	0.409327	0.241515	0.0209341
0.986007	0.295383	0.409244	0.241457	0.0209266
0.986007	0.295284	0.409162	0.241399	0.0208973
0.986507	0.295284	0.409244	0.241855	0.0208813
0.986507	0.295185	0.409162	0.241797	0.0208706
0.986507	0.295087	0.40908	0.241739	0.020864
0.986507	0.294988	0.408997	0.241681	0.0208598
0.986507	0.29489	0.408915	0.241623	0.0208456
0.986507	0.294791	0.408832	0.241565	0.0208232
0.986507	0.294692	0.40875	0.241507	0.0208214
0.986507	0.294594	0.408668	0.241449	0.0208078
0.986507	0.294495	0.408585	0.241391	0.0207922
0.986507	0.294396	0.408503	0.241333	0.0207903
0.986507	0.294298	0.408421	0.241276	0.0207792
0.986507	0.294199	0.408338	0.241218	0.0207676
0.986507	0.2941	0.408256	0.24116	0.0207572
0.986507	0.294002	0.408173	0.241102	0.020736
0.986507	0.293903	0.408091	0.241044	0.0207197
0.986507	0.293804	0.408009	0.240986	0.0207163
0.986507	0.293706	0.407926	0.240928	0.0207074
0.986507	0.293607	0.407844	0.24087	0.0206786
0.986507	0.293508	0.407761	0.240812	0.0206698
0.986507	0.29341	0.407679	0.240754	0.0206525
0.986507	0.293311	0.407597	0.240696	0.020638
0.986507	0.293212	0.407514	0.240638	0.0206324
0.986507	0.293114	0.407432	0.240581	0.0206271
0.986507	0.293015	0.407349	0.240523	0.0206175
0.986507	0.292916	0.407267	0.240465	0.0205739
0.986507	0.292818	0.407185	0.240407	0.0205455
0.986507	0.292719	0.407102	0.240349	0.0205236
0.987006	0.292719	0.407185	0.240806	0.0204343
0.987006	0.29262	0.407102	0.240748	0.0204249
0.987006	0.292522	0.40702	0.24069	0.0204241
0.987006	0.292423	0.406937	0.240632	0.0204005
0.987006	0.292324	0.406855	0.240575	0.0203857
0.987006	0.292226	0.406773	0.240517	0.0203352
0.987006	0.292127	0.40669	0.240459	0.0203197
0.987006	0.292028	0.406608	0.240401	0.0203066
0.987006	0.29193	0.406526	0.240343	0.0203031
0.987506	0.29193	0.406608	0.240801	0.0202985
0.987506	0.291831	0.406526	0.240743	0.0202936
0.987506	0.291732	0.406443	0.240685	0.0202826
0.987506	0.291634	0.406361	0.240627	0.0202421
0.987506	0.291535	0.406278	0.24057	0.0202378
0.987506	0.291436	0.406196	0.240512	0.0202341
0.987506	0.291338	0.406114	0.240454	0.0202321
0.987506	0.291239	0.406031	0.240396	0.0201994
0.987506	0.29114	0.405949	0.240338	0.0201908
0.987506	0.291042	0.405866	0.24028	0.0201896
0.987506	0.290943	0.405784	0.240223	0.0201827
0.987506	0.290845	0.405702	0.240165	0.02018
0.987506	0.290746	0.405619	0.240107	0.0201271
0.987506	0.290647	0.405537	0.240049	0.020121
0.987506	0.290549	0.405454	0.239991	0.0200937
0.987506	0.29045	0.405372	0.239933	0.0200787
0.987506	0.290351	0.40529	0.239876	0.020068
0.987506	0.290253	0.405207	0.239818	0.0200151
0.987506	0.290154	0.405125	0.23976	0.0199968
0.987506	0.290055	0.405042	0.239702	0.019975
0.987506	0.289957	0.40496	0.239644	0.0199443
0.987506	0.289858	0.404878	0.239586	0.019934
0.987506	0.289759	0.404795	0.239528	0.0199252
0.987506	0.289661	0.404713	0.239471	0.0199095
0.987506	0.289562	0.40463	0.239413	0.0198778
0.987506	0.289463	0.404548	0.239355	0.0198744
0.987506	0.289365	0.404466	0.239297	0.0198645
0.987506	0.289266	0.404383	0.239239	0.0198584
0.987506	0.289167	0.404301	0.239181	0.019845
0.987506	0.289069	0.404219	0.239123	0.0198342
0.987506	0.28897	0.404136	0.239066	0.0198153
0.987506	0.288871	0.404054	0.239008	0.0198137
0.987506	0.288773	0.403971	0.23895	0.0198133
0.987506	0.288674	0.403889	0.238892	0.0198009
0.987506	0.288575	0.403807	0.238834	0.0197979
0.987506	0.288477	0.403724	0.238776	0.0197954
0.987506	0.288378	0.403642	0.238718	0.0197592
0.987506	0.288279	0.403559	0.238661	0.0197576
0.987506	0.288181	0.403477	0.238603	0.0197524
0.987506	0.288082	0.403395	0.238545	0.0197466
0.987506	0.287983	0.403312	0.238487	0.0197464
0.987506	0.287885	0.40323	0.238429	0.0197436
0.987506	0.287786	0.403147	0.238371	0.019741
0.987506	0.287687	0.403065	0.238313	0.0197352
0.987506	0.287589	0.402983	0.238255	0.0197224
0.987506	0.28749	0.4029	0.238198	0.0197064
0.987506	0.287391	0.402818	0.23814	0.0197035
0.987506	0.287293	0.402735	0.238082	0.0196971
0.987506	0.287194	0.402653	0.238024	0.0196706
0.987506	0.287096	0.402571	0.237966	0.0196609
0.987506	0.286997	0.402488	0.237908	0.0196077
0.987506	0.286898	0.402406	0.23785	0.0195994
0.987506	0.2868	0.402323	0.237792	0.0195671
0.987506	0.286701	0.402241	0.237734	0.0195624
0.987506	0.286602	0.402159	0.237677	0.0195464
0.987506	0.286504	0.402076	0.237619	0.0195035
0.987506	0.286405	0.401994	0.237561	0.019481
0.987506	0.286306	0.401912	0.237503	0.019476
0.987506	0.286208	0.401829	0.237445	0.0194721
0.988006	0.286208	0.401912	0.237906	0.0194691
0.988006	0.286109	0.401829	0.237848	0.0194676
0.988006	0.28601	0.401747	0.237791	0.0194477
0.988006	0.285912	0.401664	0.237733	0.0194355
0.988006	0.285813	0.401582	0.237675	0.0194288
0.988006	0.285714	0.4015	0.237617	0.0194288
0.988006	0.285616	0.401417	0.237559	0.0194279
0.988006	0.285517	0.401335	0.237501	0.0194187
0.988006	0.285418	0.401252	0.237444	0.0193917
0.988006	0.28532	0.40117	0.237386	0.0193916
0.988006	0.285221	0.401088	0.237328	0.0193868
0.988006	0.285122	0.401005	0.23727	0.0193337
0.988006	0.285024	0.400923	0.237212	0.0193184
0.988506	0.285024	0.401005	0.237674	0.0192857
0.988506	0.284925	0.400923	0.237616	0.0192845
0.988506	0.284826	0.40084	0.237559	0.0192447
0.988506	0.284728	0.400758	0.237501	0.0192172
0.988506	0.284629	0.400676	0.237443	0.0191609
0.988506	0.28453	0.400593	0.237385	0.0191493
0.988506	0.284432	0.400511	0.237327	0.0191424
0.988506	0.284333	0.400428	0.23727	0.0191418
0.988506	0.284234	0.400346	0.237212	0.0191307
0.988506	0.284136	0.400264	0.237154	0.0191302
0.988506	0.284037	0.400181	0.237096	0.0191184
0.988506	0.283938	0.400099	0.237038	0.0191114
0.988506	0.28384	0.400016	0.236981	0.0191004
0.988506	0.283741	0.399934	0.236923	0.0190898
0.988506	0.283642	0.399852	0.236865	0.0190873
0.988506	0.283544	0.399769	0.236807	0.0190736
0.988506	0.283445	0.399687	0.236749	0.0190513
0.988506	0.283346	0.399605	0.236691	0.0190252
0.988506	0.283248	0.399522	0.236634	0.0189784
0.988506	0.283149	0.39944	0.236576	0.0189699
0.988506	0.283051	0.399357	0.236518	0.0189544
0.988506	0.282952	0.399275	0.23646	0.0189538
0.988506	0.282853	0.399193	0.236402	0.0189421
0.988506	0.282755	0.39911	0.236344	0.0189008
0.988506	0.282656	0.399028	0.236287	0.0188959
0.988506	0.282557	0.398945	0.236229	0.0188676
0.988506	0.282459	0.398863	0.236171	0.0188658
0.988506	0.28236	0.398781	0.236113	0.0188519
0.988506	0.282261	0.398698	0.236055	0.018839
0.988506	0.282163	0.398616	0.235997	0.0188286
0.988506	0.282064	0.398533	0.23594	0.0188197
0.988506	0.281965	0.398451	0.235882	0.0187877
0.988506	0.281867	0.398369	0.235824	0.0187678
0.988506	0.281768	0.398286	0.235766	0.018767
0.988506	0.281669	0.398204	0.235708	0.0187508
0.988506	0.281571	0.398121	0.23565	0.0187499
0.988506	0.281472	0.398039	0.235592	0.0187137
0.988506	0.281373	0.397957	0.235535	0.0186882
0.988506	0.281275	0.397874	0.235477	0.0186848
0.988506	0.281176	0.397792	0.235419	0.0186701
0.988506	0.281077	0.397709	0.235361	0.0186683
0.988506	0.280979	0.397627	0.235303	0.0186661
0.988506	0.28088	0.397545	0.235245	0.018662
0.988506	0.280781	0.397462	0.235187	0.0186527
0.988506	0.280683	0.39738	0.23513	0.0186381
0.988506	0.280584	0.397298	0.235072	0.0186343
0.988506	0.280485	0.397215	0.235014	0.0186326
0.988506	0.280387	0.397133	0.234956	0.018624
0.988506	0.280288	0.39705	0.234898	0.0186087
0.988506	0.280189	0.396968	0.23484	0.018603
0.988506	0.280091	0.396886	0.234782	0.0185879
0.988506	0.279992	0.396803	0.234724	0.018587
0.988506	0.279893	0.396721	0.234667	0.0185612
0.988506	0.279795	0.396638	0.234609	0.0185392
0.988506	0.279696	0.396556	0.234551	0.0185366
0.988506	0.279597	0.396474	0.234493	0.0185333
0.988506	0.279499	0.396391	0.234435	0.0184925
0.988506	0.2794	0.396309	0.234377	0.0184861
0.988506	0.279301	0.396226	0.234319	0.0184684
0.988506	0.279203	0.396144	0.234261	0.0184377
0.988506	0.279104	0.396062	0.234203	0.0184348
0.988506	0.279006	0.395979	0.234146	0.01842
0.988506	0.278907	0.395897	0.234088	0.0183468
0.988506	0.278808	0.395814	0.23403	0.0183048
0.988506	0.27871	0.395732	0.233972	0.0182884
0.988506	0.278611	0.39565	0.233914	0.0182833
0.988506	0.278512	0.395567	0.233856	0.0182592
0.988506	0.278414	0.395485	0.233798	0.0182425
0.988506	0.278315	0.395402	0.23374	0.0182414
0.988506	0.278216	0.39532	0.233682	0.0182257
0.988506	0.278118	0.395238	0.233624	0.0182134
0.988506	0.278019	0.395155	0.233567	0.018211
0.988506	0.27792	0.395073	0.233509	0.0182023
0.988506	0.277822	0.394991	0.233451	0.0181963
0.988506	0.277723	0.394908	0.233393	0.0181908
0.988506	0.277624	0.394826	0.233335	0.0181902
0.988506	0.277526	0.394743	0.233277	0.0181787
0.988506	0.277427	0.394661	0.233219	0.0181574
0.988506	0.277328	0.394579	0.233161	0.0181187
0.988506	0.27723	0.394496	0.233103	0.0181077
0.988506	0.277131	0.394414	0.233045	0.0180959
0.988506	0.277032	0.394331	0.232987	0.0180951
0.988506	0.276934	0.394249	0.232929	0.0180857
0.988506	0.276835	0.394167	0.232871	0.0180504
0.988506	0.276736	0.394084	0.232813	0.0180411
0.988506	0.276638	0.394002	0.232756	0.0180113
0.988506	0.276539	0.393919	0.232698	0.0179986
0.988506	0.27644	0.393837	0.23264	0.0179815
0.988506	0.276342	0.393755	0.232582	0.0179812
0.988506	0.276243	0.393672	0.232524	0.0179681
0.988506	0.276144	0.39359	0.232466	0.0179312
0.988506	0.276046	0.393507	0.232408	0.0179309
0.988506	0.275947	0.393425	0.23235	0.0179199
0.988506	0.275848	0.393343	0.232292	0.0179081
0.988506	0.27575	0.39326	0.232234	0.0178951
0.988506	0.275651	0.393178	0.232176	0.0178946
0.988506	0.275552	0.393095	0.232118	0.0178827
0.988506	0.275454	0.393013	0.23206	0.0178635
0.988506	0.275355	0.392931	0.232002	0.0178563
0.989005	0.275355	0.393013	0.23247	0.0178467
0.989005	0.275257	0.392931	0.232413	0.0178421
0.989005	0.275158	0.392848	0.232355	0.0178356
0.989005	0.275059	0.392766	0.232297	0.0178129
0.989005	0.274961	0.392684	0.232239	0.0178073
0.989005	0.274862	0.392601	0.232181	0.0177918
0.989005	0.274763	0.392519	0.232123	0.017767
0.989005	0.274665	0.392436	0.232065	0.0177109
0.989005	0.274566	0.392354	0.232007	0.0176871
0.989005	0.274467	0.392272	0.231949	0.0176723
0.989005	0.274369	0.392189	0.231891	0.0176698
0.989005	0.27427	0.392107	0.231833	0.0176628
0.989005	0.274171	0.392024	0.231775	0.0176519
0.989005	0.274073	0.391942	0.231718	0.0176207
0.989005	0.273974	0.39186	0.23166	0.0176144
0.989005	0.273875	0.391777	0.231602	0.0175696
0.989005	0.273777	0.391695	0.231544	0.0175682
0.989005	0.273678	0.391612	0.231486	0.0175616
0.989005	0.273579	0.39153	0.231428	0.0175379
0.989005	0.273481	0.391448	0.23137	0.01746
0.989005	0.273382	0.391365	0.231312	0.0174585
0.989005	0.273283	0.391283	0.231254	0.0174521
0.989005	0.273185	0.3912	0.231196	0.0174199
0.989005	0.273086	0.391118	0.231138	0.017389
0.989005	0.272987	0.391036	0.23108	0.0173634
0.989005	0.272889	0.390953	0.231022	0.0173597
0.989005	0.27279	0.390871	0.230964	0.0173302
0.989005	0.272691	0.390788	0.230906	0.0173196
0.989005	0.272593	0.390706	0.230848	0.0173165
0.989005	0.272494	0.390624	0.23079	0.0173041
0.989005	0.272395	0.390541	0.230732	0.0173037
0.989005	0.272297	0.390459	0.230674	0.0172972
0.989005	0.272198	0.390377	0.230617	0.0172893
0.989005	0.272099	0.390294	0.230559	0.0172671
0.989005	0.272001	0.390212	0.230501	0.017263
0.989005	0.271902	0.390129	0.230443	0.0172254
0.989005	0.271803	0.390047	0.230385	0.0172106
0.989005	0.271705	0.389965	0.230327	0.0172031
0.989005	0.271606	0.389882	0.230269	0.0172002
0.989005	0.271507	0.3898	0.230211	0.0171847
0.989005	0.271409	0.389717	0.230153	0.0171549
0.989005	0.27131	0.389635	0.230095	0.0171429
0.989005	0.271212	0.389553	0.230037	0.0171223
0.989005	0.271113	0.38947	0.229979	0.0171087
0.989005	0.271014	0.389388	0.229921	0.0170842
0.989005	0.270916	0.389305	0.229863	0.0170381
0.989005	0.270817	0.389223	0.229805	0.0170365
0.989005	0.270718	0.389141	0.229747	0.0170122
0.989005	0.27062	0.389058	0.229689	0.0169967
0.989005	0.270521	0.388976	0.229631	0.0169937
0.989005	0.270422	0.388893	0.229573	0.0169866
0.989005	0.270324	0.388811	0.229515	0.016984
0.989005	0.270225	0.388729	0.229457	0.0169753
0.989005	0.270126	0.388646	0.229399	0.0169534
0.989005	0.270028	0.388564	0.229341	0.0169428
0.989005	0.269929	0.388482	0.229283	0.0168949
0.989005	0.26983	0.388399	0.229225	0.0168928
0.989005	0.269732	0.388317	0.229167	0.0168475
0.989005	0.269633	0.388234	0.229109	0.0168443
0.989005	0.269534	0.388152	0.229051	0.0168311
0.989005	0.269436	0.38807	0.228993	0.016795
0.989005	0.269337	0.387987	0.228935	0.0167513
0.989005	0.269238	0.387905	0.228877	0.0167211
0.989005	0.26914	0.387822	0.228819	0.0167091
0.989005	0.269041	0.38774	0.22876	0.0166843
0.989005	0.268942	0.387658	0.228702	0.0166711
0.989005	0.268844	0.387575	0.228644	0.0166505
0.989005	0.268745	0.387493	0.228586	0.0166498
0.989005	0.268646	0.38741	0.228528	0.016648
0.989005	0.268548	0.387328	0.22847	0.0166406
0.989005	0.268449	0.387246	0.228412	0.0166374
0.989005	0.26835	0.387163	0.228354	0.0166079
0.989005	0.268252	0.387081	0.228296	0.0166078
0.989005	0.268153	0.386998	0.228238	0.0166
0.989005	0.268054	0.386916	0.22818	0.0165883
0.989005	0.267956	0.386834	0.228122	0.0165694
0.989005	0.267857	0.386751	0.228064	0.0165559
0.989005	0.267758	0.386669	0.228006	0.0165369
0.989005	0.26766	0.386586	0.227948	0.0165175
0.989005	0.267561	0.386504	0.22789	0.0165164
0.989005	0.267463	0.386422	0.227832	0.0165087
0.989005	0.267364	0.386339	0.227774	0.016504
0.989505	0.267364	0.386422	0.228247	0.0164707
0.989505	0.267265	0.386339	0.228189	0.0164675
0.989505	0.267167	0.386257	0.228131	0.0164663
0.989505	0.267068	0.386175	0.228073	0.01646
0.989505	0.266969	0.386092	0.228015	0.0164563
0.989505	0.266871	0.38601	0.227957	0.0164534
0.989505	0.266772	0.385927	0.227899	0.016442
0.989505	0.266673	0.385845	0.227841	0.0164287
0.989505	0.266575	0.385763	0.227783	0.0164217
0.989505	0.266476	0.38568	0.227725	0.0163809
0.989505	0.266377	0.385598	0.227667	0.0163612
0.989505	0.266279	0.385515	0.227609	0.0163535
0.989505	0.26618	0.385433	0.227551	0.0163526
0.989505	0.266081	0.385351	0.227493	0.0162978
0.989505	0.265983	0.385268	0.227435	0.0162796
0.989505	0.265884	0.385186	0.227377	0.0162781
0.989505	0.265785	0.385103	0.227319	0.0162712
0.989505	0.265687	0.385021	0.227261	0.0162444
0.989505	0.265588	0.384939	0.227203	0.0162352
0.989505	0.265489	0.384856	0.227145	0.0162157
0.989505	0.265391	0.384774	0.227086	0.0162107
0.989505	0.265292	0.384691	0.227028	0.0161775
0.989505	0.265193	0.384609	0.22697	0.016169
0.989505	0.265095	0.384527	0.226912	0.0161669
0.989505	0.264996	0.384444	0.226854	0.0161481
0.989505	0.264897	0.384362	0.226796	0.0161396
0.989505	0.264799	0.384279	0.226738	0.0161293
0.989505	0.2647	0.384197	0.22668	0.016116
0.989505	0.264601	0.384115	0.226622	0.0161144
0.989505	0.264503	0.384032	0.226564	0.0161111
0.989505	0.264404	0.38395	0.226506	0.0161029
0.989505	0.264305	0.383868	0.226448	0.0160855
0.989505	0.264207	0.383785	0.22639	0.0160827
0.989505	0.264108	0.383703	0.226332	0.0160728
0.989505	0.264009	0.38362	0.226273	0.016061
0.989505	0.263911	0.383538	0.226215	0.016022
0.989505	0.263812	0.383456	0.226157	0.0160189
0.989505	0.263713	0.383373	0.226099	0.015968
0.989505	0.263615	0.383291	0.226041	0.0159661
0.989505	0.263516	0.383208	0.225983	0.0159627
0.989505	0.263418	0.383126	0.225925	0.0159408
0.989505	0.263319	0.383044	0.225867	0.0159391
0.989505	0.26322	0.382961	0.225809	0.0159218
0.989505	0.263122	0.382879	0.22575	0.0159208
0.989505	0.263023	0.382796	0.225692	0.0158955
0.989505	0.262924	0.382714	0.225634	0.0158841
0.989505	0.262826	0.382632	0.225576	0.0158815
0.989505	0.262727	0.382549	0.225518	0.0158487
0.989505	0.262628	0.382467	0.22546	0.0158212
0.989505	0.26253	0.382384	0.225402	0.0158204
0.989505	0.262431	0.382302	0.225344	0.0157624
0.989505	0.262332	0.38222	0.225285	0.0157464
0.990005	0.262332	0.382302	0.225763	0.0157276
0.990005	0.262234	0.38222	0.225705	0.015715
0.990005	0.262135	0.382137	0.225647	0.0157105
0.990005	0.262036	0.382055	0.225589	0.0156986
0.990005	0.261938	0.381972	0.22553	0.0156753
0.990005	0.261839	0.38189	0.225472	0.0156743
0.990005	0.26174	0.381808	0.225414	0.0156684
0.990005	0.261642	0.381725	0.225356	0.015662
0.990005	0.261543	0.381643	0.225298	0.0155755
0.990005	0.261444	0.381561	0.22524	0.0155737
0.990005	0.261346	0.381478	0.225182	0.0155661
0.990005	0.261247	0.381396	0.225124	0.0155547
0.990005	0.261148	0.381313	0.225066	0.0155503
0.990005	0.26105	0.381231	0.225008	0.0155488
0.990005	0.260951	0.381149	0.22495	0.0155448
0.990005	0.260852	0.381066	0.224891	0.015543
0.990005	0.260754	0.380984	0.224833	0.0155246
0.990005	0.260655	0.380901	0.224775	0.0154963
0.990005	0.260556	0.380819	0.224717	0.0154834
0.990005	0.260458	0.380737	0.224659	0.0154701
0.990005	0.260359	0.380654	0.224601	0.015463
0.990005	0.26026	0.380572	0.224543	0.0154601
0.990005	0.260162	0.380489	0.224485	0.0154588
0.990005	0.260063	0.380407	0.224426	0.0154578
0.990005	0.259964	0.380325	0.224368	0.0154533
0.990005	0.259866	0.380242	0.22431	0.0154158
0.990005	0.259767	0.38016	0.224252	0.0154133
0.990005	0.259669	0.380077	0.224194	0.0154087
0.990005	0.25957	0.379995	0.224136	0.0154075
0.990005	0.259471	0.379913	0.224078	0.0153857
0.990005	0.259373	0.37983	0.22402	0.0153788
0.990005	0.259274	0.379748	0.223961	0.0153704
0.990005	0.259175	0.379665	0.223903	0.0153561
0.990005	0.259077	0.379583	0.223845	0.0153532
0.990005	0.258978	0.379501	0.223787	0.015353
0.990005	0.258879	0.379418	0.223729	0.015341
0.990005	0.258781	0.379336	0.223671	0.0153401
0.990005	0.258682	0.379254	0.223612	0.0153331
0.990005	0.258583	0.379171	0.223554	0.015331
0.990005	0.258485	0.379089	0.223496	0.0153223
0.990005	0.258386	0.379006	0.223438	0.0153209
0.990005	0.258287	0.378924	0.22338	0.0152981
0.990005	0.258189	0.378842	0.223322	0.015298
0.990005	0.25809	0.378759	0.223263	0.0152925
0.990005	0.257991	0.378677	0.223205	0.0152808
0.990005	0.257893	0.378594	0.223147	0.0152756
0.990005	0.257794	0.378512	0.223089	0.015249
0.990005	0.257695	0.37843	0.223031	0.0152384
0.990005	0.257597	0.378347	0.222972	0.0152359
0.990005	0.257498	0.378265	0.222914	0.0152326
0.990005	0.257399	0.378182	0.222856	0.0152251
0.990005	0.257301	0.3781	0.222798	0.0151843
0.990005	0.257202	0.378018	0.22274	0.0151765
0.990005	0.257103	0.377935	0.222681	0.0151718
0.990005	0.257005	0.377853	0.222623	0.0151019
0.990005	0.256906	0.37777	0.222565	0.0150995
0.990005	0.256807	0.377688	0.222507	0.0150956
0.990005	0.256709	0.377606	0.222448	0.015088
0.990005	0.25661	0.377523	0.22239	0.0150818
0.990005	0.256511	0.377441	0.222332	0.0150725
0.990005	0.256413	0.377358	0.222274	0.015064
0.990005	0.256314	0.377276	0.222216	0.0150636
0.990005	0.256215	0.377194	0.222157	0.0150618
0.990005	0.256117	0.377111	0.222099	0.015024
0.990005	0.256018	0.377029	0.222041	0.0150183
0.990005	0.255919	0.376947	0.221983	0.015011
0.990005	0.255821	0.376864	0.221924	0.0150087
0.990005	0.255722	0.376782	0.221866	0.0150076
0.990005	0.255624	0.376699	0.221808	0.0149722
0.990005	0.255525	0.376617	0.22175	0.01497
0.990005	0.255426	0.376535	0.221691	0.0149615
0.990005	0.255328	0.376452	0.221633	0.014943
0.990005	0.255229	0.37637	0.221575	0.0149396
0.990005	0.25513	0.376287	0.221517	0.0149233
0.990005	0.255032	0.376205	0.221458	0.0149216
0.990005	0.254933	0.376123	0.2214	0.0149108
0.990005	0.254834	0.37604	0.221342	0.0149031
0.990005	0.254736	0.375958	0.221283	0.0148861
0.990005	0.254637	0.375875	0.221225	0.0148751
0.990005	0.254538	0.375793	0.221167	0.0148389
0.990005	0.25444	0.375711	0.221109	0.014838
0.990005	0.254341	0.375628	0.22105	0.014832
0.990005	0.254242	0.375546	0.220992	0.014808
0.990005	0.254144	0.375463	0.220934	0.0148064
0.990005	0.254045	0.375381	0.220875	0.0148057
0.990005	0.253946	0.375299	0.220817	0.0147861
0.990005	0.253848	0.375216	0.220759	0.01475
0.990005	0.253749	0.375134	0.2207	0.0147452
0.990005	0.25365	0.375051	0.220642	0.0147041
0.990005	0.253552	0.374969	0.220584	0.0147027
0.990005	0.253453	0.374887	0.220525	0.0146859
0.990005	0.253354	0.374804	0.220467	0.0146441
0.990005	0.253256	0.374722	0.220409	0.0146319
0.990005	0.253157	0.37464	0.22035	0.0146132
0.990005	0.253058	0.374557	0.220292	0.0146008
0.990005	0.25296	0.374475	0.220234	0.0145971
0.990005	0.252861	0.374392	0.220175	0.0145796
0.990005	0.252762	0.37431	0.220117	0.0145612
0.990005	0.252664	0.374228	0.220059	0.0145399
0.990005	0.252565	0.374145	0.22	0.0145326
0.990005	0.252466	0.374063	0.219942	0.0145208
0.990005	0.252368	0.37398	0.219884	0.0145179
0.990005	0.252269	0.373898	0.219825	0.0145138
0.990005	0.25217	0.373816	0.219767	0.0145064
0.990005	0.252072	0.373733	0.219709	0.0144937
0.990005	0.251973	0.373651	0.21965	0.0144757
0.990005	0.251875	0.373568	0.219592	0.0144744
0.990005	0.251776	0.373486	0.219533	0.0144708
0.990005	0.251677	0.373404	0.219475	0.0144366
0.990005	0.251579	0.373321	0.219417	0.0144321
0.990005	0.25148	0.373239	0.219358	0.0144072
0.990005	0.251381	0.373156	0.2193	0.0144066
0.990005	0.251283	0.373074	0.219242	0.0144012
0.990005	0.251184	0.372992	0.219183	0.0143986
0.990005	0.251085	0.372909	0.219125	0.0143959
0.990005	0.250987	0.372827	0.219066	0.0143926
0.990005	0.250888	0.372745	0.219008	0.0143865
0.990005	0.250789	0.372662	0.21895	0.0143805
0.990005	0.250691	0.37258	0.218891	0.0143722
0.990005	0.250592	0.372497	0.218833	0.0143641
0.990005	0.250493	0.372415	0.218774	0.0143511
0.990005	0.250395	0.372333	0.218716	0.014343
0.990505	0.250395	0.372415	0.219202	0.0143162
0.990505	0.250296	0.372333	0.219144	0.0143023
0.990505	0.250197	0.37225	0.219085	0.014297
0.990505	0.250099	0.372168	0.219027	0.0142664
0.990505	0.25	0.372085	0.218969	0.0142585
0.990505	0.249901	0.372003	0.21891	0.0142378
0.990505	0.249803	0.371921	0.218852	0.014225
0.990505	0.249704	0.371838	0.218793	0.0142049
0.990505	0.249605	0.371756	0.218735	0.0142032
0.990505	0.249507	0.371673	0.218677	0.0142024
0.990505	0.249408	0.371591	0.218618	0.0141849
0.990505	0.249309	0.371509	0.21856	0.0141771
0.990505	0.249211	0.371426	0.218502	0.0141695
0.990505	0.249112	0.371344	0.218443	0.0141646
0.990505	0.249013	0.371261	0.218385	0.01416
0.990505	0.248915	0.371179	0.218326	0.0141588
0.990505	0.248816	0.371097	0.218268	0.0141534
0.990505	0.248717	0.371014	0.21821	0.0141405
0.990505	0.248619	0.370932	0.218151	0.0141379
0.990505	0.24852	0.370849	0.218093	0.0141288
0.990505	0.248421	0.370767	0.218034	0.0141254
0.990505	0.248323	0.370685	0.217976	0.0141082
0.990505	0.248224	0.370602	0.217917	0.0140908
0.990505	0.248125	0.37052	0.217859	0.0140905
0.990505	0.248027	0.370438	0.217801	0.0140812
0.990505	0.247928	0.370355	0.217742	0.0140572
0.990505	0.24783	0.370273	0.217684	0.0140444
0.990505	0.247731	0.37019	0.217625	0.0140337
0.990505	0.247632	0.370108	0.217567	0.0140095
0.990505	0.247534	0.370026	0.217508	0.0139895
0.990505	0.247435	0.369943	0.21745	0.0139826
0.990505	0.247336	0.369861	0.217392	0.0139746
0.990505	0.247238	0.369778	0.217333	0.0139656
0.990505	0.247139	0.369696	0.217275	0.0139487
0.990505	0.24704	0.369614	0.217216	0.0139399
0.990505	0.246942	0.369531	0.217158	0.013939
0.990505	0.246843	0.369449	0.217099	0.013932
0.990505	0.246744	0.369366	0.217041	0.0139169
0.990505	0.246646	0.369284	0.216982	0.013888
0.990505	0.246547	0.369202	0.216924	0.0138776
0.990505	0.246448	0.369119	0.216865	0.0138753
0.990505	0.24635	0.369037	0.216807	0.0138561
0.990505	0.246251	0.368954	0.216748	0.0138517
0.990505	0.246152	0.368872	0.21669	0.0138503
0.990505	0.246054	0.36879	0.216631	0.0138302
0.990505	0.245955	0.368707	0.216573	0.0138258
0.990505	0.245856	0.368625	0.216514	0.0138233
0.990505	0.245758	0.368542	0.216456	0.0138023
0.990505	0.245659	0.36846	0.216397	0.013743
0.990505	0.24556	0.368378	0.216339	0.0137406
0.990505	0.245462	0.368295	0.21628	0.013739
0.990505	0.245363	0.368213	0.216222	0.0136891
0.990505	0.245264	0.368131	0.216163	0.0136883
0.990505	0.245166	0.368048	0.216105	0.0136873
0.990505	0.245067	0.367966	0.216046	0.0136576
0.990505	0.244968	0.367883	0.215988	0.0136463
0.990505	0.24487	0.367801	0.215929	0.0136428
0.990505	0.244771	0.367719	0.21587	0.0135962
0.990505	0.244672	0.367636	0.215812	0.0135754
0.990505	0.244574	0.367554	0.215753	0.0135731
0.990505	0.244475	0.367471	0.215695	0.0135515
0.990505	0.244376	0.367389	0.215636	0.0135508
0.990505	0.244278	0.367307	0.215578	0.0135448
0.990505	0.244179	0.367224	0.215519	0.0135439
0.990505	0.244081	0.367142	0.215461	0.0135152
0.990505	0.243982	0.367059	0.215402	0.013515
0.990505	0.243883	0.366977	0.215343	0.013493
0.990505	0.243785	0.366895	0.215285	0.0134908
0.990505	0.243686	0.366812	0.215226	0.0134793
0.990505	0.243587	0.36673	0.215168	0.0134583
0.990505	0.243489	0.366647	0.215109	0.0134561
0.990505	0.24339	0.366565	0.21505	0.0134514
0.990505	0.243291	0.366483	0.214992	0.0134283
0.990505	0.243193	0.3664	0.214933	0.0134143
0.990505	0.243094	0.366318	0.214875	0.0133984
0.990505	0.242995	0.366235	0.214816	0.0133881
0.990505	0.242897	0.366153	0.214757	0.013386
0.990505	0.242798	0.366071	0.214699	0.0133687
0.990505	0.242699	0.365988	0.21464	0.0133554
0.990505	0.242601	0.365906	0.214582	0.0133478
0.990505	0.242502	0.365824	0.214523	0.0133452
0.990505	0.242403	0.365741	0.214464	0.0133006
0.990505	0.242305	0.365659	0.214406	0.0132927
0.991004	0.242305	0.365741	0.214898	0.0132894
0.991004	0.242206	0.365659	0.21484	0.0132762
0.991004	0.242107	0.365576	0.214781	0.0132724
0.991004	0.242009	0.365494	0.214723	0.0132435
0.991004	0.24191	0.365412	0.214664	0.0132159
0.991004	0.241811	0.365329	0.214605	0.0132133
0.991004	0.241713	0.365247	0.214547	0.0132042
0.991004	0.241614	0.365164	0.214488	0.013197
0.991004	0.241515	0.365082	0.21443	0.013179
0.991004	0.241417	0.365	0.214371	0.0131765
0.991004	0.241318	0.364917	0.214312	0.0131726
0.991004	0.241219	0.364835	0.214254	0.013167
0.991004	0.241121	0.364752	0.214195	0.0131473
0.991004	0.241022	0.36467	0.214137	0.0131428
0.991004	0.240923	0.364588	0.214078	0.0131068
0.991004	0.240825	0.364505	0.214019	0.0131067
0.991004	0.240726	0.364423	0.213961	0.0131022
0.991004	0.240627	0.36434	0.213902	0.0130903
0.991004	0.240529	0.364258	0.213843	0.0130755
0.991004	0.24043	0.364176	0.213785	0.0130609
0.991004	0.240331	0.364093	0.213726	0.013052
0.991004	0.240233	0.364011	0.213668	0.0130272
0.991004	0.240134	0.363928	0.213609	0.0130272
0.991004	0.240036	0.363846	0.21355	0.0130112
0.991004	0.239937	0.363764	0.213492	0.0130109
0.991004	0.239838	0.363681	0.213433	0.0130104
0.991504	0.239838	0.363764	0.213928	0.0130025
0.991504	0.23974	0.363681	0.213869	0.0129972
0.991504	0.239641	0.363599	0.213811	0.0129937
0.991504	0.239542	0.363517	0.213752	0.012953
0.991504	0.239444	0.363434	0.213693	0.0129446
0.991504	0.239345	0.363352	0.213635	0.0129414
0.991504	0.239246	0.363269	0.213576	0.0129408
0.991504	0.239148	0.363187	0.213518	0.0129366
0.991504	0.239049	0.363105	0.213459	0.0129201
0.991504	0.23895	0.363022	0.2134	0.0128978
0.991504	0.238852	0.36294	0.213342	0.012894
0.991504	0.238753	0.362857	0.213283	0.0128838
0.991504	0.238654	0.362775	0.213224	0.0128567
0.991504	0.238556	0.362693	0.213166	0.0128479
0.991504	0.238457	0.36261	0.213107	0.0128347
0.991504	0.238358	0.362528	0.213049	0.0128328
0.991504	0.23826	0.362445	0.21299	0.0128267
0.991504	0.238161	0.362363	0.212931	0.0128259
0.991504	0.238062	0.362281	0.212873	0.0128096
0.991504	0.237964	0.362198	0.212814	0.0128026
0.991504	0.237865	0.362116	0.212755	0.012799
0.991504	0.237766	0.362033	0.212697	0.0127866
0.991504	0.237668	0.361951	0.212638	0.0127756
0.991504	0.237569	0.361869	0.212579	0.0127714
0.991504	0.23747	0.361786	0.212521	0.0127678
0.991504	0.237372	0.361704	0.212462	0.0127639
0.991504	0.237273	0.361621	0.212403	0.0127529
0.991504	0.237174	0.361539	0.212345	0.0127516
0.991504	0.237076	0.361457	0.212286	0.0127038
0.991504	0.236977	0.361374	0.212227	0.0127032
0.991504	0.236878	0.361292	0.212169	0.0126811
0.991504	0.23678	0.36121	0.21211	0.0126557
0.991504	0.236681	0.361127	0.212051	0.0126547
0.991504	0.236582	0.361045	0.211992	0.012647
0.991504	0.236484	0.360962	0.211934	0.0126388
0.991504	0.236385	0.36088	0.211875	0.0126349
0.991504	0.236287	0.360798	0.211816	0.0126345
0.991504	0.236188	0.360715	0.211758	0.0126161
0.991504	0.236089	0.360633	0.211699	0.0125651
0.991504	0.235991	0.36055	0.21164	0.0125581
0.991504	0.235892	0.360468	0.211581	0.0125517
0.991504	0.235793	0.360386	0.211523	0.0125413
0.991504	0.235695	0.360303	0.211464	0.0125068
0.991504	0.235596	0.360221	0.211405	0.0125059
0.991504	0.235497	0.360138	0.211346	0.0124956
0.991504	0.235399	0.360056	0.211288	0.0124954
0.991504	0.2353	0.359974	0.211229	0.0124946
0.991504	0.235201	0.359891	0.21117	0.012484
0.991504	0.235103	0.359809	0.211111	0.012483
0.991504	0.235004	0.359726	0.211053	0.0124789
0.991504	0.234905	0.359644	0.210994	0.0124773
0.991504	0.234807	0.359562	0.210935	0.0124656
0.991504	0.234708	0.359479	0.210876	0.0124652
0.991504	0.234609	0.359397	0.210817	0.012462
0.991504	0.234511	0.359314	0.210759	0.0124547
0.991504	0.234412	0.359232	0.2107	0.0124424
0.991504	0.234313	0.35915	0.210641	0.0124152
0.991504	0.234215	0.359067	0.210582	0.0123732
0.991504	0.234116	0.358985	0.210523	0.0123688
0.991504	0.234017	0.358903	0.210465	0.0123652
0.991504	0.233919	0.35882	0.210406	0.0123642
0.991504	0.23382	0.358738	0.210347	0.0123485
0.991504	0.233721	0.358655	0.210288	0.0123414
0.991504	0.233623	0.358573	0.210229	0.0123389
0.991504	0.233524	0.358491	0.210171	0.0123366
0.991504	0.233425	0.358408	0.210112	0.012335
0.991504	0.233327	0.358326	0.210053	0.0123326
0.991504	0.233228	0.358243	0.209994	0.0123179
0.991504	0.233129	0.358161	0.209935	0.0123147
0.991504	0.233031	0.358079	0.209876	0.0123114
0.991504	0.232932	0.357996	0.209817	0.0122993
0.991504	0.232833	0.357914	0.209759	0.0122819
0.991504	0.232735	0.357831	0.2097	0.0122608
0.991504	0.232636	0.357749	0.209641	0.0122519
0.991504	0.232537	0.357667	0.209582	0.0122149
0.991504	0.232439	0.357584	0.209523	0.0121908
0.991504	0.23234	0.357502	0.209464	0.0121884
0.991504	0.232242	0.357419	0.209405	0.0121848
0.991504	0.232143	0.357337	0.209346	0.0121812
0.991504	0.232044	0.357255	0.209287	0.0121768
0.991504	0.231946	0.357172	0.209229	0.0121764
0.992004	0.231946	0.357255	0.20973	0.0121543
0.992004	0.231847	0.357172	0.209671	0.0121371
0.992004	0.231748	0.35709	0.209612	0.0121282
0.992004	0.23165	0.357007	0.209554	0.0121079
0.992004	0.231551	0.356925	0.209495	0.012101
0.992004	0.231452	0.356843	0.209436	0.0120857
0.992004	0.231354	0.35676	0.209377	0.0120805
0.992004	0.231255	0.356678	0.209318	0.0120627
0.992004	0.231156	0.356596	0.209259	0.0120378
0.992004	0.231058	0.356513	0.2092	0.0120176
0.992004	0.230959	0.356431	0.209142	0.0120073
0.992004	0.23086	0.356348	0.209083	0.0119985
0.992004	0.230762	0.356266	0.209024	0.011996
0.992004	0.230663	0.356184	0.208965	0.0119858
0.992004	0.230564	0.356101	0.208906	0.011953
0.992004	0.230466	0.356019	0.208847	0.0119282
0.992004	0.230367	0.355936	0.208788	0.0119218
0.992004	0.230268	0.355854	0.208729	0.0119152
0.992004	0.23017	0.355772	0.20867	0.011893
0.992004	0.230071	0.355689	0.208612	0.0118879
0.992004	0.229972	0.355607	0.208553	0.0118782
0.992004	0.229874	0.355524	0.208494	0.0118678
0.992004	0.229775	0.355442	0.208435	0.0118671
0.992004	0.229676	0.35536	0.208376	0.0118576
0.992004	0.229578	0.355277	0.208317	0.0118513
0.992004	0.229479	0.355195	0.208258	0.0118499
0.992004	0.22938	0.355112	0.208199	0.0118495
0.992004	0.229282	0.35503	0.20814	0.0118447
0.992004	0.229183	0.354948	0.208081	0.0117957
0.992004	0.229084	0.354865	0.208022	0.0117825
0.992004	0.228986	0.354783	0.207963	0.0117776
0.992004	0.228887	0.354701	0.207904	0.0117693
0.992004	0.228788	0.354618	0.207845	0.0117479
0.992004	0.22869	0.354536	0.207786	0.0117377
0.992004	0.228591	0.354453	0.207727	0.0117259
0.992004	0.228493	0.354371	0.207668	0.0117119
0.992004	0.228394	0.354289	0.207609	0.0116926
0.992004	0.228295	0.354206	0.20755	0.011688
0.992004	0.228197	0.354124	0.207491	0.011687
0.992004	0.228098	0.354041	0.207432	0.0116864
0.992504	0.228098	0.354124	0.207938	0.0116832
0.992504	0.227999	0.354041	0.207879	0.0116696
0.992504	0.227901	0.353959	0.20782	0.0116654
0.992504	0.227802	0.353877	0.207761	0.0116504
0.992504	0.227703	0.353794	0.207702	0.0116465
0.992504	0.227605	0.353712	0.207643	0.0116344
0.992504	0.227506	0.353629	0.207584	0.0116343
0.992504	0.227407	0.353547	0.207525	0.0116268
0.992504	0.227309	0.353465	0.207466	0.0116264
0.992504	0.22721	0.353382	0.207407	0.0116238
0.992504	0.227111	0.3533	0.207348	0.0116201
0.992504	0.227013	0.353217	0.207289	0.0115959
0.992504	0.226914	0.353135	0.20723	0.0115878
0.992504	0.226815	0.353053	0.207171	0.0115832
0.992504	0.226717	0.35297	0.207112	0.011569
0.992504	0.226618	0.352888	0.207053	0.0115672
0.992504	0.226519	0.352805	0.206994	0.0115517
0.992504	0.226421	0.352723	0.206935	0.0115485
0.992504	0.226322	0.352641	0.206876	0.0115433
0.992504	0.226223	0.352558	0.206817	0.0115394
0.992504	0.226125	0.352476	0.206758	0.0115105
0.992504	0.226026	0.352394	0.206699	0.0114983
0.992504	0.225927	0.352311	0.20664	0.0114884
0.992504	0.225829	0.352229	0.206581	0.0114728
0.993003	0.225829	0.352311	0.207089	0.0114609
0.993003	0.22573	0.352229	0.20703	0.0114541
0.993003	0.225631	0.352146	0.206971	0.0114377
0.993003	0.225533	0.352064	0.206912	0.0114255
0.993003	0.225434	0.351982	0.206853	0.0113839
0.993003	0.225335	0.351899	0.206794	0.0113742
0.993003	0.225237	0.351817	0.206735	0.0113576
0.993003	0.225138	0.351734	0.206676	0.0113539
0.993003	0.225039	0.351652	0.206617	0.011352
0.993003	0.224941	0.35157	0.206558	0.011326
0.993003	0.224842	0.351487	0.206499	0.0113124
0.993003	0.224743	0.351405	0.20644	0.0113064
0.993003	0.224645	0.351322	0.206381	0.0112899
0.993003	0.224546	0.35124	0.206322	0.0112823
0.993003	0.224448	0.351158	0.206263	0.0112623
0.993003	0.224349	0.351075	0.206204	0.0112459
0.993003	0.22425	0.350993	0.206145	0.0112451
0.993003	0.224152	0.35091	0.206086	0.0112288
0.993003	0.224053	0.350828	0.206027	0.0112164
0.993003	0.223954	0.350746	0.205968	0.0112135
0.993003	0.223856	0.350663	0.205909	0.0111797
0.993003	0.223757	0.350581	0.20585	0.0111591
0.993003	0.223658	0.350498	0.205791	0.0111268
0.993003	0.22356	0.350416	0.205732	0.0111177
0.993003	0.223461	0.350334	0.205673	0.0111119
0.993003	0.223362	0.350251	0.205614	0.0111108
0.993003	0.223264	0.350169	0.205555	0.0111038
0.993003	0.223165	0.350087	0.205496	0.0111033
0.993003	0.223066	0.350004	0.205437	0.0110832
0.993003	0.222968	0.349922	0.205377	0.0110727
0.993003	0.222869	0.349839	0.205318	0.0110609
0.993003	0.22277	0.349757	0.205259	0.0110511
0.993003	0.222672	0.349675	0.2052	0.011034
0.993003	0.222573	0.349592	0.205141	0.0110309
0.993003	0.222474	0.34951	0.205082	0.0110208
0.993003	0.222376	0.349427	0.205023	0.0109977
0.993003	0.222277	0.349345	0.204964	0.0109937
0.993003	0.222178	0.349263	0.204905	0.0109878
0.993003	0.22208	0.34918	0.204846	0.0109875
0.993003	0.221981	0.349098	0.204787	0.0109715
0.993003	0.221882	0.349015	0.204727	0.0109713
0.993003	0.221784	0.348933	0.204668	0.0109639
0.993003	0.221685	0.348851	0.204609	0.0109501
0.993003	0.221586	0.348768	0.20455	0.0109428
0.993003	0.221488	0.348686	0.204491	0.0109417
0.993003	0.221389	0.348603	0.204432	0.0109385
0.993003	0.22129	0.348521	0.204373	0.0109281
0.993003	0.221192	0.348439	0.204313	0.0109277
0.993003	0.221093	0.348356	0.204254	0.0109015
0.993003	0.220994	0.348274	0.204195	0.0109004
0.993003	0.220896	0.348191	0.204136	0.0108594
0.993003	0.220797	0.348109	0.204077	0.0108452
0.993003	0.220699	0.348027	0.204017	0.0108401
0.993003	0.2206	0.347944	0.203958	0.0108102
0.993003	0.220501	0.347862	0.203899	0.0107913
0.993003	0.220403	0.34778	0.20384	0.0107753
0.993003	0.220304	0.347697	0.203781	0.0107678
0.993003	0.220205	0.347615	0.203721	0.0107537
0.993003	0.220107	0.347532	0.203662	0.0107509
0.993503	0.220107	0.347615	0.204175	0.010748
0.993503	0.220008	0.347532	0.204116	0.0107478
0.993503	0.219909	0.34745	0.204057	0.0107478
0.993503	0.219811	0.347368	0.203998	0.010742
0.993503	0.219712	0.347285	0.203938	0.0107401
0.993503	0.219613	0.347203	0.203879	0.010729
0.993503	0.219515	0.34712	0.20382	0.0107066
0.993503	0.219416	0.347038	0.203761	0.0107043
0.993503	0.219317	0.346956	0.203702	0.0106766
0.993503	0.219219	0.346873	0.203643	0.0106708
0.993503	0.21912	0.346791	0.203583	0.0106707
0.993503	0.219021	0.346708	0.203524	0.0106654
0.993503	0.218923	0.346626	0.203465	0.0106584
0.993503	0.218824	0.346544	0.203406	0.0106482
0.993503	0.218725	0.346461	0.203347	0.010625
0.993503	0.218627	0.346379	0.203288	0.0106124
0.993503	0.218528	0.346296	0.203228	0.0105982
0.993503	0.218429	0.346214	0.203169	0.0105942
0.993503	0.218331	0.346132	0.20311	0.0105937
0.993503	0.218232	0.346049	0.203051	0.0105895
0.993503	0.218133	0.345967	0.202991	0.0105891
0.993503	0.218035	0.345884	0.202932	0.0105883
0.993503	0.217936	0.345802	0.202873	0.010567
0.993503	0.217837	0.34572	0.202814	0.0105602
0.993503	0.217739	0.345637	0.202754	0.0105588
0.993503	0.21764	0.345555	0.202695	0.0105551
0.993503	0.217541	0.345473	0.202636	0.0105515
0.993503	0.217443	0.34539	0.202577	0.0105455
0.993503	0.217344	0.345308	0.202517	0.0105293
0.993503	0.217245	0.345225	0.202458	0.0105225
0.993503	0.217147	0.345143	0.202399	0.010521
0.993503	0.217048	0.345061	0.20234	0.0105192
0.993503	0.216949	0.344978	0.20228	0.0105086
0.994003	0.216949	0.345061	0.202796	0.0104638
0.994003	0.216851	0.344978	0.202737	0.0104476
0.994003	0.216752	0.344896	0.202678	0.0104419
0.994003	0.216654	0.344813	0.202619	0.0104411
0.994503	0.216654	0.344896	0.203135	0.0104404
0.994503	0.216555	0.344813	0.203076	0.0104392
0.994503	0.216456	0.344731	0.203017	0.0104218
0.994503	0.216358	0.344649	0.202958	0.0104147
0.994503	0.216259	0.344566	0.202899	0.0104121
0.994503	0.21616	0.344484	0.202839	0.0104107
0.994503	0.216062	0.344401	0.20278	0.0104103
0.995002	0.216062	0.344484	0.203298	0.0104063
0.995002	0.215963	0.344401	0.203238	0.0104035
0.995002	0.215864	0.344319	0.203179	0.0103761
0.995002	0.215766	0.344237	0.20312	0.0103679
0.995002	0.215667	0.344154	0.203061	0.0103626
0.995002	0.215568	0.344072	0.203002	0.010358
0.995002	0.21547	0.343989	0.202943	0.0103418
0.995002	0.215371	0.343907	0.202884	0.0103345
0.995002	0.215272	0.343825	0.202825	0.0103222
0.995002	0.215174	0.343742	0.202766	0.01031
0.995002	0.215075	0.34366	0.202707	0.0103004
0.995002	0.214976	0.343577	0.202648	0.0102749
0.995002	0.214878	0.343495	0.202589	0.0102603
0.995002	0.214779	0.343413	0.202529	0.0102533
0.995002	0.21468	0.34333	0.20247	0.0102457
0.995002	0.214582	0.343248	0.202411	0.0102283
0.995002	0.214483	0.343166	0.202352	0.0102269
0.995002	0.214384	0.343083	0.202293	0.0102167
0.995002	0.214286	0.343001	0.202234	0.0102052
0.995002	0.214187	0.342918	0.202175	0.0101735
0.995002	0.214088	0.342836	0.202115	0.0101694
0.995002	0.21399	0.342754	0.202056	0.0101585
0.995002	0.213891	0.342671	0.201997	0.010154
0.995002	0.213792	0.342589	0.201938	0.01015
0.995002	0.213694	0.342506	0.201879	0.010125
0.995002	0.213595	0.342424	0.20182	0.0101158
0.995002	0.213496	0.342342	0.20176	0.0101044
0.995002	0.213398	0.342259	0.201701	0.0101033
0.995002	0.213299	0.342177	0.201642	0.0100954
0.995002	0.2132	0.342094	0.201583	0.0100948
0.995002	0.213102	0.342012	0.201524	0.0100688
0.995002	0.213003	0.34193	0.201464	0.0100591
0.995002	0.212904	0.341847	0.201405	0.0100106
0.995002	0.212806	0.341765	0.201346	0.0100078
0.995002	0.212707	0.341682	0.201287	0.00997401
0.995002	0.212609	0.3416	0.201227	0.00996366
0.995002	0.21251	0.341518	0.201168	0.00995222
0.995002	0.212411	0.341435	0.201109	0.00993347
0.995002	0.212313	0.341353	0.20105	0.00991239
0.995002	0.212214	0.34127	0.20099	0.0098916
0.995002	0.212115	0.341188	0.200931	0.00987966
0.995002	0.212017	0.341106	0.200872	0.00987306
0.995002	0.211918	0.341023	0.200813	0.00984107
0.995002	0.211819	0.340941	0.200753	0.00982509
0.995002	0.211721	0.340859	0.200694	0.00982318
0.995002	0.211622	0.340776	0.200635	0.00982304
0.995002	0.211523	0.340694	0.200575	0.00981942
0.995002	0.211425	0.340611	0.200516	0.00980683
0.995002	0.211326	0.340529	0.200457	0.00979851
0.995002	0.211227	0.340447	0.200397	0.00978456
0.995002	0.211129	0.340364	0.200338	0.0097789
0.995002	0.21103	0.340282	0.200279	0.00977481
0.995002	0.210931	0.340199	0.20022	0.00977322
0.995002	0.210833	0.340117	0.20016	0.00973599
0.995002	0.210734	0.340035	0.200101	0.00972755
0.995002	0.210635	0.339952	0.200041	0.00972654
0.995002	0.210537	0.33987	0.199982	0.00972113
0.995002	0.210438	0.339787	0.199923	0.00971959
0.995002	0.210339	0.339705	0.199863	0.00969844
0.995002	0.210241	0.339623	0.199804	0.0096952
0.995002	0.210142	0.33954	0.199745	0.00968462
0.995002	0.210043	0.339458	0.199685	0.00966758
0.995002	0.209945	0.339375	0.199626	0.00966241
0.995002	0.209846	0.339293	0.199566	0.0096528
0.995002	0.209747	0.339211	0.199507	0.00965271
0.995002	0.209649	0.339128	0.199448	0.00964491
0.995002	0.20955	0.339046	0.199388	0.00963524
0.995002	0.209451	0.338964	0.199329	0.00963492
0.995002	0.209353	0.338881	0.199269	0.00963334
0.995002	0.209254	0.338799	0.19921	0.00961519
0.995502	0.209254	0.338881	0.199734	0.00960883
0.995502	0.209155	0.338799	0.199675	0.00960188
0.995502	0.209057	0.338716	0.199616	0.00960048
0.995502	0.208958	0.338634	0.199556	0.00959927
0.995502	0.20886	0.338552	0.199497	0.00959091
0.995502	0.208761	0.338469	0.199438	0.00958892
0.995502	0.208662	0.338387	0.199378	0.00958719
0.995502	0.208564	0.338304	0.199319	0.0095698
0.995502	0.208465	0.338222	0.199259	0.00955769
0.995502	0.208366	0.33814	0.1992	0.00955641
0.995502	0.208268	0.338057	0.199141	0.00953841
0.995502	0.208169	0.337975	0.199081	0.00950229
0.995502	0.20807	0.337892	0.199022	0.00949631
0.995502	0.207972	0.33781	0.198962	0.00948532
0.995502	0.207873	0.337728	0.198903	0.00947353
0.995502	0.207774	0.337645	0.198844	0.00947296
0.995502	0.207676	0.337563	0.198784	0.00946392
0.995502	0.207577	0.33748	0.198725	0.00946251
0.995502	0.207478	0.337398	0.198665	0.00946196
0.995502	0.20738	0.337316	0.198606	0.00946112
0.995502	0.207281	0.337233	0.198546	0.00942278
0.995502	0.207182	0.337151	0.198487	0.00941241
0.995502	0.207084	0.337068	0.198428	0.00940891
0.995502	0.206985	0.336986	0.198368	0.00940879
0.995502	0.206886	0.336904	0.198309	0.00939972
0.995502	0.206788	0.336821	0.198249	0.00939851
0.995502	0.206689	0.336739	0.19819	0.00939791
0.995502	0.20659	0.336657	0.19813	0.00936357
0.995502	0.206492	0.336574	0.198071	0.00934851
0.995502	0.206393	0.336492	0.198011	0.00934551
0.995502	0.206294	0.336409	0.197952	0.00934278
0.995502	0.206196	0.336327	0.197892	0.00932982
0.995502	0.206097	0.336245	0.197833	0.0093081
0.995502	0.205998	0.336162	0.197773	0.00930435
0.995502	0.2059	0.33608	0.197714	0.00928929
0.995502	0.205801	0.335997	0.197654	0.0092784
0.995502	0.205702	0.335915	0.197595	0.00927657
0.995502	0.205604	0.335833	0.197535	0.00926798
0.995502	0.205505	0.33575	0.197475	0.00926304
0.995502	0.205406	0.335668	0.197416	0.00925202
0.995502	0.205308	0.335585	0.197356	0.00925126
0.995502	0.205209	0.335503	0.197297	0.00923868
0.995502	0.20511	0.335421	0.197237	0.00921869
0.995502	0.205012	0.335338	0.197178	0.00921839
0.995502	0.204913	0.335256	0.197118	0.00921461
0.995502	0.204815	0.335173	0.197058	0.00920005
0.995502	0.204716	0.335091	0.196999	0.00919366
0.995502	0.204617	0.335009	0.196939	0.00919131
0.995502	0.204519	0.334926	0.19688	0.00918836
0.995502	0.20442	0.334844	0.19682	0.00918649
0.995502	0.204321	0.334761	0.19676	0.00918522
0.995502	0.204223	0.334679	0.196701	0.00918408
0.995502	0.204124	0.334597	0.196641	0.0091818
0.995502	0.204025	0.334514	0.196581	0.00917895
0.995502	0.203927	0.334432	0.196522	0.00917547
0.995502	0.203828	0.33435	0.196462	0.00916891
0.995502	0.203729	0.334267	0.196402	0.00916288
0.995502	0.203631	0.334185	0.196343	0.00915956
0.995502	0.203532	0.334102	0.196283	0.00914585
0.995502	0.203433	0.33402	0.196223	0.00913938
0.995502	0.203335	0.333938	0.196164	0.00911589
0.995502	0.203236	0.333855	0.196104	0.00911164
0.995502	0.203137	0.333773	0.196044	0.00909556
0.995502	0.203039	0.33369	0.195985	0.00907412
0.995502	0.20294	0.333608	0.195925	0.00905361
0.995502	0.202841	0.333526	0.195865	0.00904737
0.995502	0.202743	0.333443	0.195805	0.00900607
0.995502	0.202644	0.333361	0.195746	0.00900273
0.995502	0.202545	0.333278	0.195686	0.00898197
0.995502	0.202447	0.333196	0.195626	0.0089544
0.995502	0.202348	0.333114	0.195566	0.00895215
0.995502	0.202249	0.333031	0.195507	0.00894604
0.995502	0.202151	0.332949	0.195447	0.00894311
0.995502	0.202052	0.332866	0.195387	0.00893914
0.995502	0.201953	0.332784	0.195327	0.00893519
0.995502	0.201855	0.332702	0.195268	0.00891709
0.995502	0.201756	0.332619	0.195208	0.00891269
0.995502	0.201657	0.332537	0.195148	0.00891027
0.995502	0.201559	0.332454	0.195088	0.00890203
0.995502	0.20146	0.332372	0.195028	0.0088975
0.995502	0.201361	0.33229	0.194969	0.00887552
0.995502	0.201263	0.332207	0.194909	0.00886659
0.995502	0.201164	0.332125	0.194849	0.00886551
0.995502	0.201066	0.332043	0.194789	0.00885673
0.995502	0.200967	0.33196	0.194729	0.0088538
0.995502	0.200868	0.331878	0.194669	0.00884811
0.995502	0.20077	0.331795	0.19461	0.00883977
0.995502	0.200671	0.331713	0.19455	0.00883862
0.996002	0.200671	0.331795	0.195083	0.00882912
0.996002	0.200572	0.331713	0.195024	0.0088291
0.996002	0.200474	0.331631	0.194964	0.00882669
0.996002	0.200375	0.331548	0.194904	0.00881346
0.996002	0.200276	0.331466	0.194844	0.00880432
0.996002	0.200178	0.331383	0.194785	0.00876959
0.996002	0.200079	0.331301	0.194725	0.00876706
0.996002	0.19998	0.331219	0.194665	0.00876354
0.996002	0.199882	0.331136	0.194605	0.00876218
0.996002	0.199783	0.331054	0.194545	0.00873523
0.996002	0.199684	0.330971	0.194486	0.00873467
0.996002	0.199586	0.330889	0.194426	0.00871596
0.996002	0.199487	0.330807	0.194366	0.00871548
0.996002	0.199388	0.330724	0.194306	0.00870994
0.996002	0.19929	0.330642	0.194246	0.00869281
0.996002	0.199191	0.330559	0.194186	0.00868219
0.996002	0.199092	0.330477	0.194126	0.00867164
0.996002	0.198994	0.330395	0.194067	0.00866909
0.996002	0.198895	0.330312	0.194007	0.00866686
0.996002	0.198796	0.33023	0.193947	0.00866168
0.996002	0.198698	0.330147	0.193887	0.0086477
0.996002	0.198599	0.330065	0.193827	0.00862152
0.996002	0.1985	0.329983	0.193767	0.00861826
0.996002	0.198402	0.3299	0.193707	0.00861264
0.996002	0.198303	0.329818	0.193647	0.00860371
0.996002	0.198204	0.329736	0.193587	0.0085999
0.996002	0.198106	0.329653	0.193528	0.0085973
0.996002	0.198007	0.329571	0.193468	0.00859713
0.996002	0.197908	0.329488	0.193408	0.00859606
0.996002	0.19781	0.329406	0.193348	0.00858951
0.996002	0.197711	0.329324	0.193288	0.00857672
0.996002	0.197612	0.329241	0.193228	0.00856149
0.996002	0.197514	0.329159	0.193168	0.00855645
0.996002	0.197415	0.329076	0.193108	0.00854899
0.996002	0.197316	0.328994	0.193048	0.00854411
0.996002	0.197218	0.328912	0.192988	0.00853588
0.996002	0.197119	0.328829	0.192928	0.00853247
0.996002	0.197021	0.328747	0.192868	0.00853241
0.996002	0.196922	0.328664	0.192808	0.00849679
0.996002	0.196823	0.328582	0.192748	0.00849521
0.996002	0.196725	0.3285	0.192688	0.00849475
0.996002	0.196626	0.328417	0.192628	0.00848769
0.996002	0.196527	0.328335	0.192568	0.00848249
0.996002	0.196429	0.328252	0.192508	0.00848211
0.996002	0.19633	0.32817	0.192448	0.0084698
0.996002	0.196231	0.328088	0.192388	0.00844899
0.996002	0.196133	0.328005	0.192328	0.00844437
0.996002	0.196034	0.327923	0.192268	0.00843643
0.996002	0.195935	0.32784	0.192208	0.00841618
0.996002	0.195837	0.327758	0.192147	0.00841018
0.996002	0.195738	0.327676	0.192087	0.00840265
0.996002	0.195541	0.327511	0.191967	0.0083926
0.996002	0.195442	0.327429	0.191907	0.00838315
0.996002	0.195343	0.327346	0.191847	0.00836411
0.996002	0.195245	0.327264	0.191787	0.00835011
0.996002	0.195146	0.327181	0.191727	0.00834474
0.996002	0.195047	0.327099	0.191667	0.00834057
0.996002	0.194949	0.327017	0.191606	0.00833468
0.996002	0.19485	0.326934	0.191546	0.00833333
0.996002	0.194751	0.326852	0.191486	0.00832981
0.996002	0.194653	0.326769	0.191426	0.00832357
0.996002	0.194554	0.326687	0.191366	0.00831278
0.996002	0.194455	0.326605	0.191306	0.0083118
0.996002	0.194357	0.326522	0.191245	0.00830982
0.996002	0.194258	0.32644	0.191185	0.00828849
0.996002	0.194159	0.326357	0.191125	0.00828099
0.996002	0.194061	0.326275	0.191065	0.00827236
0.996002	0.193962	0.326193	0.191005	0.00826504
0.996002	0.193863	0.32611	0.190944	0.00825283
0.996002	0.193765	0.326028	0.190884	0.00824292
0.996002	0.193666	0.325945	0.190824	0.00824229
0.996002	0.193567	0.325863	0.190764	0.00823797
0.996002	0.193469	0.325781	0.190703	0.00823447
0.996002	0.19337	0.325698	0.190643	0.00822845
0.996002	0.193272	0.325616	0.190583	0.00821857
0.996002	0.193173	0.325533	0.190523	0.00819376
0.996002	0.193074	0.325451	0.190462	0.00818344
0.996002	0.192976	0.325369	0.190402	0.00818266
0.996002	0.192877	0.325286	0.190342	0.00818086
0.996002	0.192778	0.325204	0.190282	0.00816671
0.996002	0.19268	0.325122	0.190221	0.00814995
0.996002	0.192581	0.325039	0.190161	0.008143
0.996002	0.192482	0.324957	0.190101	0.00813659
0.996502	0.192482	0.325039	0.190644	0.00812993
0.996502	0.192384	0.324957	0.190584	0.00812848
0.996502	0.192285	0.324874	0.190523	0.00811334
0.996502	0.192186	0.324792	0.190463	0.00809717
0.996502	0.192088	0.32471	0.190403	0.00809119
0.996502	0.191989	0.324627	0.190343	0.00807906
0.996502	0.19189	0.324545	0.190283	0.00806988
0.996502	0.191792	0.324462	0.190222	0.00806737
0.996502	0.191693	0.32438	0.190162	0.00805667
0.996502	0.191594	0.324298	0.190102	0.00802734
0.996502	0.191496	0.324215	0.190042	0.00798476
0.996502	0.191397	0.324133	0.189981	0.00797676
0.996502	0.191298	0.32405	0.189921	0.00794824
0.996502	0.1912	0.323968	0.189861	0.00794731
0.996502	0.191101	0.323886	0.1898	0.00794402
0.996502	0.191002	0.323803	0.18974	0.00793669
0.996502	0.190904	0.323721	0.18968	0.00792874
0.996502	0.190805	0.323638	0.189619	0.00792385
0.996502	0.190706	0.323556	0.189559	0.00791789
0.996502	0.190608	0.323474	0.189499	0.00791319
0.996502	0.190509	0.323391	0.189438	0.00791052
0.996502	0.19041	0.323309	0.189378	0.00790534
0.996502	0.190312	0.323226	0.189318	0.0078936
0.996502	0.190213	0.323144	0.189257	0.00787751
0.996502	0.190114	0.323062	0.189197	0.00787649
0.996502	0.190016	0.322979	0.189137	0.00786714
0.996502	0.189917	0.322897	0.189076	0.00786135
0.996502	0.189818	0.322815	0.189016	0.00785771
0.996502	0.18972	0.322732	0.188955	0.00784718
0.996502	0.189621	0.32265	0.188895	0.00783644
0.996502	0.189522	0.322567	0.188834	0.00782627
0.996502	0.189424	0.322485	0.188774	0.00782385
0.996502	0.189325	0.322403	0.188714	0.00782055
0.996502	0.189227	0.32232	0.188653	0.00781968
0.996502	0.189128	0.322238	0.188593	0.00781927
0.996502	0.189029	0.322155	0.188532	0.0078175
0.996502	0.188931	0.322073	0.188472	0.00780963
0.996502	0.188832	0.321991	0.188411	0.00780052
0.996502	0.188733	0.321908	0.188351	0.00778723
0.996502	0.188635	0.321826	0.18829	0.00777744
0.996502	0.188536	0.321743	0.18823	0.00777537
0.996502	0.188437	0.321661	0.188169	0.00777406
0.996502	0.188339	0.321579	0.188109	0.00777174
0.996502	0.18824	0.321496	0.188048	0.00774908
0.996502	0.188141	0.321414	0.187988	0.00773573
0.996502	0.188043	0.321331	0.187927	0.00772946
0.996502	0.187944	0.321249	0.187867	0.00771001
0.996502	0.187845	0.321167	0.187806	0.00770764
0.996502	0.187747	0.321084	0.187746	0.00770759
0.996502	0.187648	0.321002	0.187685	0.00770351
0.996502	0.187549	0.32092	0.187624	0.00769771
0.996502	0.187451	0.320837	0.187564	0.00769148
0.996502	0.187352	0.320755	0.187503	0.00768097
0.996502	0.187253	0.320672	0.187443	0.00767514
0.996502	0.187155	0.32059	0.187382	0.00767151
0.996502	0.187056	0.320508	0.187321	0.00766333
0.996502	0.186957	0.320425	0.187261	0.00765973
0.996502	0.186859	0.320343	0.1872	0.00765879
0.996502	0.18676	0.32026	0.18714	0.00765778
0.996502	0.186661	0.320178	0.187079	0.00765503
0.996502	0.186563	0.320096	0.187018	0.007651
0.996502	0.186464	0.320013	0.186958	0.00763666
0.996502	0.186365	0.319931	0.186897	0.00763153
0.996502	0.186267	0.319848	0.186836	0.00762768
0.996502	0.186168	0.319766	0.186776	0.00761353
0.996502	0.186069	0.319684	0.186715	0.00760988
0.996502	0.185971	0.319601	0.186654	0.00759352
0.996502	0.185872	0.319519	0.186594	0.00758685
0.996502	0.185773	0.319436	0.186533	0.00758284
0.996502	0.185675	0.319354	0.186472	0.0075509
0.996502	0.185576	0.319272	0.186411	0.00754906
0.996502	0.185478	0.319189	0.186351	0.00754747
0.996502	0.185379	0.319107	0.18629	0.0075452
0.996502	0.18528	0.319024	0.186229	0.00754126
0.996502	0.185182	0.318942	0.186168	0.00753337
0.996502	0.185083	0.31886	0.186108	0.00750939
0.996502	0.184984	0.318777	0.186047	0.00749911
0.996502	0.184886	0.318695	0.185986	0.00749713
0.996502	0.184787	0.318613	0.185925	0.00749495
0.996502	0.184688	0.31853	0.185864	0.00748204
0.996502	0.18459	0.318448	0.185804	0.00748081
0.996502	0.184491	0.318365	0.185743	0.0074772
0.996502	0.184392	0.318283	0.185682	0.00747562
0.996502	0.184294	0.318201	0.185621	0.00747479
0.996502	0.184195	0.318118	0.18556	0.00747325
0.996502	0.184096	0.318036	0.185499	0.00745236
0.996502	0.183998	0.317953	0.185439	0.00744788
0.996502	0.183899	0.317871	0.185378	0.00744368
0.996502	0.1838	0.317789	0.185317	0.00742838
0.996502	0.183702	0.317706	0.185256	0.00741866
0.996502	0.183603	0.317624	0.185195	0.00741558
0.996502	0.183504	0.317541	0.185134	0.00741463
0.996502	0.183406	0.317459	0.185073	0.007413
0.996502	0.183307	0.317377	0.185012	0.00741161
0.996502	0.183208	0.317294	0.184951	0.00739752
0.996502	0.18311	0.317212	0.184891	0.00739607
0.996502	0.183011	0.317129	0.18483	0.00738641
0.996502	0.182912	0.317047	0.184769	0.00738169
0.996502	0.182814	0.316965	0.184708	0.00737887
0.996502	0.182715	0.316882	0.184647	0.00737653
0.996502	0.182616	0.3168	0.184586	0.00737315
0.996502	0.182518	0.316717	0.184525	0.00736328
0.996502	0.182419	0.316635	0.184464	0.00735856
0.996502	0.18232	0.316553	0.184403	0.00734997
0.996502	0.182222	0.31647	0.184342	0.00734542
0.996502	0.182123	0.316388	0.184281	0.00734304
0.996502	0.182024	0.316306	0.18422	0.00734127
0.996502	0.181926	0.316223	0.184159	0.00733936
0.996502	0.181827	0.316141	0.184098	0.00733673
0.996502	0.181728	0.316058	0.184037	0.00730668
0.996502	0.18163	0.315976	0.183976	0.00730585
0.996502	0.181531	0.315894	0.183915	0.00730073
0.996502	0.181433	0.315811	0.183853	0.0072972
0.996502	0.181334	0.315729	0.183792	0.00729655
0.996502	0.181235	0.315646	0.183731	0.00729067
0.996502	0.181137	0.315564	0.18367	0.0072818
0.996502	0.181038	0.315482	0.183609	0.00728007
0.996502	0.180939	0.315399	0.183548	0.00727265
0.996502	0.180841	0.315317	0.183487	0.00726895
0.996502	0.180742	0.315234	0.183426	0.00726873
0.996502	0.180643	0.315152	0.183365	0.00726395
0.996502	0.180545	0.31507	0.183303	0.00726155
0.996502	0.180446	0.314987	0.183242	0.00725302
0.996502	0.180347	0.314905	0.183181	0.00724222
0.996502	0.180249	0.314822	0.18312	0.00723137
0.996502	0.18015	0.31474	0.183059	0.00722913
0.996502	0.180051	0.314658	0.182998	0.00722082
0.996502	0.179953	0.314575	0.182936	0.00720628
0.996502	0.179854	0.314493	0.182875	0.00720008
0.996502	0.179755	0.31441	0.182814	0.00719879
0.996502	0.179657	0.314328	0.182753	0.0071862
0.996502	0.179558	0.314246	0.182692	0.0071828
0.996502	0.179459	0.314163	0.18263	0.00717005
0.996502	0.179361	0.314081	0.182569	0.00716775
0.996502	0.179262	0.313999	0.182508	0.0071574
0.996502	0.179163	0.313916	0.182446	0.00715673
0.996502	0.179065	0.313834	0.182385	0.0071521
0.996502	0.178966	0.313751	0.182324	0.00712253
0.996502	0.178867	0.313669	0.182263	0.00712006
0.996502	0.178769	0.313587	0.182201	0.00711511
0.996502	0.17867	0.313504	0.18214	0.00711063
0.996502	0.178571	0.313422	0.182079	0.00710964
0.996502	0.178473	0.313339	0.182017	0.00710304
0.996502	0.178374	0.313257	0.181956	0.00709737
0.996502	0.178275	0.313175	0.181895	0.00709337
0.996502	0.178177	0.313092	0.181833	0.00708798
0.996502	0.178078	0.31301	0.181772	0.00708559
0.996502	0.177979	0.312927	0.181711	0.00708551
0.996502	0.177881	0.312845	0.181649	0.00708079
0.996502	0.177782	0.312763	0.181588	0.00707588
0.996502	0.177684	0.31268	0.181526	0.00707325
0.996502	0.177585	0.312598	0.181465	0.00706583
0.996502	0.177486	0.312515	0.181404	0.00705593
0.996502	0.177388	0.312433	0.181342	0.00705057
0.996502	0.177289	0.312351	0.181281	0.00704136
0.996502	0.17719	0.312268	0.181219	0.00704065
0.996502	0.177092	0.312186	0.181158	0.00704044
0.996502	0.176993	0.312103	0.181096	0.00702753
0.996502	0.176894	0.312021	0.181035	0.0070227
0.996502	0.176796	0.311939	0.180973	0.00701975
0.996502	0.176697	0.311856	0.180912	0.00700901
0.996502	0.176598	0.311774	0.18085	0.00700561
0.996502	0.1765	0.311692	0.180789	0.00700388
0.996502	0.176401	0.311609	0.180727	0.00700206
0.996502	0.176302	0.311527	0.180666	0.00700131
0.996502	0.176204	0.311444	0.180604	0.00698571
0.996502	0.176105	0.311362	0.180543	0.00697075
0.996502	0.176006	0.31128	0.180481	0.00696896
0.996502	0.175908	0.311197	0.18042	0.00696436
0.996502	0.175809	0.311115	0.180358	0.00695112
0.996502	0.17571	0.311032	0.180297	0.00694529
0.996502	0.175612	0.31095	0.180235	0.00694306
0.996502	0.175513	0.310868	0.180173	0.00691527
0.996502	0.175414	0.310785	0.180112	0.00688359
0.996502	0.175316	0.310703	0.18005	0.00688284
0.996502	0.175217	0.31062	0.179989	0.00687575
0.996502	0.175118	0.310538	0.179927	0.00687261
0.996502	0.17502	0.310456	0.179865	0.00687239
0.996502	0.174921	0.310373	0.179804	0.0068699
0.996502	0.174822	0.310291	0.179742	0.00684635
0.996502	0.174724	0.310208	0.17968	0.00684541
0.996502	0.174625	0.310126	0.179619	0.00683992
0.996502	0.174526	0.310044	0.179557	0.00683367
0.996502	0.174428	0.309961	0.179495	0.00682794
0.996502	0.174329	0.309879	0.179434	0.00682339
0.996502	0.17423	0.309796	0.179372	0.00681576
0.996502	0.174132	0.309714	0.17931	0.00680996
0.996502	0.174033	0.309632	0.179248	0.00680753
0.996502	0.173934	0.309549	0.179187	0.00679718
0.996502	0.173836	0.309467	0.179125	0.0067846
0.996502	0.173737	0.309385	0.179063	0.00678072
0.996502	0.173639	0.309302	0.179001	0.00677795
0.996502	0.17354	0.30922	0.17894	0.0067668
0.996502	0.173441	0.309137	0.178878	0.00675875
0.996502	0.173343	0.309055	0.178816	0.00675236
0.996502	0.173244	0.308973	0.178754	0.00674652
0.996502	0.173145	0.30889	0.178692	0.0067276
0.996502	0.173047	0.308808	0.178631	0.00672704
0.996502	0.172948	0.308725	0.178569	0.0067159
0.996502	0.172849	0.308643	0.178507	0.00669759
0.996502	0.172751	0.308561	0.178445	0.00668882
0.996502	0.172652	0.308478	0.178383	0.00668497
0.996502	0.172553	0.308396	0.178321	0.00668192
0.996502	0.172455	0.308313	0.178259	0.00668099
0.996502	0.172356	0.308231	0.178197	0.00667757
0.996502	0.172257	0.308149	0.178136	0.00667715
0.996502	0.172159	0.308066	0.178074	0.00666778
0.996502	0.17206	0.307984	0.178012	0.00666416
0.996502	0.171961	0.307901	0.17795	0.00665811
0.996502	0.171863	0.307819	0.177888	0.00662237
0.996502	0.171764	0.307737	0.177826	0.00661605
0.996502	0.171665	0.307654	0.177764	0.00661033
0.996502	0.171567	0.307572	0.177702	0.00660901
0.996502	0.171468	0.307489	0.17764	0.00660458
0.996502	0.171369	0.307407	0.177578	0.00660146
0.996502	0.171271	0.307325	0.177516	0.00659572
0.996502	0.171172	0.307242	0.177454	0.00658919
0.996502	0.171073	0.30716	0.177392	0.00657962
0.996502	0.170975	0.307078	0.17733	0.00657814
0.996502	0.170876	0.306995	0.177268	0.00657785
0.996502	0.170777	0.306913	0.177206	0.00657272
0.996502	0.170679	0.30683	0.177144	0.00656519
0.996502	0.17058	0.306748	0.177082	0.00656289
0.996502	0.170481	0.306666	0.17702	0.00655936
0.996502	0.170383	0.306583	0.176958	0.00655848
0.996502	0.170284	0.306501	0.176895	0.00655844
0.996502	0.170185	0.306418	0.176833	0.00655744
0.996502	0.170087	0.306336	0.176771	0.00654472
0.996502	0.169988	0.306254	0.176709	0.00652619
0.996502	0.16989	0.306171	0.176647	0.00650602
0.997001	0.16989	0.306254	0.17722	0.00650256
0.997001	0.169791	0.306171	0.177158	0.00649032
0.997001	0.169692	0.306089	0.177096	0.00647407
0.997001	0.169594	0.306006	0.177034	0.00646707
0.997001	0.169495	0.305924	0.176972	0.00645754
0.997001	0.169396	0.305842	0.17691	0.0064559
0.997001	0.169298	0.305759	0.176848	0.00643981
0.997001	0.169199	0.305677	0.176786	0.00643882
0.997001	0.1691	0.305594	0.176724	0.00643327
0.997001	0.169002	0.305512	0.176662	0.00641957
0.997001	0.168903	0.30543	0.1766	0.00641363
0.997001	0.168804	0.305347	0.176538	0.00640485
0.997001	0.168706	0.305265	0.176476	0.00640172
0.997001	0.168607	0.305182	0.176413	0.00639748
0.997001	0.168508	0.3051	0.176351	0.00639212
0.997001	0.16841	0.305018	0.176289	0.00638702
0.997001	0.168311	0.304935	0.176227	0.0063782
0.997001	0.168212	0.304853	0.176165	0.00637525
0.997001	0.168114	0.304771	0.176103	0.00636828
0.997001	0.168015	0.304688	0.176041	0.00635623
0.997001	0.167916	0.304606	0.175978	0.00635176
0.997001	0.167818	0.304523	0.175916	0.00635032
0.997001	0.167719	0.304441	0.175854	0.0063466
0.997001	0.16762	0.304359	0.175792	0.00634093
0.997001	0.167522	0.304276	0.175729	0.0063345
0.997001	0.167423	0.304194	0.175667	0.00632891
0.997001	0.167324	0.304111	0.175605	0.0063191
0.997001	0.167226	0.304029	0.175543	0.00631829
0.997001	0.167127	0.303947	0.17548	0.00630277
0.997001	0.167028	0.303864	0.175418	0.00629763
0.997001	0.16693	0.303782	0.175356	0.00629217
0.997001	0.166831	0.303699	0.175294	0.00628589
0.997001	0.166732	0.303617	0.175231	0.00628288
0.997001	0.166634	0.303535	0.175169	0.00628056
0.997001	0.166535	0.303452	0.175107	0.00627812
0.997001	0.166436	0.30337	0.175044	0.00626394
0.997001	0.166338	0.303287	0.174982	0.00622781
0.997001	0.166239	0.303205	0.17492	0.00622066
0.997001	0.16614	0.303123	0.174857	0.00621521
0.997001	0.166042	0.30304	0.174795	0.00620004
0.997001	0.165943	0.302958	0.174732	0.00619651
0.997001	0.165845	0.302876	0.17467	0.00618688
0.997001	0.165746	0.302793	0.174608	0.00617625
0.997001	0.165647	0.302711	0.174545	0.00616837
0.997001	0.165549	0.302628	0.174483	0.00616648
0.997001	0.16545	0.302546	0.17442	0.00616543
0.997001	0.165351	0.302464	0.174358	0.00616283
0.997001	0.165253	0.302381	0.174295	0.00616274
0.997001	0.165154	0.302299	0.174233	0.0061596
0.997001	0.165055	0.302216	0.17417	0.00615861
0.997001	0.164957	0.302134	0.174108	0.00614103
0.997001	0.164858	0.302052	0.174045	0.00613607
0.997001	0.164759	0.301969	0.173983	0.00609817
0.997001	0.164661	0.301887	0.17392	0.0060912
0.997001	0.164562	0.301804	0.173858	0.0060862
0.997001	0.164463	0.301722	0.173795	0.00608339
0.997001	0.164365	0.30164	0.173733	0.00604993
0.997001	0.164266	0.301557	0.17367	0.00604986
0.997501	0.164266	0.30164	0.174252	0.00604094
0.997501	0.164167	0.301557	0.17419	0.00603705
0.997501	0.164069	0.301475	0.174127	0.00603589
0.997501	0.16397	0.301392	0.174065	0.00602621
0.997501	0.163871	0.30131	0.174002	0.00601589
0.997501	0.163773	0.301228	0.17394	0.00601105
0.997501	0.163674	0.301145	0.173877	0.00600802
0.997501	0.163575	0.301063	0.173815	0.00599778
0.997501	0.163477	0.30098	0.173752	0.00598865
0.997501	0.163378	0.300898	0.17369	0.0059811
0.997501	0.163279	0.300816	0.173627	0.00597739
0.997501	0.163181	0.300733	0.173565	0.00595332
0.997501	0.163082	0.300651	0.173502	0.00594964
0.997501	0.162983	0.300569	0.17344	0.00594724
0.997501	0.162885	0.300486	0.173377	0.00593764
0.997501	0.162786	0.300404	0.173315	0.00592394
0.997501	0.162687	0.300321	0.173252	0.00592023
0.997501	0.162589	0.300239	0.173189	0.00591978
0.997501	0.16249	0.300157	0.173127	0.00591845
0.997501	0.162391	0.300074	0.173064	0.00591505
0.997501	0.162293	0.299992	0.173002	0.00591023
0.997501	0.162194	0.299909	0.172939	0.00590853
0.997501	0.162096	0.299827	0.172876	0.00590592
0.997501	0.161997	0.299745	0.172814	0.00590219
0.997501	0.161898	0.299662	0.172751	0.00589727
0.997501	0.1618	0.29958	0.172688	0.00588945
0.997501	0.161701	0.299497	0.172625	0.00588462
0.997501	0.161602	0.299415	0.172563	0.00585412
0.997501	0.161504	0.299333	0.1725	0.00584425
0.997501	0.161405	0.29925	0.172437	0.00584168
0.997501	0.161306	0.299168	0.172375	0.00584139
0.997501	0.161208	0.299085	0.172312	0.00582446
0.997501	0.161109	0.299003	0.172249	0.00581557
0.997501	0.16101	0.298921	0.172186	0.005804
0.997501	0.160912	0.298838	0.172124	0.00580043
0.997501	0.160813	0.298756	0.172061	0.00578102
0.997501	0.160714	0.298673	0.171998	0.00578037
0.997501	0.160616	0.298591	0.171935	0.00577844
0.997501	0.160517	0.298509	0.171872	0.00577401
0.997501	0.160418	0.298426	0.171809	0.0057687
0.997501	0.16032	0.298344	0.171747	0.00576758
0.997501	0.160221	0.298262	0.171684	0.00575868
0.997501	0.160122	0.298179	0.171621	0.00574189
0.997501	0.160024	0.298097	0.171558	0.00574008
0.997501	0.159925	0.298014	0.171495	0.00570804
0.997501	0.159826	0.297932	0.171432	0.00569017
0.997501	0.159728	0.29785	0.171369	0.00568985
0.997501	0.159629	0.297767	0.171306	0.00568134
0.997501	0.15953	0.297685	0.171243	0.00566892
0.997501	0.159432	0.297602	0.17118	0.00566156
0.997501	0.159333	0.29752	0.171118	0.00565348
0.997501	0.159234	0.297438	0.171055	0.0056468
0.997501	0.159136	0.297355	0.170992	0.00563238
0.997501	0.159037	0.297273	0.170929	0.0056165
0.997501	0.158938	0.29719	0.170866	0.00561458
0.997501	0.15884	0.297108	0.170803	0.005613
0.997501	0.158741	0.297026	0.17074	0.00560379
0.997501	0.158642	0.296943	0.170677	0.00560374
0.997501	0.158544	0.296861	0.170613	0.00560228
0.997501	0.158445	0.296778	0.17055	0.00560214
0.997501	0.158346	0.296696	0.170487	0.00558448
0.997501	0.158248	0.296614	0.170424	0.00558121
0.997501	0.158149	0.296531	0.170361	0.00558049
0.997501	0.158051	0.296449	0.170298	0.00556507
0.997501	0.157952	0.296366	0.170235	0.00556224
0.997501	0.157853	0.296284	0.170172	0.00556034
0.997501	0.157755	0.296202	0.170109	0.00554198
0.997501	0.157656	0.296119	0.170046	0.00553682
0.997501	0.157557	0.296037	0.169982	0.00552413
0.997501	0.157459	0.295955	0.169919	0.00552295
0.997501	0.15736	0.295872	0.169856	0.00551996
0.997501	0.157261	0.29579	0.169793	0.00550824
0.997501	0.157163	0.295707	0.16973	0.00550265
0.997501	0.157064	0.295625	0.169666	0.00549526
0.997501	0.156965	0.295543	0.169603	0.00549342
0.997501	0.156867	0.29546	0.16954	0.00548743
0.997501	0.156768	0.295378	0.169477	0.00547773
0.997501	0.156669	0.295295	0.169413	0.00547732
0.997501	0.156571	0.295213	0.16935	0.00547332
0.997501	0.156472	0.295131	0.169287	0.00547248
0.997501	0.156373	0.295048	0.169223	0.00547184
0.997501	0.156275	0.294966	0.16916	0.00546598
0.997501	0.156176	0.294883	0.169097	0.00545128
0.997501	0.156077	0.294801	0.169034	0.00545015
0.997501	0.155979	0.294719	0.16897	0.00544106
0.997501	0.15588	0.294636	0.168907	0.00543307
0.997501	0.155781	0.294554	0.168843	0.00538494
0.997501	0.155683	0.294471	0.16878	0.0053839
0.997501	0.155584	0.294389	0.168717	0.00538343
0.997501	0.155485	0.294307	0.168653	0.00537983
0.997501	0.155387	0.294224	0.16859	0.0053793
0.997501	0.155288	0.294142	0.168526	0.00536685
0.997501	0.155189	0.294059	0.168463	0.0053647
0.997501	0.155091	0.293977	0.1684	0.00536131
0.997501	0.154992	0.293895	0.168336	0.00535184
0.997501	0.154893	0.293812	0.168273	0.00535025
0.997501	0.154795	0.29373	0.168209	0.00534761
0.997501	0.154696	0.293648	0.168146	0.00534157
0.997501	0.154597	0.293565	0.168082	0.00533439
0.997501	0.154499	0.293483	0.168019	0.00533002
0.997501	0.1544	0.2934	0.167955	0.00532416
0.997501	0.154301	0.293318	0.167891	0.00529991
0.997501	0.154203	0.293236	0.167828	0.00529989
0.997501	0.154104	0.293153	0.167764	0.0052984
0.997501	0.154006	0.293071	0.167701	0.0052929
0.997501	0.153907	0.292988	0.167637	0.00528084
0.997501	0.153808	0.292906	0.167574	0.00527411
0.997501	0.15371	0.292824	0.16751	0.00526976
0.997501	0.153611	0.292741	0.167446	0.00526414
0.997501	0.153512	0.292659	0.167383	0.00524298
0.997501	0.153414	0.292576	0.167319	0.00522701
0.997501	0.153315	0.292494	0.167255	0.00522602
0.997501	0.153216	0.292412	0.167192	0.00522275
0.997501	0.153118	0.292329	0.167128	0.00521771
0.997501	0.153019	0.292247	0.167064	0.00521566
0.997501	0.15292	0.292164	0.167001	0.00520984
0.997501	0.152822	0.292082	0.166937	0.00520616
0.997501	0.152723	0.292	0.166873	0.00520123
0.997501	0.152624	0.291917	0.166809	0.00518635
0.997501	0.152526	0.291835	0.166746	0.0051776
0.997501	0.152427	0.291752	0.166682	0.00517498
0.997501	0.152328	0.29167	0.166618	0.00516849
0.997501	0.15223	0.291588	0.166554	0.00514508
0.997501	0.152131	0.291505	0.16649	0.00513491
0.997501	0.152032	0.291423	0.166426	0.00513313
0.997501	0.151934	0.291341	0.166363	0.00513028
0.997501	0.151835	0.291258	0.166299	0.00512851
0.997501	0.151736	0.291176	0.166235	0.00512633
0.997501	0.151638	0.291093	0.166171	0.00511186
0.997501	0.151539	0.291011	0.166107	0.00510584
0.997501	0.15144	0.290929	0.166043	0.00510407
0.997501	0.151342	0.290846	0.165979	0.00510341
0.997501	0.151243	0.290764	0.165915	0.00510324
0.997501	0.151144	0.290681	0.165851	0.00509711
0.997501	0.151046	0.290599	0.165788	0.00508836
0.997501	0.150947	0.290517	0.165724	0.00508734
0.997501	0.150848	0.290434	0.16566	0.00508598
0.997501	0.15075	0.290352	0.165596	0.00507954
0.997501	0.150651	0.290269	0.165532	0.00506497
0.997501	0.150552	0.290187	0.165468	0.00506058
0.997501	0.150454	0.290105	0.165404	0.00505172
0.997501	0.150355	0.290022	0.165339	0.00504999
0.997501	0.150257	0.28994	0.165275	0.00504673
0.997501	0.150158	0.289857	0.165211	0.00503223
0.997501	0.150059	0.289775	0.165147	0.00502979
0.997501	0.149961	0.289693	0.165083	0.00502784
0.997501	0.149862	0.28961	0.165019	0.00502735
0.997501	0.149763	0.289528	0.164955	0.00502242
0.997501	0.149665	0.289445	0.164891	0.0050145
0.997501	0.149566	0.289363	0.164827	0.00500274
0.997501	0.149467	0.289281	0.164763	0.00499625
0.997501	0.149369	0.289198	0.164698	0.00497702
0.997501	0.14927	0.289116	0.164634	0.00494209
0.997501	0.149171	0.289034	0.16457	0.00494081
0.997501	0.149073	0.288951	0.164506	0.00493312
0.997501	0.148974	0.288869	0.164442	0.00493269
0.997501	0.148875	0.288786	0.164377	0.00492737
0.997501	0.148777	0.288704	0.164313	0.00492634
0.997501	0.148678	0.288622	0.164249	0.00492487
0.997501	0.148579	0.288539	0.164185	0.00492127
0.997501	0.148481	0.288457	0.16412	0.00491439
0.997501	0.148382	0.288374	0.164056	0.00491033
0.997501	0.148283	0.288292	0.163992	0.00490408
0.997501	0.148185	0.28821	0.163927	0.00490037
0.997501	0.148086	0.288127	0.163863	0.00488446
0.997501	0.147987	0.288045	0.163799	0.00488007
0.997501	0.147889	0.287962	0.163734	0.00486571
0.997501	0.14779	0.28788	0.16367	0.00486493
0.997501	0.147691	0.287798	0.163605	0.00486061
0.997501	0.147593	0.287715	0.163541	0.00485158
0.997501	0.147494	0.287633	0.163477	0.00485101
0.997501	0.147395	0.28755	0.163412	0.00484634
0.997501	0.147297	0.287468	0.163348	0.00484308
0.997501	0.147198	0.287386	0.163283	0.00483818
0.997501	0.147099	0.287303	0.163219	0.0048376
0.997501	0.147001	0.287221	0.163154	0.00482776
0.997501	0.146902	0.287139	0.16309	0.00481849
0.997501	0.146803	0.287056	0.163025	0.00480306
0.997501	0.146705	0.286974	0.162961	0.00478255
0.997501	0.146606	0.286891	0.162896	0.00477588
0.997501	0.146507	0.286809	0.162832	0.00477035
0.997501	0.146409	0.286727	0.162767	0.00476664
0.997501	0.14631	0.286644	0.162703	0.00476593
0.997501	0.146212	0.286562	0.162638	0.00475883
0.997501	0.146113	0.286479	0.162573	0.00474888
0.997501	0.146014	0.286397	0.162509	0.00474212
0.997501	0.145916	0.286315	0.162444	0.004737
0.997501	0.145817	0.286232	0.162379	0.00473618
0.997501	0.145718	0.28615	0.162315	0.00472183
0.997501	0.14562	0.286067	0.16225	0.00471695
0.997501	0.145521	0.285985	0.162185	0.00470403
0.997501	0.145422	0.285903	0.162121	0.00468598
0.997501	0.145324	0.28582	0.162056	0.00468588
0.997501	0.145225	0.285738	0.161991	0.00468397
0.997501	0.145126	0.285655	0.161927	0.00467598
0.997501	0.145028	0.285573	0.161862	0.00466354
0.997501	0.144929	0.285491	0.161797	0.00466019
0.997501	0.14483	0.285408	0.161732	0.00465623
0.998001	0.14483	0.285491	0.162348	0.00465224
0.998001	0.144732	0.285408	0.162283	0.00464268
0.998001	0.144633	0.285326	0.162218	0.00462196
0.998001	0.144534	0.285243	0.162154	0.00462005
0.998001	0.144436	0.285161	0.162089	0.00460808
0.998001	0.144337	0.285079	0.162024	0.00460196
0.998001	0.144238	0.284996	0.16196	0.00459569
0.998001	0.14414	0.284914	0.161895	0.00459474
0.998001	0.144041	0.284832	0.16183	0.00459249
0.998001	0.143942	0.284749	0.161766	0.00458534
0.998001	0.143844	0.284667	0.161701	0.0045754
0.998001	0.143745	0.284584	0.161636	0.00456499
0.998001	0.143646	0.284502	0.161571	0.00455853
0.998001	0.143548	0.28442	0.161507	0.00455344
0.998001	0.143449	0.284337	0.161442	0.00454931
0.998001	0.14335	0.284255	0.161377	0.00454344
0.998001	0.143252	0.284172	0.161312	0.00454257
0.998001	0.143153	0.28409	0.161247	0.00454244
0.998001	0.143054	0.284008	0.161183	0.00454069
0.998001	0.142956	0.283925	0.161118	0.00453465
0.998001	0.142857	0.283843	0.161053	0.00451531
0.998001	0.142758	0.28376	0.160988	0.00450984
0.998001	0.14266	0.283678	0.160923	0.00450396
0.998001	0.142561	0.283596	0.160858	0.00449216
0.998001	0.142463	0.283513	0.160793	0.00448859
0.998001	0.142364	0.283431	0.160728	0.00448613
0.998001	0.142265	0.283348	0.160663	0.00448524
0.998001	0.142167	0.283266	0.160598	0.00448511
0.998001	0.142068	0.283184	0.160533	0.00448434
0.998001	0.141969	0.283101	0.160468	0.00448101
0.998001	0.141871	0.283019	0.160403	0.00448091
0.998001	0.141772	0.282936	0.160338	0.00447075
0.998001	0.141673	0.282854	0.160273	0.00446791
0.998001	0.141575	0.282772	0.160208	0.00446397
0.998001	0.141476	0.282689	0.160143	0.00445983
0.998001	0.141377	0.282607	0.160078	0.00445744
0.998001	0.141279	0.282525	0.160013	0.00445582
0.998001	0.14118	0.282442	0.159948	0.004453
0.998001	0.141081	0.28236	0.159883	0.00444933
0.998001	0.140983	0.282277	0.159818	0.00444358
0.998001	0.140884	0.282195	0.159752	0.00444323
0.998001	0.140785	0.282113	0.159687	0.00443818
0.998001	0.140687	0.28203	0.159622	0.00442659
0.998001	0.140588	0.281948	0.159557	0.00441504
0.998001	0.140489	0.281865	0.159492	0.00440727
0.998001	0.140391	0.281783	0.159426	0.00440397
0.998001	0.140292	0.281701	0.159361	0.00439689
0.998001	0.140193	0.281618	0.159296	0.00438367
0.998001	0.140095	0.281536	0.159231	0.00437768
0.998001	0.139996	0.281453	0.159165	0.00437524
0.998001	0.139897	0.281371	0.1591	0.00437401
0.998001	0.139799	0.281289	0.159035	0.00436964
0.998001	0.1397	0.281206	0.158969	0.00436765
0.998001	0.139601	0.281124	0.158904	0.00436238
0.998001	0.139503	0.281041	0.158839	0.00435869
0.998001	0.139404	0.280959	0.158773	0.00435271
0.998001	0.139305	0.280877	0.158708	0.00434919
0.998001	0.139207	0.280794	0.158642	0.00434918
0.998001	0.139108	0.280712	0.158577	0.00434765
0.998001	0.139009	0.280629	0.158512	0.00433969
0.998001	0.138911	0.280547	0.158446	0.00433742
0.998001	0.138812	0.280465	0.158381	0.00432415
0.998001	0.138713	0.280382	0.158315	0.00432403
0.998001	0.138615	0.2803	0.15825	0.00431607
0.998001	0.138516	0.280218	0.158184	0.00431207
0.998001	0.138418	0.280135	0.158119	0.0043114
0.998001	0.138319	0.280053	0.158053	0.00429675
0.998001	0.13822	0.27997	0.157988	0.0042941
0.998001	0.138122	0.279888	0.157922	0.0042871
0.998001	0.138023	0.279806	0.157856	0.00428089
0.998001	0.137924	0.279723	0.157791	0.00426273
0.998001	0.137826	0.279641	0.157725	0.00425303
0.998001	0.137727	0.279558	0.15766	0.00424937
0.998001	0.137628	0.279476	0.157594	0.00424922
0.998001	0.13753	0.279394	0.157528	0.00424681
0.998001	0.137431	0.279311	0.157463	0.00424328
0.998001	0.137332	0.279229	0.157397	0.00423838
0.998001	0.137234	0.279146	0.157331	0.00423492
0.998001	0.137135	0.279064	0.157266	0.00423252
0.998001	0.137036	0.278982	0.1572	0.00422807
0.998001	0.136938	0.278899	0.157134	0.00422802
0.998001	0.136839	0.278817	0.157068	0.00422181
0.998001	0.13674	0.278734	0.157003	0.00422123
0.998001	0.136642	0.278652	0.156937	0.00421904
0.998001	0.136543	0.27857	0.156871	0.00421328
0.998001	0.136444	0.278487	0.156805	0.00421047
0.998001	0.136346	0.278405	0.156739	0.00420001
0.998001	0.136247	0.278322	0.156673	0.00419743
0.998001	0.136148	0.27824	0.156608	0.00419446
0.998001	0.13605	0.278158	0.156542	0.00419201
0.998001	0.135951	0.278075	0.156476	0.00418749
0.998001	0.135852	0.277993	0.15641	0.00418576
0.998001	0.135754	0.277911	0.156344	0.00416664
0.998001	0.135655	0.277828	0.156278	0.004166
0.998001	0.135556	0.277746	0.156212	0.00416268
0.998001	0.135458	0.277663	0.156146	0.00415779
0.998001	0.135359	0.277581	0.15608	0.00415391
0.998001	0.13526	0.277499	0.156014	0.0041328
0.998001	0.135162	0.277416	0.155948	0.00413163
0.998001	0.135063	0.277334	0.155882	0.00413151
0.998001	0.134964	0.277251	0.155816	0.00412985
0.998001	0.134866	0.277169	0.15575	0.00412943
0.998001	0.134767	0.277087	0.155684	0.00412814
0.998001	0.134669	0.277004	0.155618	0.00412304
0.998001	0.13457	0.276922	0.155551	0.00411956
0.998001	0.134471	0.276839	0.155485	0.00411588
0.998001	0.134373	0.276757	0.155419	0.0041149
0.998001	0.134274	0.276675	0.155353	0.00411446
0.998001	0.134175	0.276592	0.155287	0.00411109
0.998001	0.134077	0.27651	0.155221	0.00410136
0.998001	0.133978	0.276427	0.155154	0.00409748
0.998001	0.133879	0.276345	0.155088	0.00409411
0.998001	0.133781	0.276263	0.155022	0.00409056
0.998001	0.133682	0.27618	0.154956	0.00408773
0.998001	0.133583	0.276098	0.154889	0.00408659
0.998001	0.133485	0.276015	0.154823	0.00408346
0.998001	0.133386	0.275933	0.154757	0.00407944
0.998001	0.133287	0.275851	0.15469	0.00407484
0.998001	0.133189	0.275768	0.154624	0.00406212
0.998001	0.13309	0.275686	0.154558	0.00405968
0.998001	0.132991	0.275604	0.154491	0.00405855
0.998001	0.132893	0.275521	0.154425	0.0040536
0.998001	0.132794	0.275439	0.154359	0.00405052
0.998001	0.132695	0.275356	0.154292	0.00404089
0.998001	0.132597	0.275274	0.154226	0.00403105
0.998001	0.132498	0.275192	0.154159	0.00401998
0.998001	0.132399	0.275109	0.154093	0.00401492
0.998001	0.132301	0.275027	0.154026	0.0039956
0.998001	0.132202	0.274944	0.15396	0.00399408
0.998001	0.132103	0.274862	0.153893	0.00399089
0.998001	0.132005	0.27478	0.153827	0.00398251
0.998001	0.131906	0.274697	0.15376	0.00398043
0.998001	0.131807	0.274615	0.153694	0.0039802
0.998001	0.131709	0.274532	0.153627	0.00398004
0.998001	0.13161	0.27445	0.15356	0.00397829
0.998001	0.131511	0.274368	0.153494	0.00397609
0.998001	0.131413	0.274285	0.153427	0.00397384
0.998001	0.131314	0.274203	0.15336	0.00396767
0.998001	0.131215	0.27412	0.153294	0.00396344
0.998001	0.131117	0.274038	0.153227	0.00396297
0.998001	0.131018	0.273956	0.15316	0.0039597
0.998001	0.130919	0.273873	0.153094	0.00395073
0.998001	0.130821	0.273791	0.153027	0.00394575
0.998001	0.130722	0.273708	0.15296	0.00394001
0.998001	0.130624	0.273626	0.152893	0.00393741
0.998001	0.130525	0.273544	0.152827	0.00393549
0.998001	0.130426	0.273461	0.15276	0.00393329
0.998001	0.130328	0.273379	0.152693	0.00392648
0.998001	0.130229	0.273297	0.152626	0.00392456
0.998001	0.13013	0.273214	0.152559	0.00391835
0.998001	0.130032	0.273132	0.152492	0.00391795
0.998001	0.129933	0.273049	0.152426	0.00391352
0.998001	0.129834	0.272967	0.152359	0.00391284
0.998001	0.129736	0.272885	0.152292	0.00390876
0.998001	0.129637	0.272802	0.152225	0.00390275
0.998001	0.129538	0.27272	0.152158	0.0038867
0.998001	0.12944	0.272637	0.152091	0.00388643
0.998001	0.129341	0.272555	0.152024	0.00387924
0.998001	0.129242	0.272473	0.151957	0.00387812
0.998001	0.129144	0.27239	0.15189	0.00387737
0.998001	0.129045	0.272308	0.151823	0.00386904
0.998001	0.128946	0.272225	0.151756	0.00386114
0.998001	0.128848	0.272143	0.151689	0.0038559
0.998001	0.128749	0.272061	0.151622	0.00385375
0.998001	0.12865	0.271978	0.151554	0.0038531
0.998001	0.128552	0.271896	0.151487	0.00385197
0.998001	0.128453	0.271813	0.15142	0.00384433
0.998001	0.128354	0.271731	0.151353	0.00383978
0.998001	0.128256	0.271649	0.151286	0.00383252
0.998001	0.128157	0.271566	0.151219	0.00382893
0.998001	0.128058	0.271484	0.151151	0.00382509
0.998001	0.12796	0.271401	0.151084	0.00382217
0.998001	0.127861	0.271319	0.151017	0.00379862
0.998001	0.127762	0.271237	0.15095	0.00379264
0.998001	0.127664	0.271154	0.150882	0.00379067
0.998001	0.127565	0.271072	0.150815	0.00378588
0.998001	0.127466	0.27099	0.150748	0.00378306
0.998001	0.127368	0.270907	0.15068	0.00378022
0.998001	0.127269	0.270825	0.150613	0.00377833
0.998001	0.12717	0.270742	0.150546	0.00377099
0.998001	0.127072	0.27066	0.150478	0.00376905
0.998001	0.126973	0.270578	0.150411	0.00375778
0.998001	0.126875	0.270495	0.150343	0.00374253
0.998001	0.126776	0.270413	0.150276	0.0037333
0.998001	0.126677	0.27033	0.150209	0.00373121
0.998001	0.126579	0.270248	0.150141	0.00373036
0.998001	0.12648	0.270166	0.150074	0.00371794
0.998001	0.126381	0.270083	0.150006	0.0037148
0.998001	0.126283	0.270001	0.149938	0.00370805
0.998001	0.126184	0.269918	0.149871	0.00369959
0.998001	0.126085	0.269836	0.149803	0.00368233
0.998001	0.125987	0.269754	0.149736	0.0036799
0.998001	0.125888	0.269671	0.149668	0.00367512
0.998001	0.125789	0.269589	0.149601	0.00367446
0.998001	0.125691	0.269506	0.149533	0.00367166
0.998001	0.125592	0.269424	0.149465	0.00366644
0.998001	0.125493	0.269342	0.149398	0.00366362
0.998001	0.125395	0.269259	0.14933	0.00366246
0.998001	0.125296	0.269177	0.149262	0.00365553
0.998001	0.125197	0.269095	0.149194	0.0036497
0.998001	0.125099	0.269012	0.149127	0.00364624
0.998001	0.125	0.26893	0.149059	0.00364487
0.998001	0.124901	0.268847	0.148991	0.00364448
0.998001	0.124803	0.268765	0.148923	0.00364097
0.998001	0.124704	0.268683	0.148855	0.00362578
0.998001	0.124605	0.2686	0.148788	0.00362223
0.998001	0.124507	0.268518	0.14872	0.00362063
0.998001	0.124408	0.268435	0.148652	0.00361142
0.998001	0.124309	0.268353	0.148584	0.00361099
0.998001	0.124211	0.268271	0.148516	0.00361045
0.998001	0.124112	0.268188	0.148448	0.00360691
0.998001	0.124013	0.268106	0.14838	0.00360539
0.998001	0.123816	0.267941	0.148244	0.00360336
0.998001	0.123717	0.267859	0.148176	0.00359864
0.998001	0.123619	0.267776	0.148108	0.00358999
0.998001	0.12352	0.267694	0.14804	0.00358953
0.998001	0.123421	0.267611	0.147972	0.00357838
0.998001	0.123323	0.267529	0.147904	0.00357455
0.998001	0.123224	0.267447	0.147836	0.00356771
0.998001	0.123125	0.267364	0.147768	0.00356086
0.998001	0.123027	0.267282	0.1477	0.00355736
0.998001	0.122928	0.267199	0.147631	0.0035501
0.998001	0.12283	0.267117	0.147563	0.00354876
0.998001	0.122731	0.267035	0.147495	0.00354606
0.998001	0.122632	0.266952	0.147427	0.00354452
0.998001	0.122534	0.26687	0.147359	0.00354082
0.998001	0.122435	0.266788	0.14729	0.00353987
0.998001	0.122336	0.266705	0.147222	0.00353623
0.998001	0.122238	0.266623	0.147154	0.00353541
0.998001	0.122139	0.26654	0.147085	0.00351125
0.998001	0.12204	0.266458	0.147017	0.0034957
0.998001	0.121942	0.266376	0.146949	0.00348827
0.998001	0.121843	0.266293	0.14688	0.00348042
0.998001	0.121744	0.266211	0.146812	0.00347573
0.998001	0.121646	0.266128	0.146744	0.00347475
0.998001	0.121547	0.266046	0.146675	0.00347343
0.998001	0.121448	0.265964	0.146607	0.0034719
0.998001	0.12135	0.265881	0.146538	0.00346949
0.998001	0.121251	0.265799	0.14647	0.0034471
0.998001	0.121152	0.265716	0.146401	0.00344674
0.998001	0.121054	0.265634	0.146333	0.00344663
0.998001	0.120955	0.265552	0.146264	0.00343777
0.998001	0.120856	0.265469	0.146196	0.00343159
0.998001	0.120758	0.265387	0.146127	0.00342652
0.998001	0.120659	0.265304	0.146058	0.00342454
0.998001	0.12056	0.265222	0.14599	0.00342289
0.998501	0.12056	0.265304	0.146658	0.00342005
0.998501	0.120462	0.265222	0.14659	0.00341982
0.998501	0.120363	0.26514	0.146521	0.00341419
0.998501	0.120264	0.265057	0.146453	0.00341147
0.998501	0.120166	0.264975	0.146385	0.00340566
0.998501	0.120067	0.264892	0.146316	0.00339814
0.998501	0.119968	0.26481	0.146248	0.00339723
0.998501	0.11987	0.264728	0.146179	0.0033942
0.998501	0.119771	0.264645	0.146111	0.00338254
0.998501	0.119672	0.264563	0.146042	0.00337416
0.998501	0.119574	0.264481	0.145973	0.00337183
0.998501	0.119475	0.264398	0.145905	0.00335811
0.998501	0.119376	0.264316	0.145836	0.00334214
0.998501	0.119278	0.264233	0.145768	0.0033421
0.998501	0.119179	0.264151	0.145699	0.00334189
0.998501	0.119081	0.264069	0.14563	0.00333893
0.998501	0.118982	0.263986	0.145562	0.00333209
0.998501	0.118883	0.263904	0.145493	0.0033188
0.998501	0.118785	0.263821	0.145424	0.00331809
0.998501	0.118686	0.263739	0.145355	0.00331267
0.998501	0.118587	0.263657	0.145287	0.00330832
0.998501	0.118489	0.263574	0.145218	0.00330503
0.998501	0.11839	0.263492	0.145149	0.00330443
0.998501	0.118291	0.263409	0.14508	0.00327748
0.998501	0.118193	0.263327	0.145011	0.00327309
0.998501	0.118094	0.263245	0.144943	0.00325582
0.998501	0.117995	0.263162	0.144874	0.00325571
0.998501	0.117897	0.26308	0.144805	0.00324844
0.998501	0.117798	0.262997	0.144736	0.00324512
0.998501	0.117699	0.262915	0.144667	0.00324471
0.998501	0.117601	0.262833	0.144598	0.00324217
0.998501	0.117502	0.26275	0.144529	0.00323981
0.998501	0.117403	0.262668	0.14446	0.00322702
0.998501	0.117305	0.262585	0.144391	0.00322473
0.998501	0.117206	0.262503	0.144322	0.00321493
0.998501	0.117107	0.262421	0.144253	0.00319979
0.998501	0.117009	0.262338	0.144184	0.00319835
0.998501	0.11691	0.262256	0.144115	0.00319778
0.998501	0.116811	0.262174	0.144045	0.00319745
0.998501	0.116713	0.262091	0.143976	0.00319309
0.998501	0.116614	0.262009	0.143907	0.00318754
0.998501	0.116515	0.261926	0.143838	0.00317991
0.998501	0.116417	0.261844	0.143769	0.00317819
0.998501	0.116318	0.261762	0.143699	0.00317817
0.998501	0.116219	0.261679	0.14363	0.00317224
0.998501	0.116121	0.261597	0.143561	0.00316507
0.998501	0.116022	0.261514	0.143492	0.00316477
0.998501	0.115923	0.261432	0.143422	0.00316321
0.998501	0.115825	0.26135	0.143353	0.00316312
0.998501	0.115726	0.261267	0.143284	0.00315963
0.998501	0.115627	0.261185	0.143214	0.00315936
0.998501	0.115529	0.261102	0.143145	0.00315597
0.998501	0.11543	0.26102	0.143075	0.00315344
0.998501	0.115331	0.260938	0.143006	0.00315213
0.998501	0.115233	0.260855	0.142936	0.00315039
0.998501	0.115134	0.260773	0.142867	0.00314569
0.998501	0.115036	0.26069	0.142797	0.00314374
0.998501	0.114937	0.260608	0.142728	0.00314225
0.998501	0.114838	0.260526	0.142658	0.00314073
0.998501	0.11474	0.260443	0.142589	0.00313776
0.998501	0.114641	0.260361	0.142519	0.0031268
0.998501	0.114542	0.260278	0.14245	0.00311863
0.998501	0.114444	0.260196	0.14238	0.00308777
0.998501	0.114345	0.260114	0.14231	0.00308366
0.998501	0.114246	0.260031	0.142241	0.00308119
0.998501	0.114148	0.259949	0.142171	0.00307631
0.998501	0.114049	0.259867	0.142101	0.00307482
0.998501	0.11395	0.259784	0.142031	0.00307311
0.998501	0.113852	0.259702	0.141962	0.00306865
0.998501	0.113753	0.259619	0.141892	0.00305726
0.998501	0.113654	0.259537	0.141822	0.00305098
0.998501	0.113556	0.259455	0.141752	0.00305023
0.998501	0.113457	0.259372	0.141682	0.00304532
0.998501	0.113358	0.25929	0.141613	0.00304372
0.998501	0.11326	0.259207	0.141543	0.00303828
0.998501	0.113161	0.259125	0.141473	0.00303147
0.998501	0.113062	0.259043	0.141403	0.00302324
0.998501	0.112964	0.25896	0.141333	0.00302278
0.998501	0.112865	0.258878	0.141263	0.00302269
0.998501	0.112766	0.258795	0.141193	0.00301831
0.998501	0.112668	0.258713	0.141123	0.0030111
0.998501	0.112569	0.258631	0.141053	0.00300291
0.998501	0.11247	0.258548	0.140983	0.00299296
0.998501	0.112372	0.258466	0.140913	0.00299225
0.998501	0.112273	0.258383	0.140843	0.00298578
0.998501	0.112174	0.258301	0.140772	0.00297054
0.998501	0.112076	0.258219	0.140702	0.00296981
0.998501	0.111977	0.258136	0.140632	0.00295599
0.998501	0.111878	0.258054	0.140562	0.00295
0.998501	0.11178	0.257971	0.140492	0.00294965
0.998501	0.111681	0.257889	0.140421	0.00294547
0.998501	0.111582	0.257807	0.140351	0.00294318
0.998501	0.111484	0.257724	0.140281	0.00293207
0.998501	0.111385	0.257642	0.140211	0.0029225
0.998501	0.111287	0.25756	0.14014	0.00291529
0.998501	0.111188	0.257477	0.14007	0.00290684
0.998501	0.111089	0.257395	0.139999	0.0029046
0.998501	0.110991	0.257312	0.139929	0.0029032
0.998501	0.110892	0.25723	0.139859	0.00290081
0.998501	0.110793	0.257148	0.139788	0.00289964
0.998501	0.110695	0.257065	0.139718	0.00288965
0.998501	0.110596	0.256983	0.139647	0.00288287
0.998501	0.110497	0.2569	0.139577	0.00287514
0.998501	0.110399	0.256818	0.139506	0.00287377
0.998501	0.1103	0.256736	0.139436	0.00286753
0.998501	0.110201	0.256653	0.139365	0.0028665
0.998501	0.110103	0.256571	0.139294	0.00286282
0.998501	0.110004	0.256488	0.139224	0.00285881
0.998501	0.109905	0.256406	0.139153	0.00285589
0.998501	0.109807	0.256324	0.139082	0.00285492
0.998501	0.109708	0.256241	0.139012	0.00285048
0.998501	0.109609	0.256159	0.138941	0.00284704
0.998501	0.109511	0.256076	0.13887	0.00284686
0.998501	0.109412	0.255994	0.138799	0.00284681
0.998501	0.109313	0.255912	0.138729	0.00284649
0.998501	0.109215	0.255829	0.138658	0.00284571
0.998501	0.109116	0.255747	0.138587	0.00284405
0.998501	0.109017	0.255664	0.138516	0.00284254
0.998501	0.108919	0.255582	0.138445	0.00284139
0.998501	0.10882	0.2555	0.138374	0.00283091
0.998501	0.108721	0.255417	0.138303	0.00282911
0.998501	0.108623	0.255335	0.138233	0.00282058
0.998501	0.108524	0.255253	0.138162	0.00282056
0.998501	0.108425	0.25517	0.138091	0.00282005
0.998501	0.108327	0.255088	0.138019	0.00281295
0.998501	0.108228	0.255005	0.137948	0.0027971
0.998501	0.108129	0.254923	0.137877	0.00279643
0.998501	0.108031	0.254841	0.137806	0.00279179
0.998501	0.107932	0.254758	0.137735	0.00278582
0.998501	0.107833	0.254676	0.137664	0.00278365
0.998501	0.107735	0.254593	0.137593	0.00278118
0.998501	0.107636	0.254511	0.137522	0.00277703
0.998501	0.107537	0.254429	0.13745	0.00277686
0.999	0.107537	0.254511	0.138155	0.00276954
0.999	0.107439	0.254429	0.138084	0.00276853
0.999	0.10734	0.254346	0.138013	0.00276301
0.999	0.107242	0.254264	0.137942	0.00275603
0.999	0.107143	0.254181	0.137871	0.0027526
0.999	0.107044	0.254099	0.1378	0.00274251
0.999	0.106946	0.254017	0.137729	0.0027346
0.999	0.106847	0.253934	0.137658	0.00273396
0.999	0.106748	0.253852	0.137587	0.00273158
0.999	0.10665	0.253769	0.137516	0.00272978
0.999	0.106551	0.253687	0.137445	0.00272394
0.999	0.106452	0.253605	0.137373	0.00272038
0.999	0.106354	0.253522	0.137302	0.0027118
0.999	0.106255	0.25344	0.137231	0.00271111
0.999	0.106156	0.253358	0.13716	0.00270547
0.999	0.106058	0.253275	0.137089	0.00270005
0.999	0.105959	0.253193	0.137017	0.00269745
0.999	0.10586	0.25311	0.136946	0.00269171
0.999	0.105762	0.253028	0.136875	0.00268356
0.999	0.105663	0.252946	0.136803	0.00267842
0.999	0.105564	0.252863	0.136732	0.00267544
0.999	0.105466	0.252781	0.13666	0.00267454
0.999	0.105367	0.252698	0.136589	0.00266761
0.999	0.105268	0.252616	0.136517	0.00266647
0.999	0.10517	0.252534	0.136446	0.00266566
0.999	0.105071	0.252451	0.136374	0.00266151
0.999	0.104972	0.252369	0.136303	0.00266097
0.999	0.104874	0.252286	0.136231	0.00265544
0.999	0.104775	0.252204	0.13616	0.00262673
0.999	0.104676	0.252122	0.136088	0.00262449
0.999	0.104578	0.252039	0.136016	0.00260749
0.999	0.104479	0.251957	0.135945	0.00260699
0.999	0.10438	0.251874	0.135873	0.00260221
0.999	0.104282	0.251792	0.135801	0.00259367
0.999	0.104183	0.25171	0.13573	0.00259222
0.999	0.104084	0.251627	0.135658	0.00258604
0.999	0.103986	0.251545	0.135586	0.00258154
0.999	0.103887	0.251462	0.135514	0.00256961
0.999	0.103788	0.25138	0.135442	0.00256746
0.999	0.10369	0.251298	0.13537	0.00255996
0.999	0.103591	0.251215	0.135299	0.00255571
0.999	0.103493	0.251133	0.135227	0.00255529
0.999	0.103394	0.251051	0.135155	0.00255458
0.999	0.103295	0.250968	0.135083	0.00255044
0.999	0.103197	0.250886	0.135011	0.00254914
0.999	0.103098	0.250803	0.134939	0.00254773
0.999	0.102999	0.250721	0.134867	0.0025414
0.999	0.102901	0.250639	0.134795	0.00253868
0.999	0.102802	0.250556	0.134722	0.00253156
0.999	0.102703	0.250474	0.13465	0.00253109
0.999	0.102605	0.250391	0.134578	0.00252953
0.999	0.102506	0.250309	0.134506	0.00251471
0.999	0.102407	0.250227	0.134434	0.00251122
0.999	0.102309	0.250144	0.134362	0.002502
0.999	0.10221	0.250062	0.134289	0.00249675
0.999	0.102111	0.249979	0.134217	0.00249669
0.999	0.102013	0.249897	0.134145	0.00249154
0.999	0.101914	0.249815	0.134072	0.00249014
0.999	0.101815	0.249732	0.134	0.0024857
0.999	0.101717	0.24965	0.133928	0.00248247
0.999	0.101618	0.249567	0.133855	0.0024813
0.999	0.101519	0.249485	0.133783	0.00247867
0.999	0.101421	0.249403	0.13371	0.00246685
0.999	0.101322	0.24932	0.133638	0.00246658
0.999	0.101223	0.249238	0.133565	0.00246556
0.999	0.101125	0.249155	0.133493	0.00246417
0.999	0.101026	0.249073	0.13342	0.00246371
0.999	0.100927	0.248991	0.133348	0.00244884
0.999	0.100829	0.248908	0.133275	0.00244252
0.999	0.10073	0.248826	0.133202	0.00244211
0.999	0.100631	0.248744	0.13313	0.00243673
0.999	0.100533	0.248661	0.133057	0.00243535
0.999	0.100434	0.248579	0.132984	0.00242512
0.999	0.100335	0.248496	0.132912	0.00242387
0.999	0.100237	0.248414	0.132839	0.00242226
0.999	0.100138	0.248332	0.132766	0.00241382
0.999	0.100039	0.248249	0.132693	0.00241347
0.999	0.0999408	0.248167	0.13262	0.00241306
0.999	0.0998421	0.248084	0.132547	0.00241113
0.999	0.0997435	0.248002	0.132475	0.00240408
0.999	0.0996448	0.24792	0.132402	0.0024018
0.999	0.0995462	0.247837	0.132329	0.00239418
0.999	0.0994475	0.247755	0.132256	0.00239353
0.999	0.0993489	0.247672	0.132183	0.00239279
0.999	0.0992502	0.24759	0.13211	0.00237593
0.999	0.0991515	0.247508	0.132036	0.0023753
0.999	0.0990529	0.247425	0.131963	0.00237152
0.999	0.0989542	0.247343	0.13189	0.00235997
0.999	0.0988556	0.24726	0.131817	0.00235828
0.999	0.0987569	0.247178	0.131744	0.00235671
0.999	0.0986582	0.247096	0.131671	0.00235524
0.999	0.0985596	0.247013	0.131597	0.0023468
0.999	0.0984609	0.246931	0.131524	0.00233997
0.999	0.0983623	0.246848	0.131451	0.00232789
0.999	0.0982636	0.246766	0.131378	0.00232493
0.999	0.098165	0.246684	0.131304	0.00231035
0.999	0.0980663	0.246601	0.131231	0.00230503
0.999	0.0979676	0.246519	0.131157	0.00229697
0.999	0.097869	0.246437	0.131084	0.00229696
0.999	0.0977703	0.246354	0.131011	0.00229481
0.999	0.0976717	0.246272	0.130937	0.00229074
0.999	0.097573	0.246189	0.130863	0.00228631
0.999	0.0974743	0.246107	0.13079	0.00228533
0.999	0.0973757	0.246025	0.130716	0.00228456
0.999	0.097277	0.245942	0.130643	0.00228412
0.999	0.0971784	0.24586	0.130569	0.00227982
0.999	0.0970797	0.245777	0.130495	0.00227932
0.999	0.0969811	0.245695	0.130422	0.00227682
0.999	0.0968824	0.245613	0.130348	0.00227072
0.999	0.0967837	0.24553	0.130274	0.00226605
0.999	0.0966851	0.245448	0.130201	0.00226193
0.999	0.0965864	0.245365	0.130127	0.00225551
0.999	0.0964878	0.245283	0.130053	0.00225482
0.999	0.0963891	0.245201	0.129979	0.00225099
0.999	0.0962904	0.245118	0.129905	0.00224984
0.999	0.0961918	0.245036	0.129831	0.00224465
0.999	0.0960931	0.244953	0.129757	0.00224345
0.999	0.0959945	0.244871	0.129683	0.00224294
0.999	0.0958958	0.244789	0.129609	0.00223682
0.999	0.0957972	0.244706	0.129535	0.00222994
0.999	0.0956985	0.244624	0.129461	0.00222301
0.999	0.0955998	0.244541	0.129387	0.00222067
0.999	0.0955012	0.244459	0.129313	0.00221926
0.999	0.0954025	0.244377	0.129239	0.00221781
0.999	0.0953039	0.244294	0.129165	0.00221624
0.999	0.0952052	0.244212	0.12909	0.00221141
0.999	0.0951066	0.24413	0.129016	0.00221138
0.999	0.0950079	0.244047	0.128942	0.00220425
0.999	0.0949092	0.243965	0.128868	0.00219979
0.999	0.0948106	0.243882	0.128793	0.00219378
0.999	0.0947119	0.2438	0.128719	0.00219336
0.999	0.0946133	0.243718	0.128645	0.00218932
0.999	0.0945146	0.243635	0.12857	0.00217882
0.999	0.0944159	0.243553	0.128496	0.00217846
0.999	0.0943173	0.24347	0.128421	0.00217673
0.999	0.0942186	0.243388	0.128347	0.00217611
0.999	0.09412	0.243306	0.128272	0.00217482
0.999	0.0940213	0.243223	0.128198	0.00217319
0.999	0.0939227	0.243141	0.128123	0.00217056
0.999	0.093824	0.243058	0.128048	0.00216848
0.999	0.0937253	0.242976	0.127974	0.00216589
0.999	0.0936267	0.242894	0.127899	0.00216179
0.999	0.093528	0.242811	0.127824	0.00214284
0.999	0.0934294	0.242729	0.12775	0.00213817
0.999	0.0933307	0.242646	0.127675	0.00213267
0.999	0.093232	0.242564	0.1276	0.00212899
0.999	0.0931334	0.242482	0.127525	0.00212514
0.999	0.0930347	0.242399	0.12745	0.00212198
0.999	0.0929361	0.242317	0.127375	0.0021195
0.999	0.0928374	0.242234	0.127301	0.00211873
0.999	0.0927388	0.242152	0.127226	0.0021143
0.999	0.0926401	0.24207	0.127151	0.0021086
0.999	0.0925414	0.241987	0.127076	0.00210805
0.999	0.0924428	0.241905	0.127001	0.00210763
0.999	0.0923441	0.241823	0.126925	0.00210761
0.999	0.0922455	0.24174	0.12685	0.00209803
0.999	0.0921468	0.241658	0.126775	0.00209269
0.999	0.0920481	0.241575	0.1267	0.00209021
0.999	0.0919495	0.241493	0.126625	0.00208907
0.999	0.0918508	0.241411	0.12655	0.00208063
0.999	0.0917522	0.241328	0.126474	0.00207994
0.999	0.0916535	0.241246	0.126399	0.00207971
0.999	0.0915549	0.241163	0.126324	0.0020759
0.999	0.0914562	0.241081	0.126248	0.00207361
0.999	0.0913575	0.240999	0.126173	0.00206219
0.999	0.0912589	0.240916	0.126098	0.00206196
0.999	0.0911602	0.240834	0.126022	0.00206112
0.999	0.0910616	0.240751	0.125947	0.0020596
0.999	0.0909629	0.240669	0.125871	0.00205559
0.999	0.0908642	0.240587	0.125795	0.00205457
0.999	0.0907656	0.240504	0.12572	0.00205447
0.999	0.0906669	0.240422	0.125644	0.00205398
0.999	0.0905683	0.240339	0.125569	0.00204518
0.999	0.0904696	0.240257	0.125493	0.00204387
0.999	0.090371	0.240175	0.125417	0.00203099
0.999	0.0902723	0.240092	0.125342	0.00202958
0.999	0.0901736	0.24001	0.125266	0.00202513
0.999	0.090075	0.239927	0.12519	0.00202006
0.999	0.0899763	0.239845	0.125114	0.00201781
0.999	0.0898777	0.239763	0.125038	0.00201712
0.999	0.089779	0.23968	0.124962	0.00201543
0.999	0.0896803	0.239598	0.124886	0.00201434
0.999	0.0895817	0.239516	0.12481	0.00200955
0.999	0.089483	0.239433	0.124734	0.00200332
0.999	0.0893844	0.239351	0.124658	0.00200172
0.999	0.0892857	0.239268	0.124582	0.00200014
0.999	0.0891871	0.239186	0.124506	0.00199259
0.999	0.0890884	0.239104	0.12443	0.0019848
0.999	0.0889897	0.239021	0.124354	0.00197847
0.999	0.0888911	0.238939	0.124278	0.00197752
0.999	0.0887924	0.238856	0.124201	0.00196607
0.999	0.0886938	0.238774	0.124125	0.00196077
0.999	0.0885951	0.238692	0.124049	0.00195947
0.999	0.0884964	0.238609	0.123973	0.00195075
0.999	0.0883978	0.238527	0.123896	0.00195003
0.999	0.0882991	0.238444	0.12382	0.00194822
0.999	0.0882005	0.238362	0.123743	0.00194629
0.999	0.0881018	0.23828	0.123667	0.00192914
0.999	0.0880032	0.238197	0.12359	0.00192899
0.999	0.0879045	0.238115	0.123514	0.00192835
0.999	0.0878058	0.238032	0.123437	0.0019238
0.999	0.0877072	0.23795	0.123361	0.00192178
0.999	0.0876085	0.237868	0.123284	0.00190959
0.999	0.0875099	0.237785	0.123207	0.00190821
0.999	0.0874112	0.237703	0.123131	0.00190362
0.999	0.0873125	0.23762	0.123054	0.00189887
0.999	0.0872139	0.237538	0.122977	0.00188824
0.999	0.0871152	0.237456	0.1229	0.00188453
0.999	0.0870166	0.237373	0.122823	0.00188222
0.999	0.0869179	0.237291	0.122747	0.0018774
0.999	0.0868193	0.237209	0.12267	0.0018771
0.999	0.0867206	0.237126	0.122593	0.0018748
0.999	0.0866219	0.237044	0.122516	0.00186951
0.999	0.0865233	0.236961	0.122439	0.00186674
0.999	0.0864246	0.236879	0.122362	0.00186646
0.999	0.086326	0.236797	0.122285	0.00185942
0.999	0.0862273	0.236714	0.122207	0.00185833
0.999	0.0861287	0.236632	0.12213	0.00185791
0.999	0.08603	0.236549	0.122053	0.0018543
0.999	0.0859313	0.236467	0.121976	0.00184915
0.999	0.0858327	0.236385	0.121899	0.00184424
0.999	0.085734	0.236302	0.121821	0.00183919
0.999	0.0856354	0.23622	0.121744	0.00183373
0.999	0.0855367	0.236137	0.121667	0.00183354
0.999	0.085438	0.236055	0.121589	0.00181379
0.999	0.0853394	0.235973	0.121512	0.00181375
0.999	0.0852407	0.23589	0.121434	0.00181194
0.999	0.0851421	0.235808	0.121357	0.00180417
0.999	0.0850434	0.235725	0.121279	0.00180191
0.999	0.0849448	0.235643	0.121202	0.0017995
0.999	0.0848461	0.235561	0.121124	0.00179504
0.999	0.0847474	0.235478	0.121046	0.00179256
0.999	0.0846488	0.235396	0.120969	0.00178955
0.999	0.0845501	0.235314	0.120891	0.00178582
0.999	0.0844515	0.235231	0.120813	0.00178112
0.999	0.0843528	0.235149	0.120735	0.00178052
0.999	0.0842541	0.235066	0.120658	0.00178002
0.999	0.0841555	0.234984	0.12058	0.00177971
0.999	0.0840568	0.234902	0.120502	0.00177777
0.999	0.0839582	0.234819	0.120424	0.00177523
0.999	0.0838595	0.234737	0.120346	0.00177302
0.999	0.0837609	0.234654	0.120268	0.00176814
0.999	0.0836622	0.234572	0.12019	0.00176584
0.999	0.0835635	0.23449	0.120112	0.00176
0.999	0.0834649	0.234407	0.120034	0.00175947
0.999	0.0833662	0.234325	0.119955	0.00175646
0.999	0.0832676	0.234242	0.119877	0.00175248
0.999	0.0831689	0.23416	0.119799	0.00174958
0.999	0.0830702	0.234078	0.119721	0.00174232
0.999	0.0829716	0.233995	0.119642	0.00174212
0.999	0.0828729	0.233913	0.119564	0.00173489
0.999	0.0827743	0.23383	0.119486	0.00173332
0.999	0.0826756	0.233748	0.119407	0.00173253
0.999	0.082577	0.233666	0.119329	0.00173151
0.999	0.0824783	0.233583	0.11925	0.00172898
0.999	0.0823796	0.233501	0.119172	0.00172401
0.999	0.082281	0.233418	0.119093	0.00171181
0.999	0.0821823	0.233336	0.119015	0.00170928
0.999	0.0820837	0.233254	0.118936	0.00170796
0.999	0.081985	0.233171	0.118857	0.00170341
0.999	0.0818863	0.233089	0.118778	0.00170236
0.999	0.0817877	0.233007	0.1187	0.00169102
0.999	0.081689	0.232924	0.118621	0.0016896
0.999	0.0815904	0.232842	0.118542	0.00168102
0.999	0.0814917	0.232759	0.118463	0.00168055
0.999	0.0813931	0.232677	0.118384	0.00167569
0.999	0.0812944	0.232595	0.118305	0.00167119
0.999	0.0811957	0.232512	0.118226	0.00166128
0.999	0.0810971	0.23243	0.118147	0.00164937
0.999	0.0809984	0.232347	0.118068	0.00164724
0.999	0.0808998	0.232265	0.117989	0.00163458
0.999	0.0808011	0.232183	0.11791	0.00163206
0.999	0.0807024	0.2321	0.117831	0.00162624
0.999	0.0806038	0.232018	0.117752	0.00162601
0.999	0.0805051	0.231935	0.117672	0.0016216
0.999	0.0804065	0.231853	0.117593	0.00162027
0.999	0.0803078	0.231771	0.117514	0.00161929
0.999	0.0802092	0.231688	0.117434	0.00161888
0.999	0.0801105	0.231606	0.117355	0.00161598
0.999	0.0800118	0.231523	0.117275	0.00161267
0.999	0.0799132	0.231441	0.117196	0.00160899
0.999	0.0798145	0.231359	0.117116	0.00160656
0.999	0.0797159	0.231276	0.117037	0.00160112
0.999	0.0796172	0.231194	0.116957	0.00159922
0.999	0.0795185	0.231111	0.116877	0.0015973
0.999	0.0794199	0.231029	0.116798	0.00159303
0.999	0.0793212	0.230947	0.116718	0.00158657
0.999	0.0792226	0.230864	0.116638	0.00157822
0.999	0.0791239	0.230782	0.116558	0.00157684
0.999	0.0790253	0.2307	0.116478	0.00157489
0.999	0.0789266	0.230617	0.116399	0.00156732
0.999	0.0788279	0.230535	0.116319	0.00156529
0.999	0.0787293	0.230452	0.116239	0.001564
0.999	0.0786306	0.23037	0.116159	0.00156378
0.999	0.078532	0.230288	0.116078	0.00156199
0.999	0.0784333	0.230205	0.115998	0.00156074
0.999	0.0783346	0.230123	0.115918	0.00155623
0.999	0.078236	0.23004	0.115838	0.00155207
0.999	0.0781373	0.229958	0.115758	0.00154947
0.999	0.0780387	0.229876	0.115677	0.00154738
0.999	0.07794	0.229793	0.115597	0.00154113
0.999	0.0778414	0.229711	0.115517	0.00153553
0.999	0.0777427	0.229628	0.115436	0.00153252
0.999	0.077644	0.229546	0.115356	0.00153064
0.999	0.0775454	0.229464	0.115275	0.00152971
0.999	0.0774467	0.229381	0.115195	0.0015292
0.999	0.0773481	0.229299	0.115114	0.00152573
0.999	0.0772494	0.229216	0.115034	0.0015254
0.999	0.0771507	0.229134	0.114953	0.00152356
0.999	0.0770521	0.229052	0.114872	0.00152085
0.999	0.0769534	0.228969	0.114792	0.00151392
0.999	0.0768548	0.228887	0.114711	0.00151221
0.999	0.0767561	0.228804	0.11463	0.00150964
0.999	0.0766575	0.228722	0.114549	0.00150864
0.999	0.0765588	0.22864	0.114468	0.00150791
0.999	0.0764601	0.228557	0.114387	0.00150184
0.999	0.0763615	0.228475	0.114306	0.00149874
0.999	0.0762628	0.228393	0.114225	0.0014984
0.999	0.0761642	0.22831	0.114144	0.0014973
0.999	0.0760655	0.228228	0.114063	0.00149273
0.999	0.0759669	0.228145	0.113982	0.00149108
0.999	0.0758682	0.228063	0.113901	0.00149022
0.999	0.0757695	0.227981	0.113819	0.00147822
0.999	0.0756709	0.227898	0.113738	0.0014779
0.999	0.0755722	0.227816	0.113657	0.00147738
0.999	0.0754736	0.227733	0.113575	0.00147521
0.999	0.0753749	0.227651	0.113494	0.00146897
0.999	0.0752762	0.227569	0.113412	0.00146439
0.999	0.0751776	0.227486	0.113331	0.00146404
0.999	0.0750789	0.227404	0.113249	0.00146292
0.999	0.0749803	0.227321	0.113168	0.00146179
0.999	0.0748816	0.227239	0.113086	0.00146097
0.999	0.074783	0.227157	0.113004	0.00145984
0.999	0.0746843	0.227074	0.112923	0.00145937
0.999	0.0745856	0.226992	0.112841	0.0014581
0.999	0.074487	0.226909	0.112759	0.00145758
0.999	0.0743883	0.226827	0.112677	0.00145627
0.999	0.0742897	0.226745	0.112595	0.00145514
0.999	0.074191	0.226662	0.112513	0.00145123
0.999	0.0740923	0.22658	0.112431	0.00144587
0.999	0.0739937	0.226497	0.112349	0.00144183
0.999	0.073895	0.226415	0.112267	0.00143567
0.999	0.0737964	0.226333	0.112185	0.00143358
0.999	0.0736977	0.22625	0.112103	0.0014303
0.999	0.0735991	0.226168	0.11202	0.00142934
0.999	0.0735004	0.226086	0.111938	0.00142824
0.999	0.0734017	0.226003	0.111856	0.00142629
0.999	0.0733031	0.225921	0.111773	0.00142537
0.999	0.0732044	0.225838	0.111691	0.00141506
0.999	0.0731058	0.225756	0.111609	0.00141163
0.999	0.0730071	0.225674	0.111526	0.00140755
0.999	0.0729084	0.225591	0.111443	0.00140654
0.999	0.0728098	0.225509	0.111361	0.00139071
0.999	0.0727111	0.225426	0.111278	0.00138946
0.999	0.0726125	0.225344	0.111195	0.00138756
0.999	0.0725138	0.225262	0.111113	0.00138681
0.999	0.0724152	0.225179	0.11103	0.00138574
0.999	0.0723165	0.225097	0.110947	0.00138265
0.999	0.0722178	0.225014	0.110864	0.00138112
0.999	0.0721192	0.224932	0.110781	0.00138067
0.999	0.0720205	0.22485	0.110698	0.00137994
0.999	0.0719219	0.224767	0.110615	0.00137673
0.999	0.0718232	0.224685	0.110532	0.00137259
0.999	0.0717245	0.224602	0.110449	0.00136728
0.999	0.0716259	0.22452	0.110366	0.00135703
0.999	0.0715272	0.224438	0.110283	0.0013546
0.999	0.0714286	0.224355	0.110199	0.00135238
0.999	0.0713299	0.224273	0.110116	0.00134714
0.999	0.0712313	0.22419	0.110033	0.00134595
0.999	0.0711326	0.224108	0.109949	0.00134475
0.999	0.0710339	0.224026	0.109866	0.00134252
0.999	0.0709353	0.223943	0.109782	0.00133844
0.999	0.0708366	0.223861	0.109699	0.00133177
0.999	0.070738	0.223779	0.109615	0.00132843
0.999	0.0706393	0.223696	0.109531	0.00132509
0.999	0.0705406	0.223614	0.109448	0.00132495
0.999	0.070442	0.223531	0.109364	0.00132184
0.999	0.0703433	0.223449	0.10928	0.00131802
0.999	0.0702447	0.223367	0.109196	0.00130964
0.999	0.070146	0.223284	0.109112	0.00129956
0.999	0.0700474	0.223202	0.109028	0.00129434
0.999	0.0699487	0.223119	0.108944	0.00129378
0.999	0.06985	0.223037	0.10886	0.00129311
0.999	0.0697514	0.222955	0.108776	0.00129124
0.999	0.0696527	0.222872	0.108692	0.00128708
0.999	0.0695541	0.22279	0.108608	0.00128494
0.999	0.0694554	0.222707	0.108523	0.00127948
0.999	0.0693567	0.222625	0.108439	0.00127883
0.999	0.0692581	0.222543	0.108355	0.0012774
0.9995	0.0692581	0.222625	0.109221	0.00127427
0.9995	0.0691594	0.222543	0.109137	0.00127319
0.9995	0.0690608	0.22246	0.109053	0.00126983
0.9995	0.0689621	0.222378	0.108969	0.00126524
0.9995	0.0688635	0.222295	0.108885	0.00126255
0.9995	0.0687648	0.222213	0.108801	0.00125897
0.9995	0.0686661	0.222131	0.108717	0.00125779
0.9995	0.0685675	0.222048	0.108633	0.00125645
0.9995	0.0684688	0.221966	0.108549	0.00125577
0.9995	0.0683702	0.221883	0.108465	0.00125461
0.9995	0.0682715	0.221801	0.10838	0.00124946
0.9995	0.0681728	0.221719	0.108296	0.00124147
0.9995	0.0680742	0.221636	0.108211	0.00124055
0.9995	0.0679755	0.221554	0.108127	0.00123818
0.9995	0.0678769	0.221472	0.108043	0.00123589
0.9995	0.0677782	0.221389	0.107958	0.0012317
0.9995	0.0676796	0.221307	0.107873	0.00123122
0.9995	0.0675809	0.221224	0.107789	0.00122207
0.9995	0.0674822	0.221142	0.107704	0.0012202
0.9995	0.0673836	0.22106	0.107619	0.0012166
0.9995	0.0672849	0.220977	0.107535	0.00121497
0.9995	0.0671863	0.220895	0.10745	0.00121228
0.9995	0.0670876	0.220812	0.107365	0.00121225
0.9995	0.066989	0.22073	0.10728	0.00120641
0.9995	0.0668903	0.220648	0.107195	0.00120326
0.9995	0.0667916	0.220565	0.10711	0.00120074
0.9995	0.066693	0.220483	0.107025	0.00119804
0.9995	0.0665943	0.2204	0.106939	0.00119323
0.9995	0.0664957	0.220318	0.106854	0.00118982
0.9995	0.066397	0.220236	0.106769	0.00118323
0.9995	0.0662983	0.220153	0.106684	0.00117997
0.9995	0.0661997	0.220071	0.106598	0.00117894
0.9995	0.066101	0.219988	0.106513	0.00117718
0.9995	0.0660024	0.219906	0.106427	0.00117622
0.9995	0.0659037	0.219824	0.106342	0.00117287
0.9995	0.0658051	0.219741	0.106256	0.00117117
0.9995	0.0657064	0.219659	0.106171	0.00116833
0.9995	0.0656077	0.219577	0.106085	0.0011611
0.9995	0.0655091	0.219494	0.105999	0.00116066
0.9995	0.0654104	0.219412	0.105913	0.00116007
0.9995	0.0653118	0.219329	0.105827	0.00115578
0.9995	0.0652131	0.219247	0.105741	0.00115357
0.9995	0.0651144	0.219165	0.105656	0.00115018
0.9995	0.0650158	0.219082	0.105569	0.00114737
0.9995	0.0649171	0.219	0.105483	0.0011451
0.9995	0.0648185	0.218917	0.105397	0.0011425
0.9995	0.0647198	0.218835	0.105311	0.0011332
0.9995	0.0646212	0.218753	0.105225	0.00113095
0.9995	0.0645225	0.21867	0.105138	0.00112627
0.9995	0.0644238	0.218588	0.105052	0.00112603
0.9995	0.0643252	0.218505	0.104966	0.00111453
0.9995	0.0642265	0.218423	0.104879	0.00111322
0.9995	0.0641279	0.218341	0.104793	0.00110868
0.9995	0.0640292	0.218258	0.104706	0.0010962
0.9995	0.0639305	0.218176	0.104619	0.00109613
0.9995	0.0638319	0.218093	0.104533	0.00109247
0.9995	0.0637332	0.218011	0.104446	0.00109062
0.9995	0.0636346	0.217929	0.104359	0.00109051
0.9995	0.0635359	0.217846	0.104272	0.00109034
0.9995	0.0634373	0.217764	0.104185	0.00108825
0.9995	0.0633386	0.217681	0.104098	0.0010873
0.9995	0.0632399	0.217599	0.104011	0.00108269
0.9995	0.0631413	0.217517	0.103924	0.00108224
0.9995	0.0630426	0.217434	0.103837	0.00108148
0.9995	0.062944	0.217352	0.10375	0.00107626
0.9995	0.0628453	0.21727	0.103663	0.00106795
0.9995	0.0627466	0.217187	0.103575	0.00106741
0.9995	0.062648	0.217105	0.103488	0.0010673
0.9995	0.0625493	0.217022	0.1034	0.00105995
0.9995	0.0624507	0.21694	0.103313	0.00105865
0.9995	0.062352	0.216858	0.103225	0.00105773
0.9995	0.0622534	0.216775	0.103138	0.00105299
0.9995	0.0621547	0.216693	0.10305	0.0010462
0.9995	0.062056	0.21661	0.102962	0.00104616
0.9995	0.0619574	0.216528	0.102874	0.00103743
0.9995	0.0618587	0.216446	0.102787	0.00103488
0.9995	0.0617601	0.216363	0.102699	0.00103469
0.9995	0.0616614	0.216281	0.102611	0.00103278
0.9995	0.0615627	0.216198	0.102523	0.00103256
0.9995	0.0614641	0.216116	0.102434	0.0010284
0.9995	0.0613654	0.216034	0.102346	0.00102814
1	0.0613654	0.216116	0.103265	0.00102747
1	0.0612668	0.216034	0.103178	0.0010258
1	0.0611681	0.215951	0.10309	0.001025
1	0.0610695	0.215869	0.103002	0.00102452
1	0.0609708	0.215786	0.102915	0.0010235
1	0.0608721	0.215704	0.102827	0.00101922
1	0.0607735	0.215622	0.102739	0.00101774
1	0.0606748	0.215539	0.102651	0.00101258
1	0.0605762	0.215457	0.102563	0.00100905
1	0.0604775	0.215374	0.102475	0.0010045
1	0.0603788	0.215292	0.102387	0.0010036
1	0.0602802	0.21521	0.102299	0.00100069
1	0.0601815	0.215127	0.102211	0.0010002
1	0.0600829	0.215045	0.102123	0.00099762
1	0.0599842	0.214963	0.102034	0.000997398
1	0.0598856	0.21488	0.101946	0.000996648
1	0.0597869	0.214798	0.101858	0.00099515
1	0.0596882	0.214715	0.101769	0.000994361
1	0.0595896	0.214633	0.10168	0.000988551
1	0.0594909	0.214551	0.101592	0.000987776
1	0.0593923	0.214468	0.101503	0.00098754
1	0.0592936	0.214386	0.101414	0.000985988
1	0.0591949	0.214303	0.101326	0.000983545
1	0.0590963	0.214221	0.101237	0.000982756
1	0.0589976	0.214139	0.101148	0.000977627
1	0.058899	0.214056	0.101059	0.000973488
1	0.0588003	0.213974	0.10097	0.000972173
1	0.0587017	0.213891	0.100881	0.000969978
1	0.058603	0.213809	0.100792	0.000968065
1	0.0585043	0.213727	0.100702	0.000962053
1	0.0584057	0.213644	0.100613	0.000956881
1	0.058307	0.213562	0.100524	0.000952587
1	0.0582084	0.213479	0.100434	0.000952134
1	0.0581097	0.213397	0.100345	0.000949881
1	0.058011	0.213315	0.100255	0.000948536
1	0.0579124	0.213232	0.100166	0.00094265
1	0.0578137	0.21315	0.100076	0.000941082
1	0.0577151	0.213067	0.0999861	0.000934594
1	0.0576164	0.212985	0.0998963	0.000933734
1	0.0575178	0.212903	0.0998064	0.000933659
1	0.0574191	0.21282	0.0997164	0.000923159
1	0.0573204	0.212738	0.0996264	0.00092105
1	0.0572218	0.212656	0.0995363	0.000919547
1	0.0571231	0.212573	0.0994462	0.000915869
1	0.0570245	0.212491	0.099356	0.000914812
1	0.0569258	0.212408	0.0992657	0.000914267
1	0.0568272	0.212326	0.0991754	0.000909923
1	0.0567285	0.212244	0.0990849	0.000908494
1	0.0566298	0.212161	0.0989945	0.000906106
1	0.0565312	0.212079	0.0989039	0.000905758
1	0.0564325	0.211996	0.0988133	0.000905429
1	0.0563339	0.211914	0.0987226	0.000901855
1	0.0562352	0.211832	0.0986319	0.000901536
1	0.0561365	0.211749	0.0985411	0.000901077
1	0.0560379	0.211667	0.0984502	0.000896948
1	0.0559392	0.211584	0.0983592	0.000896691
1	0.0558406	0.211502	0.0982682	0.000896415
1	0.0557419	0.21142	0.0981771	0.000891674
1	0.0556433	0.211337	0.098086	0.000884477
1	0.0555446	0.211255	0.0979947	0.000883295
1	0.0554459	0.211172	0.0979034	0.000882494
1	0.0553473	0.21109	0.0978121	0.000879505
1	0.0552486	0.211008	0.0977206	0.00087622
1	0.05515	0.210925	0.0976291	0.000874254
1	0.0550513	0.210843	0.0975375	0.000872233
1	0.0549526	0.21076	0.0974459	0.000870253
1	0.054854	0.210678	0.0973542	0.000864888
1	0.0547553	0.210596	0.0972624	0.000863141
1	0.0546567	0.210513	0.0971705	0.000858944
1	0.054558	0.210431	0.0970786	0.000858914
1	0.0544594	0.210349	0.0969866	0.0008587
1	0.0543607	0.210266	0.0968945	0.000857414
1	0.054262	0.210184	0.0968024	0.000855859
1	0.0541634	0.210101	0.0967102	0.00084839
1	0.0540647	0.210019	0.0966179	0.000848168
1	0.0539661	0.209937	0.0965255	0.000847748
1	0.0538674	0.209854	0.0964331	0.000847698
1	0.0537687	0.209772	0.0963406	0.00084409
1	0.0536701	0.209689	0.096248	0.000840234
1	0.0535714	0.209607	0.0961554	0.000837296
1	0.0534728	0.209525	0.0960626	0.000835774
1	0.0533741	0.209442	0.0959698	0.000829558
1	0.0532755	0.20936	0.095877	0.000822921
1	0.0531768	0.209277	0.095784	0.000822139
1	0.0530781	0.209195	0.095691	0.000820804
1	0.0529795	0.209113	0.0955979	0.000818255
1	0.0528808	0.20903	0.0955047	0.000816888
1	0.0527822	0.208948	0.0954115	0.000815359
1	0.0526835	0.208865	0.0953182	0.000813797
1	0.0525848	0.208783	0.0952248	0.000810629
1	0.0524862	0.208701	0.0951313	0.000808841
1	0.0523875	0.208618	0.0950378	0.000805844
1	0.0522889	0.208536	0.0949441	0.00080466
1	0.0521902	0.208453	0.0948504	0.000801399
1	0.0520916	0.208371	0.0947567	0.000801078
1	0.0519929	0.208289	0.0946628	0.000800629
1	0.0518942	0.208206	0.0945689	0.000797729
1	0.0517956	0.208124	0.0944749	0.000795618
1	0.0516969	0.208042	0.0943808	0.00079227
1	0.0515983	0.207959	0.0942866	0.000791214
1	0.0514996	0.207877	0.0941924	0.000789133
1	0.0514009	0.207794	0.0940981	0.000787968
1	0.0513023	0.207712	0.0940037	0.000787474
1	0.0512036	0.20763	0.0939092	0.000786006
1	0.051105	0.207547	0.0938147	0.000784002
1	0.0510063	0.207465	0.09372	0.000782041
1	0.0509077	0.207382	0.0936253	0.000775578
1	0.050809	0.2073	0.0935305	0.000763777
1	0.0507103	0.207218	0.0934357	0.000763136
1	0.0506117	0.207135	0.0933407	0.00076145
1	0.050513	0.207053	0.0932457	0.000760175
1	0.0504144	0.20697	0.0931506	0.000759679
1	0.0503157	0.206888	0.0930554	0.000759332
1	0.050217	0.206806	0.0929601	0.000758922
1	0.0501184	0.206723	0.0928648	0.000758482
1	0.0500197	0.206641	0.0927693	0.000755627
1	0.0499211	0.206558	0.0926738	0.000753979
1	0.0498224	0.206476	0.0925782	0.000753317
1	0.0497238	0.206394	0.0924825	0.000751331
1	0.0496251	0.206311	0.0923868	0.00075129
1	0.0495264	0.206229	0.0922909	0.000746406
1	0.0494278	0.206146	0.092195	0.000745786
1	0.0493291	0.206064	0.092099	0.000742573
1	0.0492305	0.205982	0.0920029	0.000740876
1	0.0491318	0.205899	0.0919067	0.0007399
1	0.0490331	0.205817	0.0918104	0.00073973
1	0.0489345	0.205735	0.0917141	0.000734936
1	0.0488358	0.205652	0.0916176	0.000724994
1	0.0487372	0.20557	0.0915211	0.000723762
1	0.0486385	0.205487	0.0914245	0.000721737
1	0.0485399	0.205405	0.0913278	0.00072158
1	0.0484412	0.205323	0.091231	0.000720396
1	0.0483425	0.20524	0.0911342	0.000718424
1	0.0482439	0.205158	0.0910372	0.000715648
1	0.0481452	0.205075	0.0909402	0.000714332
1	0.0480466	0.204993	0.0908431	0.000704452
1	0.0479479	0.204911	0.0907459	0.000698046
1	0.0478493	0.204828	0.0906486	0.000694863
1	0.0477506	0.204746	0.0905512	0.000693656
1	0.0476519	0.204663	0.0904537	0.000691975
1	0.0475533	0.204581	0.0903561	0.000690869
1	0.0474546	0.204499	0.0902585	0.000690111
1	0.047356	0.204416	0.0901607	0.000689823
1	0.0472573	0.204334	0.0900629	0.00068941
1	0.0471586	0.204251	0.089965	0.000687375
1	0.04706	0.204169	0.089867	0.000684636
1	0.0469613	0.204087	0.0897689	0.000683492
1	0.0468627	0.204004	0.0896707	0.000674878
1	0.046764	0.203922	0.0895724	0.000668123
1	0.0466654	0.203839	0.089474	0.000667023
1	0.0465667	0.203757	0.0893756	0.000664114
1	0.046468	0.203675	0.089277	0.000663176
1	0.0463694	0.203592	0.0891784	0.000662298
1	0.0462707	0.20351	0.0890796	0.00066141
1	0.0461721	0.203428	0.0889808	0.000658728
1	0.0460734	0.203345	0.0888819	0.000656892
1	0.0459747	0.203263	0.0887829	0.000653593
1	0.0458761	0.20318	0.0886838	0.00065267
1	0.0457774	0.203098	0.0885846	0.000651629
1	0.0456788	0.203016	0.0884853	0.000651222
1	0.0455801	0.202933	0.0883859	0.000650831
1	0.0454815	0.202851	0.0882864	0.000649209
1	0.0453828	0.202768	0.0881868	0.000646375
1	0.0452841	0.202686	0.0880871	0.000645178
1	0.0451855	0.202604	0.0879873	0.000644123
1	0.0450868	0.202521	0.0878875	0.000639915
1	0.0449882	0.202439	0.0877875	0.000639542
1	0.0448895	0.202356	0.0876874	0.000637658
1	0.0447908	0.202274	0.0875873	0.000635546
1	0.0446922	0.202192	0.087487	0.000632521
1	0.0445935	0.202109	0.0873867	0.000628064
1	0.0444949	0.202027	0.0872862	0.000627332
1	0.0443962	0.201944	0.0871856	0.000618242
1	0.0442976	0.201862	0.087085	0.000617444
1	0.0441989	0.20178	0.0869842	0.000613612
1	0.0441002	0.201697	0.0868834	0.000612805
1	0.0440016	0.201615	0.0867824	0.000610652
1	0.0439029	0.201533	0.0866814	0.000610017
1	0.0438043	0.20145	0.0865802	0.000603109
1	0.0437056	0.201368	0.086479	0.000600946
1	0.0436069	0.201285	0.0863776	0.000597239
1	0.0435083	0.201203	0.0862762	0.000596084
1	0.0434096	0.201121	0.0861746	0.000594084
1	0.043311	0.201038	0.086073	0.000587355
1	0.0432123	0.200956	0.0859712	0.000582663
1	0.0431137	0.200873	0.0858693	0.000579963
1	0.043015	0.200791	0.0857674	0.000578806
1	0.0429163	0.200709	0.0856653	0.000576668
1	0.0428177	0.200626	0.0855631	0.000571449
1	0.042719	0.200544	0.0854608	0.000569099
1	0.0426204	0.200461	0.0853584	0.000566719
1	0.0425217	0.200379	0.0852559	0.000561409
1	0.042423	0.200297	0.0851533	0.000560667
1	0.0423244	0.200214	0.0850506	0.00055955
1	0.0422257	0.200132	0.0849478	0.00055775
1	0.0421271	0.200049	0.0848449	0.000557244
1	0.0420284	0.199967	0.0847419	0.00055721
1	0.0419298	0.199885	0.0846387	0.000556232
1	0.0418311	0.199802	0.0845355	0.000551353
1	0.0417324	0.19972	0.0844321	0.000544271
1	0.0416338	0.199637	0.0843287	0.000543943
1	0.0415351	0.199555	0.0842251	0.000539678
1	0.0414365	0.199473	0.0841214	0.000536713
1	0.0413378	0.19939	0.0840176	0.000534911
1	0.0412391	0.199308	0.0839137	0.000533227
1	0.0411405	0.199226	0.0838097	0.000532572
1	0.0410418	0.199143	0.0837056	0.000532128
1	0.0409432	0.199061	0.0836014	0.000526602
1	0.0408445	0.198978	0.083497	0.000525474
1	0.0407459	0.198896	0.0833926	0.000524054
1	0.0406472	0.198814	0.083288	0.000520612
1	0.0405485	0.198731	0.0831833	0.000518314
1	0.0404499	0.198649	0.0830785	0.000518047
1	0.0403512	0.198566	0.0829736	0.000516383
1	0.0402526	0.198484	0.0828686	0.000515603
1	0.0401539	0.198402	0.0827634	0.000514983
1	0.0400552	0.198319	0.0826582	0.000513502
1	0.0399566	0.198237	0.0825528	0.000513392
1	0.0398579	0.198154	0.0824473	0.000513181
1	0.0397593	0.198072	0.0823417	0.000508586
1	0.0396606	0.19799	0.082236	0.000506162
1	0.039562	0.197907	0.0821301	0.000505937
1	0.0394633	0.197825	0.0820241	0.000505537
1	0.0393646	0.197742	0.0819181	0.00050366
1	0.039266	0.19766	0.0818119	0.000502198
1	0.0391673	0.197578	0.0817055	0.000501103
1	0.0390687	0.197495	0.0815991	0.000499338
1	0.03897	0.197413	0.0814925	0.000498336
1	0.0388713	0.19733	0.0813858	0.000497616
1	0.0387727	0.197248	0.081279	0.000497365
1	0.038674	0.197166	0.0811721	0.000497252
1	0.0385754	0.197083	0.081065	0.000496289
1	0.0384767	0.197001	0.0809579	0.000496238
1	0.0383781	0.196919	0.0808506	0.000489997
1	0.0382794	0.196836	0.0807431	0.000485367
1	0.0381807	0.196754	0.0806356	0.000482417
1	0.0380821	0.196671	0.0805279	0.000476991
1	0.0379834	0.196589	0.0804201	0.000473376
1	0.0378848	0.196507	0.0803122	0.000467498
1	0.0377861	0.196424	0.0802041	0.000465751
1	0.0376875	0.196342	0.080096	0.000465504
1	0.0375888	0.196259	0.0799877	0.000462672
1	0.0374901	0.196177	0.0798792	0.000459862
1	0.0373915	0.196095	0.0797706	0.000459635
1	0.0372928	0.196012	0.079662	0.000455448
1	0.0371942	0.19593	0.0795531	0.000454687
1	0.0370955	0.195847	0.0794442	0.000452293
1	0.0369968	0.195765	0.0793351	0.000452046
1	0.0368982	0.195683	0.0792259	0.000451122
1	0.0367995	0.1956	0.0791165	0.000450632
1	0.0367009	0.195518	0.079007	0.000447945
1	0.0366022	0.195435	0.0788974	0.000443196
1	0.0365036	0.195353	0.0787877	0.000442804
1	0.0364049	0.195271	0.0786778	0.000442737
1	0.0363062	0.195188	0.0785678	0.0004425
1	0.0362076	0.195106	0.0784576	0.000440642
1	0.0361089	0.195023	0.0783473	0.000440595
1	0.0360103	0.194941	0.0782369	0.000440425
1	0.0359116	0.194859	0.0781263	0.00043835
1	0.0358129	0.194776	0.0780156	0.000437389
1	0.0357143	0.194694	0.0779048	0.000436671
1	0.0356156	0.194612	0.0777938	0.000427393
1	0.035517	0.194529	0.0776827	0.00042732
1	0.0354183	0.194447	0.0775714	0.00042664
1	0.0353197	0.194364	0.07746	0.00042139
1	0.035221	0.194282	0.0773485	0.000420474
1	0.0351223	0.1942	0.0772368	0.000419347
1	0.0350237	0.194117	0.077125	0.00041832
1	0.034925	0.194035	0.077013	0.000414766
1	0.0348264	0.193952	0.0769009	0.000414524
1	0.0347277	0.19387	0.0767886	0.00041344
1	0.034629	0.193788	0.0766762	0.000411656
1	0.0345304	0.193705	0.0765636	0.000409285
1	0.0344317	0.193623	0.076451	0.000408366
1	0.0343331	0.19354	0.0763381	0.000406881
1	0.0342344	0.193458	0.0762251	0.000406462
1	0.0341358	0.193376	0.076112	0.000404075
1	0.0340371	0.193293	0.0759987	0.00040285
1	0.0339384	0.193211	0.0758852	0.000399357
1	0.0338398	0.193128	0.0757716	0.000397666
1	0.0337411	0.193046	0.0756579	0.000396346
1	0.0336425	0.192964	0.075544	0.000394237
1	0.0335438	0.192881	0.07543	0.00039399
1	0.0334451	0.192799	0.0753158	0.000393361
1	0.0333465	0.192716	0.0752014	0.000390895
1	0.0332478	0.192634	0.0750869	0.000388895
1	0.0331492	0.192552	0.0749722	0.000385901
1	0.0330505	0.192469	0.0748574	0.000384385
1	0.0329519	0.192387	0.0747424	0.000382748
1	0.0328532	0.192305	0.0746273	0.000381439
1	0.0327545	0.192222	0.074512	0.000380844
1	0.0326559	0.19214	0.0743966	0.000375279
1	0.0325572	0.192057	0.0742809	0.000374616
1	0.0324586	0.191975	0.0741652	0.00037374
1	0.0323599	0.191893	0.0740492	0.000371904
1	0.0322612	0.19181	0.0739331	0.000369263
1	0.0321626	0.191728	0.0738169	0.000368501
1	0.0320639	0.191645	0.0737005	0.000367436
1	0.0319653	0.191563	0.0735839	0.000366884
1	0.0318666	0.191481	0.0734671	0.000363886
1	0.031768	0.191398	0.0733502	0.000362414
1	0.0316693	0.191316	0.0732331	0.000359594
1	0.0315706	0.191233	0.0731159	0.00035675
1	0.031472	0.191151	0.0729984	0.000356541
1	0.0313733	0.191069	0.0728809	0.000355116
1	0.0312747	0.190986	0.0727631	0.000348382
1	0.031176	0.190904	0.0726452	0.00034531
1	0.0310773	0.190821	0.0725271	0.000341095
1	0.0309787	0.190739	0.0724088	0.000340303
1	0.03088	0.190657	0.0722903	0.00033658
1	0.0307814	0.190574	0.0721717	0.000335965
1	0.0306827	0.190492	0.0720529	0.000334448
1	0.0305841	0.190409	0.0719339	0.000333823
1	0.0304854	0.190327	0.0718148	0.000332447
1	0.0303867	0.190245	0.0716954	0.000329274
1	0.0302881	0.190162	0.0715759	0.000325456
1	0.0301894	0.19008	0.0714563	0.00032202
1	0.0300908	0.189998	0.0713364	0.00031775
1	0.0299921	0.189915	0.0712163	0.000317619
1	0.0298934	0.189833	0.0710961	0.000317255
1	0.0297948	0.18975	0.0709757	0.000315938
1	0.0296961	0.189668	0.0708551	0.000311906
1	0.0295975	0.189586	0.0707343	0.000311604
1	0.0294988	0.189503	0.0706133	0.00030773
1	0.0294002	0.189421	0.0704922	0.000307179
1	0.0293015	0.189338	0.0703708	0.000305898
1	0.0292028	0.189256	0.0702493	0.00030552
1	0.0291042	0.189174	0.0701276	0.000303425
1	0.0290055	0.189091	0.0700056	0.000301659
1	0.0289069	0.189009	0.0698835	0.00030111
1	0.0288082	0.188926	0.0697612	0.000300037
1	0.0287096	0.188844	0.0696387	0.000296561
1	0.0286109	0.188762	0.069516	0.000292997
1	0.0285122	0.188679	0.0693932	0.00029062
1	0.0284136	0.188597	0.0692701	0.000290345
1	0.0283149	0.188514	0.0691468	0.000289298
1	0.0282163	0.188432	0.0690233	0.000289209
1	0.0281176	0.18835	0.0688996	0.000288989
1	0.0280189	0.188267	0.0687757	0.000286493
1	0.0279203	0.188185	0.0686517	0.000285633
1	0.0278216	0.188102	0.0685274	0.000282814
1	0.027723	0.18802	0.0684029	0.000280748
1	0.0276243	0.187938	0.0682782	0.000278328
1	0.0275257	0.187855	0.0681533	0.000277839
1	0.027427	0.187773	0.0680281	0.000274857
1	0.0273283	0.187691	0.0679028	0.000272824
1	0.0272297	0.187608	0.0677773	0.00026942
1	0.027131	0.187526	0.0676515	0.000268937
1	0.0270324	0.187443	0.0675256	0.000268144
1	0.0269337	0.187361	0.0673994	0.000267209
1	0.026835	0.187279	0.067273	0.000264343
1	0.0267364	0.187196	0.0671464	0.000261844
1	0.0266377	0.187114	0.0670196	0.000260791
1	0.0265391	0.187031	0.0668925	0.00026018
1	0.0264404	0.186949	0.0667653	0.000256093
1	0.0263418	0.186867	0.0666378	0.000254943
1	0.0262431	0.186784	0.0665101	0.000254808
1	0.0261444	0.186702	0.0663821	0.000253629
1	0.0260458	0.186619	0.066254	0.000253286
1	0.0259471	0.186537	0.0661256	0.000252438
1	0.0258485	0.186455	0.065997	0.000250669
1	0.0257498	0.186372	0.0658681	0.000250162
1	0.0256511	0.18629	0.0657391	0.000249815
1	0.0255525	0.186207	0.0656098	0.000248824
1	0.0254538	0.186125	0.0654802	0.00024861
1	0.0253552	0.186043	0.0653505	0.000247871
1	0.0252565	0.18596	0.0652204	0.000247345
1	0.0251579	0.185878	0.0650902	0.000239988
1	0.0250592	0.185796	0.0649597	0.000237054
1	0.0249605	0.185713	0.064829	0.000235933
1	0.0248619	0.185631	0.064698	0.000235433
1	0.0247632	0.185548	0.0645668	0.000233903
1	0.0246646	0.185466	0.0644353	0.000233574
1	0.0245659	0.185384	0.0643036	0.000231853
1	0.0244672	0.185301	0.0641717	0.000230432
1	0.0243686	0.185219	0.0640395	0.000226741
1	0.0242699	0.185136	0.063907	0.000226039
1	0.0241713	0.185054	0.0637743	0.000225838
1	0.0240726	0.184972	0.0636414	0.000223668
1	0.023974	0.184889	0.0635081	0.000223339
1	0.0238753	0.184807	0.0633747	0.000221483
1	0.0237766	0.184724	0.0632409	0.000220771
1	0.023678	0.184642	0.0631069	0.00022024
1	0.0235793	0.18456	0.0629727	0.000220118
1	0.0234807	0.184477	0.0628382	0.000213313
1	0.023382	0.184395	0.0627034	0.000212839
1	0.0232833	0.184312	0.0625683	0.000212808
1	0.0231847	0.18423	0.062433	0.000210939
1	0.023086	0.184148	0.0622974	0.000210081
1	0.0229874	0.184065	0.0621615	0.000208744
1	0.0228887	0.183983	0.0620254	0.00020514
1	0.0227901	0.1839	0.061889	0.000204985
1	0.0226914	0.183818	0.0617523	0.000203851
1	0.0225927	0.183736	0.0616153	0.000202209
1	0.0224941	0.183653	0.061478	0.000201997
1	0.0223954	0.183571	0.0613405	0.000201233
1	0.0222968	0.183489	0.0612027	0.000201139
1	0.0221981	0.183406	0.0610645	0.000198454
1	0.0220994	0.183324	0.0609261	0.000198316
1	0.0220008	0.183241	0.0607874	0.000197315
1	0.0219021	0.183159	0.0606485	0.000197189
1	0.0218035	0.183077	0.0605092	0.000195394
1	0.0217048	0.182994	0.0603696	0.000192155
1	0.0216062	0.182912	0.0602297	0.000191808
1	0.0215075	0.182829	0.0600895	0.000190356
1	0.0214088	0.182747	0.059949	0.000190071
1	0.0213102	0.182665	0.0598082	0.000187932
1	0.0212115	0.182582	0.0596671	0.000187282
1	0.0211129	0.1825	0.0595257	0.000186608
1	0.0210142	0.182417	0.0593839	0.000184428
1	0.0209155	0.182335	0.0592419	0.000184391
1	0.0208169	0.182253	0.0590995	0.000183774
1	0.0207182	0.18217	0.0589569	0.000183332
1	0.0206196	0.182088	0.0588138	0.000182021
1	0.0205209	0.182005	0.0586705	0.000179072
1	0.0204223	0.181923	0.0585269	0.000178546
1	0.0203236	0.181841	0.0583829	0.000177649
1	0.0202249	0.181758	0.0582385	0.000176449
1	0.0201263	0.181676	0.0580939	0.000174399
1	0.0200276	0.181593	0.0579489	0.000173342
1	0.019929	0.181511	0.0578036	0.000172656
1	0.0198303	0.181429	0.0576579	0.000171872
1	0.0197316	0.181346	0.0575119	0.000170846
1	0.019633	0.181264	0.0573655	0.000169659
1	0.0195343	0.181182	0.0572188	0.00016755
1	0.0194357	0.181099	0.0570718	0.000167298
1	0.019337	0.181017	0.0569243	0.00016354
1	0.0192384	0.180934	0.0567766	0.000161761
1	0.0191397	0.180852	0.0566284	0.000156682
1	0.019041	0.18077	0.0564799	0.00015582
1	0.0189424	0.180687	0.056331	0.000154658
1	0.0188437	0.180605	0.0561818	0.000150124
1	0.0187451	0.180522	0.0560322	0.0001491
1	0.0186464	0.18044	0.0558822	0.000147214
1	0.0185478	0.180358	0.0557318	0.000146621
1	0.0184491	0.180275	0.0555811	0.000144449
1	0.0183504	0.180193	0.05543	0.000143854
1	0.0182518	0.18011	0.0552784	0.000143405
1	0.0181531	0.180028	0.0551265	0.000142809
1	0.0180545	0.179946	0.0549742	0.000140882
1	0.0179558	0.179863	0.0548215	0.000140304
1	0.0178571	0.179781	0.0546684	0.000139135
1	0.0177585	0.179698	0.0545149	0.000133993
1	0.0176598	0.179616	0.054361	0.000132811
1	0.0175612	0.179534	0.0542067	0.000131525
1	0.0174625	0.179451	0.0540519	0.000130473
1	0.0173639	0.179369	0.0538968	0.000128139
1	0.0172652	0.179286	0.0537412	0.00012787
1	0.0171665	0.179204	0.0535852	0.000127613
1	0.0170679	0.179122	0.0534288	0.000127323
1	0.0169692	0.179039	0.0532719	0.000126647
1	0.0168706	0.178957	0.0531146	0.000124875
1	0.0167719	0.178875	0.0529568	0.000121834
1	0.0166732	0.178792	0.0527986	0.00011952
1	0.0165746	0.17871	0.05264	0.000117022
1	0.0164759	0.178627	0.0524809	0.000116519
1	0.0163773	0.178545	0.0523214	0.000114219
1	0.0162786	0.178463	0.0521614	0.000112515
1	0.01618	0.17838	0.0520009	0.000110752
1	0.0160813	0.178298	0.0518399	0.000110634
1	0.0159826	0.178215	0.0516785	0.000109518
1	0.015884	0.178133	0.0515166	0.000108751
1	0.0157853	0.178051	0.0513542	0.000107157
1	0.0156867	0.177968	0.0511914	0.000104719
1	0.015588	0.177886	0.051028	0.000104316
1	0.0154893	0.177803	0.0508641	0.000103648
1	0.0153907	0.177721	0.0506998	0.000101942
1	0.015292	0.177639	0.0505349	0.00010174
1	0.0151934	0.177556	0.0503695	0.000101724
1	0.0150947	0.177474	0.0502036	0.000101546
1	0.0149961	0.177391	0.0500372	0.00010121
1	0.0148974	0.177309	0.0498703	0.000101204
1	0.0147987	0.177227	0.0497028	0.000100474
1	0.0147001	0.177144	0.0495348	9.88426e-05
1	0.0146014	0.177062	0.0493662	9.86137e-05
1	0.0145028	0.176979	0.0491971	9.65345e-05
1	0.0144041	0.176897	0.0490274	9.6447e-05
1	0.0143054	0.176815	0.0488572	9.63325e-05
1	0.0142068	0.176732	0.0486864	9.59339e-05
1	0.0141081	0.17665	0.048515	9.51796e-05
1	0.0140095	0.176568	0.0483431	9.44707e-05
1	0.0139108	0.176485	0.0481705	9.41913e-05
1	0.0138122	0.176403	0.0479974	9.27756e-05
1	0.0137135	0.17632	0.0478237	9.23632e-05
1	0.0136148	0.176238	0.0476494	9.15888e-05
1	0.0135162	0.176156	0.0474744	9.14391e-05
1	0.0134175	0.176073	0.0472989	9.07201e-05
1	0.0133189	0.175991	0.0471227	9.04941e-05
1	0.0132202	0.175908	0.0469459	9.04845e-05
1	0.0131215	0.175826	0.0467685	9.04107e-05
1	0.0130229	0.175744	0.0465904	9.03988e-05
1	0.0129242	0.175661	0.0464116	9.01899e-05
1	0.0128256	0.175579	0.0462322	9.00362e-05
1	0.0127269	0.175496	0.0460521	8.95453e-05
1	0.0126283	0.175414	0.0458714	8.90265e-05
1	0.0125296	0.175332	0.0456899	8.77717e-05
1	0.0124309	0.175249	0.0455078	8.75453e-05
1	0.0123323	0.175167	0.045325	8.65725e-05
1	0.0122336	0.175084	0.0451414	8.656e-05
1	0.012135	0.175002	0.0449572	8.27778e-05
1	0.0120363	0.17492	0.0447722	8.27193e-05
1	0.0119376	0.174837	0.0445865	8.22746e-05
1	0.011839	0.174755	0.0444	8.19087e-05
1	0.0117403	0.174672	0.0442128	8.01167e-05
1	0.0116417	0.17459	0.0440248	7.99545e-05
1	0.011543	0.174508	0.043836	7.97204e-05
1	0.0114444	0.174425	0.0436465	7.95812e-05
1	0.0113457	0.174343	0.0434561	7.66252e-05
1	0.011247	0.174261	0.043265	7.34881e-05
1	0.0111484	0.174178	0.043073	7.19825e-05
1	0.0110497	0.174096	0.0428802	7.16622e-05
1	0.0109511	0.174013	0.0426866	6.97342e-05
1	0.0108524	0.173931	0.0424921	6.75702e-05
1	0.0107537	0.173849	0.0422967	6.75433e-05
1	0.0106551	0.173766	0.0421005	6.68874e-05
1	0.0105564	0.173684	0.0419034	6.59023e-05
1	0.0104578	0.173601	0.0417054	6.44911e-05
1	0.0103591	0.173519	0.0415065	6.31401e-05
1	0.0102605	0.173437	0.0413066	6.14781e-05
1	0.0101618	0.173354	0.0411059	5.87124e-05
1	0.0100631	0.173272	0.0409041	5.79197e-05
1	0.00996448	0.173189	0.0407014	5.78815e-05
1	0.00986582	0.173107	0.0404978	5.77684e-05
1	0.00976717	0.173025	0.0402931	5.50806e-05
1	0.00966851	0.172942	0.0400874	5.46225e-05
1	0.00956985	0.17286	0.0398807	5.3932e-05
1	0.00947119	0.172777	0.039673	5.24008e-05
1	0.00937253	0.172695	0.0394641	5.22554e-05
1	0.00927388	0.172613	0.0392543	5.21862e-05
1	0.00917522	0.17253	0.0390433	5.11462e-05
1	0.00907656	0.172448	0.0388312	4.94737e-05
1	0.0089779	0.172365	0.038618	4.93394e-05
1	0.00887924	0.172283	0.0384036	4.73283e-05
1	0.00878058	0.172201	0.0381881	4.55337e-05
1	0.00868193	0.172118	0.0379714	4.41117e-05
1	0.00858327	0.172036	0.0377534	4.27592e-05
1	0.00848461	0.171954	0.0375343	4.2713e-05
1	0.00838595	0.171871	0.0373139	4.25402e-05
1	0.00828729	0.171789	0.0370922	3.98852e-05
1	0.00818863	0.171706	0.0368692	3.98553e-05
1	0.00808998	0.171624	0.0366449	3.97462e-05
1	0.00799132	0.171542	0.0364193	3.95458e-05
1	0.00789266	0.171459	0.0361923	3.89523e-05
1	0.007794	0.171377	0.0359638	3.75535e-05
1	0.00769534	0.171294	0.035734	3.71164e-05
1	0.00759669	0.171212	0.0355027	3.58682e-05
1	0.00749803	0.17113	0.03527	3.43527e-05
1	0.00739937	0.171047	0.0350357	3.39383e-05
1	0.00730071	0.170965	0.0347999	3.37933e-05
1	0.00720205	0.170882	0.0345626	3.31264e-05
1	0.00710339	0.1708	0.0343236	3.24224e-05
1	0.00700474	0.170718	0.034083	3.06997e-05
1	0.00690608	0.170635	0.0338407	3.04356e-05
1	0.00680742	0.170553	0.0335967	3.01882e-05
1	0.00670876	0.17047	0.033351	2.99195e-05
1	0.0066101	0.170388	0.0331035	2.82624e-05
1	0.00651144	0.170306	0.0328542	2.76918e-05
1	0.00641279	0.170223	0.032603	2.7056e-05
1	0.00631413	0.170141	0.0323499	2.67612e-05
1	0.00621547	0.170058	0.0320948	2.62916e-05
1	0.00611681	0.169976	0.0318378	2.54101e-05
1	0.00601815	0.169894	0.0315787	2.5402e-05
1	0.00591949	0.169811	0.0313174	2.52207e-05
1	0.00582084	0.169729	0.0310541	2.44469e-05
1	0.00572218	0.169647	0.0307885	2.43664e-05
1	0.00562352	0.169564	0.0305207	2.43005e-05
1	0.00552486	0.169482	0.0302505	2.38919e-05
1	0.0054262	0.169399	0.029978	2.34797e-05
1	0.00532755	0.169317	0.029703	2.31673e-05
1	0.00522889	0.169235	0.0294254	2.31019e-05
1	0.00513023	0.169152	0.0291453	2.2971e-05
1	0.00503157	0.16907	0.0288625	2.28691e-05
1	0.00493291	0.168987	0.028577	2.28459e-05
1	0.00483425	0.168905	0.0282886	2.25979e-05
1	0.0047356	0.168823	0.0279973	2.25498e-05
1	0.00463694	0.16874	0.027703	2.11207e-05
1	0.00453828	0.168658	0.0274055	2.1035e-05
1	0.00443962	0.168575	0.0271049	2.08773e-05
1	0.00434096	0.168493	0.0268009	2.04611e-05
1	0.0042423	0.168411	0.0264935	1.89456e-05
1	0.00414365	0.168328	0.0261826	1.85181e-05
1	0.00404499	0.168246	0.0258679	1.79112e-05
1	0.00394633	0.168163	0.0255494	1.78797e-05
1	0.00384767	0.168081	0.025227	1.67676e-05
1	0.00374901	0.167999	0.0249005	1.43948e-05
1	0.00365036	0.167916	0.0245696	1.41865e-05
1	0.0035517	0.167834	0.0242343	1.40089e-05
1	0.00345304	0.167752	0.0238944	1.384e-05
1	0.00335438	0.167669	0.0235496	1.38311e-05
1	0.00325572	0.167587	0.0231997	1.29571e-05
1	0.00315706	0.167504	0.0228446	1.28387e-05
1	0.00305841	0.167422	0.0224839	1.25923e-05
1	0.00295975	0.16734	0.0221173	1.20589e-05
1	0.00286109	0.167257	0.0217447	1.1881e-05
1	0.00276243	0.167175	0.0213656	1.04159e-05
1	0.00266377	0.167092	0.0209797	1.00441e-05
1	0.00256511	0.16701	0.0205867	8.30993e-06
1	0.00246646	0.166928	0.0201861	7.51923e-06
1	0.0023678	0.166845	0.0197774	7.43622e-06
1	0.00226914	0.166763	0.0193602	7.36177e-06
1	0.00217048	0.16668	0.0189339	6.81539e-06
1	0.00207182	0.166598	0.0184978	6.73269e-06
1	0.00197316	0.166516	0.0180513	6.61514e-06
1	0.00187451	0.166433	0.0175935	6.46262e-06
1	0.00177585	0.166351	0.0171235	6.12549e-06
1	0.00167719	0.166268	0.0166404	6.02043e-06
1	0.00157853	0.166186	0.0161429	5.93571e-06
1	0.00147987	0.166104	0.0156296	5.74974e-06
1	0.00138122	0.166021	0.015099	5.12377e-06
1	0.00128256	0.165939	0.0145492	5.00536e-06
1	0.0011839	0.165856	0.0139778	4.66387e-06
1	0.00108524	0.165774	0.0133822	3.71168e-06
1	0.000986582	0.165692	0.0127589	3.57904e-06
1	0.000887924	0.165609	0.0121037	2.53757e-06
1	0.000789266	0.165527	0.011411	2.11536e-06
1	0.000690608	0.165445	0.0106735	2.10257e-06
1	0.000591949	0.165362	0.00988138	2.0953e-06
1	0.000493291	0.16528	0.00902005	1.8058e-06
1	0.000394633	0.165197	0.00806745	1.63797e-06
1	0.000295975	0.165115	0.00698633	1.35366e-06
1	0.000197316	0.165033	0.00570408	5.54048e-07
1	9.86582e-05	0.16495	0.00403323	1.7128e-07
1	0	0.164868	-nan	2.37866e-08
1	0	0.164868	-nan	-1000
